product_title,source,product_url,product_price,product_photo,product_star_rating,product_num_ratings,asin,position,device_category,price_missing,has_discount
"Lenovo IdeaPad Slim 3 Chromebook 14"" 2K Touchscreen Laptop",Best Buy,"https://www.google.com/search?ibp=oshop&q=Laptop&prds=localAnnotatedOfferId:1,catalogid:14670569720637338315,pvo:2,pvt:hg,rds:PC_6027158597472037202%7CPROD_PC_6027158597472037202&gl=us&udm=28&pvorigin=2",199.0,https://encrypted-tbn3.gstatic.com/shopping?q=tbn:ANd9GcRn7pHSQMH1Q0mMxXKUf9VZPXt8XhReZkffQxFSeZ4gVwBhmXV9BN9bJR2AblYax3cFNjmMmVRjThOClNgTYZATl_6lmMzmne35--_64lGcZFgaljbqvpshiA,4.5,64.0,14670569720637338315,1,laptops,False,False
Dell Inspiron 15.6 FHD Touch Screen Laptop Intel Core i5-1334U Intel UHD Graphics,Walmart,"https://www.google.com/search?ibp=oshop&q=Laptop&prds=localAnnotatedOfferId:1,catalogid:14491102001796196403,pvo:2,pvt:hg,rds:PC_6027158597472037202%7CPROD_PC_6027158597472037202&gl=us&udm=28&pvorigin=2",379.0,https://encrypted-tbn2.gstatic.com/shopping?q=tbn:ANd9GcR4ATJVEhuXbquRWq-y8wxt-4UWBvHtQLEe6K7TqdcGtRbIqTmXEZifTUtYZl29jhyUd-qfDVwdM8kjJ7NpMQkL6leovbX8iUYnrL7LSHDjQpV8wl3gV7okMw,3.8,11.0,14491102001796196403,2,laptops,False,False
Apple MacBook Neo 13-inch A18 Pro chip,Target,"https://www.google.com/search?ibp=oshop&q=Laptop&prds=localAnnotatedOfferId:1,catalogid:8071037808297078357,pvo:2,pvt:hg,rds:PC_6027158597472037202%7CPROD_PC_6027158597472037202&gl=us&udm=28&pvorigin=2",699.99,https://encrypted-tbn1.gstatic.com/shopping?q=tbn:ANd9GcRQzGk0Ga4U-Tpx1R2_pg5ua3eUxzlsGuJQQqjdzZyzcm96lTVLAJ3VhQ0AJ8uh0bKS6VrmR4N8MiayiP3bNR4VkH3WgeXVPg,4.8,5400.0,8071037808297078357,3,laptops,False,False
"HP OmniBook 3 14"" Laptop Copilot+ PC Snapdragon X",Best Buy,"https://www.google.com/search?ibp=oshop&q=Laptop&prds=localAnnotatedOfferId:1,catalogid:7730384411543890453,pvo:2,pvt:hg,rds:PC_6027158597472037202%7CPROD_PC_6027158597472037202&gl=us&udm=28&pvorigin=2",599.99,https://encrypted-tbn2.gstatic.com/shopping?q=tbn:ANd9GcTvOW8yRj2BzC5_xTLYgjQ3Qg-4-XYd9m8fmmv8okS-FLaROwJ5Nd7_HF1CMhyTuDAPr2G7SfSN8rdSqWUA1srQlpO5P9fGI7TVB8Kfwy1b2vIrec2M7bwn,4.7,24.0,7730384411543890453,4,laptops,False,False
"HP 14-dq6101dx 14"" Laptop Intel Core N150 4GB RAM",Walmart - Premium Electronics Shop,"https://www.google.com/search?ibp=oshop&q=Laptop&prds=localAnnotatedOfferId:1,catalogid:14640552118530053526,pvo:2,pvt:hg,rds:PC_6027158597472037202%7CPROD_PC_6027158597472037202&gl=us&udm=28&pvorigin=2",239.97,https://encrypted-tbn0.gstatic.com/shopping?q=tbn:ANd9GcR8YIlf2tzhEYnB18MSSMi7oykUDYm0hoBpeZZMvxs65EUh0tUzTpafsQTBjjkxBdbbx3iR8SEPgAfw8XEXmEdAqCDpN2TnRvFvFWnLG0USIgdu3lAyN6gC,4.4,136.0,14640552118530053526,5,laptops,False,False
Razer Blade 16 Ultra-thin 16-inch AMD gaming laptop,Razer.com,"https://www.google.com/search?ibp=oshop&q=Laptop&prds=localAnnotatedOfferId:1,catalogid:12331601033613628286,pvo:2,pvt:hg,rds:PC_6027158597472037202%7CPROD_PC_6027158597472037202&gl=us&udm=28&pvorigin=2",,https://encrypted-tbn2.gstatic.com/shopping?q=tbn:ANd9GcSUDbvbM42OFfXOHoBCIRDi6Yu5fRg4CIlL2p2u9K5CoYFOisMz1E8Vj651bFGXuysDy1FRlqz813a7HcwPqaJmEAIai11-Jj4SCtFiaCJ3h_tCfGi9Kx5Hmg,,,12331601033613628286,6,laptops,True,False
"ASUS ROG Zephyrus G16 16"" 2.5K OLED 240Hz Gaming Laptop Intel Core Ultra 9 285H",Best Buy,"https://www.google.com/search?ibp=oshop&q=Laptop&prds=localAnnotatedOfferId:1,catalogid:14669235653150624691,pvo:2,pvt:hg,rds:PC_6027158597472037202%7CPROD_PC_6027158597472037202&gl=us&udm=28&pvorigin=2",,https://encrypted-tbn3.gstatic.com/shopping?q=tbn:ANd9GcRWZfX89sBsbqfVNZbmfEUrSnPGlrF5891114CZXaCRde6_m1mtgyUohnAcsv6jUsDFE0mEfyPuRLYbO9dN82pAUn1SsrbmpgRuY0FbpG5S,4.6,252.0,14669235653150624691,7,laptops,True,False
HP OmniBook 3 17.3' FHD Laptop Intel N150 4GB RAM 128GB UFS 2-Year HP Care Pack with Accidental Damage Protection,Sam's Club,"https://www.google.com/search?ibp=oshop&q=Laptop&prds=localAnnotatedOfferId:1,catalogid:11016576585520376434,pvo:2,pvt:hg,rds:PC_6027158597472037202%7CPROD_PC_6027158597472037202&gl=us&udm=28&pvorigin=2",471.9,https://encrypted-tbn2.gstatic.com/shopping?q=tbn:ANd9GcQ2v7Kmy7B8UL2hdcMVS0gHSbc1EJ87UhdTIlTYKkh-ty5VtwOD1jIlX-RlW2RPXg3lHAqbhyYKLkeciL3ZS5cmSnz31nHeqn2Jb2Mw9B8yZXmSR5cWpVjdJg,3.5,11.0,11016576585520376434,8,laptops,False,False
"New Lenovo Ideapad Slim 3 15itn9 15.6"" N150 1.0ghz 8GB RAM 128GB SSD",Best Buy,"https://www.google.com/search?ibp=oshop&q=Laptop&prds=localAnnotatedOfferId:1,catalogid:5912188204364081584,pvo:2,pvt:hg,rds:PC_6027158597472037202%7CPROD_PC_6027158597472037202&gl=us&udm=28&pvorigin=2",349.99,https://encrypted-tbn0.gstatic.com/shopping?q=tbn:ANd9GcQ44ja5bfvhmbmV13xecyFaf-mrplNphq2AbtRBBf24EObZB7e5lon82CZ2FFMvGf7vUJYp64goMN9OKLtJgnwfzC8XEP3ZkGneEMTzWX0_MpugQpA8obnh,4.7,19.0,5912188204364081584,9,laptops,False,False
New Asus Rog Strix G16 g614fm Ryzen 9 9955hx 2.5ghz 16gb RAM 1tb Ssd Rtx 5060,Walmart,"https://www.google.com/search?ibp=oshop&q=Laptop&prds=localAnnotatedOfferId:1,catalogid:134410787128582895,pvo:2,pvt:hg,rds:PC_6027158597472037202%7CPROD_PC_6027158597472037202&gl=us&udm=28&pvorigin=2",,https://encrypted-tbn0.gstatic.com/shopping?q=tbn:ANd9GcRLRfAItRqPnhyd-GNTN86oOuehTLpGVNDlZGUlzQNcnI_g8GVQ1iZCfBcXzhgCTkzJnkaSMEh7Uh6bkhIAbOmm__fKn58w0ZziE8DjE-oUfy3RIq9nABnk,4.3,92.0,134410787128582895,10,laptops,True,False
15-inch Apple MacBook Air M5,Apple,"https://www.google.com/search?ibp=oshop&q=Laptop&prds=localAnnotatedOfferId:1,catalogid:7433602620420982143,pvo:2,pvt:hg,rds:PC_6027158597472037202%7CPROD_PC_6027158597472037202&gl=us&udm=28&pvorigin=2",,https://encrypted-tbn0.gstatic.com/shopping?q=tbn:ANd9GcS2EFjlIkAhlRW5sEMIAQboFPfaFvZjL0r-4KPm3jMKrRrPu_BlaWZFc9c9h5rgLqmQkw7VUwD17HET5t6FSZ1CL7r_AXPzGb2TOF8Yhi89PwNIRIjTOKe2zg,4.9,1500.0,7433602620420982143,11,laptops,True,False
"Acer Chromebook Plus 516 Laptop – 16"" WUXGA Display Intel i3-1315U – 8GB LPDDR5 – 128GB Storage– Wi-Fi 6E",Best Buy,"https://www.google.com/search?ibp=oshop&q=Laptop&prds=localAnnotatedOfferId:1,catalogid:4209086973145175067,pvo:2,pvt:hg,rds:PC_6027158597472037202%7CPROD_PC_6027158597472037202&gl=us&udm=28&pvorigin=2",549.0,https://encrypted-tbn3.gstatic.com/shopping?q=tbn:ANd9GcSggNAF5Q_vmKnLOZdW5VeN__DpiWOjrW2bmmPve2pMDr0CSeBt8rDzw39P00pTDlSV1APzR_CAjd1zKYRyAG3EEXMlhErSGJk2Nixw1m0E,4.5,176.0,4209086973145175067,12,laptops,False,False
"Lenovo IdeaPad Slim 3i 156"" Full HD Laptop Intel Core i5",BJ's Wholesale Club,"https://www.google.com/search?ibp=oshop&q=Laptop&prds=localAnnotatedOfferId:1,catalogid:10618966046197843753,pvo:2,pvt:hg,rds:PC_6027158597472037202%7CPROD_PC_6027158597472037202&gl=us&udm=28&pvorigin=2",549.99,https://encrypted-tbn3.gstatic.com/shopping?q=tbn:ANd9GcTG-AuCW1LtsaSjuk58qJnWNJaYTqYtT1leHvEiHYNzhz7GWzzhoQvLRBfpd3-Wj3T736dhY5KD1My8GdjouQfISKBJ-xVhanZxvoGUlMn32hQZoMTLqHuE,4.8,158.0,10618966046197843753,13,laptops,False,False
New Lenovo Chromebook m Cosmic Blue Laptop MediaTek,Best Buy,"https://www.google.com/search?ibp=oshop&q=Laptop&prds=localAnnotatedOfferId:1,catalogid:1949575411386417208,pvo:2,pvt:hg,rds:PC_6027158597472037202%7CPROD_PC_6027158597472037202&gl=us&udm=28&pvorigin=2",299.0,https://encrypted-tbn1.gstatic.com/shopping?q=tbn:ANd9GcRvcT4ucS02jiBnSFwiURbbRfaJZ9JDNbn5QAQPIt_cXedXt11q_5mXtNcI-bMSHd6MNIuCzWeDIZe5KrJ5n_aIF3FG2rFz7PRdOqXmGa8fhGnx_HFeQkp_0A,,,1949575411386417208,14,laptops,False,False
13-inch Apple MacBook Air M5,Apple,"https://www.google.com/search?ibp=oshop&q=Laptop&prds=localAnnotatedOfferId:1,catalogid:16454815401739215347,pvo:2,pvt:hg,rds:PC_6027158597472037202%7CPROD_PC_6027158597472037202&gl=us&udm=28&pvorigin=2",,https://encrypted-tbn1.gstatic.com/shopping?q=tbn:ANd9GcQDjijUdkewC1uwmcxlgI0gGYrzuPta2O_4pwxdjXAE4fKzuQwPaoa1R0DIFDmd60wAppeWh_p-zkdh6muxOJxEtZQpZ3Jj-m5wjZACO0wtxeEcgWXgmoe6Xw,4.9,3000.0,16454815401739215347,15,laptops,True,False
"Microsoft Surface Laptop 13.8"" 2K Touchscreen Snapdragon X2 Elite 2026",Microsoft Store,"https://www.google.com/search?ibp=oshop&q=Laptop&prds=localAnnotatedOfferId:1,catalogid:15099909030512845773,pvo:2,pvt:hg,rds:PC_6027158597472037202%7CPROD_PC_6027158597472037202&gl=us&udm=28&pvorigin=2",,https://encrypted-tbn2.gstatic.com/shopping?q=tbn:ANd9GcRJwWNfbEq3j6-cE2As-V_X_wTbWvlNMH_AZtCqxp-0JHKNUEWQMEyFacC4AtnU2vKot6KNabCI_WhUWZTo7Rx6wYlO6cOv,4.8,39.0,15099909030512845773,16,laptops,True,False
"HP 14"" HD Laptop Intel Processor N150 4GB RAM",Best Buy,"https://www.google.com/search?ibp=oshop&q=Laptop&prds=localAnnotatedOfferId:1,catalogid:5027405378717285458,pvo:2,pvt:hg,rds:PC_6027158597472037202%7CPROD_PC_6027158597472037202&gl=us&udm=28&pvorigin=2",258.22,https://encrypted-tbn0.gstatic.com/shopping?q=tbn:ANd9GcQDxJmx7VqVRPOTSZc8X6zSkmvm7uiLQry_-OvikvVavAiX1jjGmW3WgQ8n179HuJk_H8m5lpzmCsA86R9je1OdIpfyZ98f5CujHq0WIbI,4.6,47.0,5027405378717285458,17,laptops,False,False
"Lenovo IdeaPad 3 15IJL6 15.6"" Chromebook Intel Celeron N4500",Rothirsch Getränke,"https://www.google.com/search?ibp=oshop&q=Laptop&prds=localAnnotatedOfferId:1,catalogid:11255658841595285652,pvo:2,pvt:hg,rds:PC_6027158597472037202%7CPROD_PC_6027158597472037202&gl=us&udm=28&pvorigin=2",85.2,https://encrypted-tbn3.gstatic.com/shopping?q=tbn:ANd9GcRfj6PsYiRilm6p7TCiBmHvdKh1w_U6s0c6WzW9ylHKu-6jM7LZ-LntTi1YRBESmiRzRsIUKZTeJqDNs-ZHPibcuIC4lWJwxjGJ3ALhgkO2wpLDdJChhqKs,4.5,1100.0,11255658841595285652,18,laptops,False,False
"HP Stream 14"" Laptop Intel Celeron N4120 4GB RAM 64GB eMMC",Walmart,"https://www.google.com/search?ibp=oshop&q=Laptop&prds=localAnnotatedOfferId:1,catalogid:15424173900504232508,pvo:2,pvt:hg,rds:PC_6027158597472037202%7CPROD_PC_6027158597472037202&gl=us&udm=28&pvorigin=2",259.9,https://encrypted-tbn3.gstatic.com/shopping?q=tbn:ANd9GcRHkCEWTX-PLv7j-_TBJNixQ-wArMwgKL5VyA_taqqUXZVf-xo-NEB3vvDsNVm68z-gxikYiYumpitKjcMlN2MSqAnYx1PlekVL3QuESXppGAsoRO9LXSoo,3.6,2100.0,15424173900504232508,19,laptops,False,False
"Acer Chromebook 315 – 15.6"" FHD Laptop with Google AI MediaTek Kompanio 540 – 4GB Memory – 128GB Storage – Wi-Fi 6E",Best Buy,"https://www.google.com/search?ibp=oshop&q=Laptop&prds=localAnnotatedOfferId:1,catalogid:1924962078384589088,pvo:2,pvt:hg,rds:PC_6027158597472037202%7CPROD_PC_6027158597472037202&gl=us&udm=28&pvorigin=2",379.0,https://encrypted-tbn1.gstatic.com/shopping?q=tbn:ANd9GcRNr5gx7XS03rsbKYU-mzcmy-_m4EFWp0FmwcdiWyFjDTs65PoAkj_6PziKqdGC5JBwLNMHhAPFrNZcgj6zy9Z_hIAdvu8lwOW3EzaNkvw,4.6,60.0,1924962078384589088,20,laptops,False,False
16-inch Apple MacBook Pro M5 18 CPU GPU,Apple,"https://www.google.com/search?ibp=oshop&q=Laptop&prds=localAnnotatedOfferId:1,catalogid:9098167747416348725,pvo:2,pvt:hg,rds:PC_6027158597472037202%7CPROD_PC_6027158597472037202&gl=us&udm=28&pvorigin=2",,https://encrypted-tbn3.gstatic.com/shopping?q=tbn:ANd9GcTLTQeOgPioekJw18Ad1I0YnBSv-jvFXUqL6EiXKJPJDE9zGObiTVFQQK3DBeMecNiA-xckt_U3z1eKcHGVPCZRmQNI_E8b_QQfarjXB0axO4sqHwozJwbC,4.8,376.0,9098167747416348725,21,laptops,True,False
GeekBook X14 Pro best Laptop Ultra 9-185H 32GB RAM 1TB SSD,geekompc.com,"https://www.google.com/search?ibp=oshop&q=Laptop&prds=localAnnotatedOfferId:1,catalogid:9242172225912223662,pvo:2,pvt:hg,rds:PC_6027158597472037202%7CPROD_PC_6027158597472037202&gl=us&udm=28&pvorigin=2",,https://encrypted-tbn3.gstatic.com/shopping?q=tbn:ANd9GcQdQbPEMKtkiBU_PTRtHN3v0whS8Sc8EKdFJL5l_jJsupYrac2UYCAWrdLLCuQsyofbyVZyM1CFjgRdxugcXlmzaG55ieIDzlcscliGqu7Q7RbhG_l--b2vTQ,,,9242172225912223662,22,laptops,True,False
"HP 14"" Chromebook MediaTek Kompanio 540",Best Buy,"https://www.google.com/search?ibp=oshop&q=Laptop&prds=localAnnotatedOfferId:1,catalogid:16847741063537408590,pvo:2,pvt:hg,rds:PC_6027158597472037202%7CPROD_PC_6027158597472037202&gl=us&udm=28&pvorigin=2",249.0,https://encrypted-tbn1.gstatic.com/shopping?q=tbn:ANd9GcR2B8ZDZWh5AsjQL2ncFidGVDjxg7OoYsYYZX3spEhSemXsXHOQrVE-rVC_gABGNf2uxb-8JNp6BArSJdS8bcBlXeHUzRcfdxEU6vyHOP5EppwAxuAI9C0ddA,,,16847741063537408590,23,laptops,False,False
Dell 14 Plus Laptop 2.5k Intel Core Ultra,Dell,"https://www.google.com/search?ibp=oshop&q=Laptop&prds=localAnnotatedOfferId:1,catalogid:12457295813772879444,pvo:2,pvt:hg,rds:PC_6027158597472037202%7CPROD_PC_6027158597472037202&gl=us&udm=28&pvorigin=2",,https://encrypted-tbn1.gstatic.com/shopping?q=tbn:ANd9GcQTW9FQ3TLBOY0UXuQVkGlARN-BEftW_r9FY6cdaUfHp8hZSKIgjGAlQkwB9DoK8tGMhC3V1-GWicokKl1gfW5u8x6InCRod5Et-Eka8DYp-HCBlWZQJeueKw,4.3,994.0,12457295813772879444,24,laptops,True,False
"NIMO 17.3"" AI Laptop AMD Ryzen AI 9 HX 370 Radeon 890m",Nimo,"https://www.google.com/search?ibp=oshop&q=Laptop&prds=localAnnotatedOfferId:1,catalogid:4573826728765819774,pvo:2,pvt:hg,rds:PC_6027158597472037202%7CPROD_PC_6027158597472037202&gl=us&udm=28&pvorigin=2",,https://encrypted-tbn1.gstatic.com/shopping?q=tbn:ANd9GcQdOdAhcsNwUkM8m5J3gWPVIyeUiDY75-Gm8q-_szZbWlIiuWT98znlXFsRdwa6UMcNTjQx3vKdt27KtNJVQ2vqqM-Q2mRX_39kOtCF5Arr2LQXs4Q2W5o,4.2,64.0,4573826728765819774,25,laptops,True,False
"Microsoft Surface Pro 13"" Snapdragon X2 Plus",B&H Photo-Video-Audio,"https://www.google.com/search?ibp=oshop&q=Laptop&prds=localAnnotatedOfferId:1,catalogid:2437913428791008818,pvo:2,pvt:hg,rds:PC_6027158597472037202%7CPROD_PC_6027158597472037202&gl=us&udm=28&pvorigin=2",,https://encrypted-tbn0.gstatic.com/shopping?q=tbn:ANd9GcRkxNX79ZeJFSMRh3Gcrt2woQRV5hbcIOjxWYmX8v2I7rSHeSZ01YAH36GUhB7TeEO9bHoTtdlj9jIwjUROAJ-Rc1LwwrGo7cQFFOJzgLCl,4.7,32.0,2437913428791008818,26,laptops,True,False
"ASUS ROG Strix G16 G615JMR-DS94 16"" Gaming Laptop Intel Core i9-14900HX",Best Buy,"https://www.google.com/search?ibp=oshop&q=Laptop&prds=localAnnotatedOfferId:1,catalogid:1423559857574834948,pvo:2,pvt:hg,rds:PC_6027158597472037202%7CPROD_PC_6027158597472037202&gl=us&udm=28&pvorigin=2",,https://encrypted-tbn3.gstatic.com/shopping?q=tbn:ANd9GcTEbXp_P_Iyh47RKd8DygyB32EVco6vL1iZ0oj6P2QPd98TeonGg-n8U5BZlGUCSJx_t2E7r0P71DcQhRTEUl9wWbnyJ1urfzAeMmpMRYfN,5.0,9.0,1423559857574834948,27,laptops,True,False
"MSI 16"" Vector 16 HX AI Gaming Laptop",Walmart - Newegg Inc.,"https://www.google.com/search?ibp=oshop&q=Laptop&prds=localAnnotatedOfferId:1,catalogid:10815630347374396202,pvo:2,pvt:hg,rds:PC_6027158597472037202%7CPROD_PC_6027158597472037202&gl=us&udm=28&pvorigin=2",,https://encrypted-tbn1.gstatic.com/shopping?q=tbn:ANd9GcTzRv9Uschtzh9SLSqxHZoYo0ChSUxPYAr_brbFQCrBUdcJ8GXt7LTNiPNHL4vd5LDlA-KfKvckeW9WnjkHHiKwQt_W8ypNMpNs0YHqcpw,4.0,1.0,10815630347374396202,28,laptops,True,False
"Dell Plus 16 2-in-1 16"" Touchscreen Laptop",Newegg.com - Rockystone,"https://www.google.com/search?ibp=oshop&q=Laptop&prds=localAnnotatedOfferId:1,catalogid:13586081502780729506,pvo:2,pvt:hg,rds:PC_6027158597472037202%7CPROD_PC_6027158597472037202&gl=us&udm=28&pvorigin=2",909.99,https://encrypted-tbn0.gstatic.com/shopping?q=tbn:ANd9GcSZJ7s-hMu4KMZ2gbmnq1Rbhj7O4N_dyaznPyS85jkCPP1L7xC_o6CMjGMdoir5oJ_dAltuQWFMRdaY6lYQoBiaRvVb-lzDR8kstUXfwYTZ,4.7,1600.0,13586081502780729506,29,laptops,False,False
"Lenovo IdeaPad Slim 3x 15.3"" Touchscreen Copilot+ PC Laptop",Lenovo,"https://www.google.com/search?ibp=oshop&q=Laptop&prds=localAnnotatedOfferId:1,catalogid:12518739463406099133,pvo:2,pvt:hg,rds:PC_6027158597472037202%7CPROD_PC_6027158597472037202&gl=us&udm=28&pvorigin=2",799.99,https://encrypted-tbn3.gstatic.com/shopping?q=tbn:ANd9GcScofkWzlr3C5XHL3Hb2OhurA9Dc4U30ZlD9MUqBcdQju3rPeQ1EyIjcD_ltG7hRfcBXtQMoipCa72HKu355hhBUh10in718vG53cjVRK3g-eVmGCSq1X8P,4.6,462.0,12518739463406099133,30,laptops,False,False
Dell XPS 14 Laptop w/ Windows 11 OS & Intel Core Ultra,Dell,"https://www.google.com/search?ibp=oshop&q=Laptop&prds=localAnnotatedOfferId:1,catalogid:9410546541077549107,pvo:2,pvt:hg,rds:PC_6027158597472037202%7CPROD_PC_6027158597472037202&gl=us&udm=28&pvorigin=2",,https://encrypted-tbn1.gstatic.com/shopping?q=tbn:ANd9GcSawiSAMxw4_s9BexM53hl8BdFrYtkaDA6vppgarrHxBBSr6F31OLd7PWIAfirvkDgrufPcmQFmAPk-Bo8Tsx21xIOakZiSbd6RIKVurgtlzpGJ5RxqdKjk,3.9,158.0,9410546541077549107,31,laptops,True,False
"Lenovo IdeaPad Slim 3i 15.6"" Full HD Laptop",Best Buy,"https://www.google.com/search?ibp=oshop&q=Laptop&prds=localAnnotatedOfferId:1,catalogid:12318146257178197663,pvo:2,pvt:hg,rds:PC_6027158597472037202%7CPROD_PC_6027158597472037202&gl=us&udm=28&pvorigin=2",455.13,https://encrypted-tbn0.gstatic.com/shopping?q=tbn:ANd9GcSXvfvFMRxCgMLt7BEGXCRiTiPcDJ2WSdKq01eVIUSJnnV0UsBDU96o6Bwci2ddQ6SEMpkBEv3WMxtPhn-xDm6z32QFKkIloPti8w8qthGEdOXIMrk2wVvQZg,4.5,219.0,12318146257178197663,32,laptops,False,False
GeekBook X14 Pro Laptop Ultra 9 185H 32GB,geekompc.com,"https://www.google.com/search?ibp=oshop&q=Laptop&prds=localAnnotatedOfferId:1,catalogid:4062295366683575699,pvo:2,pvt:hg,rds:PC_6027158597472037202%7CPROD_PC_6027158597472037202&gl=us&udm=28&pvorigin=2",,https://encrypted-tbn1.gstatic.com/shopping?q=tbn:ANd9GcQTYSiBi45wlAqCTn59Ea2fBiUCYJQdI1rwazqvN8ITJ6TcKgH3OgKH8HKQbhZPxPi7XURLqBBBQJJQCU197QnPoo4xB6W7vdX4gh8Tc5jp,,,4062295366683575699,33,laptops,True,False
"Dell 156"" 2K Touchscreen Laptop Intel Core i5 1334U 2023",Lowe's,"https://www.google.com/search?ibp=oshop&q=Laptop&prds=localAnnotatedOfferId:1,catalogid:8557001650358756300,pvo:2,pvt:hg,rds:PC_6027158597472037202%7CPROD_PC_6027158597472037202&gl=us&udm=28&pvorigin=2",539.99,https://encrypted-tbn0.gstatic.com/shopping?q=tbn:ANd9GcS31to1EBiuhnT7l6YDwS1lhemDZ2vrE7lZp4Ss6TXj2NX2nRnW-3p6OwaHk7UpiYad0gdo4njuRSuNVxmYJKOjoI_s580Wf5-AlMduY6Nl0LyUzZRZbTjyrA,4.5,221.0,8557001650358756300,34,laptops,False,False
"HP Stream 14-CB174 14"" 64GB Intel Celeron N4000 Win10",Serigrafia.eus,"https://www.google.com/search?ibp=oshop&q=Laptop&prds=localAnnotatedOfferId:1,catalogid:18272568980748411070,pvo:2,pvt:hg,rds:PC_6027158597472037202%7CPROD_PC_6027158597472037202&gl=us&udm=28&pvorigin=2",77.6,https://encrypted-tbn0.gstatic.com/shopping?q=tbn:ANd9GcRXDEeFXd94iRJVM4eMXxby5bPU6T-PGegE5GSb_Skmi4DW1dkMuUXtC344encnE9hotf4sgt08Ysn0Kv_qg-7fHAhFNe8AsiiErWugnWCFZQSoTeW9r9fA,3.6,241.0,18272568980748411070,35,laptops,False,False
Dell Pro 14 Plus PB14250,Best Buy,"https://www.google.com/search?ibp=oshop&q=Laptop&prds=localAnnotatedOfferId:1,catalogid:13876713090270243083,pvo:2,pvt:hg,rds:PC_6027158597472037202%7CPROD_PC_6027158597472037202&gl=us&udm=28&pvorigin=2",,https://encrypted-tbn0.gstatic.com/shopping?q=tbn:ANd9GcRbvrMcLZZ5uV4u-IIyGiTKmfOHih6j_BSUF6uzWCHZzJCDOzEQk7UMmnXqF7nGwoYEQ1SIGrIQLd0VbmxF_DfGiwig5cU-JA,4.2,343.0,13876713090270243083,36,laptops,True,False
Alienware 15 Gaming Laptop AMD Ryzen 7 260 64 GB Ddr5 Ram PCIe Ssd,Walmart - Teknoraks,"https://www.google.com/search?ibp=oshop&q=Laptop&prds=localAnnotatedOfferId:1,catalogid:2159576157976835165,pvo:2,pvt:hg,rds:PC_6027158597472037202%7CPROD_PC_6027158597472037202&gl=us&udm=28&pvorigin=2",,https://encrypted-tbn3.gstatic.com/shopping?q=tbn:ANd9GcQRs-ZJdq_-u4h71vGgeeMA3Ht13lUogqwh5LPJW2lrvHjZWeCUmfPyYi4Ulw9XDEA5KYO3s8NyMf2rFyA1Se5pJql7QwfmieD5dX07uLc7RCTMpyAKeDon,4.7,130.0,2159576157976835165,37,laptops,True,False
"Dell 15 dc15250 15.6"" Laptop Computer",Dell,"https://www.google.com/search?ibp=oshop&q=Laptop&prds=localAnnotatedOfferId:1,catalogid:7239989741764472044,pvo:2,pvt:hg,rds:PC_6027158597472037202%7CPROD_PC_6027158597472037202&gl=us&udm=28&pvorigin=2",,https://encrypted-tbn2.gstatic.com/shopping?q=tbn:ANd9GcSjtc6yAZH_6HtvAVAA9UNuN93_Tzw6UF91hg2lk9uBaxLqDNSG6Sgx36ByKZEKan_UbbcSC5aBw3uH94PURMXQOGD6RiqWG1QNcw0hCJ7cix4ETVJdHhd9SA,4.0,183.0,7239989741764472044,38,laptops,True,False
GeekBook M16 Laptop Intel Ultra,geekompc.com,"https://www.google.com/search?ibp=oshop&q=Laptop&prds=localAnnotatedOfferId:1,catalogid:13696032732944368415,pvo:2,pvt:hg,rds:PC_6027158597472037202%7CPROD_PC_6027158597472037202&gl=us&udm=28&pvorigin=2",849.0,https://encrypted-tbn2.gstatic.com/shopping?q=tbn:ANd9GcTlS8lveb-gArrZheQj7Cba4I7YbudcbtDSTjMfLJiNC3uYkjOhuCdkspZhZZcARl-xezaI6JdjhUrYxp0TYYq4hnPoQeaNtkRNqphxvtxXD6GtgSwQ6y_E_A,4.5,139.0,13696032732944368415,39,laptops,False,False
Hp 15.6 inch Win 11 Laptop Intel Processor N200 4GB RAM 128gb UFS,Best Buy,"https://www.google.com/search?ibp=oshop&q=Laptop&prds=localAnnotatedOfferId:1,catalogid:8178283564976582269,pvo:2,pvt:hg,rds:PC_6027158597472037202%7CPROD_PC_6027158597472037202&gl=us&udm=28&pvorigin=2",313.51,https://encrypted-tbn1.gstatic.com/shopping?q=tbn:ANd9GcRDsJvflcov2f6Xu_S6_jn37l5vFmjMQHrQQn8jNbW1-Zrn4ZvFmh5YPoBvOmPedKOIAdh7nK07NnpjgCxcx0gHsvyWD6zTBjGZrYbCVSRm58PO0enkZXQvKzM,3.7,370.0,8178283564976582269,40,laptops,False,False
"Lenovo - IdeaPad Slim 3 14"" 2K Touch Chromebook,MediaTek Kompanio 540,4GB RAM,64GB eMMC+160GB Dock,Chrome OS - Cosmic Blue",Best Buy,"https://www.google.com/search?ibp=oshop&q=Laptop&prds=localAnnotatedOfferId:1,productid:15107307090703907908,pvo:2,pvt:hg,rds:PC_6027158597472037202%7CPROD_PC_6027158597472037202&gl=us&udm=28&pvorigin=2",339.0,https://encrypted-tbn3.gstatic.com/shopping?q=tbn:ANd9GcSr0R7NCbokmyZMEXNGlZ1YJNe-17yi5DZutGg54Qu_e-7A8SsHBf89WuTyW1BeVRwTdBOOF-oebPrs2-wR425bVWje5F6dH1r9YSjQJ2h9,,,15107307090703907908,1,laptops,False,False
IdeaPad Slim 3 Chromebook,BrandsMart USA,"https://www.google.com/search?ibp=oshop&q=Laptop&prds=localAnnotatedOfferId:1,catalogid:8370809050086857407,pvo:2,pvt:hg,rds:PC_6027158597472037202%7CPROD_PC_6027158597472037202&gl=us&udm=28&pvorigin=2",229.99,https://encrypted-tbn3.gstatic.com/shopping?q=tbn:ANd9GcQ41I1E20_Er-ZIqrDDA13VPKNFToeUPrDNyGJQi-vrp6e3O7_rC-s1KDHWBds3r43vkAHB0RXTyklMg0FHF8VABHsyRrqN8DwgYVGijWY,5.0,1.0,8370809050086857407,2,laptops,False,False
GeekBook M16 Laptop Intel Ultra,geekompc.com,"https://www.google.com/search?ibp=oshop&q=Laptop&prds=localAnnotatedOfferId:1,catalogid:7983544864151519147,pvo:2,pvt:hg,rds:PC_6027158597472037202%7CPROD_PC_6027158597472037202&gl=us&udm=28&pvorigin=2",849.0,https://encrypted-tbn3.gstatic.com/shopping?q=tbn:ANd9GcTIunt2oTizj7PI26-MBaDkhjC2nC7O6bkRCEdcBBFJQtwaBh-_Bgu3P0Vppl7VdorqsUy_w0Eto34ihF0D-_VmUzZdXebUHQMK7FZXrPnNIvkemeSsHcay,4.5,139.0,7983544864151519147,3,laptops,False,False
"17.3 inch FHD Gaming Laptop AMD R7 7735hs 64gb Ddr5 RAM 1TB SSD (8-Core, Beats i7-12650H) with Radeon 680m 100w Type-C Wi-Fi 6E Backlit Keyboard",Walmart - UHIPPO Laptops,"https://www.google.com/search?ibp=oshop&q=Laptop&prds=localAnnotatedOfferId:1,catalogid:9459135200318888128,pvo:2,pvt:hg,rds:PC_6027158597472037202%7CPROD_PC_6027158597472037202&gl=us&udm=28&pvorigin=2",,https://encrypted-tbn0.gstatic.com/shopping?q=tbn:ANd9GcSy6KrlLZ4U352QtnHk7YSa-4kSpB78p0qqPBJUDgjix31aipv-RjeMeo1z1O5ADmcWVh-ASM_99RS58hSV8w_SM-JPzaN_L_aXeTKLKGXCbNApSxmu_pEG,,,9459135200318888128,5,laptops,True,False
MSI Thin A15 B7UC-473US Gaming Laptop,Newegg.com,"https://www.google.com/search?ibp=oshop&q=Laptop&prds=localAnnotatedOfferId:1,catalogid:2024078265595152919,pvo:2,pvt:hg,rds:PC_6027158597472037202%7CPROD_PC_6027158597472037202&gl=us&udm=28&pvorigin=2",899.99,https://encrypted-tbn3.gstatic.com/shopping?q=tbn:ANd9GcR05tvyx-pdXlQWaCAXB5g4xm4WOZyFx_EPZQ64PFoGzeumw05s04Q-6Z6bmxT8r64YcxZSUmbH17fGtojfLhQeno6kumrwqXEl9eDt73aAB-5A2HaoxsJfLPg,4.5,6.0,2024078265595152919,6,laptops,False,False
Dell Pro 16 PC16250 Core,Small Dog Electronics,"https://www.google.com/search?ibp=oshop&q=Laptop&prds=localAnnotatedOfferId:1,catalogid:11884767840559964803,pvo:2,pvt:hg,rds:PC_6027158597472037202%7CPROD_PC_6027158597472037202&gl=us&udm=28&pvorigin=2",869.99,https://encrypted-tbn3.gstatic.com/shopping?q=tbn:ANd9GcQeat0xIlaTFCCYkltoE43ms_cR1qvpoAZE0AyGVi-Z1UAao9ZTTyt8Lw3LIf9G2qbv8IfIbBCtmHP5Nv4EqtCrI8UtmqSjXVqLEkV905Fa,4.4,748.0,11884767840559964803,7,laptops,False,False
Microsoft Surface Laptop for Business,buyitsolutions.com,"https://www.google.com/search?ibp=oshop&q=Laptop&prds=localAnnotatedOfferId:1,catalogid:13877707833401943540,pvo:2,pvt:hg,rds:PC_6027158597472037202%7CPROD_PC_6027158597472037202&gl=us&udm=28&pvorigin=2",,https://encrypted-tbn1.gstatic.com/shopping?q=tbn:ANd9GcSlXWfOchO7JAbSnWARli4MUZUYQgA95T0pXQa1SbFNXk3SCFQxHK2dFvqzsBXupfmk-APKy956q4LRSwG8Dhy4qIF_bNLAj2P2XQFC3r2CUyLzrUuEnYOa0g,,,13877707833401943540,9,laptops,True,False
HP Chromebook 14a-nf0131,Walmart - NHD-Direct,"https://www.google.com/search?ibp=oshop&q=Laptop&prds=localAnnotatedOfferId:1,catalogid:14383187555557075674,pvo:2,pvt:hg,rds:PC_6027158597472037202%7CPROD_PC_6027158597472037202&gl=us&udm=28&pvorigin=2",230.98,https://encrypted-tbn1.gstatic.com/shopping?q=tbn:ANd9GcS11zEXOBoZyLcMSAaHoFNdmsNRXN1uvMTVF0e3hUjnVxIyIyezCQrOkfrkA51uWPLjDGPZ0rayq5Ab1FriV-6RVtMTS_o5mVGvBIr-enhn6RgmXsulE5s9,4.1,1300.0,14383187555557075674,10,laptops,False,False
LG gram Intel Core i7 17Z90R,Avendor,"https://www.google.com/search?ibp=oshop&q=Laptop&prds=localAnnotatedOfferId:1,catalogid:341421286774647836,pvo:2,pvt:hg,rds:PC_6027158597472037202%7CPROD_PC_6027158597472037202&gl=us&udm=28&pvorigin=2",,https://encrypted-tbn3.gstatic.com/shopping?q=tbn:ANd9GcQDyaU8n7e8D1iB91Kn-BRcOltvWkf47dmwWeEQTAMZmHM1zwr5V8ySbvnj-ZuPt5Hd-5317VDwhCbz9A9s0FI4DRBj2qxnG9guvxUb6ya1p2qohPt4QHoA,5.0,1.0,341421286774647836,11,laptops,True,False
ASUS Zenbook A14 OLED Snapdragon X2 Elite,Best Buy,"https://www.google.com/search?ibp=oshop&q=Laptop&prds=localAnnotatedOfferId:1,catalogid:1546070647947704160,pvo:2,pvt:hg,rds:PC_6027158597472037202%7CPROD_PC_6027158597472037202&gl=us&udm=28&pvorigin=2",,https://encrypted-tbn2.gstatic.com/shopping?q=tbn:ANd9GcTjHEGHf9NOQujVMxb9N6TKGXt2clQyPnFLuUstV90b5FEbzRpzKFq-6V53ADL8N29xwszIj8b_dD-cQ7VX-5K8tnU9nhvIKvAcsat-e6GKhDj66wTMpRan,4.6,40.0,1546070647947704160,12,laptops,True,False
GeekBook X14 Pro High Speed Laptop with 16GB RAM 512GB SSD Windows 11 Pro,geekompc.com,"https://www.google.com/search?ibp=oshop&q=Laptop&prds=localAnnotatedOfferId:1,productid:9870616904063726251,pvo:2,pvt:hg,rds:PC_6027158597472037202%7CPROD_PC_6027158597472037202&gl=us&udm=28&pvorigin=2",849.0,https://encrypted-tbn1.gstatic.com/shopping?q=tbn:ANd9GcT3liPzad5FmNrdmqTFgG8DPa8V8BeEpmNg3UfHTrJSZrz762uHOJJaZ538CINJ9owxdinZY4UR1DRkX5BdwAHFn2IgqQ0Axuc0FYWDQ8RWw8mm3v4GqAOK,4.5,127.0,9870616904063726251,13,laptops,False,False
"Dell Inspiron 3535 Laptop 15.6"" Ryzen 3 7320u 8GB 512gb Windows 11 Home Carbon",Dell,"https://www.google.com/search?ibp=oshop&q=Laptop&prds=localAnnotatedOfferId:1,catalogid:3940868292054008729,pvo:2,pvt:hg,rds:PC_6027158597472037202%7CPROD_PC_6027158597472037202&gl=us&udm=28&pvorigin=2",,https://encrypted-tbn1.gstatic.com/shopping?q=tbn:ANd9GcQAehquAIb3oyeDJqZCpuB0Z5PYBqpS7MQ7C8KGKHN7lKvwTNtPzieDaoJnYkFuHB8sSSjV2YUdxGLunFqBst21Zwf7PeicGLSqBZkLsbue3Fboicm-589Z_w,4.4,442.0,3940868292054008729,14,laptops,True,False
"Lenovo IdeaPad 14"" Laptop Intel Pentium Silver N6000 82LV003WUS",Walmart,"https://www.google.com/search?ibp=oshop&q=Laptop&prds=localAnnotatedOfferId:1,catalogid:142729172977442951,pvo:2,pvt:hg,rds:PC_6027158597472037202%7CPROD_PC_6027158597472037202&gl=us&udm=28&pvorigin=2",359.99,https://encrypted-tbn1.gstatic.com/shopping?q=tbn:ANd9GcTkS5r7lWvPQZJMs6r2_54qryMoRzRgM9BbjpWP9444VEWWQpFUCYBOxUSRaUfEFIh4HHuSa9htRPAM_U-vG_3uFx65QQUzX04WzbRR3JLtLbyZOK1N6XPrxA,4.1,81.0,142729172977442951,15,laptops,False,False
"ASUS Vivobook 15 15.6"" FHD Laptop Intel Core 3 100U",Best Buy,"https://www.google.com/search?ibp=oshop&q=Laptop&prds=localAnnotatedOfferId:1,catalogid:15836060721986761268,pvo:2,pvt:hg,rds:PC_6027158597472037202%7CPROD_PC_6027158597472037202&gl=us&udm=28&pvorigin=2",397.0,https://encrypted-tbn1.gstatic.com/shopping?q=tbn:ANd9GcTOT_IDSzW6_FJaknd1eOcILfGsS85-UL0XgTKt7HpTa4DwnHX5HiD7Q9_VU63ZL9-D8zV-1EDNmX1DzDbH6x9UcLNNwBChkQtEYMbpB-JBQDmCIwkIibIRoQ,5.0,2.0,15836060721986761268,16,laptops,False,False
"Lenovo Legion 5 16"" WQXGA 240Hz Gaming Laptop Intel Ultra 9 275HX",Newegg.com - Snow Bell,"https://www.google.com/search?ibp=oshop&q=Laptop&prds=localAnnotatedOfferId:1,catalogid:4420155563389954075,pvo:2,pvt:hg,rds:PC_6027158597472037202%7CPROD_PC_6027158597472037202&gl=us&udm=28&pvorigin=2",,https://encrypted-tbn0.gstatic.com/shopping?q=tbn:ANd9GcTbp6y1regCZ20EdkmjewWOpPL8o6-rx9G37xKd0eIae5XoLxD0YRtU7Mn_RBsadklyUQ6EiI5RlyY1ilyHQ0xHZ67KNqSTfAKNYyOq-_tzYOMNaW7zm3T9,,,4420155563389954075,17,laptops,True,False
"HP OmniBook X Laptop Computer 17.3"" FHD Touch Screen Intel Core Ultra 7 16 GB",961souq.com,"https://www.google.com/search?ibp=oshop&q=Laptop&prds=localAnnotatedOfferId:1,catalogid:2410172903491955892,pvo:2,pvt:hg,rds:PC_6027158597472037202%7CPROD_PC_6027158597472037202&gl=us&udm=28&pvorigin=2",,https://encrypted-tbn1.gstatic.com/shopping?q=tbn:ANd9GcSuAg1NQbzo_4k0kNWMg-wiWViRSgDA2torODitwkVB24mYJoec2USHaJ1_7K3Gm93MTkYtErseeyKbZivrlMKQ4ErV3l_rg_670PH-XIsf39FQ4zD0lBwFyg,4.0,147.0,2410172903491955892,18,laptops,True,False
"Microsoft Surface Laptop Copilot+ PC 13.8"" Snapdragon X",Microsoft Store,"https://www.google.com/search?ibp=oshop&q=Laptop&prds=localAnnotatedOfferId:1,catalogid:16165649090256043091,pvo:2,pvt:hg,rds:PC_6027158597472037202%7CPROD_PC_6027158597472037202&gl=us&udm=28&pvorigin=2",,https://encrypted-tbn0.gstatic.com/shopping?q=tbn:ANd9GcR27R5LkuwCOYFPU2FvmvJTCbD2hFecluMayU2QK4GboDhT8dcmhp-WVq_aHBMq3u0NBeHGvC6cA9aK1TrvyiRMLF1-Z-XLTQ,4.5,528.0,16165649090256043091,19,laptops,True,False
"Hp Victus Gaming Laptop15.6 inch FHD 144Hz Display, AMD Ryzen 7 7445hs, 32gb Ram, 1TB Ssd, Nvidia GeForce RTX 4050, Full-size Backlit KB, Wi-Fi 6,",Walmart - Southbay Electronics,"https://www.google.com/search?ibp=oshop&q=Laptop&prds=localAnnotatedOfferId:1,catalogid:8406677897104811931,pvo:2,pvt:hg,rds:PC_6027158597472037202%7CPROD_PC_6027158597472037202&gl=us&udm=28&pvorigin=2",,https://encrypted-tbn2.gstatic.com/shopping?q=tbn:ANd9GcTcJ_KT7Yrf8gs295-upH_CunjOxO-DjV3Sm0b3ooGOX6fYNeF__o703lUJOQZBj5RRgLB5qVWqJRMSqgD898Uk3bPLYtMIYDtsPKh3N_r09w-uLTEdS7RXhA,4.7,1400.0,8406677897104811931,20,laptops,True,False
"Samsung - Galaxy Chromebook Go - 14"" LED Laptop - Intel Celeron- 4GB Memory - 128GB + 128GB SD Card - Silver",Best Buy,"https://www.google.com/search?ibp=oshop&q=Laptop&prds=localAnnotatedOfferId:1,productid:5781528739132555101,pvo:2,pvt:hg,rds:PC_6027158597472037202%7CPROD_PC_6027158597472037202&gl=us&udm=28&pvorigin=2",329.99,https://encrypted-tbn3.gstatic.com/shopping?q=tbn:ANd9GcQRLAboPALdVYJt1V_AdUbDrQGREQ_MiZTkxiRgizL3ZDuQRA1maY6JnWmQTN3s2ItAoggPDl5ezqYO0BqdiE5IVS-QcHL5QKUb1k28eZFB55UuYuUZTUcsgw,,,5781528739132555101,21,laptops,False,False
GeekBook X14 Pro Laptop 32GB RAM 1TB SSD Ultra 9 Windows 11 Pro,geekompc.com,"https://www.google.com/search?ibp=oshop&q=Laptop&prds=localAnnotatedOfferId:1,productid:16318428786724711993,pvo:2,pvt:hg,rds:PC_6027158597472037202%7CPROD_PC_6027158597472037202&gl=us&udm=28&pvorigin=2",,https://encrypted-tbn0.gstatic.com/shopping?q=tbn:ANd9GcQAQr5X4pxk0E8Ed1SYQ08MggdIh1XsJ_CZfillWFwTMIjY5BBH0bozaY9QGbTSDzpUJ-wF9iqnTjrAaxUlD_GWmNYk2HI3-jIUDE7wR0r-d82AHrHhJLioYA,4.6,34.0,16318428786724711993,22,laptops,True,False
14-inch Apple MacBook Pro M5 CPU GPU,Expercom - Apple Premier Partner,"https://www.google.com/search?ibp=oshop&q=Laptop&prds=localAnnotatedOfferId:1,catalogid:16364735507705024412,pvo:2,pvt:hg,rds:PC_6027158597472037202%7CPROD_PC_6027158597472037202&gl=us&udm=28&pvorigin=2",,https://encrypted-tbn0.gstatic.com/shopping?q=tbn:ANd9GcQdPpWUK7xQXcG9ULPWs9uZVU8e7NnLuc_ZWIKbTT1AtT7FULzqX0SuXn1Yl4l9HpfL0MaqQs3jEcny5x9Le0-um83a1EQ3qZ7yQ_qEePnIX3RkNpc8XfbeRFA,4.8,542.0,16364735507705024412,23,laptops,True,False
"MSI Thin 15 16 in. Gaming Laptop with Intel Core i7-13620H, 13 Gen, 2.4 GHz, 10-Core CPU, NVIDIA GeForce RTX 4050, 6GB VRAM GPU, 16GB RAM, 1TB SSD &",PC Richard,"https://www.google.com/search?ibp=oshop&q=Laptop&prds=localAnnotatedOfferId:1,productid:2767946648670388244,pvo:2,pvt:hg,rds:PC_6027158597472037202%7CPROD_PC_6027158597472037202&gl=us&udm=28&pvorigin=2",949.99,https://encrypted-tbn2.gstatic.com/shopping?q=tbn:ANd9GcQqc9MDV1w4nl5mTugoxTeDY5s8c9XmOAfL3yI1x8YjY36NwCEQ_TXdgl6fO8fJ4C3bUzKP4cxoQ8en4cNLJ5GzQDj8tZIwXvr6Grs1jxKNhyGKz4Mm-xDiiA,5.0,1.0,2767946648670388244,24,laptops,False,False
"ASUS 18"" TUF Gaming A18 Gaming Laptop",Best Buy,"https://www.google.com/search?ibp=oshop&q=Laptop&prds=localAnnotatedOfferId:1,catalogid:8934847462454191826,pvo:2,pvt:hg,rds:PC_6027158597472037202%7CPROD_PC_6027158597472037202&gl=us&udm=28&pvorigin=2",,https://encrypted-tbn0.gstatic.com/shopping?q=tbn:ANd9GcSJD102C7xFGqe9SqV-J7NYlL3GIK5lZhTzQIurS3qACpFVxdmk2z-_XP3QrU0CJvMvDThuIucJGAbaNFd05VAch-8PJu72Bf2rwAQNZWM,2.8,9.0,8934847462454191826,25,laptops,True,False
"Hp 17 Laptop 17.3"" HD+ Touchscreen Intel Core i7-1255U Processor Ram",Walmart - XiaMi Electronics LLC,"https://www.google.com/search?ibp=oshop&q=Laptop&prds=localAnnotatedOfferId:1,catalogid:21513734877665550,pvo:2,pvt:hg,rds:PC_6027158597472037202%7CPROD_PC_6027158597472037202&gl=us&udm=28&pvorigin=2",,https://encrypted-tbn3.gstatic.com/shopping?q=tbn:ANd9GcQpA9ytY-_076mC7muYGrHyr4kwGmSO4i6FXsr1GNgtlcjmzi3HH0gu-W0bPOgoj8osWggPe7bbLObLFxaI5-CTfgKh_sTyhYq23AcfaZmd0b-hZIPGx_4B9w,,,21513734877665550,26,laptops,True,False
HP 17 Business Laptop Windows 10 Intel Quad-Core i5-8250U RAM,Newegg.com - Deus PC,"https://www.google.com/search?ibp=oshop&q=Laptop&prds=localAnnotatedOfferId:1,catalogid:8026583922676018026,pvo:2,pvt:hg,rds:PC_6027158597472037202%7CPROD_PC_6027158597472037202&gl=us&udm=28&pvorigin=2",,https://encrypted-tbn2.gstatic.com/shopping?q=tbn:ANd9GcR-FhHEzeLGhwVwKZbvV5UgP2katW0FkBXSk80ZSOk5v_RtaCU_WPtrAsLI67HRcKNVn44We5sRdhHddSVclIarXA-1iPjJCrHXUezU-WInNmlWjgzSM1H2DQ,,,8026583922676018026,27,laptops,True,False
Microsoft Surface Laptop 7 Copilot+ PC,bkstr.com,"https://www.google.com/search?ibp=oshop&q=Laptop&prds=localAnnotatedOfferId:1,catalogid:3806620933270906379,pvo:2,pvt:hg,rds:PC_6027158597472037202%7CPROD_PC_6027158597472037202&gl=us&udm=28&pvorigin=2",,https://encrypted-tbn2.gstatic.com/shopping?q=tbn:ANd9GcQcJTTt6VnQbx85Xoxun7zTVzoa6_I1Vr8Go0_Km9uugI0HUQ7EeQL1k2H4dxeny5SbT9UsDyqKTc1_1S3YCJNtYJDaV8hnM-FHwq42nL89IrhjsfnWikqT,5.0,1.0,3806620933270906379,28,laptops,True,False
"Jumper - 15.6 inch Laptop Computer, Windows 11 Laptops with 16GB RAM 1024GB SSD,Celeron N5100, IPS FHD, WiFi 6 - Gray",Best Buy,"https://www.google.com/search?ibp=oshop&q=Laptop&prds=localAnnotatedOfferId:1,productid:10237348683497518796,pvo:2,pvt:hg,rds:PC_6027158597472037202%7CPROD_PC_6027158597472037202&gl=us&udm=28&pvorigin=2",329.99,https://encrypted-tbn2.gstatic.com/shopping?q=tbn:ANd9GcT5vq1yw0-YRFQcnw-mcMlBtWoPnSVshURs7BJhe4yTMlLkRLoyH2Cxmwg3fNc1uqehPzZRMjUgfRqrlRc94E2PZAgejEA69Tsk19R7Sk66Xm400CxURVwe,,,10237348683497518796,29,laptops,False,False
GeekBook X14 Pro 14 inch Laptop OLED Intel Ultra 9 32GB 1TB Win11 Pro,geekompc.com,"https://www.google.com/search?ibp=oshop&q=Laptop&prds=localAnnotatedOfferId:1,productid:13208628510214104032,pvo:2,pvt:hg,rds:PC_6027158597472037202%7CPROD_PC_6027158597472037202&gl=us&udm=28&pvorigin=2",,https://encrypted-tbn3.gstatic.com/shopping?q=tbn:ANd9GcRE_a2h_2ajDXWGw98SCTVn2_ftoRThIe9whVqlUCvNo5Jwe6ZvAE4iffCCDfMNruC_6Hyh0svmNFDbFAfehqHArlxV9ogDoo8r0eXhHSeULfqZTAc7GptL,4.5,127.0,13208628510214104032,30,laptops,True,False
"Lenovo IdeaPad Slim 3 Chromebook - 14'' Full HD (1920 x 1080) Display, 8-Core MediaTek Kompanio 520 Cpu, 4GB Ram, 64gb eMMC & 256gb Micro SD Card, Wi-",Walmart - Littleox Tech LLC,"https://www.google.com/search?ibp=oshop&q=Laptop&prds=localAnnotatedOfferId:1,catalogid:14539254494803615467,pvo:2,pvt:hg,rds:PC_6027158597472037202%7CPROD_PC_6027158597472037202&gl=us&udm=28&pvorigin=2",259.0,https://encrypted-tbn3.gstatic.com/shopping?q=tbn:ANd9GcSAsvfW__hpgBFPvjB37wbl2bhU6c9fnKSIKWMm8sXctjSk-J2vY2XR7VgeuTZDLDlr3sPyhkA5POz0JElO3zJMSEd7_LCRWi_rx3LONGv717JPdt38V2Gw,,,14539254494803615467,31,laptops,False,False
Dell Pro Max 14 MC14250,A5 IT,"https://www.google.com/search?ibp=oshop&q=Laptop&prds=localAnnotatedOfferId:1,catalogid:17839784772896439262,pvo:2,pvt:hg,rds:PC_6027158597472037202%7CPROD_PC_6027158597472037202&gl=us&udm=28&pvorigin=2",,https://encrypted-tbn1.gstatic.com/shopping?q=tbn:ANd9GcQfLff7yLkUhFsYWRgYlSdeud62JM0kf_9ibB1Qx22FRGGYomnebr54Vzu7m_WMzTDoHRLexdUZ3OpV02IPtW9qYAELSfcd1jw6up5XWiJu,4.0,79.0,17839784772896439262,32,laptops,True,False
"Bundle - Lenovo - IdeaPad Slim 3 Chromebook - 14"" 2K Touchscreen Laptop - MediaTek Kompanio 540 2025 - 4GB Memory - 64GB eMMC Cosmic Blue - Carry Case",Best Buy,"https://www.google.com/search?ibp=oshop&q=Laptop&prds=localAnnotatedOfferId:1,productid:7657196875088709743,pvo:2,pvt:hg,rds:PC_6027158597472037202%7CPROD_PC_6027158597472037202&gl=us&udm=28&pvorigin=2",299.99,https://encrypted-tbn3.gstatic.com/shopping?q=tbn:ANd9GcSkiNc1P6GrIu3lfoRp4cTSn6I7PVUkd0GRtheOHY7dvOWZJ7793r-EZzK00dKft9wfzrGhzhRw5ToBeMR9-OvG7DDQ9Fe86aih87tBwrJ2h3VnGGKqyvfJ,4.5,64.0,7657196875088709743,33,laptops,False,False
Lenovo ThinkPad T470s Windows 10 Pro Laptop Intel Core i5-6300U,Newegg.com - Deus PC,"https://www.google.com/search?ibp=oshop&q=Laptop&prds=localAnnotatedOfferId:1,catalogid:14191867671728296334,pvo:2,pvt:hg,rds:PC_6027158597472037202%7CPROD_PC_6027158597472037202&gl=us&udm=28&pvorigin=2",,https://encrypted-tbn2.gstatic.com/shopping?q=tbn:ANd9GcRn86EGQQ4k8xEEzbYG3UxdpfYGDgMmHBSJh2rTcwgoijdYwv_1m_cXlVBrxOcA9k2xcKM3xGvzwmNzx_yRSf11uxSvMgKEzYmQXhcCfFrpBuRkXMHrkxlo,,,14191867671728296334,34,laptops,True,False
Best Windows Laptop GeekBook X14 Pro Ultra 9 185H 32GB RAM 1TB SSD,geekompc.com,"https://www.google.com/search?ibp=oshop&q=Laptop&prds=localAnnotatedOfferId:1,productid:6302378914961464628,pvo:2,pvt:hg,rds:PC_6027158597472037202%7CPROD_PC_6027158597472037202&gl=us&udm=28&pvorigin=2",,https://encrypted-tbn2.gstatic.com/shopping?q=tbn:ANd9GcTB_Xk9NvkZZSsk27Pbrk3QeyHvQQpRfPpIqoXf35RXVrFYF4RsvFO88bbWu9J630I6YEtZ7gxQYORu3YnfajWyxIpB_mLuEFiLSwk4HfcEknlSNCBrYUvjBg,4.6,34.0,6302378914961464628,36,laptops,True,False
HP EliteBook Ultra G1q8 14 Touchscreen Notebook,Best Buy,"https://www.google.com/search?ibp=oshop&q=Laptop&prds=localAnnotatedOfferId:1,catalogid:1930968685379425209,pvo:2,pvt:hg,rds:PC_6027158597472037202%7CPROD_PC_6027158597472037202&gl=us&udm=28&pvorigin=2",959.99,https://encrypted-tbn1.gstatic.com/shopping?q=tbn:ANd9GcSFPISTBfyV7QmYA1h2-nTgIw2inLaPlOjwQG2qafg28BNdxCXpv29P-UWEJf92LOBd9TXVyK8Kv8LQm20GY_xOR2a7LTkk-CrluwXk3Q5oj-FjZ8X77S89,,,1930968685379425209,37,laptops,False,False
Lenovo IdeaPad 5 2 in 1 Laptop,B&H Photo-Video-Audio,"https://www.google.com/search?ibp=oshop&q=Laptop&prds=localAnnotatedOfferId:1,catalogid:16183492323661476849,pvo:2,pvt:hg,rds:PC_6027158597472037202%7CPROD_PC_6027158597472037202&gl=us&udm=28&pvorigin=2",799.0,https://encrypted-tbn2.gstatic.com/shopping?q=tbn:ANd9GcSrueF5Ngljj_HC3aYNJ_XkgaaDGQAPfDXXjz1esrERddAHhwfRNjzMgBB7GJ0Wkx8S-N2TNFd8IoSYubcKdvaWmL5VDTkqBVcQCT0wPZcMGXPZdHfBUE28,4.0,5.0,16183492323661476849,38,laptops,False,False
"Lenovo IdeaPad Slim 3 Laptop 15.3"" Screen AMD Ryzen 7 16GB Memory",Walmart,"https://www.google.com/search?ibp=oshop&q=Laptop&prds=localAnnotatedOfferId:1,catalogid:17894279548844208831,pvo:2,pvt:hg,rds:PC_6027158597472037202%7CPROD_PC_6027158597472037202&gl=us&udm=28&pvorigin=2",699.99,https://encrypted-tbn3.gstatic.com/shopping?q=tbn:ANd9GcSDAV66zp0_f86Kxu9WBjh8O3V7ezvbnGk4Z_bBfzt6Dq9uiERZW1NgMIc8r_1XFsodh_de_2M2rZbiuhnrrr6oWCdvXcoGUrMeNJzsA2V3qLyMi17LQwHl,3.8,4.0,17894279548844208831,39,laptops,False,False
HP OmniBook 5 Laptop 16 inch 2K Touchscreen LED Display AMD Ryzen AI 7 445 Processor,Newegg.com - DealKing,"https://www.google.com/search?ibp=oshop&q=Laptop&prds=localAnnotatedOfferId:1,catalogid:6089202092295183703,pvo:2,pvt:hg,rds:PC_6027158597472037202%7CPROD_PC_6027158597472037202&gl=us&udm=28&pvorigin=2",935.99,https://encrypted-tbn1.gstatic.com/shopping?q=tbn:ANd9GcT9N9-yK60O4a9iC50mHDRLeOsoIpkgvHXJmKOUinQbQwiLlbgXJpvgwhOsRCN9yJzmTYzks560SQGWcNXkXUZ3X9kIQqOqpWpoUOIzEtWDpgNd8xK0vojJ,4.4,19.0,6089202092295183703,40,laptops,False,False
Samsung Galaxy A17 128GB 5G,Best Buy,"https://www.google.com/search?ibp=oshop&q=Smartphone&prds=localAnnotatedOfferId:1,catalogid:10324949081536141779,pvo:2,pvt:hg,rds:PC_6027158597472037202%7CPROD_PC_6027158597472037202&gl=us&udm=28&pvorigin=2",249.99,https://encrypted-tbn3.gstatic.com/shopping?q=tbn:ANd9GcTBupgk8t2Foy97nekkc-F29Q47cA65V_-qrIfyJyvLVrqtB6VxY9aD7RhLeFTCu_2LAgD3Qd_e2HWsG6xgcaTnluVNMUkk5XDIospNAas,4.5,16000.0,10324949081536141779,1,phones,False,False
Motorola edge 2026 128GB Martini Olive,Cricket Wireless,"https://www.google.com/search?ibp=oshop&q=Smartphone&prds=localAnnotatedOfferId:1,catalogid:5720150424390756419,pvo:2,pvt:hg,rds:PC_6027158597472037202%7CPROD_PC_6027158597472037202&gl=us&udm=28&pvorigin=2",59.99,https://encrypted-tbn2.gstatic.com/shopping?q=tbn:ANd9GcTnx6BgTzeZmlsbbLqA_pThpIACcgaOqyFRau_0EVUhRAnNx8vWPsfLEuEdF7v8dFAeo1IF3ZbWT54lkSFrec49BntWI59sxVA2jOjdI-IfOyXs0DCh-ko,,,5720150424390756419,2,phones,False,False
Nothing Phone Pro,Nothing US,"https://www.google.com/search?ibp=oshop&q=Smartphone&prds=localAnnotatedOfferId:1,catalogid:2502126436239669735,pvo:2,pvt:hg,rds:PC_6027158597472037202%7CPROD_PC_6027158597472037202&gl=us&udm=28&pvorigin=2",499.0,https://encrypted-tbn2.gstatic.com/shopping?q=tbn:ANd9GcTFmm-nLnAZt5hqXf9l6dUJpWShMaVj0P14Z3e8Nb1FqZt95ghjL7K9Vna8jTb_UX7kjA-k6ROU6KiyIVJAc5ay9CLVkw-mYfNsEZIHs7onXq2uYccLAxB5sQ,4.8,212.0,2502126436239669735,3,phones,False,False
OnePlus 15R 256GB,OnePlus Official Store,"https://www.google.com/search?ibp=oshop&q=Smartphone&prds=localAnnotatedOfferId:1,catalogid:2940417071762887250,pvo:2,pvt:hg,rds:PC_6027158597472037202%7CPROD_PC_6027158597472037202&gl=us&udm=28&pvorigin=2",699.99,https://encrypted-tbn3.gstatic.com/shopping?q=tbn:ANd9GcRuPYANWik_AOI9xo_sORb2jnolDjWalIwWrFpmo1OA-_MZay7ZJt2uEdC8eYY3P1JaLNdBshdYQRn4dtPoW_REjUXQFKmjus0p1-bJsMPQ0omsv4Ku2mhfFg,4.5,299.0,2940417071762887250,4,phones,False,False
Unihertz Titan 2 The Latest 5G QWERTY Physical Keyboard Smartphone,Unihertz,"https://www.google.com/search?ibp=oshop&q=Smartphone&prds=localAnnotatedOfferId:1,catalogid:11096359191635339359,pvo:2,pvt:hg,rds:PC_6027158597472037202%7CPROD_PC_6027158597472037202&gl=us&udm=28&pvorigin=2",489.99,https://encrypted-tbn2.gstatic.com/shopping?q=tbn:ANd9GcTto43B8SMhKhELgKpkfLauz8kcgXo5g3X5UUP8Qr6_F4C1FrUWFhpcguSdOI4KlEsw1vvmwtlonRUQjeuNQQFPjsbeSv6y8sy-lMXTUFyMIJUrD8Qu9eyV,4.9,152.0,11096359191635339359,5,phones,False,False
Tracfone BLU View Speed Ultra 64GB Prepaid,Best Buy,"https://www.google.com/search?ibp=oshop&q=Smartphone&prds=localAnnotatedOfferId:1,catalogid:12817008981276650141,pvo:2,pvt:hg,rds:PC_6027158597472037202%7CPROD_PC_6027158597472037202&gl=us&udm=28&pvorigin=2",24.99,https://encrypted-tbn1.gstatic.com/shopping?q=tbn:ANd9GcQVH4FsCJKACJnI3aZnauNzMKmcsLdYI9X4UaXP0BFeBPhPa-bHeIKGbriq_ukwG-yuY75Wp9gECJrj0KknJx-mzUhg_jPdYV-z_Kaz4RiqPBY800C3_ZJx,4.1,17.0,12817008981276650141,6,phones,False,False
Google Pixel 10a,Google Store,"https://www.google.com/search?ibp=oshop&q=Smartphone&prds=localAnnotatedOfferId:1,catalogid:12738248466429669342,pvo:2,pvt:hg,rds:PC_6027158597472037202%7CPROD_PC_6027158597472037202&gl=us&udm=28&pvorigin=2",424.0,https://encrypted-tbn3.gstatic.com/shopping?q=tbn:ANd9GcS2xB-gWSWX-GDS3wjRbIqS9kEivBinJNUwz_fIGOysqwhkxadjgNnxkFhNKv6VDrJIVjcvh0Hm8dcrt959k3Qb9Q21gmALXtvhiVkNYPWUWd4x2nrce6o1,4.6,1400.0,12738248466429669342,7,phones,False,False
Samsung Galaxy S26,Cricket Wireless,"https://www.google.com/search?ibp=oshop&q=Smartphone&prds=localAnnotatedOfferId:1,catalogid:3295849325401646497,pvo:2,pvt:hg,rds:PC_6027158597472037202%7CPROD_PC_6027158597472037202&gl=us&udm=28&pvorigin=2",399.99,https://encrypted-tbn2.gstatic.com/shopping?q=tbn:ANd9GcTVRh55nc3HgkdtVAhw9vWTAI_xcqDolHSAgOxt6fL-fIL7k3rwJCL2bF722dKH1RmWb2W-n0E3qhbM6p3spa1AhW8fOlZb80vJREuUHTGzXu6jPQ-UxOeSkg,4.7,8500.0,3295849325401646497,8,phones,False,False
Tracfone BLU View 5 Pro 64gb,Walmart,"https://www.google.com/search?ibp=oshop&q=Smartphone&prds=localAnnotatedOfferId:1,catalogid:15274220373654874926,pvo:2,pvt:hg,rds:PC_6027158597472037202%7CPROD_PC_6027158597472037202&gl=us&udm=28&pvorigin=2",29.88,https://encrypted-tbn2.gstatic.com/shopping?q=tbn:ANd9GcQ7yCOnKBXncYXkoIzWALp8iBb2rK5sZ3O68PwOLW9Dz0k0oGXBlzR1jhp05BJgPHyrYy3S0CIvdyaMvIIuLlHRBUVeiw3hGNmTtA1ldZI,2.7,500.0,15274220373654874926,9,phones,False,False
Motorola moto g play,Best Buy,"https://www.google.com/search?ibp=oshop&q=Smartphone&prds=localAnnotatedOfferId:1,catalogid:11728931125208695182,pvo:2,pvt:hg,rds:PC_6027158597472037202%7CPROD_PC_6027158597472037202&gl=us&udm=28&pvorigin=2",99.99,https://encrypted-tbn2.gstatic.com/shopping?q=tbn:ANd9GcRS6VZncbv9vI-5JRiZcXe045Hy2IQhKh1A1QoMJ04j7rA28xXQhQjdAaZYZ_AhiKHCl9dJlSovlh-_-d4n7B9O6pdsQVWBJjQYw6ALzGM,4.4,1100.0,11728931125208695182,10,phones,False,False
Apple iPhone 13,BarcodesInc,"https://www.google.com/search?ibp=oshop&q=Smartphone&prds=localAnnotatedOfferId:1,catalogid:6203781335732593320,pvo:2,pvt:hg,rds:PC_6027158597472037202%7CPROD_PC_6027158597472037202&gl=us&udm=28&pvorigin=2",138.27,https://encrypted-tbn0.gstatic.com/shopping?q=tbn:ANd9GcR82AtwSyHzjkjzXbmnGLuiRLJ7kkwOaNuIDxbcZ6Gy-fJrx1GHQ3PygWIG5FYLvb5zZtY_iFl1EXrulrtl2rSoeIsA4Zqg9g,4.6,43000.0,6203781335732593320,11,phones,False,False
Unihertz Jelly Star Smallest 3.0 Inch Android 13 Smartphone Unlocked,Unihertz,"https://www.google.com/search?ibp=oshop&q=Smartphone&prds=localAnnotatedOfferId:1,catalogid:5962121409729783720,pvo:2,pvt:hg,rds:PC_6027158597472037202%7CPROD_PC_6027158597472037202&gl=us&udm=28&pvorigin=2",219.99,https://encrypted-tbn1.gstatic.com/shopping?q=tbn:ANd9GcQMr5VRVfNL3SS3iK0YD8jPCYUiuyC9usFqG8rbUrXy5MoFeGfZZxafzfohKfokUnlPH9YAfD04eVANaukPtzYtYyEPt_ua8y9DT_3iaXU-,4.8,131.0,5962121409729783720,12,phones,False,False
Google Pixel 10,Google Store,"https://www.google.com/search?ibp=oshop&q=Smartphone&prds=localAnnotatedOfferId:1,catalogid:10198687345510140767,pvo:2,pvt:hg,rds:PC_6027158597472037202%7CPROD_PC_6027158597472037202&gl=us&udm=28&pvorigin=2",799.0,https://encrypted-tbn0.gstatic.com/shopping?q=tbn:ANd9GcRvNUtRD5Qbi-OAyQNPn1r0ZKXeKsJ_lS9kJI6jy6mMzyEdDINVYeQ4tjlW-M20aXAcOxnsfjd9lkJMsA7JzUcm-_eybfz3mqYeaYx6gniVch9aa34MC3Ul,4.6,2000.0,10198687345510140767,13,phones,False,False
Samsung Galaxy A37 5G 128GB Awesome Charcoal,Cricket Wireless,"https://www.google.com/search?ibp=oshop&q=Smartphone&prds=localAnnotatedOfferId:1,catalogid:1190915285058863524,pvo:2,pvt:hg,rds:PC_6027158597472037202%7CPROD_PC_6027158597472037202&gl=us&udm=28&pvorigin=2",49.99,https://encrypted-tbn1.gstatic.com/shopping?q=tbn:ANd9GcQv7YmLlyZ2Hw4TIsyRrxk-q6lh__kd9QrMLu1t74mELzywD4cVfvHldj1ZlcoEkxHk5wqd0NkxD5t64Umm-GX1xiJhEJn2xwwxjXo7udd20Eb1X_0D6fMJsA,,,1190915285058863524,14,phones,False,False
Samsung Galaxy S25,Walmart - Wireless Source,"https://www.google.com/search?ibp=oshop&q=Smartphone&prds=localAnnotatedOfferId:1,catalogid:6612124133586791833,pvo:2,pvt:hg,rds:PC_6027158597472037202%7CPROD_PC_6027158597472037202&gl=us&udm=28&pvorigin=2",419.98,https://encrypted-tbn3.gstatic.com/shopping?q=tbn:ANd9GcQuo0O7E4iUffm8CnZvu4VDLb_tfcR-kCqk1sOjdq0QCXK3WAOwI4uG57Kzrhi5mwH73JSLytRzJkKVreveAoeJ0OpUuAQZ48vbJPdRRvhQ58iZCac0YxYvJw,4.7,51000.0,6612124133586791833,15,phones,False,False
Samsung Galaxy A16 128gb,Best Buy,"https://www.google.com/search?ibp=oshop&q=Smartphone&prds=localAnnotatedOfferId:1,catalogid:18022129312679801660,pvo:2,pvt:hg,rds:PC_6027158597472037202%7CPROD_PC_6027158597472037202&gl=us&udm=28&pvorigin=2",49.99,https://encrypted-tbn1.gstatic.com/shopping?q=tbn:ANd9GcRFEbK11TjRmHxo8kDY3hLy24HS-E4swI7Q6LtnJUjX6nwgagmOI2xw3I9jPKkjhe5yrAss29pAdIPpNlyQF65Tc7gaFMXp_3SWWqU7kF_X,3.6,233.0,18022129312679801660,16,phones,False,False
T-Mobile Revvl 8 Pro (with 36 monthly payments + plan) - REVVL Smartphone,T-Mobile,"https://www.google.com/search?ibp=oshop&q=Smartphone&prds=localAnnotatedOfferId:1,productid:11470998996535060268,pvo:2,pvt:hg,rds:PC_6027158597472037202%7CPROD_PC_6027158597472037202&gl=us&udm=28&pvorigin=2",,https://encrypted-tbn3.gstatic.com/shopping?q=tbn:ANd9GcRDhe1WpkRearMJFIFADqIXfVaMRYagK7zYq50XIsUtpygxtix6x7NW3IMic2GAAfV1a0qfSAVSZmahVFEwInwVSdu2efCOBA,,,11470998996535060268,17,phones,True,False
Apple iPhone 16,Cricket Wireless,"https://www.google.com/search?ibp=oshop&q=Smartphone&prds=localAnnotatedOfferId:1,catalogid:7236910580703698952,pvo:2,pvt:hg,rds:PC_6027158597472037202%7CPROD_PC_6027158597472037202&gl=us&udm=28&pvorigin=2",729.99,https://encrypted-tbn3.gstatic.com/shopping?q=tbn:ANd9GcRm-WNfNSbui86fFPlznUeYYX2IbqCCvY77R2i_gybay4gjX9f3pRVWGCh_RER_eSJ3erYrxaDABibh3TeYBX8doN6Ycf-ugr46hKwCefKOZA8txp55MLER,4.4,7300.0,7236910580703698952,18,phones,False,False
Google Pixel 10 Pro,Google Store,"https://www.google.com/search?ibp=oshop&q=Smartphone&prds=localAnnotatedOfferId:1,catalogid:17966061849261729532,pvo:2,pvt:hg,rds:PC_6027158597472037202%7CPROD_PC_6027158597472037202&gl=us&udm=28&pvorigin=2",999.0,https://encrypted-tbn3.gstatic.com/shopping?q=tbn:ANd9GcSZFX9fcQY-HF_oMZCmE4YaNVDJN5SAKHGD4UUFbu-EgVSZQW3S_CHZXj7B2DWlrkb888e1gVWeHzuRLe1b_CdSNGHV_MpwkqjvDBSxa9I,4.4,2300.0,17966061849261729532,19,phones,False,False
Nothing Phone,Nothing US,"https://www.google.com/search?ibp=oshop&q=Smartphone&prds=localAnnotatedOfferId:1,catalogid:1484878542014373250,pvo:2,pvt:hg,rds:PC_6027158597472037202%7CPROD_PC_6027158597472037202&gl=us&udm=28&pvorigin=2",699.0,https://encrypted-tbn2.gstatic.com/shopping?q=tbn:ANd9GcQ3EiGyI8HhXmyKCKY-SwGA2XpubcXJliUvTMxSFIINDmPlGhJmagZno0e2w5H6GAq7zngUoKhYmMvPawBW0pFxGCE4qgpHYZi3KKJMYPgk1KO0MscSWG0K,4.6,135.0,1484878542014373250,20,phones,False,False
Samsung Galaxy A37 5G,Best Buy,"https://www.google.com/search?ibp=oshop&q=Smartphone&prds=localAnnotatedOfferId:1,catalogid:12333568566732460124,pvo:2,pvt:hg,rds:PC_6027158597472037202%7CPROD_PC_6027158597472037202&gl=us&udm=28&pvorigin=2",449.99,https://encrypted-tbn2.gstatic.com/shopping?q=tbn:ANd9GcTio1-bJM9dvAUJfQI5pxhmFuMYm51jTmAr31eHKGvlk1gA0NEmZNni49Jqr9sUzT2YGZSM-Tn_a2eqaWl5Y1qHxipMCUAVVKbXTSdAW1U,4.8,3800.0,12333568566732460124,21,phones,False,False
LG V60 ThinQ 5G,Cellification.com,"https://www.google.com/search?ibp=oshop&q=Smartphone&prds=localAnnotatedOfferId:1,catalogid:11481292866058239766,pvo:2,pvt:hg,rds:PC_6027158597472037202%7CPROD_PC_6027158597472037202&gl=us&udm=28&pvorigin=2",219.44,https://encrypted-tbn3.gstatic.com/shopping?q=tbn:ANd9GcSI25eFjE-i0D3JzBG5hD2UUoRMIRgZ74FX6KuLhQJswAFHkKZWIRJks3Q8w0Xvd8gg_5AFl9ODBtlAwAN5VNiVPhhNPmN7a9aPUVtmV3vuC9a6_Oa2Qe4Y,4.6,776.0,11481292866058239766,22,phones,False,False
Apple iPhone 12,Walmart - Reebelo,"https://www.google.com/search?ibp=oshop&q=Smartphone&prds=localAnnotatedOfferId:1,catalogid:18227612043248410567,pvo:2,pvt:hg,rds:PC_6027158597472037202%7CPROD_PC_6027158597472037202&gl=us&udm=28&pvorigin=2",179.0,https://encrypted-tbn2.gstatic.com/shopping?q=tbn:ANd9GcRE0Y_UUuO2oQdfAUYMDdC_tpsZYF83bb6FFJU0mccWKClUJjL-RjHHyttUC2pr03z6w-vzceDIOqSEBk4KF-p4Xr4q85je2udVcu8JBcwG,4.3,34000.0,18227612043248410567,23,phones,False,False
Samsung Galaxy S26 Ultra 256GB Black,Cricket Wireless,"https://www.google.com/search?ibp=oshop&q=Smartphone&prds=localAnnotatedOfferId:1,catalogid:3145822468661968037,pvo:2,pvt:hg,rds:PC_6027158597472037202%7CPROD_PC_6027158597472037202&gl=us&udm=28&pvorigin=2",699.99,https://encrypted-tbn2.gstatic.com/shopping?q=tbn:ANd9GcT4oQKhTG-1kXGfMffUyMMthEh5Y6f9AUgqrDf5UUFSVxRMJu7wN3C1B6C9Sgi_ewcylqWJe8RUSzMw7g8vMdDDqdIJPK0uZxJOUsxedmpnaJlHYzmk7pfw,,,3145822468661968037,24,phones,False,False
Apple iPhone 17,T-Mobile for Business,"https://www.google.com/search?ibp=oshop&q=Smartphone&prds=localAnnotatedOfferId:1,catalogid:5994121237232962926,pvo:2,pvt:hg,rds:PC_6027158597472037202%7CPROD_PC_6027158597472037202&gl=us&udm=28&pvorigin=2",,https://encrypted-tbn2.gstatic.com/shopping?q=tbn:ANd9GcR8e4va5yatGoYyhsrHixhWrdJ8oHvz5DjBt_A0V1wBfhaunOZLiTQF3OYQPeKoaE4NFjPU2iuyleh5vF7TwS6fN99lV1ri6g,4.6,15000.0,5994121237232962926,25,phones,True,False
Samsung Galaxy A15 5G,Best Buy,"https://www.google.com/search?ibp=oshop&q=Smartphone&prds=localAnnotatedOfferId:1,catalogid:1457332131463047245,pvo:2,pvt:hg,rds:PC_6027158597472037202%7CPROD_PC_6027158597472037202&gl=us&udm=28&pvorigin=2",79.99,https://encrypted-tbn2.gstatic.com/shopping?q=tbn:ANd9GcSvhyAP5ZP8j1X_aZ-NlKv7_AMmdCtXcx78hHjgAFs-6r_Y6YttcVUsitATAzUlqzqVLTWZZumnruTI6GZlOPKSKUbPBr4hCWmkgg_hz3Ac,4.3,3200.0,1457332131463047245,26,phones,False,False
Google Pixel 10 Pro XL,Google Store,"https://www.google.com/search?ibp=oshop&q=Smartphone&prds=localAnnotatedOfferId:1,catalogid:8928480161483299948,pvo:2,pvt:hg,rds:PC_6027158597472037202%7CPROD_PC_6027158597472037202&gl=us&udm=28&pvorigin=2",,https://encrypted-tbn1.gstatic.com/shopping?q=tbn:ANd9GcSTD4dfnkNdlscMaukadjYFKwmE5Q6iKQv08DRMEaOgBdMqSz-WPDumhtsIOYm4uCGn_SqQyV7C4mGbsO6U1Y_4QHi-KU6Cpx7jqSk4_ZsG,4.5,2300.0,8928480161483299948,27,phones,True,False
"NUU B40 5G Unlocked Android Smartphone 6.7” AMOLED + 1.6"" Vista Display with 120Hz Refresh Rate",NUU,"https://www.google.com/search?ibp=oshop&q=Smartphone&prds=localAnnotatedOfferId:1,catalogid:12977439413889418203,pvo:2,pvt:hg,rds:PC_6027158597472037202%7CPROD_PC_6027158597472037202&gl=us&udm=28&pvorigin=2",249.99,https://encrypted-tbn3.gstatic.com/shopping?q=tbn:ANd9GcTATWKNnmLDm0tpqIRacFK8qVY1nh7UbpuzG-2dm3VuJyYu14PnwgGqlI_d1RedlOkhuRafSYSsiWr0UNvaydkJZVtC2-rDJ4_4hwYJw5pY4jMriRNCBBMsUA,,,12977439413889418203,28,phones,False,False
Unihertz Jelly Max,Unihertz,"https://www.google.com/search?ibp=oshop&q=Smartphone&prds=localAnnotatedOfferId:1,catalogid:4391467042258554874,pvo:2,pvt:hg,rds:PC_6027158597472037202%7CPROD_PC_6027158597472037202&gl=us&udm=28&pvorigin=2",339.99,https://encrypted-tbn3.gstatic.com/shopping?q=tbn:ANd9GcTYHQGqu5sz2hZJ_g8rvA9jGzLijS1yYXfj1N1zBn4FllaI_CvNeYvBBDtI0_y_nYBBJfKlfuqVlKlwtzexf70bAHBgRMgzT7KxjRWClW8,4.5,47.0,4391467042258554874,29,phones,False,False
Samsung Galaxy A27 5G,Boost Mobile,"https://www.google.com/search?ibp=oshop&q=Smartphone&prds=localAnnotatedOfferId:1,catalogid:2573687983041544940,pvo:2,pvt:hg,rds:PC_6027158597472037202%7CPROD_PC_6027158597472037202&gl=us&udm=28&pvorigin=2",349.99,https://encrypted-tbn1.gstatic.com/shopping?q=tbn:ANd9GcTGymuIoIE_ojUICHnkJfE70j8iPRzwDZG-iIYM_kzqxjlgKr_d-BGwKtlGLD3lyPRzkUF5mFBJKEmWcdJ1fRiXieU_ZdL8SQiVHMOgHdqJ5jQSiv5juDur,3.7,3.0,2573687983041544940,30,phones,False,False
BLU G65L G1130WW 128GB,Best Buy,"https://www.google.com/search?ibp=oshop&q=Smartphone&prds=localAnnotatedOfferId:1,catalogid:6342547359550694685,pvo:2,pvt:hg,rds:PC_6027158597472037202%7CPROD_PC_6027158597472037202&gl=us&udm=28&pvorigin=2",149.99,https://encrypted-tbn0.gstatic.com/shopping?q=tbn:ANd9GcQBNw3xJbxH7UAcGDG7s8wSN4rK-nHlT5Cpg4wisdKP_6gMQAkFIYoBJCX-KPCCSh_g_fljQmyCx9Jw0dPKIZmAQi3oqN7AjjN5iwYgb_0,4.0,37.0,6342547359550694685,31,phones,False,False
Apple iPhone 17 Pro Max,Walmart - 2ndphoneclub,"https://www.google.com/search?ibp=oshop&q=Smartphone&prds=localAnnotatedOfferId:1,catalogid:8065089511755541673,pvo:2,pvt:hg,rds:PC_6027158597472037202%7CPROD_PC_6027158597472037202&gl=us&udm=28&pvorigin=2",,https://encrypted-tbn3.gstatic.com/shopping?q=tbn:ANd9GcQk3SrkjrEkiCYSNwCiLxrSqsAgTSSK_DFKKlDxDzH2wdci35sPyFa2Eu4j1g0rVtSiSsVcLnBlFBZxn2T3ygj036lHVV9UPQifwStrZVvfTteML4HW_Txx7w,3.8,3500.0,8065089511755541673,32,phones,True,False
Apple iPhone 15 128GB Black - Available With Cricket Wireless Plan,Cricket Wireless,"https://www.google.com/search?ibp=oshop&q=Smartphone&prds=localAnnotatedOfferId:1,productid:10381625117188221237,pvo:2,pvt:hg,rds:PC_6027158597472037202%7CPROD_PC_6027158597472037202&gl=us&udm=28&pvorigin=2",349.99,https://encrypted-tbn3.gstatic.com/shopping?q=tbn:ANd9GcTklE7yLprMsMl_gi7wkTEbDEhsA7SIMvzz34paH46mhDwf6pgvzexJxBJROc8ZA317DFaC99DX9RAij4P7rRjswODY0siZNFwn4rRzlrgcuz6CueTjdITneg,3.8,36.0,10381625117188221237,33,phones,False,False
Samsung Galaxy S26 Ultra,Consumer Cellular,"https://www.google.com/search?ibp=oshop&q=Smartphone&prds=localAnnotatedOfferId:1,catalogid:12926680768389084268,pvo:2,pvt:hg,rds:PC_6027158597472037202%7CPROD_PC_6027158597472037202&gl=us&udm=28&pvorigin=2",,https://encrypted-tbn2.gstatic.com/shopping?q=tbn:ANd9GcSlCwyHjdkGWVjX809ynwncHAjKHemDLSF3D4ANmnuI4Qp1yIUgwo1hmlpefusYnEs9Gj0QERbLCS7OKjifvdvucjBjad6JObR8KKifLx1LazUEFdMkcnHBxw,4.8,57000.0,12926680768389084268,34,phones,True,False
Motorola moto g 2026,Cell2Get,"https://www.google.com/search?ibp=oshop&q=Smartphone&prds=localAnnotatedOfferId:1,catalogid:2573120649916652599,pvo:2,pvt:hg,rds:PC_6027158597472037202%7CPROD_PC_6027158597472037202&gl=us&udm=28&pvorigin=2",193.45,https://encrypted-tbn2.gstatic.com/shopping?q=tbn:ANd9GcTQnkBI8uuqonSqdq0RphMNiEEGTrqzLTYz6jGxi2yiKmPDjTvcyjp3k9FSzr5nKJwQbqwp-yTqhnc_bshJqWJSfFJdFv0l0VUxKAMEs0U,4.3,115.0,2573120649916652599,35,phones,False,False
Total Wireless Motorola 2025 Moto g 5G,Best Buy,"https://www.google.com/search?ibp=oshop&q=Smartphone&prds=localAnnotatedOfferId:1,catalogid:2482042715794200436,pvo:2,pvt:hg,rds:PC_6027158597472037202%7CPROD_PC_6027158597472037202&gl=us&udm=28&pvorigin=2",39.99,https://encrypted-tbn2.gstatic.com/shopping?q=tbn:ANd9GcT6TLfry1FaY1qNj97kv_mK543h7lOPAXggAhhI43NVpai0nmIDZuDFnaMnzOfy2MQA7uQfhxpOWFUs_I6khQJw8CzAUFha7n-21HWOwmGX,4.2,88.0,2482042715794200436,36,phones,False,False
Samsung Galaxy Z Flip8,Mint Mobile,"https://www.google.com/search?ibp=oshop&q=Smartphone&prds=localAnnotatedOfferId:1,catalogid:5662499505405013682,pvo:2,pvt:hg,rds:PC_6027158597472037202%7CPROD_PC_6027158597472037202&gl=us&udm=28&pvorigin=2",,https://encrypted-tbn0.gstatic.com/shopping?q=tbn:ANd9GcQgKoTQv6Boj1jXj3gn-XJP7W-aNp2DtdxH3Q7HR6dIgjNbKU1g6J3rauBb2bPl_pVZXkwBLWvb53I8RMU0kD3P38iMgK1JoxKfl3H0VR9MzQe0DjuP31X0,4.9,13000.0,5662499505405013682,37,phones,True,False
Unihertz Jelly 2E 4gb/64gb 3,Unihertz,"https://www.google.com/search?ibp=oshop&q=Smartphone&prds=localAnnotatedOfferId:1,catalogid:7366361967125568446,pvo:2,pvt:hg,rds:PC_6027158597472037202%7CPROD_PC_6027158597472037202&gl=us&udm=28&pvorigin=2",159.99,https://encrypted-tbn0.gstatic.com/shopping?q=tbn:ANd9GcR8KuzP3xJa8CsWbm46KwFV0IylHd0Mq-d2iQePfPJeYNpt70l0rM7JzRgb7sZ_fMfAFor47lrxLjSfEYYfKCURnuhXf-oEmtAfnZa5H4fOVPk-NEkArpjwaQ,4.2,77.0,7366361967125568446,38,phones,False,False
Samsung Galaxy Z Fold7 Smartphone,bkstr.com,"https://www.google.com/search?ibp=oshop&q=Smartphone&prds=localAnnotatedOfferId:1,catalogid:10231620088247711834,pvo:2,pvt:hg,rds:PC_6027158597472037202%7CPROD_PC_6027158597472037202&gl=us&udm=28&pvorigin=2",,https://encrypted-tbn3.gstatic.com/shopping?q=tbn:ANd9GcQYdYVrycv58vOBW95-i38Cge98UukoQeHy6Hs_KPGaQUXMZjTJCKmGI4igDhQ6ZUq8EWmSt2rcLy4k4vIzMfQMd099jBl-dw,4.7,26000.0,10231620088247711834,39,phones,True,False
Apple iPhone 15 - Black - 128GB (with 36 monthly payments + plan),T-Mobile,"https://www.google.com/search?ibp=oshop&q=Smartphone&prds=localAnnotatedOfferId:1,productid:8345423428288821281,pvo:2,pvt:hg,rds:PC_6027158597472037202%7CPROD_PC_6027158597472037202&gl=us&udm=28&pvorigin=2",,https://encrypted-tbn3.gstatic.com/shopping?q=tbn:ANd9GcRX2OAgKWhI8zye1GJb8DXGaeSGIKkMbeAl5TLySJz1R3KCKzpl3SHHMdjM6BiWXFefN_OU2cwVGdxPqcD61o-5BC_dMv2Gpw,4.6,29000.0,8345423428288821281,40,phones,True,False
Apple iPhone 16 Pro Titanium,Walmart - Networkstore,"https://www.google.com/search?ibp=oshop&q=Smartphone&prds=localAnnotatedOfferId:1,catalogid:3210463941460833695,pvo:2,pvt:hg,rds:PC_6027158597472037202%7CPROD_PC_6027158597472037202&gl=us&udm=28&pvorigin=2",829.97,https://encrypted-tbn3.gstatic.com/shopping?q=tbn:ANd9GcTGlFrbk7SL37coOu3Ter1Pv1ztyWJJd-Q8IKU2i26iyreQWtBEMNxT5LTxXFp4WH_0zqJslVk3KKJjtdvHONIpKj6eCvxC5XMp-kE3TgA,4.2,5800.0,3210463941460833695,2,phones,False,False
Samsung Galaxy Z Flip7,Best Buy,"https://www.google.com/search?ibp=oshop&q=Smartphone&prds=localAnnotatedOfferId:1,catalogid:11577913971984319420,pvo:2,pvt:hg,rds:PC_6027158597472037202%7CPROD_PC_6027158597472037202&gl=us&udm=28&pvorigin=2",,https://encrypted-tbn3.gstatic.com/shopping?q=tbn:ANd9GcR8N5Jt9TnnR1ORCllcGlWgWtMh3mZ9S7BFAlQmAoXOa4jVz3LylHJitiIYIFfcXce3xDs3DN1QVaI5QJPbL7NCXBOKRlhdwpKtBnbyaKg,4.6,14000.0,11577913971984319420,4,phones,True,False
Fossibot F112 Pro 5g 8gb/256gb 6.8,FOSSiBOT - Main,"https://www.google.com/search?ibp=oshop&q=Smartphone&prds=localAnnotatedOfferId:1,catalogid:4250617937393754077,pvo:2,pvt:hg,rds:PC_6027158597472037202%7CPROD_PC_6027158597472037202&gl=us&udm=28&pvorigin=2",239.99,https://encrypted-tbn2.gstatic.com/shopping?q=tbn:ANd9GcTkEdpNWtMKmIhx5qIXXz3zTENTwdhfVpCTaNefoWECzw0BgoEgV4G499e3qAcJ-wb1N4p_RBWWBhKmMEHF4X93S7_xktskVsAska6SEcoC2hTfu66FTVT-VQ,4.3,7.0,4250617937393754077,5,phones,False,False
Motorola moto g power 2025,CPR Cell Phone Repair by DMV Wireless,"https://www.google.com/search?ibp=oshop&q=Smartphone&prds=localAnnotatedOfferId:1,catalogid:4017854550939954213,pvo:2,pvt:hg,rds:PC_6027158597472037202%7CPROD_PC_6027158597472037202&gl=us&udm=28&pvorigin=2",150.0,https://encrypted-tbn3.gstatic.com/shopping?q=tbn:ANd9GcR_PgOXCtM30hiLpE4Fcxuq4mf7TNhe70CFbc6cKeLafsBqBpWv5DVMQPrOG_1XgqAmzYWLhAZtoQbUwwRq8nTTynZJKdanQNwCMQ7KspYV,4.2,455.0,4017854550939954213,6,phones,False,False
Samsung Galaxy Z Flip8,Consumer Cellular,"https://www.google.com/search?ibp=oshop&q=Smartphone&prds=localAnnotatedOfferId:1,catalogid:4061667408889018392,pvo:2,pvt:hg,rds:PC_6027158597472037202%7CPROD_PC_6027158597472037202&gl=us&udm=28&pvorigin=2",999.99,https://encrypted-tbn3.gstatic.com/shopping?q=tbn:ANd9GcTpuIwiHyrtpc-YjTh8mWxfRg_9Ra1B9p781xVTgGG1xv_E93zbn2wW9WrtkKFNbf6h7VWT1p5WhbSDtdVM_rtBUj-Z3rSaGQFS4pnldkCTWooTyWl0etF3,4.9,13000.0,4061667408889018392,7,phones,False,False
Apple iPhone 13 Pro Max,Walmart - ELECTRONIC DEALS INC,"https://www.google.com/search?ibp=oshop&q=Smartphone&prds=localAnnotatedOfferId:1,catalogid:11642078117092691172,pvo:2,pvt:hg,rds:PC_6027158597472037202%7CPROD_PC_6027158597472037202&gl=us&udm=28&pvorigin=2",484.0,https://encrypted-tbn2.gstatic.com/shopping?q=tbn:ANd9GcR3I7EvWo6ov2DOQiE6YjsSO4_fGdG_9imX6MmNRMqxR01r5ck89AIateLlr4CHalB0VtdbtoSnS2I1L6aNkaWpE120IZU75zM4nb225ew,4.3,12000.0,11642078117092691172,8,phones,False,False
Samsung Galaxy S23 FE,Best Buy,"https://www.google.com/search?ibp=oshop&q=Smartphone&prds=localAnnotatedOfferId:1,catalogid:14749632123786252088,pvo:2,pvt:hg,rds:PC_6027158597472037202%7CPROD_PC_6027158597472037202&gl=us&udm=28&pvorigin=2",449.98,https://encrypted-tbn2.gstatic.com/shopping?q=tbn:ANd9GcRkkpAghTemTECZtjvqDqylWhxuNby2qJYsDO17KhuAyuli0bB97Jk6W6GARCwvKcHBVVKcSs7pl3VIzUeia_m_tmCEIXH646XZywPwo1DyPZLF_L9w25jf,4.5,11000.0,14749632123786252088,10,phones,False,False
Motorola Edge 2025 XT2519-1,Motorola - United States,"https://www.google.com/search?ibp=oshop&q=Smartphone&prds=localAnnotatedOfferId:1,catalogid:7812283428707904573,pvo:2,pvt:hg,rds:PC_6027158597472037202%7CPROD_PC_6027158597472037202&gl=us&udm=28&pvorigin=2",449.99,https://encrypted-tbn3.gstatic.com/shopping?q=tbn:ANd9GcS854sgI0gr3Z4GwDuLias3MzgRDLZ7GT-wfNwlvbyz3rGxZkUQuaa-88--GXl0rkT1Gj5DY8AaxuWLLw2HisrJB2BaEXyCVPTakbu8OqAntEOehBfCj004zg,4.0,103.0,7812283428707904573,11,phones,False,False
Bea-Fon N2,agmmobile.com,"https://www.google.com/search?ibp=oshop&q=Smartphone&prds=localAnnotatedOfferId:1,catalogid:11701949729676046010,pvo:2,pvt:hg,rds:PC_6027158597472037202%7CPROD_PC_6027158597472037202&gl=us&udm=28&pvorigin=2",69.9,https://encrypted-tbn2.gstatic.com/shopping?q=tbn:ANd9GcRGj0uo1D5xxWH70L6JYzcFqY_SVbsR7wBaDHmIm1U5Hscqgm68pW7r9Pi-BvOloXszGxeD8h2qW1Ob2j134p1FeRYiEzaaYXnlDRc7ge7899BVqlSJHiXFRQ,4.7,6.0,11701949729676046010,12,phones,False,False
Cricket Samsung Galaxy A17,Walmart,"https://www.google.com/search?ibp=oshop&q=Smartphone&prds=localAnnotatedOfferId:1,catalogid:15617201143445824957,pvo:2,pvt:hg,rds:PC_6027158597472037202%7CPROD_PC_6027158597472037202&gl=us&udm=28&pvorigin=2",79.0,https://encrypted-tbn2.gstatic.com/shopping?q=tbn:ANd9GcQnZr6UXsAZO8MResar-c7yAkz74XWyMgjEL1fs7ydHHDBR7eaB7bUA5l69nIYpnbeXvibKyIOVw-SrbZ5hqreXnsMjO0bo1pJrpGDdDJ8gaa9OylF6Is487Wps,4.5,16000.0,15617201143445824957,13,phones,False,False
Google Pixel 9,Flash Mobile,"https://www.google.com/search?ibp=oshop&q=Smartphone&prds=localAnnotatedOfferId:1,catalogid:8204806712530577798,pvo:2,pvt:hg,rds:PC_6027158597472037202%7CPROD_PC_6027158597472037202&gl=us&udm=28&pvorigin=2",799.0,https://encrypted-tbn2.gstatic.com/shopping?q=tbn:ANd9GcTupCZQbA_eEB1kCoOIorta7RBNj6VtH8xtah0sOLfkb1C8PkOybHofWEZcwyzFcbpob1i9Ulac-NTE8qztdPdpqQuiN8_idDBAznqdEPWo6wLrJ4fQDXXPjA,4.5,1600.0,8204806712530577798,14,phones,False,False
Nothing Phone,Nothing US,"https://www.google.com/search?ibp=oshop&q=Smartphone&prds=localAnnotatedOfferId:1,catalogid:11498129293316966939,pvo:2,pvt:hg,rds:PC_6027158597472037202%7CPROD_PC_6027158597472037202&gl=us&udm=28&pvorigin=2",799.0,https://encrypted-tbn2.gstatic.com/shopping?q=tbn:ANd9GcQ3EiGyI8HhXmyKCKY-SwGA2XpubcXJliUvTMxSFIINDmPlGhJmagZno0e2w5H6GAq7zngUoKhYmMvPawBW0pFxGCE4qgpHYZi3KKJMYPgk1KO0MscSWG0K,4.3,67.0,11498129293316966939,16,phones,False,False
"OUKITEL wp66 5G Rugged Phone 6.6'' FHD+ Display 11,000mAh Big Battery 108MP Camera Android 16",oukitel.com,"https://www.google.com/search?ibp=oshop&q=Smartphone&prds=localAnnotatedOfferId:1,catalogid:6140123044974887820,pvo:2,pvt:hg,rds:PC_6027158597472037202%7CPROD_PC_6027158597472037202&gl=us&udm=28&pvorigin=2",449.99,https://encrypted-tbn3.gstatic.com/shopping?q=tbn:ANd9GcQTzjttqYcG-ojLcO740GXELyRD7n0JIO3gvG-3S3UMJV_9TiGUn7F8rKwbYF4VVeZ3LBZ0P2I5NvX8E97bo7grWeOQgHi4sC1CYLh9L_wNKVnB4BV7aNGo,,,6140123044974887820,17,phones,False,False
LG V60 ThinQ 5G,Cell2Get,"https://www.google.com/search?ibp=oshop&q=Smartphone&prds=localAnnotatedOfferId:1,catalogid:7338164223543016563,pvo:2,pvt:hg,rds:PC_6027158597472037202%7CPROD_PC_6027158597472037202&gl=us&udm=28&pvorigin=2",224.99,https://encrypted-tbn0.gstatic.com/shopping?q=tbn:ANd9GcSU5ZXl4bIQnQPtSpoQwX8Oulx0ubDI785SJkKcxZNbobNw4iFrik7q6537wVdvy1orjbrrIuZjgF6ynPeCiD6uoXf5oiOI1PBgPFXcLF0Z_5kJ-8iGsYmr,4.3,976.0,7338164223543016563,18,phones,False,False
Apple iPhone 14,Walmart - Cell Surfers,"https://www.google.com/search?ibp=oshop&q=Smartphone&prds=localAnnotatedOfferId:1,catalogid:1230388296225396604,pvo:2,pvt:hg,rds:PC_6027158597472037202%7CPROD_PC_6027158597472037202&gl=us&udm=28&pvorigin=2",294.44,https://encrypted-tbn2.gstatic.com/shopping?q=tbn:ANd9GcRh1N45SRkJ-4a22kgelNtk_J5B98ltD6M656sMCWZZiJ2kAWE11MyBIHXlMr5wv0OqvJuR1Ku02a07ucg2Ckefgo2Z-z56oebcs0BrFaE,4.4,14000.0,1230388296225396604,19,phones,False,False
Total Wireless Samsung Galaxy A16 5G 128GB Prepaid,Best Buy,"https://www.google.com/search?ibp=oshop&q=Smartphone&prds=localAnnotatedOfferId:1,catalogid:3406323591029580045,pvo:2,pvt:hg,rds:PC_6027158597472037202%7CPROD_PC_6027158597472037202&gl=us&udm=28&pvorigin=2",49.99,https://encrypted-tbn1.gstatic.com/shopping?q=tbn:ANd9GcT8xd-lOrfukpSlkIoPaXK2hB_fsPuTwbMGyUXDqWm89u6yuvY8cBPh1WgQIINnxIqvRPquiqz1jlzbQn9-FYYriy7u-lMY_aYnyy9XRI36,3.9,47.0,3406323591029580045,20,phones,False,False
Apple iPhone Air in Sky Blue 1024GB with data plan | by Consumer Cellular,Consumer Cellular,"https://www.google.com/search?ibp=oshop&q=Smartphone&prds=localAnnotatedOfferId:1,productid:4040131891962629610,pvo:2,pvt:hg,rds:PC_6027158597472037202%7CPROD_PC_6027158597472037202&gl=us&udm=28&pvorigin=2",,https://encrypted-tbn3.gstatic.com/shopping?q=tbn:ANd9GcRghfa2MZR9HIteEkyot86dIYKzcqHG5-w5-iwK2F8ekTVXPRBhndzouuqr17ONRKviscO4gpEgVNCX6GXJVtnxrX2iMYxgyT0RUXW7yIZmhu6dKAU72i_LZg,4.4,3800.0,4040131891962629610,23,phones,True,False
Apple iPhone 11,Walmart - Wireless Source,"https://www.google.com/search?ibp=oshop&q=Smartphone&prds=localAnnotatedOfferId:1,catalogid:13758529073658027566,pvo:2,pvt:hg,rds:PC_6027158597472037202%7CPROD_PC_6027158597472037202&gl=us&udm=28&pvorigin=2",148.78,https://encrypted-tbn1.gstatic.com/shopping?q=tbn:ANd9GcTKhXv8yXV6A6HSn1qbAd0AZZQ9iWzeYt3ZR6dL_0R6D6hR9cAnDaJG7hpqlWJlB0RercJSfcyjBwNWuJCDwel_xmb1eBGmng3M-tewsfoaul2s2Y1xMwVwXQ,4.9,11.0,13758529073658027566,24,phones,False,False
Verizon Prepaid Verizon Samsung Galaxy A17 128GB Prepaid,Best Buy,"https://www.google.com/search?ibp=oshop&q=Smartphone&prds=localAnnotatedOfferId:1,catalogid:430841166330512588,pvo:2,pvt:hg,rds:PC_6027158597472037202%7CPROD_PC_6027158597472037202&gl=us&udm=28&pvorigin=2",99.99,https://encrypted-tbn0.gstatic.com/shopping?q=tbn:ANd9GcSmwrtj9xvQlftA2P3uI1j8fmaVwwIA1ZdacP9UP74MqsVeBvXjjdrn7T2yNnhSBrIwLZydpBppqJ3YaRSNETWv6m9xdlax1hM_VWCadV5NKtRiErqz8wjnPA,4.5,2.0,430841166330512588,25,phones,False,False
Samsung Galaxy A36 5G,ElectronicsForce.com,"https://www.google.com/search?ibp=oshop&q=Smartphone&prds=localAnnotatedOfferId:1,catalogid:12658351924287647882,pvo:2,pvt:hg,rds:PC_6027158597472037202%7CPROD_PC_6027158597472037202&gl=us&udm=28&pvorigin=2",222.45,https://encrypted-tbn1.gstatic.com/shopping?q=tbn:ANd9GcSELiuYf9gTBWWGh9QinI9oj61xgIXmbpy2J-ST2R5ZfUgumdslNo6V22gFbLqB2yIEki34MF1g_HKAsAfZFEJPtB9nTlYxdrdRAzwKKt1U,4.5,2400.0,12658351924287647882,26,phones,False,False
Apple iPhone 14 Pro Max 128gb 6.7,Tech Restore,"https://www.google.com/search?ibp=oshop&q=Smartphone&prds=localAnnotatedOfferId:1,catalogid:8496820491103530483,pvo:2,pvt:hg,rds:PC_6027158597472037202%7CPROD_PC_6027158597472037202&gl=us&udm=28&pvorigin=2",650.0,https://encrypted-tbn3.gstatic.com/shopping?q=tbn:ANd9GcTAn6fNJuifMrKhQ13qeAtF_rPFn0hXjZ04qUx-4RIapnrHpLn6Tjl0G7Gz75gs_LCIiJuK2P92fyVJxSkBewtlAJSJuv1TEvENAT4ZMqWHAKRmJo2msr2T,4.4,278.0,8496820491103530483,27,phones,False,False
Samsung Galaxy S26 - Black - 256GB (with 36 monthly payments + plan) - Samsung Galaxy Smartphone,T-Mobile,"https://www.google.com/search?ibp=oshop&q=Smartphone&prds=localAnnotatedOfferId:1,productid:9402853036254917583,pvo:2,pvt:hg,rds:PC_6027158597472037202%7CPROD_PC_6027158597472037202&gl=us&udm=28&pvorigin=2",,https://encrypted-tbn3.gstatic.com/shopping?q=tbn:ANd9GcR5djTAv4EXnoUH1gJaqRE-4hnmgpPuGCcrGsconjC_Jeb2sGYMTdxyOFfJU5BSqp-LuhGl0DDy22oIUfBJN_F4rbxpzj_dRA,4.7,8500.0,9402853036254917583,28,phones,True,False
Motorola moto G,Verizon,"https://www.google.com/search?ibp=oshop&q=Smartphone&prds=localAnnotatedOfferId:1,catalogid:13078729291008953468,pvo:2,pvt:hg,rds:PC_6027158597472037202%7CPROD_PC_6027158597472037202&gl=us&udm=28&pvorigin=2",,https://encrypted-tbn1.gstatic.com/shopping?q=tbn:ANd9GcQ_YBUjmbEXAF3PFo0F5IwpSXntZH4eyZRo-oedUTebj4Z4aNy64VcLXMHFw2XUKE_oMkglmJSUBtIb22wcpQa-lRBZ4unnoJ7Qo33ayX0,4.3,729.0,13078729291008953468,29,phones,True,False
Tracfone Prepaid Motorola g Play Cdma Lte,Best Buy,"https://www.google.com/search?ibp=oshop&q=Smartphone&prds=localAnnotatedOfferId:1,catalogid:9634538253408619138,pvo:2,pvt:hg,rds:PC_6027158597472037202%7CPROD_PC_6027158597472037202&gl=us&udm=28&pvorigin=2",39.99,https://encrypted-tbn0.gstatic.com/shopping?q=tbn:ANd9GcSnGZMfqd2fGzyjM9fKm4490NzHAfgtShh1LpUeg2QzPdi-235i3JocMSjo_pxWQFA59w6ByG58wMXjZgj3jbks4TXfEUNx_Wh37JuqZcQ,4.3,449.0,9634538253408619138,30,phones,False,False
Apple iPhone 13 Pro Max 128GB,Walmart - TechGrab,"https://www.google.com/search?ibp=oshop&q=Smartphone&prds=localAnnotatedOfferId:1,catalogid:16978156422034886348,pvo:2,pvt:hg,rds:PC_6027158597472037202%7CPROD_PC_6027158597472037202&gl=us&udm=28&pvorigin=2",459.97,https://encrypted-tbn0.gstatic.com/shopping?q=tbn:ANd9GcS-QDnIxnrIKYBjuZ897hjAUV29vj0_SwomntyGAFGHamSZE7Hr_2R7Q-nGFR229Pfzz_EgQW8dIe7bMqICK6zRWHSGblEHZgQaR-L5ymPnoQis1phnQyOf,4.5,327.0,16978156422034886348,31,phones,False,False
Apple iPhone Air in Space Black 1024GB - with 36-month installments & data plan | by Consumer Cellular,Consumer Cellular,"https://www.google.com/search?ibp=oshop&q=Smartphone&prds=localAnnotatedOfferId:1,productid:14573842148595977457,pvo:2,pvt:hg,rds:PC_6027158597472037202%7CPROD_PC_6027158597472037202&gl=us&udm=28&pvorigin=2",,https://encrypted-tbn1.gstatic.com/shopping?q=tbn:ANd9GcQKWFxHNRE_7ht_YA6IyRC95I-ovcZTbzUEt9yXSmCicXE1TjbmhfFJm06m9LJzgS5xh086Zna67Kgj2e1pYnBxjCkk_JgUoKmsgCHikJi39StGsL-SKmIn,4.4,3800.0,14573842148595977457,32,phones,True,False
Samsung Galaxy S22 Ultra,Newegg.com - COSMOGEEK-MOBILE,"https://www.google.com/search?ibp=oshop&q=Smartphone&prds=localAnnotatedOfferId:1,catalogid:2234948256945376623,pvo:2,pvt:hg,rds:PC_6027158597472037202%7CPROD_PC_6027158597472037202&gl=us&udm=28&pvorigin=2",298.0,https://encrypted-tbn3.gstatic.com/shopping?q=tbn:ANd9GcSf5Smyk0FnNce_ToD2JuuXj7-TKEpXyfBjJwH3awHWLk5Hf37aBjyu4w34RgH_K94LMjbYvukTpD6PZl7_4-NHAIu0rkyYT04tXv-Xb35OCBiZ7IrWx9TfSQ,4.4,36000.0,2234948256945376623,33,phones,False,False
Nothing Phone 3a Dual Sim Factory Unlocked,MyWorldPhone.com,"https://www.google.com/search?ibp=oshop&q=Smartphone&prds=localAnnotatedOfferId:1,catalogid:17124961801129981176,pvo:2,pvt:hg,rds:PC_6027158597472037202%7CPROD_PC_6027158597472037202&gl=us&udm=28&pvorigin=2",429.99,https://encrypted-tbn0.gstatic.com/shopping?q=tbn:ANd9GcTXs6u_CxJIoTJ5J8Wom1neYZCAF40in1VsUarDeEC3HrRqqNW8vzXNPxPrphMCEFTWi5DHutNTbC3fojyac3GH8kPxU5gwBO7bLjjMqA6sT2hDP6b8Qsy5,4.7,658.0,17124961801129981176,34,phones,False,False
Motorola moto g stylus 2025 128GB,Best Buy,"https://www.google.com/search?ibp=oshop&q=Smartphone&prds=localAnnotatedOfferId:1,catalogid:423645667708388810,pvo:2,pvt:hg,rds:PC_6027158597472037202%7CPROD_PC_6027158597472037202&gl=us&udm=28&pvorigin=2",,https://encrypted-tbn1.gstatic.com/shopping?q=tbn:ANd9GcS-Ft9NI2TQSZ_-kQCIjtLAvJNJg1VwQaEimSM_bkAVWDPb90GQUvTs2yYcc6UgsFPAA9Bg_46s2-9lz3Gx3oULb20M5MuGamJmNqH84wdP,3.7,92.0,423645667708388810,35,phones,True,False
"Samsung Galaxy S26 Ultra, Unlocked Android Smartphone, 512GB, Privacy Display, Galaxy AI, AI Camera, Super Fast Charging 3.0, Durable Battery, Black",Target,"https://www.google.com/search?ibp=oshop&q=Smartphone&prds=localAnnotatedOfferId:1,productid:10109935109352386734,pvo:2,pvt:hg,rds:PC_6027158597472037202%7CPROD_PC_6027158597472037202&gl=us&udm=28&pvorigin=2",,https://encrypted-tbn1.gstatic.com/shopping?q=tbn:ANd9GcRBc2DefZNKf_fDtna3AjT0oJcOQtnJAeDME-Rs-drOcNcWGjQSHIvnLa2phPq8ePjgGGs4m8lxLcXeaRpNx2secqRNUO-w,4.8,57000.0,10109935109352386734,36,phones,True,False
Refurbished iPhone 15,Walmart - Reebelo,"https://www.google.com/search?ibp=oshop&q=Smartphone&prds=localAnnotatedOfferId:1,catalogid:18380498419772096127,pvo:2,pvt:hg,rds:PC_6027158597472037202%7CPROD_PC_6027158597472037202&gl=us&udm=28&pvorigin=2",388.85,https://encrypted-tbn2.gstatic.com/shopping?q=tbn:ANd9GcTtq5zPyqrFudLH7VmhYX6K8kK1lqo2iaPtBTckXTQpBkMwK5bbGH9s5SlzkG-qAKxTeLgQ6-XUYiR4Ezwr3duoDKqQr9WTJZI-IzzDEQB0,4.3,822.0,18380498419772096127,37,phones,False,False
Samsung Galaxy S26 - Cobalt Violet - 512GB (with 36 monthly payments + plan) (with plan) - Samsung Galaxy Phone,T-Mobile,"https://www.google.com/search?ibp=oshop&q=Smartphone&prds=localAnnotatedOfferId:1,productid:4956248853785696707,pvo:2,pvt:hg,rds:PC_6027158597472037202%7CPROD_PC_6027158597472037202&gl=us&udm=28&pvorigin=2",,https://encrypted-tbn2.gstatic.com/shopping?q=tbn:ANd9GcSgALRRKagj3x2Xqf4tiauYjxhtVBIiEPOXp_ht_Jus1024PhLSedMpTNTSILFzdUPZqG__UKz2mEG0cKknjp5E9a-Pp_vP,,,4956248853785696707,38,phones,True,False
Apple iPhone Air in Light Gold 1024GB - with 36-month installments & data plan | by Consumer Cellular,Consumer Cellular,"https://www.google.com/search?ibp=oshop&q=Smartphone&prds=localAnnotatedOfferId:1,productid:14221828241177783813,pvo:2,pvt:hg,rds:PC_6027158597472037202%7CPROD_PC_6027158597472037202&gl=us&udm=28&pvorigin=2",,https://encrypted-tbn1.gstatic.com/shopping?q=tbn:ANd9GcT8B7jvC_-4Z1cQUrHYLYLyG4A8fB3pywZ4Eqv7W36WQoHFdqV1jtovCIc-dgnOoFSiYRxGvyozfKrhZzONX-j6m3a-5xa_2slH4WW5SDMit3goBUYLTD0PvQ,4.4,3800.0,14221828241177783813,39,phones,True,False
"BLU G54 G1090 Unlocked 6.6"" IPS HD",Best Buy,"https://www.google.com/search?ibp=oshop&q=Smartphone&prds=localAnnotatedOfferId:1,catalogid:15079741062393886733,pvo:2,pvt:hg,rds:PC_6027158597472037202%7CPROD_PC_6027158597472037202&gl=us&udm=28&pvorigin=2",109.99,https://encrypted-tbn0.gstatic.com/shopping?q=tbn:ANd9GcQo3e5snFnltxJFaGqiPxpz5yZ5mb4w0jJd5MUcV7BEbV_kWNce8KFT8DFT-1cvoLvpTFzQE-8DVgRp74zxyTJn6YbMc-uYhAXtBG-hmoAUigNaJbTR_ct3,4.1,144.0,15079741062393886733,40,phones,False,False
Vizio Class Quantum HD Qled Smart TV,Walmart,"https://www.google.com/search?ibp=oshop&q=Smart+TV&prds=localAnnotatedOfferId:1,catalogid:11667125893030653503,pvo:2,pvt:hg,rds:PC_6027158597472037202%7CPROD_PC_6027158597472037202&gl=us&udm=28&pvorigin=2",77.0,https://encrypted-tbn3.gstatic.com/shopping?q=tbn:ANd9GcRhMB2IfPBi0WG8HfsPzWcDAOZcQnZlHemR1LNw04GRi2-89FPLx3b4SUyM_qgU2i0CUMFLHUUhT_ljrk5I7YqWh88OznklZsPsQtMtsvkQ6yP9HZXUzKUa,4.1,139.0,11667125893030653503,1,tvs,False,False
Pioneer Class LED 4K UHD Smart Roku TV,Best Buy,"https://www.google.com/search?ibp=oshop&q=Smart+TV&prds=localAnnotatedOfferId:1,catalogid:4527358743927429455,pvo:2,pvt:hg,rds:PC_6027158597472037202%7CPROD_PC_6027158597472037202&gl=us&udm=28&pvorigin=2",149.99,https://encrypted-tbn1.gstatic.com/shopping?q=tbn:ANd9GcRAOIxUoxsmD8PvyCHU5FmPurNdvSb6o2zb8TEZPYXHs7v-cnQVFAJrMQux3qQKhvpIi4EybouF4AoMmSooEYSksykfHo3pShrs_aRFyQ7LVZNNX28u4HsK,4.7,2900.0,4527358743927429455,2,tvs,False,False
Roku Smart TV 2026 32-Inch Select Series,Target,"https://www.google.com/search?ibp=oshop&q=Smart+TV&prds=localAnnotatedOfferId:1,catalogid:11752708136015654529,pvo:2,pvt:hg,rds:PC_6027158597472037202%7CPROD_PC_6027158597472037202&gl=us&udm=28&pvorigin=2",129.99,https://encrypted-tbn3.gstatic.com/shopping?q=tbn:ANd9GcSFRYoa260yMmXHj_1jAAK5UaQIUb8cR_V3unPk5wRt1ip07eLn4iiuZ1iELC429BBD31qS5o9qqO1Mfs68TrqivU7qmI9DbQ,4.6,863.0,11752708136015654529,3,tvs,False,False
Onn Class 4K UHD Powered by Vizio Smart Television,Walmart,"https://www.google.com/search?ibp=oshop&q=Smart+TV&prds=localAnnotatedOfferId:1,catalogid:17869871569686519769,pvo:2,pvt:hg,rds:PC_6027158597472037202%7CPROD_PC_6027158597472037202&gl=us&udm=28&pvorigin=2",148.0,https://encrypted-tbn1.gstatic.com/shopping?q=tbn:ANd9GcRAlix7RF7ZF7HSbsioaligNEIs3tGvgEwieGzhQIMN-ST8SSkFslarGxTD0VfKh2EpJXhG5Gy70lsm8ncVWcB0TZ4QFqAX4SHH9uVqecH7URu4U1WC9CKV,3.6,2000.0,17869871569686519769,4,tvs,False,False
Samsung Class Crystal UHD U7900F 4K Smart TV,Best Buy,"https://www.google.com/search?ibp=oshop&q=Smart+TV&prds=localAnnotatedOfferId:1,catalogid:8339800509399402493,pvo:2,pvt:hg,rds:PC_6027158597472037202%7CPROD_PC_6027158597472037202&gl=us&udm=28&pvorigin=2",329.99,https://encrypted-tbn3.gstatic.com/shopping?q=tbn:ANd9GcT4AC4UWAqZ6QwqnJMa8VbiZTD0m43WHHT-1Y1FrQEdaE3wubHnIP-mx3dp84cX1e60xihXYCrDhQIJhJdVERjnlEnU_UMrcTApnHPNauNE83xBHbSqahC2mw,4.4,20000.0,8339800509399402493,5,tvs,False,False
"Westinghouse 24"" Smart HD 720p LED Xumo TV with Voice Remote",Serigrafia.eus,"https://www.google.com/search?ibp=oshop&q=Smart+TV&prds=localAnnotatedOfferId:1,catalogid:13066886373439577601,pvo:2,pvt:hg,rds:PC_6027158597472037202%7CPROD_PC_6027158597472037202&gl=us&udm=28&pvorigin=2",36.0,https://encrypted-tbn0.gstatic.com/shopping?q=tbn:ANd9GcQehPc4NO5x5mg7kF9BCLZ_2gPdX_MPWHTaAlXAeXpUKFsQY635JY5gFFVtroErJa3WA_nXEMFNONEdhpurXo0SL3nEAsJmIYSCxj4W3sgM4j0NNhCSZYfr,4.5,251.0,13066886373439577601,6,tvs,False,False
Hiro Roku TV 1080p Full HD Smart TV Flat Screen LED Television with Roku TV and Dolby Audio for Streaming,Target,"https://www.google.com/search?ibp=oshop&q=Smart+TV&prds=localAnnotatedOfferId:1,catalogid:16211140859347883350,pvo:2,pvt:hg,rds:PC_6027158597472037202%7CPROD_PC_6027158597472037202&gl=us&udm=28&pvorigin=2",119.99,https://encrypted-tbn1.gstatic.com/shopping?q=tbn:ANd9GcQiEdDcx2bnMNLBpqeLPH0KGaTuAloT-AcMMlgEqCWXytQyKNDHozr_V1Iucqo9zTDo2b1eBNUVjzoHwOf6yXvFOIfNvALe,3.5,220.0,16211140859347883350,7,tvs,False,False
Insignia Class F20 Series LED HD Smart Fire TV,Best Buy,"https://www.google.com/search?ibp=oshop&q=Smart+TV&prds=localAnnotatedOfferId:1,catalogid:2530221755276058059,pvo:2,pvt:hg,rds:PC_6027158597472037202%7CPROD_PC_6027158597472037202&gl=us&udm=28&pvorigin=2",69.99,https://encrypted-tbn1.gstatic.com/shopping?q=tbn:ANd9GcRF7Fb84pt99uz_kd_0XI95W0w9a7pexjCYGRRuFk5cGw7QIAOdWY4QgSU2A0qvhwyAd4NvsmENCe0wmuS2mlUKqIReKC1doSFOYkrSRGE-6yRsHIzBZbh_,4.7,1100.0,2530221755276058059,8,tvs,False,False
Samsung Q7F 4K QLED Smart TV,Walmart,"https://www.google.com/search?ibp=oshop&q=Smart+TV&prds=localAnnotatedOfferId:1,catalogid:9551171663872084500,pvo:2,pvt:hg,rds:PC_6027158597472037202%7CPROD_PC_6027158597472037202&gl=us&udm=28&pvorigin=2",347.99,https://encrypted-tbn0.gstatic.com/shopping?q=tbn:ANd9GcQhT9RuONEjE_wlGxStOXdjeXypkx7JmsUCoMjUX-KDL_6RDmCvSwOYc28mKSeF6UnCGQLT36up_S-e55eJ5ucKpYTZMOhYocnkSq_-4GEFlVms3xq3nPfQyw,4.6,12000.0,9551171663872084500,9,tvs,False,False
VIZIO Quantum 4K QLED HDR Smart TV,Sam's Club,"https://www.google.com/search?ibp=oshop&q=Smart+TV&prds=localAnnotatedOfferId:1,catalogid:9103300306553468662,pvo:2,pvt:hg,rds:PC_6027158597472037202%7CPROD_PC_6027158597472037202&gl=us&udm=28&pvorigin=2",250.8,https://encrypted-tbn1.gstatic.com/shopping?q=tbn:ANd9GcRm9gqJVtxPj03c9wgXvuqIvPNERSxOut5Tiu9_Trt_jK1sg05k8moxzBp2qoYppSipqD4qWjnnOjadYe_tQMg0-vES00ixHz4YGLkpf-_5ir7rpaYS37RdcQ,4.2,14000.0,9103300306553468662,10,tvs,False,False
"Samsung H5000F 32"" HD LED Smart TV un32h5000ffxza",Target,"https://www.google.com/search?ibp=oshop&q=Smart+TV&prds=localAnnotatedOfferId:1,catalogid:3909888949331802702,pvo:2,pvt:hg,rds:PC_6027158597472037202%7CPROD_PC_6027158597472037202&gl=us&udm=28&pvorigin=2",99.99,https://encrypted-tbn3.gstatic.com/shopping?q=tbn:ANd9GcR0EftoD1trTEsiLCRF_AYh5M5VbmEZtxQFGMBZDXDO2sgfRhRVM9vVjD8JS664-xh9BuH1IGPqFaONpCgDV0LS4b6TCirCaA,4.5,5500.0,3909888949331802702,11,tvs,False,False
Insignia Ns-32f201na26,Best Buy,"https://www.google.com/search?ibp=oshop&q=Smart+TV&prds=localAnnotatedOfferId:1,catalogid:14181551006006705118,pvo:2,pvt:hg,rds:PC_6027158597472037202%7CPROD_PC_6027158597472037202&gl=us&udm=28&pvorigin=2",79.99,https://encrypted-tbn1.gstatic.com/shopping?q=tbn:ANd9GcR6ksFN4ojWK1yuw1g9x3_nHKf4pb9DT20gyRKjtoOlcDORxNMWIwQhdIkhfxlLYtV29GhBbjHkynhfjQrKK4Kpd_dfXTYweZ2owv3zZmG-4bhQYgMl_f12,4.4,2200.0,14181551006006705118,12,tvs,False,False
Hisense M7 Mini-LED Qled 4K UHD Google Smart TV 75m7sg,Walmart,"https://www.google.com/search?ibp=oshop&q=Smart+TV&prds=localAnnotatedOfferId:1,catalogid:2689280677829094582,pvo:2,pvt:hg,rds:PC_6027158597472037202%7CPROD_PC_6027158597472037202&gl=us&udm=28&pvorigin=2",568.0,https://encrypted-tbn1.gstatic.com/shopping?q=tbn:ANd9GcQaq7GtWm-oOdOFYwH2TUtFug4rZvaoht8eQxFotxwD2aGF-rZ3YPshB9zn8HkcKUJ13gZqtATxCwgVM7y3R3lcjh75pDuh7Amp0T9CaoSv4ijyE52quI1x,4.4,121.0,2689280677829094582,13,tvs,False,False
Westinghouse 4K UHD LED Roku Smart TV,BJ's Wholesale Club,"https://www.google.com/search?ibp=oshop&q=Smart+TV&prds=localAnnotatedOfferId:1,catalogid:1241814215251753616,pvo:2,pvt:hg,rds:PC_6027158597472037202%7CPROD_PC_6027158597472037202&gl=us&udm=28&pvorigin=2",189.99,https://encrypted-tbn3.gstatic.com/shopping?q=tbn:ANd9GcSSp0q7X898oSpdUMV1xSktki9F54BkNnJi8MWskub2XYO6sVWr-GWyz0hw699P8or6ICN_3Q0TLH-pA6sRiO4XWLaBRFdz03BBKPLKN5iV0-dZ6txcMIHt,4.7,376.0,1241814215251753616,14,tvs,False,False
LG Class UA7050 Series LED AI 4K UHD Smart webOS TV,Best Buy,"https://www.google.com/search?ibp=oshop&q=Smart+TV&prds=localAnnotatedOfferId:1,catalogid:16447999508323872569,pvo:2,pvt:hg,rds:PC_6027158597472037202%7CPROD_PC_6027158597472037202&gl=us&udm=28&pvorigin=2",329.99,https://encrypted-tbn2.gstatic.com/shopping?q=tbn:ANd9GcR-ANo0_zZyJlHcNWCBzzZPjMKXBs90qpM7-VIaXTfVsSRo1pm6fS2TCgA7waZJRgLdqOvf91yv7BSB3U6T0OPC5Osfy0s2bXSq1CLTqAgqsLaXOxtSrr8F,4.7,975.0,16447999508323872569,15,tvs,False,False
TCL 1080p Q3 Series QLED Smart Roku OS TV,Target,"https://www.google.com/search?ibp=oshop&q=Smart+TV&prds=localAnnotatedOfferId:1,catalogid:3673423287020187693,pvo:2,pvt:hg,rds:PC_6027158597472037202%7CPROD_PC_6027158597472037202&gl=us&udm=28&pvorigin=2",149.99,https://encrypted-tbn2.gstatic.com/shopping?q=tbn:ANd9GcR3WnU2hm0iW8M0PtYoLML57KA5Og4VXEqP6dg7z408l7pJvvWBBzWxmTNKBPBSfBFx1x2VIyTRP9ggUHD2hDVDMBrvllpvsQ,,,3673423287020187693,16,tvs,False,False
Samsung M70H Mini LED 4K TV,Home Depot,"https://www.google.com/search?ibp=oshop&q=Smart+TV&prds=localAnnotatedOfferId:1,catalogid:16592698635101382425,pvo:2,pvt:hg,rds:PC_6027158597472037202%7CPROD_PC_6027158597472037202&gl=us&udm=28&pvorigin=2",297.99,https://encrypted-tbn2.gstatic.com/shopping?q=tbn:ANd9GcQzTjH4EMSJFa5JKxruQdMW7CWjIoQp5MxhKERfyEs4W1WZYTwih397dzhlCEmdDsNdhfXI42UeMT6DEMAv8lEp83yVZUTyiFuTqsUPVRbrFKRLvMqsWkBA,4.5,1500.0,16592698635101382425,17,tvs,False,False
"Pioneer 40"" Class LED Full HD Smart Roku TV",Best Buy,"https://www.google.com/search?ibp=oshop&q=Smart+TV&prds=localAnnotatedOfferId:1,catalogid:17436809520839595458,pvo:2,pvt:hg,rds:PC_6027158597472037202%7CPROD_PC_6027158597472037202&gl=us&udm=28&pvorigin=2",119.99,https://encrypted-tbn1.gstatic.com/shopping?q=tbn:ANd9GcSNeZecJXXLaKXd3eyI3cUNpus--QxTHluBkSQrpFBXYbTSCKzKMixl8LyjcAN0IHWhuxx05j3KZqavRcGt93L-wz6AfamibUUME8kGTsS4en3acTw_eYCeOw,4.7,521.0,17436809520839595458,18,tvs,False,False
Tcl Q Series Qled 4K UHD HDR Smart Google TV,Walmart,"https://www.google.com/search?ibp=oshop&q=Smart+TV&prds=localAnnotatedOfferId:1,catalogid:12993540208599039172,pvo:2,pvt:hg,rds:PC_6027158597472037202%7CPROD_PC_6027158597472037202&gl=us&udm=28&pvorigin=2",488.0,https://encrypted-tbn0.gstatic.com/shopping?q=tbn:ANd9GcQU0pgx0pZpGIKk7izzBcD3sZAqGM6VZuY3vm6fF7a8qhXp-UG2_7bUcO9aB8WJwe502h9c2N4eMO92wvvqXbEiqJhZdyY6d5HIaLa6mHwz5VAWX_6yYOEE,4.0,1000.0,12993540208599039172,19,tvs,False,False
Hiro 4K HDR Smart TV Flat Screen LED Television with Roku TV and Dolby Audio Streaming,Target,"https://www.google.com/search?ibp=oshop&q=Smart+TV&prds=localAnnotatedOfferId:1,catalogid:17187321041409468348,pvo:2,pvt:hg,rds:PC_6027158597472037202%7CPROD_PC_6027158597472037202&gl=us&udm=28&pvorigin=2",229.99,https://encrypted-tbn3.gstatic.com/shopping?q=tbn:ANd9GcRCD-oizdZXtm3S8hAhikchBoH4ZXkPNXl3dkdmXQoKktgv8aP1ABzFOxSfPr953JdPWsR3nTxuFB7lww6KJlotxseNLhtY,3.5,243.0,17187321041409468348,20,tvs,False,False
LG Class Nano 4K UHD AI NU70 Smart TV,Best Buy,"https://www.google.com/search?ibp=oshop&q=Smart+TV&prds=localAnnotatedOfferId:1,catalogid:14568043484873084103,pvo:2,pvt:hg,rds:PC_6027158597472037202%7CPROD_PC_6027158597472037202&gl=us&udm=28&pvorigin=2",299.99,https://encrypted-tbn2.gstatic.com/shopping?q=tbn:ANd9GcT1snt78ZezyKv20GGn4Ohr0AKJawUTTKmLWM8Tk5RfoZgDNKtBc0puzPClBhVNVrfUCokOJMGwSLb5nvhm9MC2uVRh3dD4BNRN7m2pg289wQR9V6fvOIl_Ug,4.6,98.0,14568043484873084103,21,tvs,False,False
Samsung S85F 4K OLED Smart TV,Quill,"https://www.google.com/search?ibp=oshop&q=Smart+TV&prds=localAnnotatedOfferId:1,catalogid:2853108300963050347,pvo:2,pvt:hg,rds:PC_6027158597472037202%7CPROD_PC_6027158597472037202&gl=us&udm=28&pvorigin=2",936.99,https://encrypted-tbn2.gstatic.com/shopping?q=tbn:ANd9GcT1cRGjU5wc1BLXbp52IGB7QF_rLgg8E5O0MJisyRQT19T4o9X8xWNTT919Qe_1TLSFw81sn1Se3YygfHg0T7jiFZMPu12D_JhtHji-mI4,4.4,3000.0,2853108300963050347,22,tvs,False,False
"Westinghouse 24"" HD Smart Roku TV",BJ's Wholesale Club,"https://www.google.com/search?ibp=oshop&q=Smart+TV&prds=localAnnotatedOfferId:1,catalogid:5752402692856863157,pvo:2,pvt:hg,rds:PC_6027158597472037202%7CPROD_PC_6027158597472037202&gl=us&udm=28&pvorigin=2",79.99,https://encrypted-tbn2.gstatic.com/shopping?q=tbn:ANd9GcSLrH8hursDGOCOY4KdxU6G5pChDZB5Cy6c5X-zeDQ8cTezXZUF4IbFmcEhCT92zxwHDaHiv2vX5sHVM0kmbn3YwkR-o69vc3n3Q7eLOvvqZGd0BbVD5L11WlI,4.7,7800.0,5752402692856863157,23,tvs,False,False
Hisense 40-Inch Class H4 Series FHD Roku Smart TV 1080p Full HD LCD Screen,Walmart,"https://www.google.com/search?ibp=oshop&q=Smart+TV&prds=localAnnotatedOfferId:1,catalogid:10192354798058900205,pvo:2,pvt:hg,rds:PC_6027158597472037202%7CPROD_PC_6027158597472037202&gl=us&udm=28&pvorigin=2",138.0,https://encrypted-tbn3.gstatic.com/shopping?q=tbn:ANd9GcSPPkd9koxe3BQ68gB-fHdDNiy9jYnY-Ggzxag8bY5UHkW5FEgMtrn0y-Xhmo2mLUb8CxTqKmpHezie5okouCoe7saAGpsfP4rs9eO-Clh7pzYLOmYFcF6a,4.0,11000.0,10192354798058900205,24,tvs,False,False
TCL Class QM5K Series 4K UHD HDR QD-Mini LED Smart TV with Google TV,Best Buy,"https://www.google.com/search?ibp=oshop&q=Smart+TV&prds=localAnnotatedOfferId:1,catalogid:11990327178025120708,pvo:2,pvt:hg,rds:PC_6027158597472037202%7CPROD_PC_6027158597472037202&gl=us&udm=28&pvorigin=2",449.99,https://encrypted-tbn2.gstatic.com/shopping?q=tbn:ANd9GcTf5XsjLJ64bgCUb9oP4vOwVnEm5QL0lmqlupEaCOeKrlTzlFLmlhU1YmG8gAoYxCzoo5qbisALbTRtr8fQqg47Si8raQ-_OfVJ6GfnVfx-nv52CRMtf7AJ,4.7,2500.0,11990327178025120708,25,tvs,False,False
Insignia Class QF Series 4K UHD QLED Smart Fire TV,Serigrafia.eus,"https://www.google.com/search?ibp=oshop&q=Smart+TV&prds=localAnnotatedOfferId:1,catalogid:1355914197191620673,pvo:2,pvt:hg,rds:PC_6027158597472037202%7CPROD_PC_6027158597472037202&gl=us&udm=28&pvorigin=2",96.0,https://encrypted-tbn2.gstatic.com/shopping?q=tbn:ANd9GcQOV8Fe0JTQIUUEAUr0ZkDt2FHIMTGRHfL3s8NnkvPzT0HTPv0Y8MXcZM2a-jvD5Nue5qNqH_Ct3nW_2tXRiN7oeHLxbrc4OhAoNLPbkjA,4.6,2300.0,1355914197191620673,26,tvs,False,False
Roku 43 Inch Class Select Series 4K LED Smart TV,Target,"https://www.google.com/search?ibp=oshop&q=Smart+TV&prds=localAnnotatedOfferId:1,catalogid:2392741833318552537,pvo:2,pvt:hg,rds:PC_6027158597472037202%7CPROD_PC_6027158597472037202&gl=us&udm=28&pvorigin=2",179.99,https://encrypted-tbn3.gstatic.com/shopping?q=tbn:ANd9GcSXIm5T6QCfgynGe07eMe5MDZCheIkK26O8xY-dwrXUUfozhvntqUDXisMtr_19RTiAzxEk930uWx44GjuNzeKvaR7a0J6F,4.8,1800.0,2392741833318552537,27,tvs,False,False
Samsung M70H 4K Mini LED TV,Home Depot,"https://www.google.com/search?ibp=oshop&q=Smart+TV&prds=localAnnotatedOfferId:1,catalogid:709137064705644237,pvo:2,pvt:hg,rds:PC_6027158597472037202%7CPROD_PC_6027158597472037202&gl=us&udm=28&pvorigin=2",547.99,https://encrypted-tbn1.gstatic.com/shopping?q=tbn:ANd9GcQw0KPzsmy5WlKzW2DaYXHLT_6eNKF7E_vJcLDPXsNnSAhjDiR5XpORMjJXrHFjCymXkZl1e7Qelxho02JTP_Ia4HCm-b06zbroL5cRaOwmk6PfMOaga0S5,4.5,852.0,709137064705644237,28,tvs,False,False
LG 32 inch Class HD Lr60 Smart TV,Walmart,"https://www.google.com/search?ibp=oshop&q=Smart+TV&prds=localAnnotatedOfferId:1,catalogid:13143881039498770080,pvo:2,pvt:hg,rds:PC_6027158597472037202%7CPROD_PC_6027158597472037202&gl=us&udm=28&pvorigin=2",138.0,https://encrypted-tbn1.gstatic.com/shopping?q=tbn:ANd9GcR7ku2qBxrkaDsQZO-uhfyJqr7tZ7iAyUKNTnbSd7wosemIzJ6xdlxNIpjj-IcIp1iFHQxfbfK1Lnt3iLKZ6ssYCjRjInkMSeq_ioLsfEzep4fTw3qM-RWr,4.0,479.0,13143881039498770080,29,tvs,False,False
Insignia Class FE Series LED Full HD Smart Fire TV,Best Buy,"https://www.google.com/search?ibp=oshop&q=Smart+TV&prds=localAnnotatedOfferId:1,catalogid:17293710431584403067,pvo:2,pvt:hg,rds:PC_6027158597472037202%7CPROD_PC_6027158597472037202&gl=us&udm=28&pvorigin=2",89.99,https://encrypted-tbn2.gstatic.com/shopping?q=tbn:ANd9GcSVUu43JXkoUOZ1vL2OtSXqx9eDtTeqH9VtZiXZAWDDZgMKnmq49dDSBRwElX9DF3c8pTurPOHuzee3hWZMJ4n7srJPbkxyfAbKLv4Nf4w7BgOZjdfDMFeDaQ,4.6,1500.0,17293710431584403067,30,tvs,False,False
Samsung Class U8000H Crystal UHD Series 4K Smart TV,Abt Electronics & Appliances,"https://www.google.com/search?ibp=oshop&q=Smart+TV&prds=localAnnotatedOfferId:1,catalogid:14656723044435888977,pvo:2,pvt:hg,rds:PC_6027158597472037202%7CPROD_PC_6027158597472037202&gl=us&udm=28&pvorigin=2",297.99,https://encrypted-tbn1.gstatic.com/shopping?q=tbn:ANd9GcRUE-9Pk3kzV8Jf_bv_N6p_aUxjfABMjmYhIm9hF1Plj70d_lbqFjngYisxa0NLFt-GKL8gAXLHMyAhg5Qvk-9OFDLIEV4QMSyU2Tc0Qteb,4.4,1500.0,14656723044435888977,31,tvs,False,False
Roku 32 Inch Class Select Series 1080p FHD LED Smart TV 2026,Roku,"https://www.google.com/search?ibp=oshop&q=Smart+TV&prds=localAnnotatedOfferId:1,catalogid:15773202758294030176,pvo:2,pvt:hg,rds:PC_6027158597472037202%7CPROD_PC_6027158597472037202&gl=us&udm=28&pvorigin=2",129.99,https://encrypted-tbn1.gstatic.com/shopping?q=tbn:ANd9GcQLAB6XLMiDx_u73nRDFxyPs6_P0Mc6qZw-KG5MpXbqZbNuWcu62q7Y-AJHZWmqpHyQ7fAHEUJbgFOge_UtUGkA9syQSR73OgJnEbEa1NFOnjPrt8Rws5Hj,4.7,728.0,15773202758294030176,32,tvs,False,False
Sony BRAVIA 8 4K HDR Smart OLED TV,Walmart - Walts TV,"https://www.google.com/search?ibp=oshop&q=Smart+TV&prds=localAnnotatedOfferId:1,catalogid:8012549815318905083,pvo:2,pvt:hg,rds:PC_6027158597472037202%7CPROD_PC_6027158597472037202&gl=us&udm=28&pvorigin=2",,https://encrypted-tbn0.gstatic.com/shopping?q=tbn:ANd9GcRPZFp_dx_1qGL8PnB6qzl-M_0qSCmg6VLbxDJ-KAZlzHk29sAZAIaEOb48zJ0Cifx768GUxKUgEpoccSvvX4r-Z6d0ebW5mD084R-QoooTVX9iGZ-YIba6mw,4.6,4800.0,8012549815318905083,33,tvs,True,False
TCL Class QM6K Series QD-Mini LED QLED 4K UHD Smart Google TV,Target,"https://www.google.com/search?ibp=oshop&q=Smart+TV&prds=localAnnotatedOfferId:1,catalogid:3155069941502145608,pvo:2,pvt:hg,rds:PC_6027158597472037202%7CPROD_PC_6027158597472037202&gl=us&udm=28&pvorigin=2",499.99,https://encrypted-tbn1.gstatic.com/shopping?q=tbn:ANd9GcQJRGTU4be1-E5pcyqOwswp7NODPpVs_jnX4ATtTquDlo_BIIRbvxFNb-irrUQ2oSLPT5t6abjjUNr8lskTtkunuB_fNJs-,4.6,1200.0,3155069941502145608,34,tvs,False,False
"VIZIO 32"" Full HD Smart TV 1080p",BrandsMart USA,"https://www.google.com/search?ibp=oshop&q=Smart+TV&prds=localAnnotatedOfferId:1,catalogid:16587967346198481068,pvo:2,pvt:hg,rds:PC_6027158597472037202%7CPROD_PC_6027158597472037202&gl=us&udm=28&pvorigin=2",99.77,https://encrypted-tbn0.gstatic.com/shopping?q=tbn:ANd9GcTpIfj9e0nWc_cUkl51g08tIGQgRyij-hXvG1TiiVB6A7ZtvOuVm574ciY3kxjI-QAsYTnvc9vTX1lrce0CO0FBaOa14zaqroEjj_6eFJjt,4.2,1100.0,16587967346198481068,35,tvs,False,False
LG C6 OLED evo AI Smart 4K TV,PC Richard & Son,"https://www.google.com/search?ibp=oshop&q=Smart+TV&prds=localAnnotatedOfferId:1,catalogid:942303228639044058,pvo:2,pvt:hg,rds:PC_6027158597472037202%7CPROD_PC_6027158597472037202&gl=us&udm=28&pvorigin=2",,https://encrypted-tbn3.gstatic.com/shopping?q=tbn:ANd9GcQk-36mXH-I8QZjaCHZ0MwtuCfeClHG7_FA6UD6P5x1Rz894f99M24-DYu2PFc1mN1rSTsYV0GCWlJ7V6tX5cpnnNppq9jz5Vdk3vbuq1OpIOhQ9LL6pJxk,4.8,5100.0,942303228639044058,36,tvs,True,False
Samsung S95H 4K OLED Vision AI Smart TV,Video & Audio Center,"https://www.google.com/search?ibp=oshop&q=Smart+TV&prds=localAnnotatedOfferId:1,catalogid:15842098662590589848,pvo:2,pvt:hg,rds:PC_6027158597472037202%7CPROD_PC_6027158597472037202&gl=us&udm=28&pvorigin=2",,https://encrypted-tbn2.gstatic.com/shopping?q=tbn:ANd9GcQGI0NJPoQ5k-hg6bx-zZLHg-ummJ7VTDrLd6CSCc5qVy1iVMQ_rGO-dfmZW_sTYXG0jaXcKKmLqVXieCoEojJJkbMnCzY4BlCGZrYU7i02WceGs2Z29-7kiw,4.8,398.0,15842098662590589848,37,tvs,True,False
"Samsung The Frame Pro LS03HW 85"" Black 4K Neo QLED Vision AI Smart TV",Best Buy,"https://www.google.com/search?ibp=oshop&q=Smart+TV&prds=localAnnotatedOfferId:1,catalogid:2251414236249943096,pvo:2,pvt:hg,rds:PC_6027158597472037202%7CPROD_PC_6027158597472037202&gl=us&udm=28&pvorigin=2",,https://encrypted-tbn2.gstatic.com/shopping?q=tbn:ANd9GcRYxekZ6xwVz8j0_sNmuXML9C3Yz0Bv3t7CRaYVXzja0XA8KcoPHj6a_Ia-UpAZMnZMsDgEj_QcZjQJeVzcm2qi2qc0GjYwYWxDZLLsh1A,4.6,289.0,2251414236249943096,38,tvs,True,False
LG G6 OLED evo AI Smart 4K TV,NFM,"https://www.google.com/search?ibp=oshop&q=Smart+TV&prds=localAnnotatedOfferId:1,catalogid:3060105255779257231,pvo:2,pvt:hg,rds:PC_6027158597472037202%7CPROD_PC_6027158597472037202&gl=us&udm=28&pvorigin=2",,https://encrypted-tbn3.gstatic.com/shopping?q=tbn:ANd9GcTY22ENtLLMuH8wG5hLK9vo6PmMnmuYFeU3JUWeYIWIWW1-nQF-6L-kSlrIjqaXJNNmnhsv97QJ0WFcZ4RdpHgPbTcDS-cx8ImkmKCnBMo12r8-K7h-s5DT,4.8,3500.0,3060105255779257231,39,tvs,True,False
Samsung S90H 4K OLED Vision AI Smart TV,Abt Electronics & Appliances,"https://www.google.com/search?ibp=oshop&q=Smart+TV&prds=localAnnotatedOfferId:1,catalogid:6828524086792484865,pvo:2,pvt:hg,rds:PC_6027158597472037202%7CPROD_PC_6027158597472037202&gl=us&udm=28&pvorigin=2",,https://encrypted-tbn0.gstatic.com/shopping?q=tbn:ANd9GcTY3B756xNaLQbxiT-vK6zXwQSoqlgI8vbDpIdH-jQi-_xtPUgpjP_TNAEg_WMzLImM62fHUtUOGlO6RnL7AsIwH2AYIZRlkxozslaCtGp-YzZGae1Q5u85,4.8,576.0,6828524086792484865,40,tvs,True,False
"LG 86"" UA77 Series 4K UHD LED webOS Smart TV",Rent-A-Center,"https://www.google.com/search?ibp=oshop&q=Smart+TV&prds=localAnnotatedOfferId:1,productid:15975076822560804073,pvo:2,pvt:hg,rds:PC_6027158597472037202%7CPROD_PC_6027158597472037202&gl=us&udm=28&pvorigin=2",36.99,https://encrypted-tbn0.gstatic.com/shopping?q=tbn:ANd9GcRsfouFeYPWK4x2rAvRn6xpf79y-J3yXf8QCw-kIboqPWzK3UYGgbP6_YpdHUIP98snIRX_MDmJzYe3c10WQQfg7GDJJWZxyBDQ-Q2424pq2CG9nwerdNsg,3.9,304.0,15975076822560804073,1,tvs,False,False
Samsung Neo QLED 8K QN900F Vision AI Smart TV,Walmart - Video & Audio Center,"https://www.google.com/search?ibp=oshop&q=Smart+TV&prds=localAnnotatedOfferId:1,catalogid:11787212942146069195,pvo:2,pvt:hg,rds:PC_6027158597472037202%7CPROD_PC_6027158597472037202&gl=us&udm=28&pvorigin=2",,https://encrypted-tbn1.gstatic.com/shopping?q=tbn:ANd9GcRNs3d7LPxVYgwrWMmrPGvNTEEyrvOc25gqNg-c1D4sONKG0BaeLD8-h2Ipwh6R5V60Hn8pOWLinVz77H4baxI8Jz2ovMA1lwFz0vEwUfYoFVbzB01Sd5aO,4.8,772.0,11787212942146069195,2,tvs,True,False
Samsung Smart TV,Macy's,"https://www.google.com/search?ibp=oshop&q=Smart+TV&prds=localAnnotatedOfferId:1,catalogid:4507017133649713457,pvo:2,pvt:hg,rds:PC_6027158597472037202%7CPROD_PC_6027158597472037202&gl=us&udm=28&pvorigin=2",237.99,https://encrypted-tbn1.gstatic.com/shopping?q=tbn:ANd9GcT1boWBLEtQkBYHE2_lE1Tf4b3htVGt0dm182gP0ygtyWdvahqP5fXCxCwVrGtrix85ORLox3YOL7PmSTsk0_H9HnBaSt4PHqavlwPiWYUY1SWxHLqA7f1cPQ,4.5,9000.0,4507017133649713457,3,tvs,False,False
Samsung R95H 4K Micro RGB Smart TV,shopsilica.com,"https://www.google.com/search?ibp=oshop&q=Smart+TV&prds=localAnnotatedOfferId:1,catalogid:11859530644413307240,pvo:2,pvt:hg,rds:PC_6027158597472037202%7CPROD_PC_6027158597472037202&gl=us&udm=28&pvorigin=2",,https://encrypted-tbn0.gstatic.com/shopping?q=tbn:ANd9GcSGXwFYgUAdCV8jp_K4eFI3FAzlC0OFWzi9QNBd5gCQt1sOvgwXShnmYTyce-i9XSwBGRCRmB-vaGIBLOPj0i-qnFlaCx-ppUSCjWeSqbH7r6LPzYCZQhN6yA,4.9,432.0,11859530644413307240,4,tvs,True,False
Samsung M80H 4K Mini LED TV,Best Buy,"https://www.google.com/search?ibp=oshop&q=Smart+TV&prds=localAnnotatedOfferId:1,catalogid:9641399328177804617,pvo:2,pvt:hg,rds:PC_6027158597472037202%7CPROD_PC_6027158597472037202&gl=us&udm=28&pvorigin=2",499.99,https://encrypted-tbn3.gstatic.com/shopping?q=tbn:ANd9GcQPk3z22ry1-7w2BYTIVnEflTFUh2g2N2i-hRxRdvfHCRWkGdHtdk52T7G40RBKWUoRGkabpHRoHkCcZNjMoqFLtBwambtrva6PVVlV038,4.7,747.0,9641399328177804617,6,tvs,False,False
Hisense M7 Series Mini-LED 4K UHD Smart Google TV,Walmart,"https://www.google.com/search?ibp=oshop&q=Smart+TV&prds=localAnnotatedOfferId:1,catalogid:17283590780765075993,pvo:2,pvt:hg,rds:PC_6027158597472037202%7CPROD_PC_6027158597472037202&gl=us&udm=28&pvorigin=2",278.0,https://encrypted-tbn0.gstatic.com/shopping?q=tbn:ANd9GcTpaAuUn22_-3a4eE9rEbGKXJc8nwzZ3_ifuld7hRxjj5UydLaVzW0EomLUwxuJp6yOXUlxeZ-Oqt51MfqQIWOAfz-TVx5sAqXgT4vnAPw4y5bRVZlyWqmiGw,4.6,814.0,17283590780765075993,7,tvs,False,False
Samsung The Frame LS03HE QLED 4K Vision AI Smart TV,Samsung,"https://www.google.com/search?ibp=oshop&q=Smart+TV&prds=localAnnotatedOfferId:1,catalogid:9612312253642069209,pvo:2,pvt:hg,rds:PC_6027158597472037202%7CPROD_PC_6027158597472037202&gl=us&udm=28&pvorigin=2",,https://encrypted-tbn3.gstatic.com/shopping?q=tbn:ANd9GcQehO2R_imwqcBgWPZQjGAkTOPD-RFIk2Vu_9G9n6DOa9qXF3SMixfAoldCYC9GKrT2OuOnF_nvLJHMFbtTbFAnLdqXfSlJLRC0PgELoLNJCE5qu3uFTORT,4.6,232.0,9612312253642069209,8,tvs,True,False
"Samsung 55"" U8000F Series 4K Crystal UHD LED Tizen Smart TV",Rent-A-Center,"https://www.google.com/search?ibp=oshop&q=Smart+TV&prds=localAnnotatedOfferId:1,productid:12513173057588904445,pvo:2,pvt:hg,rds:PC_6027158597472037202%7CPROD_PC_6027158597472037202&gl=us&udm=28&pvorigin=2",20.99,https://encrypted-tbn1.gstatic.com/shopping?q=tbn:ANd9GcT3g-M3M7rCwEGQuzv7-LnMUXPoQ4k52n8oTUsshV1_dju3tEJeHmeyIthrrn3qOeae3Pl1UxwWhV2gW_nv3QP8u4dWpfOowKOhtxsO_BxopFaPC8uzNAgW3g,4.5,21000.0,12513173057588904445,10,tvs,False,False
SYLVOX Outdoor TV 55 inch Waterproof Smart TV 4K Hdr 10,Sylvox TV,"https://www.google.com/search?ibp=oshop&q=Smart+TV&prds=localAnnotatedOfferId:1,catalogid:12888685540642423102,pvo:2,pvt:hg,rds:PC_6027158597472037202%7CPROD_PC_6027158597472037202&gl=us&udm=28&pvorigin=2",,https://encrypted-tbn1.gstatic.com/shopping?q=tbn:ANd9GcS8hObJYG4V5N2y-M0zN-slY4bfVs_KtrLNWsg8MN5XJa0G9Hpt1gbAHwMkexUpF5eDMVxyx28RUtzlaPwdZZN9kBmQBDW0ww5VKpKubmYhkGu7XCCEiVYF,4.4,179.0,12888685540642423102,11,tvs,True,False
Roku Smart TV 2025 Select Series,Best Buy,"https://www.google.com/search?ibp=oshop&q=Smart+TV&prds=localAnnotatedOfferId:1,catalogid:4985468153366532407,pvo:2,pvt:hg,rds:PC_6027158597472037202%7CPROD_PC_6027158597472037202&gl=us&udm=28&pvorigin=2",99.99,https://encrypted-tbn1.gstatic.com/shopping?q=tbn:ANd9GcRnlcb_o5bDZeSr2eCw9aESriuCFixNoGWCZQSjjt1AKmltcLtgT4l-BRZ3byQe6K2qpNTwGEwbQH-ac-Ae1C0f6dfFGtQonmbcCNVmSIo2LBccKPGDe6A2IA,4.7,578.0,4985468153366532407,12,tvs,False,False
LG Class Nano 4K UHD AI NU70 Smart TV,Walmart - Electronic Express,"https://www.google.com/search?ibp=oshop&q=Smart+TV&prds=localAnnotatedOfferId:1,catalogid:13350496519700393353,pvo:2,pvt:hg,rds:PC_6027158597472037202%7CPROD_PC_6027158597472037202&gl=us&udm=28&pvorigin=2",279.95,https://encrypted-tbn2.gstatic.com/shopping?q=tbn:ANd9GcRpjn5VI77kdehxtggodwRA37eWP-j-zZEo2VvT_I2miXX6sIC6oO1T1rzs3_zrCeznGbGIiTdT4eh1ZnhSUFipt1DLn0DbGtvc1a2UnkVa,4.6,98.0,13350496519700393353,13,tvs,False,False
"TCL 43"" Class Q-Series QLED 4K UHD Smart Google TV 43q651g",Macy's,"https://www.google.com/search?ibp=oshop&q=Smart+TV&prds=localAnnotatedOfferId:1,catalogid:13118284459683931034,pvo:2,pvt:hg,rds:PC_6027158597472037202%7CPROD_PC_6027158597472037202&gl=us&udm=28&pvorigin=2",288.95,https://encrypted-tbn3.gstatic.com/shopping?q=tbn:ANd9GcRtKdmd-J2cZ1Y7WXpV-4BInVf0iQVQV7qlcE_C1qdXW9r8XTETymyYDzudU1ipaGFteNIAiQN-ksiMofYpE2rEtJ4JDejK1ubdHP2Q2etn-eZsvRn7KeRvww,4.5,6400.0,13118284459683931034,14,tvs,False,False
Samsung The Frame Pro Neo QLED 4K Smart TV,HSN,"https://www.google.com/search?ibp=oshop&q=Smart+TV&prds=localAnnotatedOfferId:1,catalogid:42137165957082836,pvo:2,pvt:hg,rds:PC_6027158597472037202%7CPROD_PC_6027158597472037202&gl=us&udm=28&pvorigin=2",,https://encrypted-tbn1.gstatic.com/shopping?q=tbn:ANd9GcR9wig194CG1QVAFjzOVV8QK5bDg0lOkhgDejjyM6tG5Fi5gSM8dZlarAqWqH6LpbgmvAJZsmSq1ipBwTZwy9BY-hOZfszzzQ,4.4,1400.0,42137165957082836,15,tvs,True,False
Westinghouse 40 inch FHD LED Smart TV,BJ's Wholesale Club,"https://www.google.com/search?ibp=oshop&q=Smart+TV&prds=localAnnotatedOfferId:1,catalogid:6413124269416538392,pvo:2,pvt:hg,rds:PC_6027158597472037202%7CPROD_PC_6027158597472037202&gl=us&udm=28&pvorigin=2",149.99,https://encrypted-tbn3.gstatic.com/shopping?q=tbn:ANd9GcSgkRBOGaCGppg6LyM4LscSdYaYeAdWHsWjgsD4S5yrYHr2LO1cLk0ognfjCV40YaMF-vZUK4Ts5tI_x8Xl4P7T5LRrxjnTcnZ-cg572wNO8EZcKb6yu0dEzw,4.7,967.0,6413124269416538392,16,tvs,False,False
Hisense Class S7 Canvas Series 4K QLED Google Smart TV,Best Buy,"https://www.google.com/search?ibp=oshop&q=Smart+TV&prds=localAnnotatedOfferId:1,catalogid:13661735059967947285,pvo:2,pvt:hg,rds:PC_6027158597472037202%7CPROD_PC_6027158597472037202&gl=us&udm=28&pvorigin=2",797.99,https://encrypted-tbn2.gstatic.com/shopping?q=tbn:ANd9GcR42mKj3mPELmInJ2N9WQngliRqZqZ3epGIZyvVqBckcjs73HN7NIdkJRDS2IkNNCmnS2cVN4N13g2c_sDMfpvcPvsmsuSBrJHQrcuTHhU,4.8,330.0,13661735059967947285,17,tvs,False,False
Sony BRAVIA XR A90K 4K HDR OLED TV with Smart Google TV,Walmart - Datavision Computer Video,"https://www.google.com/search?ibp=oshop&q=Smart+TV&prds=localAnnotatedOfferId:1,catalogid:9473015419603777358,pvo:2,pvt:hg,rds:PC_6027158597472037202%7CPROD_PC_6027158597472037202&gl=us&udm=28&pvorigin=2",959.0,https://encrypted-tbn3.gstatic.com/shopping?q=tbn:ANd9GcRwmRlx-_7A4zuZrEkahw5Til82pzGuMawxZzAJ-4kUYSl9gsexGXwfSUwCncNYZuP-DLeqHNB9moCY61DJ76hkCIhLq2ZXSTPRL0AsYIqSQoxXWr9ZisCV,4.6,3700.0,9473015419603777358,18,tvs,False,False
"Samsung 50"" UHD 4K Smart TV",Rent-A-Center,"https://www.google.com/search?ibp=oshop&q=Smart+TV&prds=localAnnotatedOfferId:1,productid:17170401089283312115,pvo:2,pvt:hg,rds:PC_6027158597472037202%7CPROD_PC_6027158597472037202&gl=us&udm=28&pvorigin=2",20.99,https://encrypted-tbn2.gstatic.com/shopping?q=tbn:ANd9GcSBXhQJWucmU2n9AcC2NQZGAMPXhvtc4AjHkXWdmooUR48e0LeqUzyUiC_tnvkSj4RjACAnH0ue3-G69YKN-ylV0kmj1_8DSD9cZAH2gPhgWfaoLUnTeXQn1g,4.1,9700.0,17170401089283312115,19,tvs,False,False
Samsung Crystal U8000F Smart 4K UHD TV,cityhome.com,"https://www.google.com/search?ibp=oshop&q=Smart+TV&prds=localAnnotatedOfferId:1,catalogid:17994852083683741176,pvo:2,pvt:hg,rds:PC_6027158597472037202%7CPROD_PC_6027158597472037202&gl=us&udm=28&pvorigin=2",379.99,https://encrypted-tbn3.gstatic.com/shopping?q=tbn:ANd9GcS0tlus-G36xRRLQQxMWadqlafiOvQoc6378LA8RkY61UYPQ4jB1X9j6ejMSmo8_y5NTOPppI3ADdt0oaTxTMO7HbECzLrxZOfYI3_tUQzeCVigjIPIyUB1,4.5,21000.0,17994852083683741176,20,tvs,False,False
"100"" Class Neo QLED 4K QN80F Samsung Vision AI Smart TV",Schaefer's,"https://www.google.com/search?ibp=oshop&q=Smart+TV&prds=localAnnotatedOfferId:1,catalogid:11566680891491063270,pvo:2,pvt:hg,rds:PC_6027158597472037202%7CPROD_PC_6027158597472037202&gl=us&udm=28&pvorigin=2",,https://encrypted-tbn1.gstatic.com/shopping?q=tbn:ANd9GcQ4ch9q_ep4qCkx2BxD2YE-AtWLpCJpLTerceAvUOIS72CI8odYATzZAXJuSV--3EOATynvmCAk2Oo3maxiKAzq2B6jDRtVwuo8Qg2Jz0oUXFPASLEaa7XKvg,4.7,3300.0,11566680891491063270,22,tvs,True,False
"SC-1520VTV Supersonic 15"" LED Smart TV",Walmart - Top Rated Seller,"https://www.google.com/search?ibp=oshop&q=Smart+TV&prds=localAnnotatedOfferId:1,catalogid:11826058213136439288,pvo:2,pvt:hg,rds:PC_6027158597472037202%7CPROD_PC_6027158597472037202&gl=us&udm=28&pvorigin=2",149.99,https://encrypted-tbn1.gstatic.com/shopping?q=tbn:ANd9GcTSpC-IZ0N9imySAXOynwVyB7HK8G7jTNy4W0YZE6Jf6qP2t0Ofdw4UnEHHdih-lYuba8nwddpmtz9uG-hHV6QQ8gQJLR7kLCeVDfTGlT2_WnwUsfAqmieA,3.8,55.0,11826058213136439288,23,tvs,False,False
"LG 32lr655bpua 32"" Class HD Smart LED TV",Best Buy,"https://www.google.com/search?ibp=oshop&q=Smart+TV&prds=localAnnotatedOfferId:1,catalogid:3418605008662179843,pvo:2,pvt:hg,rds:PC_6027158597472037202%7CPROD_PC_6027158597472037202&gl=us&udm=28&pvorigin=2",179.99,https://encrypted-tbn0.gstatic.com/shopping?q=tbn:ANd9GcTwoKXekP0lRNF4PwuaK0I8-BkV5PfWhwlFOQ8wa0oiQFT74LLaPCobZeqmuh6xlExGZxk8YTBv-oy43-exJRZMOh05m8RYTl6CFTxzdldIYT3ggi2c5cjV,4.5,713.0,3418605008662179843,24,tvs,False,False
TCL Class QM7L Series 4K SQD-Mini LED Smart Google TV,Macy's,"https://www.google.com/search?ibp=oshop&q=Smart+TV&prds=localAnnotatedOfferId:1,catalogid:12868852398211653856,pvo:2,pvt:hg,rds:PC_6027158597472037202%7CPROD_PC_6027158597472037202&gl=us&udm=28&pvorigin=2",799.99,https://encrypted-tbn3.gstatic.com/shopping?q=tbn:ANd9GcQn5CZhMFY4d4wMz6MACRkDBUp0kMvZBH_c2i3ZDjVnZAAXEigWE7kpWenP7tX953SNH4xHRYuL9ko5C7UIXmLUFsFZKCzNOPO0hfbowYwfggnP8LgBR8iAFQ,4.6,131.0,12868852398211653856,25,tvs,False,False
Samsung S85H OLED 4K Smart TV,NFM,"https://www.google.com/search?ibp=oshop&q=Smart+TV&prds=localAnnotatedOfferId:1,catalogid:14349997280372755588,pvo:2,pvt:hg,rds:PC_6027158597472037202%7CPROD_PC_6027158597472037202&gl=us&udm=28&pvorigin=2",,https://encrypted-tbn0.gstatic.com/shopping?q=tbn:ANd9GcT-p7N3MWdP3ETujWHUrGDUxkPQ2fyZa0Jdny_Yo65MrvxBKPWndBhhaH_HsEV_vyklnnIS_ywuXPF0i8GKRVobdols74kbQap_NSnHcsJABToOoybfN9j3,4.8,249.0,14349997280372755588,26,tvs,True,False
Westinghouse 4K LED Smart Roku TV,Target,"https://www.google.com/search?ibp=oshop&q=Smart+TV&prds=localAnnotatedOfferId:1,catalogid:12848996277111817041,pvo:2,pvt:hg,rds:PC_6027158597472037202%7CPROD_PC_6027158597472037202&gl=us&udm=28&pvorigin=2",239.99,https://encrypted-tbn1.gstatic.com/shopping?q=tbn:ANd9GcTTZ6fam8UZElZVz56A2sY6-IBAEPigbJpmTlBfhnOCKoBHHjQCoJ_b3Xc_SwVG7Vb7x9FyF2ChYBP-Oyav4Rekj70DPFuhMA,4.7,6500.0,12848996277111817041,27,tvs,False,False
Tcl 32 inch Qled Smart TV 32q21k,Walmart,"https://www.google.com/search?ibp=oshop&q=Smart+TV&prds=localAnnotatedOfferId:1,catalogid:11779824010757584347,pvo:2,pvt:hg,rds:PC_6027158597472037202%7CPROD_PC_6027158597472037202&gl=us&udm=28&pvorigin=2",128.0,https://encrypted-tbn0.gstatic.com/shopping?q=tbn:ANd9GcSXBEIgi83yjB3ncLSIrL3HX3F39hL6iOcSud2GzWjgMhSMadJRXE53Z4dQOmWcYZLjTvc62yXPfJgP3L35NdwMcs7iGjFrZyKyBi63imURSU8J0Va-pjuz,3.9,69.0,11779824010757584347,28,tvs,False,False
Hisense Class UR8 Series 4K RGB MiniLED Smart Google TV,PC Richard & Son,"https://www.google.com/search?ibp=oshop&q=Smart+TV&prds=localAnnotatedOfferId:1,catalogid:5665152081003588708,pvo:2,pvt:hg,rds:PC_6027158597472037202%7CPROD_PC_6027158597472037202&gl=us&udm=28&pvorigin=2",,https://encrypted-tbn1.gstatic.com/shopping?q=tbn:ANd9GcQg3HoyKkuOhkqGukobKNZkpC9kikqKgQvxTnkwxtdFJWLMasTwmk7S3Ts4ymG95TLU5yJXJFw4TfAIrxvPduHbLZxheAPKYZfmbCGH20MME2FVAt-3XbLG,4.5,32.0,5665152081003588708,29,tvs,True,False
"FPD 43 inch Canvas Series Smart TV,Frameless TV 4K Google TV",FPD,"https://www.google.com/search?ibp=oshop&q=Smart+TV&prds=localAnnotatedOfferId:1,catalogid:17101510940448305242,pvo:2,pvt:hg,rds:PC_6027158597472037202%7CPROD_PC_6027158597472037202&gl=us&udm=28&pvorigin=2",259.99,https://encrypted-tbn1.gstatic.com/shopping?q=tbn:ANd9GcSJ-EoF24kciktoZSUeq3V1GXK1qSThb_72Y3P_FVFljsn6ZM8VO1cP2EwqGFOIy__U-ImaltSsTreueG6jypwBfzC9g9vhvC5nybprABSgeQycVmxC-XOF,4.5,182.0,17101510940448305242,30,tvs,False,False
Hisense Class U6 MiniLED QLED UHD 4K HDR Glare-Free Smart Fire TV with Alexa+,Best Buy,"https://www.google.com/search?ibp=oshop&q=Smart+TV&prds=localAnnotatedOfferId:1,catalogid:10655727893170350393,pvo:2,pvt:hg,rds:PC_6027158597472037202%7CPROD_PC_6027158597472037202&gl=us&udm=28&pvorigin=2",999.99,https://encrypted-tbn3.gstatic.com/shopping?q=tbn:ANd9GcS6zlJNet9SY-WmGEg7JJZvFKOQWOQR4EUhnlo2zaqr08hIHLTMavbQOzupL-HcvIUYPxnMv_CvVK1dmhsMk9GVa_A4jEG1B8oR6Ft8IPzkfUDggxtlPQft,4.7,200.0,10655727893170350393,31,tvs,False,False
LG 4K UHD UA75 AI Smart TV,Walmart,"https://www.google.com/search?ibp=oshop&q=Smart+TV&prds=localAnnotatedOfferId:1,catalogid:10603065512549592051,pvo:2,pvt:hg,rds:PC_6027158597472037202%7CPROD_PC_6027158597472037202&gl=us&udm=28&pvorigin=2",229.99,https://encrypted-tbn2.gstatic.com/shopping?q=tbn:ANd9GcS71G2VYawWc6Of6CIVuDXaw6Jk-DdvgwgS81UFdkx7sPYhP2u8ymn3NQva4ny32R0N0qqB5qHX77r6jCj7gv39-UJiCC6jjn6EK7m_DKZdWygpxWCPh3pK,3.9,2100.0,10603065512549592051,33,tvs,False,False
Roku Class Pro Series 4K QLED Mini-LED Smart TV,Macy's,"https://www.google.com/search?ibp=oshop&q=Smart+TV&prds=localAnnotatedOfferId:1,catalogid:7093536142505224494,pvo:2,pvt:hg,rds:PC_6027158597472037202%7CPROD_PC_6027158597472037202&gl=us&udm=28&pvorigin=2",999.99,https://encrypted-tbn1.gstatic.com/shopping?q=tbn:ANd9GcQ3SCWYvuC4B5l3uMj1qR0gO0xa9htsiqOfGvFb4dMBsTBk-i07Lv4tKuNgZgNYMYtEFOOlXzBmW6FWAR-F0MVFlzjgvhdKuHX9ZmRpQfpxqlY9s1o1OawJQQ,4.6,514.0,7093536142505224494,34,tvs,False,False
"Samsung R95H 65"" 4K Micro RGB Smart TV",Electronic Express,"https://www.google.com/search?ibp=oshop&q=Smart+TV&prds=localAnnotatedOfferId:1,catalogid:107482365504136044,pvo:2,pvt:hg,rds:PC_6027158597472037202%7CPROD_PC_6027158597472037202&gl=us&udm=28&pvorigin=2",,https://encrypted-tbn3.gstatic.com/shopping?q=tbn:ANd9GcQCfymN45FhphBlSF4_axTIcmlDI8vf_lgl45mwcOUueK0nlBBMEog4rAB9K46oe-gVm82Qp9jvponnugeEa-PP3jH8gvlpgGvRXgPzhfyn,4.7,136.0,107482365504136044,35,tvs,True,False
Sony BRAVIA 7 II True RGB 4K HDR Google TV with Gemini,Greentoe,"https://www.google.com/search?ibp=oshop&q=Smart+TV&prds=localAnnotatedOfferId:1,catalogid:15341004501836118137,pvo:2,pvt:hg,rds:PC_6027158597472037202%7CPROD_PC_6027158597472037202&gl=us&udm=28&pvorigin=2",,https://encrypted-tbn1.gstatic.com/shopping?q=tbn:ANd9GcQgKoltI-cpRY8b4iYZgFZk9El2QDDWVZTT8NM27MJfWSwX10dakO-v7wDofp4EbGAOuHL5emHscAVVeavV-5euYsKqDOrNABPMMXrDU2Y,4.5,147.0,15341004501836118137,36,tvs,True,False
TCL Q Class QLED 4K UHD HDR Smart Google TV,Best Buy,"https://www.google.com/search?ibp=oshop&q=Smart+TV&prds=localAnnotatedOfferId:1,catalogid:14934696522737841923,pvo:2,pvt:hg,rds:PC_6027158597472037202%7CPROD_PC_6027158597472037202&gl=us&udm=28&pvorigin=2",399.99,https://encrypted-tbn0.gstatic.com/shopping?q=tbn:ANd9GcRSHesgjIw2_PUNVre7Fc8ve1ZRKM_p1ig_jJWHD-46yKYCiBViP0FuF2UGEg3uYWKvIVWCoVVjzE7oBdjnsKjmrgv-3Wi7aTBsp3gxGbg,4.8,41.0,14934696522737841923,37,tvs,False,False
Toshiba Class C350 Series LED 4K UHD Smart Fire TV,Refresh Computers,"https://www.google.com/search?ibp=oshop&q=Smart+TV&prds=localAnnotatedOfferId:1,catalogid:17886453250723958254,pvo:2,pvt:hg,rds:PC_6027158597472037202%7CPROD_PC_6027158597472037202&gl=us&udm=28&pvorigin=2",259.99,https://encrypted-tbn3.gstatic.com/shopping?q=tbn:ANd9GcTt7nPMHjonpKAR8j1qIXSLtlBZ3Ctoy0tJerDLzHMptCtEi0A35k8k0lTvRD8g1pUncidqET5B-RHXCp1ipgqc9PC17LfkNJa6LznVpg-VyL23U0U37pDe,4.6,2600.0,17886453250723958254,38,tvs,False,False
Samsung QN80H Neo QLED 4K Smart TV,Walmart - Video & Audio Center,"https://www.google.com/search?ibp=oshop&q=Smart+TV&prds=localAnnotatedOfferId:1,catalogid:8385786084652575349,pvo:2,pvt:hg,rds:PC_6027158597472037202%7CPROD_PC_6027158597472037202&gl=us&udm=28&pvorigin=2",,https://encrypted-tbn0.gstatic.com/shopping?q=tbn:ANd9GcSTOF-_q-vTJlqFRGQbBUYtuBRLtIf3o5aDJoOOwZKSzikGVyBXXEi3G6DjZXOtEhupFc-SxCIZsHvyU5NT9D56AbAvoXryqNRGdTJSbcYUxIIvvQNEgaUl,4.6,759.0,8385786084652575349,39,tvs,True,False
LG OLED evo AI G5 4K Smart TV,Hot Rod Cameras,"https://www.google.com/search?ibp=oshop&q=Smart+TV&prds=localAnnotatedOfferId:1,catalogid:17073494677826661520,pvo:2,pvt:hg,rds:PC_6027158597472037202%7CPROD_PC_6027158597472037202&gl=us&udm=28&pvorigin=2",,https://encrypted-tbn0.gstatic.com/shopping?q=tbn:ANd9GcS_B9PzxsIaqTiOIp5LGZDCxbMrYpr4vXOm_1eQoMtQPdUCEX5VTNJDBMQlzFUGit-2K3t21HgInVTKaGXCERZFdNhlT--Woxrgbh5vDZOl,4.8,9000.0,17073494677826661520,40,tvs,True,False
Apple 13-inch iPad Pro M5 Wi-Fi glass,Apple,"https://www.google.com/search?ibp=oshop&q=iPad&prds=localAnnotatedOfferId:1,catalogid:9190486806725240436,pvo:2,pvt:hg,rds:PC_6027158597472037202%7CPROD_PC_6027158597472037202&gl=us&udm=28&pvorigin=2",,https://encrypted-tbn0.gstatic.com/shopping?q=tbn:ANd9GcTtgTfwVCJ6ySNGHe6GF_5tw1H3M-7KlijX7-1OF3xWIXvgBSBgLx_sB8cZdbydaIoCW-9QzKYaDnjJdU-syDlscml0LF1MoBocHorIt74,4.6,1600.0,9190486806725240436,1,ipads,True,False
Apple iPad 11,Target,"https://www.google.com/search?ibp=oshop&q=iPad&prds=localAnnotatedOfferId:1,catalogid:7864127665170745396,pvo:2,pvt:hg,rds:PC_6027158597472037202%7CPROD_PC_6027158597472037202&gl=us&udm=28&pvorigin=2",399.99,https://encrypted-tbn0.gstatic.com/shopping?q=tbn:ANd9GcQ3YeJqXzXH7o0Jmi5yGQ9L7GdiEREDBBv_8CfU9N3BWcDRpt87efNHmi5wSn_QyFvwWO3Tk3yb48-J0GOQRekOk09f4GG8,4.8,68000.0,7864127665170745396,2,ipads,False,False
Apple iPad,Walmart - Kiss Electronics Inc,"https://www.google.com/search?ibp=oshop&q=iPad&prds=localAnnotatedOfferId:1,catalogid:17933449949463280278,pvo:2,pvt:hg,rds:PC_6027158597472037202%7CPROD_PC_6027158597472037202&gl=us&udm=28&pvorigin=2",142.68,https://encrypted-tbn1.gstatic.com/shopping?q=tbn:ANd9GcQwf83XTcal6zFRTergvPEdhZP29odV3msJlxW9-ldrAF1kOg3prLQftq-LxcT1oV13Nh0WUb9AsTSr4VBLMEnmuuc9eQ2AxOM8Uu_Kmnjo3gv5zD_pIm-w,4.5,4900.0,17933449949463280278,3,ipads,False,False
Apple 11-inch iPad Air M4,bkstr.com,"https://www.google.com/search?ibp=oshop&q=iPad&prds=localAnnotatedOfferId:1,catalogid:3038358504783448434,pvo:2,pvt:hg,rds:PC_6027158597472037202%7CPROD_PC_6027158597472037202&gl=us&udm=28&pvorigin=2",549.0,https://encrypted-tbn3.gstatic.com/shopping?q=tbn:ANd9GcQGwnz4StdB8s6-pQZ7qFMTF9ND0azmGAlHkWNg7GW9TF4IPiVZ_AZ2K58KWSkzMTtKpdU67A5HZu92Yy2AtCg1Tl3L8yRA,4.8,2300.0,3038358504783448434,4,ipads,False,False
Apple 11-inch iPad Pro M5 Wi-Fi standard glass,Apple,"https://www.google.com/search?ibp=oshop&q=iPad&prds=localAnnotatedOfferId:1,catalogid:830595029973821532,pvo:2,pvt:hg,rds:PC_6027158597472037202%7CPROD_PC_6027158597472037202&gl=us&udm=28&pvorigin=2",,https://encrypted-tbn2.gstatic.com/shopping?q=tbn:ANd9GcSuQ6iT1xzMgPXhPPlKOClR_pmgsmNVU5LSKPpkNZuM4kxGaIs9H8bdNnnwmOkT3vDjr0hZ9S8vicuK9MaNAYHRj8UJcPztFRfyDhPJEJEIPVEiPcd2jGd5,4.8,1000.0,830595029973821532,5,ipads,True,False
Apple iPad mini,B&H Photo-Video-Audio,"https://www.google.com/search?ibp=oshop&q=iPad&prds=localAnnotatedOfferId:1,catalogid:7177836143627908762,pvo:2,pvt:hg,rds:PC_6027158597472037202%7CPROD_PC_6027158597472037202&gl=us&udm=28&pvorigin=2",749.0,https://encrypted-tbn0.gstatic.com/shopping?q=tbn:ANd9GcThI4B1Ls3NreWe1FNwHOpwcxO9swEw0gx_oUrTo16s9_spwzND6_4KpVMR7N4B3c-qiqLhzBghfprdOqFk9tC4DiyGTyNSCouEzg4mA9HO,4.8,5300.0,7177836143627908762,6,ipads,False,False
Apple iPad Air M4 13-inch Wi-Fi,Abt Electronics & Appliances,"https://www.google.com/search?ibp=oshop&q=iPad&prds=localAnnotatedOfferId:1,catalogid:7773273916024926869,pvo:2,pvt:hg,rds:PC_6027158597472037202%7CPROD_PC_6027158597472037202&gl=us&udm=28&pvorigin=2",,https://encrypted-tbn3.gstatic.com/shopping?q=tbn:ANd9GcSREgd9Z5pjpH0Kr4oRU39ab7TWI55gLoKOlVxloSFjKBB1SD17-kIiams6mo_SsNUe4GHDbPJ4MmnPERrLcoMtAzzEQ7PuaCRu_AHtBMZZZuG7VCyieA2q,4.3,1600.0,7773273916024926869,7,ipads,True,False
Apple iPad 10.9,Walmart - Reebelo,"https://www.google.com/search?ibp=oshop&q=iPad&prds=localAnnotatedOfferId:1,catalogid:10727945144988478210,pvo:2,pvt:hg,rds:PC_6027158597472037202%7CPROD_PC_6027158597472037202&gl=us&udm=28&pvorigin=2",326.0,https://encrypted-tbn2.gstatic.com/shopping?q=tbn:ANd9GcTJSTcX4jXKHroAfEe_ixQvcVCI1CAp1MMVPI4lj4nqzgUwoFDuBLbkx18dOF1mDGvLpb-DWz7btc2pYWVB2kjR4MBS7DLgsIkYpq9eoSLYej6Dy77_NFwnKQ,4.6,14000.0,10727945144988478210,8,ipads,False,False
Apple iPad Pro,BarcodesInc,"https://www.google.com/search?ibp=oshop&q=iPad&prds=localAnnotatedOfferId:1,catalogid:7450047247526209979,pvo:2,pvt:hg,rds:PC_6027158597472037202%7CPROD_PC_6027158597472037202&gl=us&udm=28&pvorigin=2",889.25,https://encrypted-tbn2.gstatic.com/shopping?q=tbn:ANd9GcQ85s7aaBjwsPqV7_oCr4REBaAyzou5-cx_n61XwwhJlEdzvl4PGYEPD18-kcJuiDXfggt62OfslGEusJ-aXnnxZMtE-KjENg,4.6,2500.0,7450047247526209979,9,ipads,False,False
Apple iPad Wi-Fi,UMKC Bookstore,"https://www.google.com/search?ibp=oshop&q=iPad&prds=localAnnotatedOfferId:1,catalogid:7149148291793586558,pvo:2,pvt:hg,rds:PC_6027158597472037202%7CPROD_PC_6027158597472037202&gl=us&udm=28&pvorigin=2",429.0,https://encrypted-tbn1.gstatic.com/shopping?q=tbn:ANd9GcQzjeZiMmKDIMZM7Fwe_tW3a0YnHZT1Q3gS9vL_HoYCFHsC2-ojNcolXYi3lxwzfEVaE67_pnoRWvgNU4EM-vVn3DvWIXFct9cnEaXeX8fpH_VSzEIj82ig,4.9,269.0,7149148291793586558,10,ipads,False,False
Apple 13-inch iPad Air,Target,"https://www.google.com/search?ibp=oshop&q=iPad&prds=localAnnotatedOfferId:1,catalogid:9505289262764565238,pvo:2,pvt:hg,rds:PC_6027158597472037202%7CPROD_PC_6027158597472037202&gl=us&udm=28&pvorigin=2",949.99,https://encrypted-tbn1.gstatic.com/shopping?q=tbn:ANd9GcSQzkXbmnCCD0uGC4C9NPtfO8ZejGcHydu3UVrkYfh8sr0AeVMyOCqnrpB1VGtUKFP3IZ5pNtmueTbwuQ7fzCVmgsInXDGY,4.7,1700.0,9505289262764565238,11,ipads,False,False
Apple 11-inch iPad Air Wi-Fi + Cellular,Best Buy,"https://www.google.com/search?ibp=oshop&q=iPad&prds=localAnnotatedOfferId:1,catalogid:13089210208459622205,pvo:2,pvt:hg,rds:PC_6027158597472037202%7CPROD_PC_6027158597472037202&gl=us&udm=28&pvorigin=2",,https://encrypted-tbn3.gstatic.com/shopping?q=tbn:ANd9GcRV8ZR1ldfyWXiWsvpzdTq5qBmpSw3WkDOCRz35XHwSA4bofy0H19vSCff760BdGBSCJQsvjdo2i7hnIOzbG564P-euWArAdtKTXuGvpzs,4.8,4300.0,13089210208459622205,12,ipads,True,False
Apple iPad Air,Walmart - Reebelo,"https://www.google.com/search?ibp=oshop&q=iPad&prds=localAnnotatedOfferId:1,catalogid:18102989794973037628,pvo:2,pvt:hg,rds:PC_6027158597472037202%7CPROD_PC_6027158597472037202&gl=us&udm=28&pvorigin=2",289.0,https://encrypted-tbn2.gstatic.com/shopping?q=tbn:ANd9GcTNU8u0970v8MCrPV_tUzmOaBmaUZYiNQE8dwAm4KKcLtcsHDY5HVynMcpCCAtISIn8NIKekOSAB2R9mjjHa8XUKB5Fmt5UA1HYi1dp-AZL,4.7,5600.0,18102989794973037628,13,ipads,False,False
"Apple iPad Pro 2025 13"" Wifi",Connection,"https://www.google.com/search?ibp=oshop&q=iPad&prds=localAnnotatedOfferId:1,catalogid:8958139706334769987,pvo:2,pvt:hg,rds:PC_6027158597472037202%7CPROD_PC_6027158597472037202&gl=us&udm=28&pvorigin=2",,https://encrypted-tbn0.gstatic.com/shopping?q=tbn:ANd9GcTTc9KFm52DuGc747zj2vUPN-YbtGPC0FmWbVnfHDm5mUvT_MATj8XM4-Pg0w7BYXTVxSST5DWncMDFvjXdJrpbFgIXOLZczfDeN23Uz_kpapioEruL2ZrH,4.8,72.0,8958139706334769987,14,ipads,True,False
Apple iPad Pro 11 512GB/Wi-Fi,Target,"https://www.google.com/search?ibp=oshop&q=iPad&prds=localAnnotatedOfferId:1,catalogid:1864509196319201780,pvo:2,pvt:hg,rds:PC_6027158597472037202%7CPROD_PC_6027158597472037202&gl=us&udm=28&pvorigin=2",,https://encrypted-tbn2.gstatic.com/shopping?q=tbn:ANd9GcQukIzaK2j8xxbc42O5IMzP4-9_b4_8-2PtxnapcDJbTKM50eHomYQiDGxiO2-upubq5WM2VFMTkdAiWYGgcPL9V5SiJQGg,4.3,14.0,1864509196319201780,15,ipads,True,False
Apple iPad Air 64GB Wi-Fi + Cellular Silver,Walmart,"https://www.google.com/search?ibp=oshop&q=iPad&prds=localAnnotatedOfferId:1,catalogid:12558234500620665034,pvo:2,pvt:hg,rds:PC_6027158597472037202%7CPROD_PC_6027158597472037202&gl=us&udm=28&pvorigin=2",159.0,https://encrypted-tbn3.gstatic.com/shopping?q=tbn:ANd9GcS0rTXS4Cn3VYt9htMAbVhEn_Y7WnV_8oA0_iBdT5OzndQ_16a6gRAxWpvpTZsWzfjiapZ3a9GqCyVzuhFZ1-E43lLQ3JPgge-IZhnur6e0oC6qs2y_M92nXA,4.5,87.0,12558234500620665034,16,ipads,False,False
Apple 11-inch iPad Air Wi-Fi,Best Buy,"https://www.google.com/search?ibp=oshop&q=iPad&prds=localAnnotatedOfferId:1,catalogid:8120046821128332058,pvo:2,pvt:hg,rds:PC_6027158597472037202%7CPROD_PC_6027158597472037202&gl=us&udm=28&pvorigin=2",,https://encrypted-tbn1.gstatic.com/shopping?q=tbn:ANd9GcRiJrKgfOcP-VdTX7iiTlOcDEgVOCacICckOv3NbPacOHlp8NLtSyjD7D6PUgq32Y-pceBr5sjCblaqriOMVknj72NM-5U4iZ5lm0saCZo,4.7,3600.0,8120046821128332058,17,ipads,True,False
IPAD AIR 11 M3 WIFI 128GB SPACE GREY | Apple | 11 inch,bkstr.com/centralnewmexicoccstore/home,"https://www.google.com/search?ibp=oshop&q=iPad&prds=localAnnotatedOfferId:1,productid:206054063253322484,pvo:2,pvt:hg,rds:PC_6027158597472037202%7CPROD_PC_6027158597472037202&gl=us&udm=28&pvorigin=2",949.0,https://encrypted-tbn2.gstatic.com/shopping?q=tbn:ANd9GcRgNkT_SWr5LEf3KkP2JvSvP5_V_j2vrJp9IjtucZ_RphPgyyh6fBtT7ca4ZnHNYYJ0tGGMCqUzVlt7d5G00iSo-v1u9JuifhXtH77EiO8,4.7,3600.0,206054063253322484,18,ipads,False,False
Apple iPad mini Wi-Fi,Walmart - Reebelo,"https://www.google.com/search?ibp=oshop&q=iPad&prds=localAnnotatedOfferId:1,catalogid:15231908767392796045,pvo:2,pvt:hg,rds:PC_6027158597472037202%7CPROD_PC_6027158597472037202&gl=us&udm=28&pvorigin=2",340.96,https://encrypted-tbn3.gstatic.com/shopping?q=tbn:ANd9GcQ5_uJqgvzCDvHUWJ_riqJz78lAYPhFfN3BE_TU4dszhgk5sJ8GgScRjbkLjuBVGvzOZCku0PoIAF2VKd6L3kkOT8lJBVw3kbcvFVY4eilWduOge15jMLQYMA,4.7,3700.0,15231908767392796045,19,ipads,False,False
Apple iPad 11-Inch A16 Chip with Wi-Fi only - 512GB in Blue with 2-Year AppleCare+,NFM,"https://www.google.com/search?ibp=oshop&q=iPad&prds=localAnnotatedOfferId:1,productid:10614719712745029626,pvo:2,pvt:hg,rds:PC_6027158597472037202%7CPROD_PC_6027158597472037202&gl=us&udm=28&pvorigin=2",828.0,https://encrypted-tbn0.gstatic.com/shopping?q=tbn:ANd9GcQ7f3_gzno_3NGKCbrz6AtkjFBeLLW35k6qBybFMTZjcCOp9mu-InsTaS0d5l7uecukv94r6icjSVYdt8m0T90b0KK4MxO4VWwE53WKkzDaJuZqfEIrMcny,4.8,68000.0,10614719712745029626,20,ipads,False,False
Apple Refurbished iPad Wi-Fi,SVA Campus Store,"https://www.google.com/search?ibp=oshop&q=iPad&prds=localAnnotatedOfferId:1,catalogid:14795514802701676600,pvo:2,pvt:hg,rds:PC_6027158597472037202%7CPROD_PC_6027158597472037202&gl=us&udm=28&pvorigin=2",429.0,https://encrypted-tbn1.gstatic.com/shopping?q=tbn:ANd9GcSYF6xCMHEC0oIve_U59WGQ_Ba9J9_ZGsqw6MZpf-ByVnKFFINKiQVsnDvqtXw87kDgO6fwjMZeILGcY9q-Wk-6x-yPJoAhakx1zhi5ir1WuzBWj3pWwO59JA,4.8,1000.0,14795514802701676600,21,ipads,False,False
Apple iPad Mini,Walmart - Tech2Date,"https://www.google.com/search?ibp=oshop&q=iPad&prds=localAnnotatedOfferId:1,catalogid:2821743853613296084,pvo:2,pvt:hg,rds:PC_6027158597472037202%7CPROD_PC_6027158597472037202&gl=us&udm=28&pvorigin=2",179.95,https://encrypted-tbn3.gstatic.com/shopping?q=tbn:ANd9GcRX6cn7jrqtblR5mNBUK7NSQ-B3OpA42CIS9Enth1pPK3I91sZrDInZ9GRXw_Tm8C-aZNMIoz49TwgtNtMX3-y3xv8WnglYgvmmdBaSK06azFBJDYTq5oZr,4.7,1100.0,2821743853613296084,22,ipads,False,False
11-inch iPad Air (M4) Purple / 128GB / Wi-Fi,Small Dog Electronics,"https://www.google.com/search?ibp=oshop&q=iPad&prds=localAnnotatedOfferId:1,productid:13162657865204087757,pvo:2,pvt:hg,rds:PC_6027158597472037202%7CPROD_PC_6027158597472037202&gl=us&udm=28&pvorigin=2",749.99,https://encrypted-tbn2.gstatic.com/shopping?q=tbn:ANd9GcQEjfmYssmoMIoy4UJrhesDNh3xTE0toPz-jlQwSMGOILunGMgTLthE_09FvoYJPSAAum6uPGubln43hyl-2acjTxZ3nc-2XjMmLN8_Xmyfkgus9SeSzYBy2g,4.8,2300.0,13162657865204087757,23,ipads,False,False
Apple iPad 11-inch A16 Processor 128GB Wi-Fi Tablet,McGrocer,"https://www.google.com/search?ibp=oshop&q=iPad&prds=localAnnotatedOfferId:1,productid:16854302707503639820,pvo:2,pvt:hg,rds:PC_6027158597472037202%7CPROD_PC_6027158597472037202&gl=us&udm=28&pvorigin=2",784.52,https://encrypted-tbn3.gstatic.com/shopping?q=tbn:ANd9GcTSNSar5weZrFJshg2KmBpVRNtBxVf3tcdMA79KqWbWNuceiuwGt8dt6d8bbBLGo4kMCD3GkKv5xpyMq4iCM1BFiiUs6sUAXr8uwyQ2H1fnDyYwLqYWLIHRFA,,,16854302707503639820,24,ipads,False,False
Joyus Apple iPad 9th Gen 64GB Wi-Fi Cellular Space Gray,Walmart - Powered By Tek,"https://www.google.com/search?ibp=oshop&q=iPad&prds=localAnnotatedOfferId:1,catalogid:605532881924277414,pvo:2,pvt:hg,rds:PC_6027158597472037202%7CPROD_PC_6027158597472037202&gl=us&udm=28&pvorigin=2",189.53,https://encrypted-tbn2.gstatic.com/shopping?q=tbn:ANd9GcR601-q9EEWxNC3n6Nml0FPXaJq9l423MtJCyKE3zSADnHnuSnz6Wa2Vlj74cNjVuHPdPP2qZlibQ8geYoM07DKBzqfGefkw_MFm7v68RhhwkplEoXx06ymbg,4.4,57.0,605532881924277414,25,ipads,False,False
Apple iPad Mini Wi-Fi 128GB - Blue with 2-Year AppleCare+,NFM,"https://www.google.com/search?ibp=oshop&q=iPad&prds=localAnnotatedOfferId:1,productid:15224255260683943720,pvo:2,pvt:hg,rds:PC_6027158597472037202%7CPROD_PC_6027158597472037202&gl=us&udm=28&pvorigin=2",652.0,https://encrypted-tbn0.gstatic.com/shopping?q=tbn:ANd9GcQWuooN6fuzKswyNR3ZNRMgn3DqGVnk1-NhSW0Efok_z0TYONv8WTUV46MLgGchssCaFx6P1Yl9SfbyHwWw72Fd9QqAFxyO_rTJ4cTghxff8CDZCCqy_w5frA,4.7,7400.0,15224255260683943720,26,ipads,False,False
Apple iPad Wi-Fi 128GB,TalkShopLive,"https://www.google.com/search?ibp=oshop&q=iPad&prds=localAnnotatedOfferId:1,catalogid:11907226680254016142,pvo:2,pvt:hg,rds:PC_6027158597472037202%7CPROD_PC_6027158597472037202&gl=us&udm=28&pvorigin=2",,https://encrypted-tbn3.gstatic.com/shopping?q=tbn:ANd9GcR130eddQj5MNwKIUnn4tmanYgjmfnjPkt5Awdrcx5JI4rl53iIHmkIcnjebv9i-wTbDp0OcB535pjMGCNgKR2TCphezPxj1vIVxl-aaegnwRLA_B7ju3jh76AF,,,11907226680254016142,27,ipads,True,False
"Apple 12.9"" iPad Pro 256GB / Wi-Fi",Walmart - Wireless Source,"https://www.google.com/search?ibp=oshop&q=iPad&prds=localAnnotatedOfferId:1,catalogid:5981018996979669637,pvo:2,pvt:hg,rds:PC_6027158597472037202%7CPROD_PC_6027158597472037202&gl=us&udm=28&pvorigin=2",249.99,https://encrypted-tbn1.gstatic.com/shopping?q=tbn:ANd9GcSBNPW4kNKGry4aU0JjbpACL-1Pg6Ssf4tQgiGDbQYkjNLOtxjs6WHgtPc0cNC1YXRnYQ6qhzwAYLLdd3LWnIuh4zoAkv_Kn4N5A_5chXeO77UB33jDqFCcwg,4.5,87.0,5981018996979669637,28,ipads,False,False
"Apple 10.2 Inch iPad (32GB, Wi-Fi Only, Gold) MYLC2LL/A with Apple Airpods Pro -",6 Ave Electronics,"https://www.google.com/search?ibp=oshop&q=iPad&prds=localAnnotatedOfferId:1,productid:13752510293268286343,pvo:2,pvt:hg,rds:PC_6027158597472037202%7CPROD_PC_6027158597472037202&gl=us&udm=28&pvorigin=2",764.95,https://encrypted-tbn2.gstatic.com/shopping?q=tbn:ANd9GcREwegPwDQ7llcP_NQxAbFjRZTXX1mMP2d1oGCgk4woGM2V_5e7C2xc8S8n3-5WDhUtTAg8jGCZM4QAsjtW14FbT9obIRE6b9E4X7SehdneSXeqQzDcl9cL,,,13752510293268286343,29,ipads,False,False
Apple iPad 11-inch A16 Processor Tablet Wi-Fi & Cellular 128GB,McGrocer,"https://www.google.com/search?ibp=oshop&q=iPad&prds=localAnnotatedOfferId:1,productid:14448708224612874137,pvo:2,pvt:hg,rds:PC_6027158597472037202%7CPROD_PC_6027158597472037202&gl=us&udm=28&pvorigin=2",933.33,https://encrypted-tbn2.gstatic.com/shopping?q=tbn:ANd9GcRW7Rymr5YI0gOb8lvnwOQVhKfLf2S9lpquVWoDC8OjqKLlZSCqE3kiIBRs8xSQf2Rr7m5hZguzCMump0vE39_DfZ4upSK9quGGRpjTYhorr-qjArcyG8Q1Ew,,,14448708224612874137,30,ipads,False,False
"Joyus Apple iPad 10.2"" 8th Gen 32GB Wi-Fi",Walmart - Reebelo,"https://www.google.com/search?ibp=oshop&q=iPad&prds=localAnnotatedOfferId:1,catalogid:9464632541300695734,pvo:2,pvt:hg,rds:PC_6027158597472037202%7CPROD_PC_6027158597472037202&gl=us&udm=28&pvorigin=2",129.95,https://encrypted-tbn3.gstatic.com/shopping?q=tbn:ANd9GcSFrbesQc3ky17CKC28D8uIqdLnEYtVTzxwxIdBRyD2hPjDOfY0XVeIPH5t2O_PDQcJfz6di4zIOOgENljKVEa_FQTm1zBXpKNlM2YbwoS6niaAKKlSoTlkxA,4.5,7700.0,9464632541300695734,31,ipads,False,False
Apple 10.5-inch iPad Pro Wi-Fi 64GB,eBay,"https://www.google.com/search?ibp=oshop&q=iPad&prds=localAnnotatedOfferId:1,catalogid:16663324913312558518,pvo:2,pvt:hg,rds:PC_6027158597472037202%7CPROD_PC_6027158597472037202&gl=us&udm=28&pvorigin=2",377.98,https://encrypted-tbn2.gstatic.com/shopping?q=tbn:ANd9GcS3CUKfB_sT8fpk0WKGWlUTpP_FWIut5923occ3yV92iPmXbmeMrnwd8bBoGW5w2vbMkTJDpXvRKcpxBrJGmvs89tvRHbvfKRT__vtiE3sy-FvyNEIa_BBN,4.6,89.0,16663324913312558518,32,ipads,False,False
Apple 11-inch iPad Pro Wi-Fi,Walmart - Wireless Source,"https://www.google.com/search?ibp=oshop&q=iPad&prds=localAnnotatedOfferId:1,catalogid:1827419646129622866,pvo:2,pvt:hg,rds:PC_6027158597472037202%7CPROD_PC_6027158597472037202&gl=us&udm=28&pvorigin=2",244.99,https://encrypted-tbn1.gstatic.com/shopping?q=tbn:ANd9GcTGHhZv4ubz44_fVTPW8xE1BRQXGE4_OmaWj-jZsGyzQG_P7zI-t-LaQGwfw4vYwmOTD2yXS19iwK73_eoJhWFO-6_TYEWlK-exWYgxjJPerJ_uAXDky6XFRA,2.9,8.0,1827419646129622866,33,ipads,False,False
Apple iPad 6th Gen 128GB Wi-Fi Silver Acceptable,Serigrafia.eus,"https://www.google.com/search?ibp=oshop&q=iPad&prds=localAnnotatedOfferId:1,catalogid:9738287499944921415,pvo:2,pvt:hg,rds:PC_6027158597472037202%7CPROD_PC_6027158597472037202&gl=us&udm=28&pvorigin=2",46.0,https://encrypted-tbn2.gstatic.com/shopping?q=tbn:ANd9GcT3uXhsji9If0krGwcaJm6s1JRQu2cXd1VHNqxJqL425IdWapfRwzql2FU1GWLngO_0gSJRsMCjSCjaI1-xtiuIV2MEI9wWmEbIGWolp4eM,4.7,3.0,9738287499944921415,34,ipads,False,False
Apple iPad 5 32GB Wi-Fi Gold,Martinez Parada Psicología,"https://www.google.com/search?ibp=oshop&q=iPad&prds=localAnnotatedOfferId:1,catalogid:6366215525801416525,pvo:2,pvt:hg,rds:PC_6027158597472037202%7CPROD_PC_6027158597472037202&gl=us&udm=28&pvorigin=2",91.0,https://encrypted-tbn1.gstatic.com/shopping?q=tbn:ANd9GcT3KO8qR_aQkz2Dni6yd6YdTD2j8dO52a9wJo93Idf3h482dzN9XXuZkYdcQmATq94vT-MNlrAZE3VBC7xJywoNYV8MNydolYwO0s7e61dsQj1uG_jcoUQB3w,4.1,9.0,6366215525801416525,35,ipads,False,False
Apple iPad Wi-Fi 32Gb - Space Gray,Walmart - Wombat Reserve,"https://www.google.com/search?ibp=oshop&q=iPad&prds=localAnnotatedOfferId:1,catalogid:7241500195153462626,pvo:2,pvt:hg,rds:PC_6027158597472037202%7CPROD_PC_6027158597472037202&gl=us&udm=28&pvorigin=2",89.0,https://encrypted-tbn3.gstatic.com/shopping?q=tbn:ANd9GcSVFgw4kJNbVzTh7M3DST7y_XjSFmMK4nt3WqBTbUWFhfQ_l3l6S-kqUnhN1aBNsZYob1gbL9rBbFz0ajpxoaAk-d0vZKP3TvFlLS1ij-Y,4.3,889.0,7241500195153462626,36,ipads,False,False
Apple 11-inch iPad Pro Wi-Fi + Cellular,mcgrocer.com,"https://www.google.com/search?ibp=oshop&q=iPad&prds=localAnnotatedOfferId:1,catalogid:9232095902580221989,pvo:2,pvt:hg,rds:PC_6027158597472037202%7CPROD_PC_6027158597472037202&gl=us&udm=28&pvorigin=2",,https://encrypted-tbn1.gstatic.com/shopping?q=tbn:ANd9GcQKMt8G8Vm-GPUTP8MDI-JuM6KEiDkMQHcsZ5sqQYwtnvTu4CXLoxaa4L343emN4RJiCQWemAL3Ny4R_s1FBVhsgximXr6tI9epNltX3bVRB5Gpzu3hDtQmDA,4.6,2500.0,9232095902580221989,37,ipads,True,False
Apple iPad Pro 1TB,Walmart - Wireless Source,"https://www.google.com/search?ibp=oshop&q=iPad&prds=localAnnotatedOfferId:1,catalogid:1422403151176902478,pvo:2,pvt:hg,rds:PC_6027158597472037202%7CPROD_PC_6027158597472037202&gl=us&udm=28&pvorigin=2",244.99,https://encrypted-tbn0.gstatic.com/shopping?q=tbn:ANd9GcS2FO4J7DqukYoyCzLVtznet73-JblOLNHiMSXQ3CSmmBSswhMA5M1pxJJAthevrykF2FJMhgAK9pX5OTnwrMHrPh9-HksdtF1pgQjvzyJ4ycK-ESmhQJC69A,4.7,1100.0,1422403151176902478,38,ipads,False,False
"Apple iPad Mini 6 (64GB, Wi-Fi, Pink) Bundle with Zipper Sleeve, Dark Gray / 64GB",6 Ave Electronics,"https://www.google.com/search?ibp=oshop&q=iPad&prds=localAnnotatedOfferId:1,productid:9437770918662265760,pvo:2,pvt:hg,rds:PC_6027158597472037202%7CPROD_PC_6027158597472037202&gl=us&udm=28&pvorigin=2",534.95,https://encrypted-tbn3.gstatic.com/shopping?q=tbn:ANd9GcQajKtoomguVowzq1ThGSD-TuQMZ4m6i0wZziRCyEIf2atMzzNLPprzFEmacVwlmkDHSWPgH_h9lfQDd6679ozjFmJslrArdLE9yeo9NqE2Bw6q1GPrtR8i,,,9437770918662265760,39,ipads,False,False
"Apple iPad Pro 12.9"" 64GB Wi-Fi + Cellular MQED2LL/A",Walmart - Wireless Source,"https://www.google.com/search?ibp=oshop&q=iPad&prds=localAnnotatedOfferId:1,catalogid:2156965653765681064,pvo:2,pvt:hg,rds:PC_6027158597472037202%7CPROD_PC_6027158597472037202&gl=us&udm=28&pvorigin=2",289.99,https://encrypted-tbn0.gstatic.com/shopping?q=tbn:ANd9GcR0Mk1x8Y3tTBYJE6161ykDk0nz9-aZXzQQr4_64jUhIISmAU2Ri0KJWVd0g2Vw6agFejFG2515nQCmxpAOejsPDuEpt4Bpt92khcqGZ-gAl_lAuJy4jZDH,4.7,25.0,2156965653765681064,40,ipads,False,False
REFURB iPad 7 IPAD7SL128,Newegg.com,"https://www.google.com/search?ibp=oshop&q=iPad&prds=localAnnotatedOfferId:1,catalogid:15631450426801993646,pvo:2,pvt:hg,rds:PC_6027158597472037202%7CPROD_PC_6027158597472037202&gl=us&udm=28&pvorigin=2",149.99,https://encrypted-tbn2.gstatic.com/shopping?q=tbn:ANd9GcQz1LV58L_1zjOP9wExaZJmg6r9EnU6bydJVTtbR-6rLbJIikQNhLlxVWr3MY1Q_wIFANWKxYadzzdAl32dZUlD8bwaY2VJlfUqCI5lRp8,3.4,146.0,15631450426801993646,1,ipads,False,False
Apple iPad 6 IPAD6SG128,Best Buy,"https://www.google.com/search?ibp=oshop&q=iPad&prds=localAnnotatedOfferId:1,catalogid:4125745431093970235,pvo:2,pvt:hg,rds:PC_6027158597472037202%7CPROD_PC_6027158597472037202&gl=us&udm=28&pvorigin=2",119.0,https://encrypted-tbn2.gstatic.com/shopping?q=tbn:ANd9GcT2pVa1O5TRoLHPGL-XTE6un3jMhaZmkL1CKSN31oi3HKb9sVgUad4OOVMNl3YGzbTQGEOqVHhbtLQCt_upF8DrjdmU5hzvLSZtfrC-x1xrm9_qFoDd1uUK9A,5.0,1.0,4125745431093970235,2,ipads,False,False
Apple iPad Pro 12.9,Walmart - Wireless Source,"https://www.google.com/search?ibp=oshop&q=iPad&prds=localAnnotatedOfferId:1,catalogid:238390028656156889,pvo:2,pvt:hg,rds:PC_6027158597472037202%7CPROD_PC_6027158597472037202&gl=us&udm=28&pvorigin=2",499.99,https://encrypted-tbn2.gstatic.com/shopping?q=tbn:ANd9GcRWNpw5i1qtSIlXLIE9kvjsTj62ryZIGfnKLmLTBUJd5WgCtPzPtPBGL6qJytqtrHMoGr5eY6jklbGsTU_1WLP_ombWplGxHqXZyIwmlj-S,4.7,161.0,238390028656156889,3,ipads,False,False
Apple iPad Air 2,BecexTech,"https://www.google.com/search?ibp=oshop&q=iPad&prds=localAnnotatedOfferId:1,catalogid:2320676439422779189,pvo:2,pvt:hg,rds:PC_6027158597472037202%7CPROD_PC_6027158597472037202&gl=us&udm=28&pvorigin=2",106.0,https://encrypted-tbn3.gstatic.com/shopping?q=tbn:ANd9GcRAITGy5HR66nFZpe6MkDjQYq24GX0T_cz341NKSoP91-yQfwT1xKnE3I88RtE2VuxcAYek9yJw_j5ZpvOYq1CStJug-Cmc4SBADZk7fiN4,4.4,5500.0,2320676439422779189,4,ipads,False,False
Apple iPad Wi-Fi 32GB,Swappa,"https://www.google.com/search?ibp=oshop&q=iPad&prds=localAnnotatedOfferId:1,catalogid:1051707323798024062,pvo:2,pvt:hg,rds:PC_6027158597472037202%7CPROD_PC_6027158597472037202&gl=us&udm=28&pvorigin=2",190.0,https://encrypted-tbn3.gstatic.com/shopping?q=tbn:ANd9GcSF95ZtwaVlvp51ntZhn_E7cx5zytOfG0Gn4h_61Ht8NPLD1wQhLpFwsJV5z95W53Hexgg2_Jkb8Enzo-xrL4n1VzKe8QWlwtUrP5qTwAOP,3.9,505.0,1051707323798024062,5,ipads,False,False
"Apple iPad 10,2"" 64 GB",Walmart - Wireless Source,"https://www.google.com/search?ibp=oshop&q=iPad&prds=localAnnotatedOfferId:1,catalogid:2889872618296311066,pvo:2,pvt:hg,rds:PC_6027158597472037202%7CPROD_PC_6027158597472037202&gl=us&udm=28&pvorigin=2",174.99,https://encrypted-tbn0.gstatic.com/shopping?q=tbn:ANd9GcTmqgH-j-IxKyHyJnyMt2ADsMs1HCqXMzNdrmvy30DwadC52PLGTXVapWj4FgUUjaOC_aFZxoeyXW9OYtSZissVRt3XAlPBCX7bOMK2Q-wszcf7FF3bSZdZ,4.5,334.0,2889872618296311066,6,ipads,False,False
Apple - Certified Refurbished iPad (6th Generation) (2018) Wi-Fi - 32GB - Silver,Best Buy,"https://www.google.com/search?ibp=oshop&q=iPad&prds=localAnnotatedOfferId:1,productid:11752632714521613807,pvo:2,pvt:hg,rds:PC_6027158597472037202%7CPROD_PC_6027158597472037202&gl=us&udm=28&pvorigin=2",99.99,https://encrypted-tbn0.gstatic.com/shopping?q=tbn:ANd9GcTs6V9t9Zy2DgeHfDeMVWAXnfLM5-4mDuhJxoikDpx76wV-4PcfHH32NQH5EmMhePw_9tGxYs2N3jFL-gf9BTAjBIjAOS0xWLJxqewwSLOlo01LoxeYRkzo,,,11752632714521613807,7,ipads,False,False
2018 Apple iPad 25cm WiFi,Walmart - Discount Computer Depot,"https://www.google.com/search?ibp=oshop&q=iPad&prds=localAnnotatedOfferId:1,catalogid:16042055667529713082,pvo:2,pvt:hg,rds:PC_6027158597472037202%7CPROD_PC_6027158597472037202&gl=us&udm=28&pvorigin=2",88.0,https://encrypted-tbn3.gstatic.com/shopping?q=tbn:ANd9GcSUxp6EypT-Yc_efog1pYYEFbN9EHt8GnL6Rzy7394xilFOtMeCHuTyt6DNR_DR1L_YxQY4Ky9Xsm8PCR6Is9qYwSupQb99xPG1fjCXV3-Z8E7uy0XEOOp8,4.7,90.0,16042055667529713082,9,ipads,False,False
"Apple 2022 10.9-inch iPad (Wi-Fi, 64GB) - Silver (10th Gen)",newegg.com,"https://www.google.com/search?ibp=oshop&q=iPad&prds=localAnnotatedOfferId:1,productid:15179757335498735656,pvo:2,pvt:hg,rds:PC_6027158597472037202%7CPROD_PC_6027158597472037202&gl=us&udm=28&pvorigin=2",418.99,https://encrypted-tbn3.gstatic.com/shopping?q=tbn:ANd9GcRbbfPzQiWC9NqaIhhEsQFcWS4y3ZKpvPAQL18oWOG4zD_LXIK6jxaPJu66-cp5JIkmAhFT4QIXxikCWyH-lVhuxMS2sdpu,,,15179757335498735656,10,ipads,False,False
Apple Refurbished iPad Wi-Fi + Cellular 128GB,Best Buy,"https://www.google.com/search?ibp=oshop&q=iPad&prds=localAnnotatedOfferId:1,catalogid:3742636735659855137,pvo:2,pvt:hg,rds:PC_6027158597472037202%7CPROD_PC_6027158597472037202&gl=us&udm=28&pvorigin=2",119.0,https://encrypted-tbn3.gstatic.com/shopping?q=tbn:ANd9GcRUnnCV8JcDpOruzeN6iRArLxRRAqQOFSk4VHOT3HOJTdPKgDn1Hi4iZIscqwjYogu3A8OfxALX52nAArOvbEeJ0EBFI42OAWcYezgQTcY5ABP_ASWACQ3i,4.2,132.0,3742636735659855137,14,ipads,False,False
Apple iPad 32GB Wi-Fi,Walmart - Kiss Electronics Inc,"https://www.google.com/search?ibp=oshop&q=iPad&prds=localAnnotatedOfferId:1,catalogid:18120140536607333533,pvo:2,pvt:hg,rds:PC_6027158597472037202%7CPROD_PC_6027158597472037202&gl=us&udm=28&pvorigin=2",77.99,https://encrypted-tbn3.gstatic.com/shopping?q=tbn:ANd9GcTh-x2zC-ePuuJ_cXslEcNYm-4Ed0cEE_0qEzWPIHu1-ht9JrqmqoxCw5RIddBOJxOBP3ad2cIUWDKe-Kd0sMzgcyET96RRvBMGforS_s89rQh5kDVYMb14xg,4.2,576.0,18120140536607333533,15,ipads,False,False
"Apple 10.2"" iPad (8th Gen) 32GB Wi-Fi Only Silver",newegg.com,"https://www.google.com/search?ibp=oshop&q=iPad&prds=localAnnotatedOfferId:1,productid:13073618390387924923,pvo:2,pvt:hg,rds:PC_6027158597472037202%7CPROD_PC_6027158597472037202&gl=us&udm=28&pvorigin=2",154.95,https://encrypted-tbn0.gstatic.com/shopping?q=tbn:ANd9GcSXFPykkAkf6wJHzKlpdxvyJ4m4rq1Zcs4T-1PO8DahyQZwZtfLCqrohKCegUMHTMHzIub39qnlDnEly_TJrQ8EpZiCuWD8,4.5,7700.0,13073618390387924923,16,ipads,False,False
"Apple 10.5"" iPad Pro 64GB",PickYourPlum,"https://www.google.com/search?ibp=oshop&q=iPad&prds=localAnnotatedOfferId:1,catalogid:14025946528681340132,pvo:2,pvt:hg,rds:PC_6027158597472037202%7CPROD_PC_6027158597472037202&gl=us&udm=28&pvorigin=2",144.99,https://encrypted-tbn2.gstatic.com/shopping?q=tbn:ANd9GcT5RDnb0rJJoowsyBtekthijlDBoC4kS6ERbGsOif2VLlK3rekLC4381IlKOC9Agz0LwNjKGxOOlE8LjF6LOiYTvWFRNVQR-25cwhhvyqKu8piKF1fvRMXa,4.8,84.0,14025946528681340132,17,ipads,False,False
Apple 12.9-inch iPad Pro Wi-Fi + Cellular,Walmart - Wireless Source,"https://www.google.com/search?ibp=oshop&q=iPad&prds=localAnnotatedOfferId:1,catalogid:12426082062635404610,pvo:2,pvt:hg,rds:PC_6027158597472037202%7CPROD_PC_6027158597472037202&gl=us&udm=28&pvorigin=2",670.99,https://encrypted-tbn1.gstatic.com/shopping?q=tbn:ANd9GcRHIzqZJZQ3wxX0kKzoIt-qsq22hPqUZZN2HLLd7O6x6zPaZrZhKPLvEjhz1GpMac3VjD_7cNSX--rpJMNqUt5mKJtjWzvKYW-AAlpl7sxxR5vdnTo7yGM9Pw,4.8,384.0,12426082062635404610,18,ipads,False,False
Apple iPad Air (Wi-Fi Only) 16/32GB Bundle - Space Gray - 32GB Bundle,DailySteals,"https://www.google.com/search?ibp=oshop&q=iPad&prds=localAnnotatedOfferId:1,productid:2947058958492915382,pvo:2,pvt:hg,rds:PC_6027158597472037202%7CPROD_PC_6027158597472037202&gl=us&udm=28&pvorigin=2",169.99,https://encrypted-tbn0.gstatic.com/shopping?q=tbn:ANd9GcQJ_6mEP3D9joxcsdFniMhG9Cwr68jMoYFd-KXm4NRpWRPWhxGTi9BmjalUklO0bcQWYRufX-jfaQDHa5JySlZRYkmfzhOWww,4.6,5600.0,2947058958492915382,19,ipads,False,False
Joyus Apple iPad 7th Gen 32GB Wi-Fi,Best Buy,"https://www.google.com/search?ibp=oshop&q=iPad&prds=localAnnotatedOfferId:1,catalogid:11095162832206603456,pvo:2,pvt:hg,rds:PC_6027158597472037202%7CPROD_PC_6027158597472037202&gl=us&udm=28&pvorigin=2",124.99,https://encrypted-tbn1.gstatic.com/shopping?q=tbn:ANd9GcQDhV5SuJ6Arwc69AWKxpSF33mG-pRR_KixgfP42o6CD2ZMv0jeRJAVMrPEVI_-L8vUD6Dx-FINBUZpPbseOmbDYvWc6d9ONRGATc9pRAN27M2k8bEe5KSfJejI,4.1,690.0,11095162832206603456,20,ipads,False,False
"Apple 9.7-inch iPad Wi-Fi + Cellular - 6th generation - Tablet - 128 GB - 9.7"" IPS (2048 x 1536) - 3G, 4G - LTE - Silver",Walmart - Powered By Tek,"https://www.google.com/search?ibp=oshop&q=iPad&prds=localAnnotatedOfferId:1,catalogid:18113989620131974717,pvo:2,pvt:hg,rds:PC_6027158597472037202%7CPROD_PC_6027158597472037202&gl=us&udm=28&pvorigin=2",91.76,https://encrypted-tbn2.gstatic.com/shopping?q=tbn:ANd9GcT39z6gaP59lVdLyJsk2BPXO9x2QcC_TM7URHg2cphUFvphbAztBREqT2HhllSx_JYuP1y1fejcV8OHAimXMTeCcO4SOVLgDPsztXcYjxxIEfPvUapCl4-D,4.5,4900.0,18113989620131974717,21,ipads,False,False
Apple iPad (7th Gen) - Gray - 32 GB - Wi-Fi,Swappa,"https://www.google.com/search?ibp=oshop&q=iPad&prds=localAnnotatedOfferId:1,productid:14798528807150141861,pvo:2,pvt:hg,rds:PC_6027158597472037202%7CPROD_PC_6027158597472037202&gl=us&udm=28&pvorigin=2",120.0,https://encrypted-tbn0.gstatic.com/shopping?q=tbn:ANd9GcQXy3uixyaLxQc-8sfmUiMzdxKZgIDUpLOg8mgggspmoA7sXxpO4CKX6x1fBnZ8RPw3OYTlTuHdzjdfKz6YiuepGBf8VG9aOQ,3.1,253.0,14798528807150141861,22,ipads,False,False
"Apple 9.7"" iPad Early 2018 32GB Wi-Fi Only",Walmart - Device Refresh LLC,"https://www.google.com/search?ibp=oshop&q=iPad&prds=localAnnotatedOfferId:1,catalogid:5906710265438822884,pvo:2,pvt:hg,rds:PC_6027158597472037202%7CPROD_PC_6027158597472037202&gl=us&udm=28&pvorigin=2",75.99,https://encrypted-tbn2.gstatic.com/shopping?q=tbn:ANd9GcQ0W75uMqqfQqu6kzTrV7WGJ6OkLlzgkBp_93G9fbOaN6B2Ur3vDUuOMv2zVDLO07WAVNA82cMmMaYYFbl7GqVQUR96PudQd5QkqBY_In8,4.5,4.0,5906710265438822884,23,ipads,False,False
Recertified - Apple iPad 5th Generation 32GB Silver (WiFi) Grade B,Newegg.com - JemJem,"https://www.google.com/search?ibp=oshop&q=iPad&prds=localAnnotatedOfferId:1,productid:16130860235058068418,pvo:2,pvt:hg,rds:PC_6027158597472037202%7CPROD_PC_6027158597472037202&gl=us&udm=28&pvorigin=2",97.16,https://encrypted-tbn2.gstatic.com/shopping?q=tbn:ANd9GcQREYOLbFPiOhVmDqkRwQWnQor0BCzJJOGO60w4hqssBX1ifcpD0gfWnQumtCh8mGZGMIGPHWJkjZhPnhr3ccO9F3gVV1nscFY4H5y1-Yfy6XYQ3Gjtya8uWAX2,,,16130860235058068418,24,ipads,False,False
"Joyus Apple iPad Air 10.5"" 3rd Gen 64GB Wi-Fi Accessories Bundle",Entrepreneur,"https://www.google.com/search?ibp=oshop&q=iPad&prds=localAnnotatedOfferId:1,catalogid:16218331468356157784,pvo:2,pvt:hg,rds:PC_6027158597472037202%7CPROD_PC_6027158597472037202&gl=us&udm=28&pvorigin=2",179.99,https://encrypted-tbn2.gstatic.com/shopping?q=tbn:ANd9GcRjf1eIF3KQGlWLVpgE1DBaLqOqS2WUvReED0rAJLwuSRIXVjNSnKSX8BiFok0LAna4dmjpvQmGW8nfFqwtt85f_4Y_DCx6k2g8TYkuoiMRv0cGlUMjG4r5mA,5.0,3.0,16218331468356157784,25,ipads,False,False
Apple 9.7 iPad Pro,Walmart - Wireless Source,"https://www.google.com/search?ibp=oshop&q=iPad&prds=localAnnotatedOfferId:1,catalogid:15325403366322377665,pvo:2,pvt:hg,rds:PC_6027158597472037202%7CPROD_PC_6027158597472037202&gl=us&udm=28&pvorigin=2",118.73,https://encrypted-tbn2.gstatic.com/shopping?q=tbn:ANd9GcTB4jm1y-6Qv1xqrOk_0jW_7Ze4r9wrQsgtxaMuok39VqrD0Po9Z1CCQC0PBp6YPiN2DU4vuPFnmFGgdQyePYtwg1Z2t46b5ANgzwynWNY,4.7,3800.0,15325403366322377665,26,ipads,False,False
"Apple iPad Air Wi-Fi - 1st generation - tablet - 16 GB - 9.7"" IPS (2048 x 1536) - silver",PickYourPlum,"https://www.google.com/search?ibp=oshop&q=iPad&prds=localAnnotatedOfferId:1,catalogid:1025367822329561886,pvo:2,pvt:hg,rds:PC_6027158597472037202%7CPROD_PC_6027158597472037202&gl=us&udm=28&pvorigin=2",284.99,https://encrypted-tbn2.gstatic.com/shopping?q=tbn:ANd9GcTtkX0-LHc-mkA6UWRQ6RHvss4K_oxywkzRq9_fbQiRZN_hOsNuhgWnPo220aQfpUgCLtDYwEoBE5YFnYxkSOlAdfqdupAE,4.6,5600.0,1025367822329561886,27,ipads,False,False
Apple iPad 6th Generation Mr7j2ll/a 9.7 inch Tablet 128gb WiFi,Walmart - Kiss Electronics Inc,"https://www.google.com/search?ibp=oshop&q=iPad&prds=localAnnotatedOfferId:1,catalogid:14688020169196299805,pvo:2,pvt:hg,rds:PC_6027158597472037202%7CPROD_PC_6027158597472037202&gl=us&udm=28&pvorigin=2",84.96,https://encrypted-tbn3.gstatic.com/shopping?q=tbn:ANd9GcSud3OfVp_dsmciP7oZqBYsU8DqLd2N_1eKGCyXEC6ISsB27I6qKNDiCOqpcPiP7O7NN3TTagB_Zc7osbolXCpQ10OYCQEaMn_pNZV7jYb-J5De6Zj5gbyp,4.2,215.0,14688020169196299805,28,ipads,False,False
APPLE iPad Air Wi-fi + Cell 64gb,Swappa,"https://www.google.com/search?ibp=oshop&q=iPad&prds=localAnnotatedOfferId:1,catalogid:11641495633413656972,pvo:2,pvt:hg,rds:PC_6027158597472037202%7CPROD_PC_6027158597472037202&gl=us&udm=28&pvorigin=2",395.0,https://encrypted-tbn1.gstatic.com/shopping?q=tbn:ANd9GcR9gTWQzrnApLJMZXF8HymSuak4hLUAvSZweegGxI5rFM9AJkYqQB5jLqqLsT21Txkjp4kZTY7jdMlo5YzxwRcm332N854HlUVK0tjNm40Brofy0hOgsZo8,4.8,29.0,11641495633413656972,29,ipads,False,False
"Apple - Refurbished Excellent - iPad 5th Gen 9.7-inch with Wi-Fi only, 128GB - Space Gray",Best Buy,"https://www.google.com/search?ibp=oshop&q=iPad&prds=localAnnotatedOfferId:1,productid:15192846665556197421,pvo:2,pvt:hg,rds:PC_6027158597472037202%7CPROD_PC_6027158597472037202&gl=us&udm=28&pvorigin=2",109.0,https://encrypted-tbn2.gstatic.com/shopping?q=tbn:ANd9GcQ582dV6vpJ6AOehPerlM2cOkbMKqHDNsrUaPeqP66eRMj8Rrs4CxzZCma02qpSz0HzCE3aqOtXBrtF7hAJSGSgIFWChRPUQLqVJR8BIaqK5N_s7J42MSX6,,,15192846665556197421,30,ipads,False,False
Apple iPad with Wifi,Walmart - Wombat Reserve,"https://www.google.com/search?ibp=oshop&q=iPad&prds=localAnnotatedOfferId:1,catalogid:2161278794144148814,pvo:2,pvt:hg,rds:PC_6027158597472037202%7CPROD_PC_6027158597472037202&gl=us&udm=28&pvorigin=2",115.0,https://encrypted-tbn3.gstatic.com/shopping?q=tbn:ANd9GcTrCMktPruYvpTF12_RpEYa_pHwHNrzpOqf0Vgx4Zmgj-Up7e3TLsdsW7-10rXJ2suMPbYvd-OVPXoCON1EPaggJ_Vf80FMGMajq_-iYTk,3.8,22.0,2161278794144148814,31,ipads,False,False
Apple iPad A16 11 Inch WiFi 128GB Tablet,mcgrocer.com,"https://www.google.com/search?ibp=oshop&q=iPad&prds=localAnnotatedOfferId:1,productid:13682115951394030800,pvo:2,pvt:hg,rds:PC_6027158597472037202%7CPROD_PC_6027158597472037202&gl=us&udm=28&pvorigin=2",758.9,https://encrypted-tbn0.gstatic.com/shopping?q=tbn:ANd9GcRqEb68qgARm7Hhf4dLv6RsClSOnnItdPSDc8_k3Ue-2mgGEHOP-sopIouykALNSPY1vnRj7wdV9E9o90hwPAU0lABwjdTj,4.8,68000.0,13682115951394030800,32,ipads,False,False
Apple iPad 7,Walmart - Wireless Source,"https://www.google.com/search?ibp=oshop&q=iPad&prds=localAnnotatedOfferId:1,catalogid:4745134320295966252,pvo:2,pvt:hg,rds:PC_6027158597472037202%7CPROD_PC_6027158597472037202&gl=us&udm=28&pvorigin=2",104.49,https://encrypted-tbn2.gstatic.com/shopping?q=tbn:ANd9GcSUWGOT4LBVcikE87vkH8o_2iKCISrrQmTUF2xo5EsER8GJUH7V0aPaPd2Gpx_EtIK5_8UmZ6nuRPrPc3AfB6nSzCeEul1kxg038kR00Y6Spr8FTd9qtTUr,4.4,8.0,4745134320295966252,33,ipads,False,False
"Apple iPad Mini 6 (64GB, Wi-Fi, Pink) Bundle with Blue Moroccan Sleeve",6 Ave Electronics,"https://www.google.com/search?ibp=oshop&q=iPad&prds=localAnnotatedOfferId:1,productid:8077420793158015165,pvo:2,pvt:hg,rds:PC_6027158597472037202%7CPROD_PC_6027158597472037202&gl=us&udm=28&pvorigin=2",534.95,https://encrypted-tbn0.gstatic.com/shopping?q=tbn:ANd9GcRddhfElRh1KAYIUa6oco7Jz9O9cOZOxKj-bvyY1O9f8E16Li4kw39uZKbTItQelJzGiDKFOn5GaFsxriV32HJu1cN3cJOQT0m4eq8domzWeb8JdZy7OclbzQ,,,8077420793158015165,34,ipads,False,False
Apple iPad Pro 2nd Generation 12.9 inch Tablet 256gb WiFi,Walmart - Wireless Source,"https://www.google.com/search?ibp=oshop&q=iPad&prds=localAnnotatedOfferId:1,catalogid:5298542956073747010,pvo:2,pvt:hg,rds:PC_6027158597472037202%7CPROD_PC_6027158597472037202&gl=us&udm=28&pvorigin=2",249.99,https://encrypted-tbn3.gstatic.com/shopping?q=tbn:ANd9GcRcCPYQ0OH_hZ7t8lUWjvyPPW-_qv8MC9yQyDfBmWZamWLUiXfm1pUFm8LN2rIQmK7t8cz8qwOzwKAIotdeSEZVmENlQS98N47tZn8qvJIJ,4.1,11.0,5298542956073747010,35,ipads,False,False
Apple iPad Refurbished Wi-Fi 32GB - Gold (6th Generation) Pristine Condition,Smart Cellular,"https://www.google.com/search?ibp=oshop&q=iPad&prds=localAnnotatedOfferId:1,productid:624558157918911929,pvo:2,pvt:hg,rds:PC_6027158597472037202%7CPROD_PC_6027158597472037202&gl=us&udm=28&pvorigin=2",419.99,https://encrypted-tbn3.gstatic.com/shopping?q=tbn:ANd9GcTYaHeiKHU1AOghsIUG1-EvAU1MDM9RHlhdqffx2_T_VvlJ6DWvjLtxudvHF6HCWtFXAV1n-EGO26WS7ZC_uiUhNALsR4dH-mx7L0JYOOSUE0WY-tusCHPe,4.6,34.0,624558157918911929,36,ipads,False,False
Apple iPad with WiFi,Walmart - Wombat Reserve,"https://www.google.com/search?ibp=oshop&q=iPad&prds=localAnnotatedOfferId:1,catalogid:16370682809276549055,pvo:2,pvt:hg,rds:PC_6027158597472037202%7CPROD_PC_6027158597472037202&gl=us&udm=28&pvorigin=2",104.0,https://encrypted-tbn0.gstatic.com/shopping?q=tbn:ANd9GcQlnS_3r2gwjeMmNMzjpG16SQaO3oZooXzlen5uplVEzpvyUcnZrPC0u4Vn85PwCgqiM0SHiIkObeZJIYB75QUb2YuOMHD1mxyVnGTPiYk,4.2,25.0,16370682809276549055,37,ipads,False,False
"Apple iPad Pro 12.9"" 1st Gen 32GB",Walmart - Kiss Electronics Inc,"https://www.google.com/search?ibp=oshop&q=iPad&prds=localAnnotatedOfferId:1,catalogid:11597654203369761203,pvo:2,pvt:hg,rds:PC_6027158597472037202%7CPROD_PC_6027158597472037202&gl=us&udm=28&pvorigin=2",84.96,https://encrypted-tbn0.gstatic.com/shopping?q=tbn:ANd9GcTAqtE2GBJQPEbtI-omRlC9DHNb5vv5ZuPyo6WfdvBLV2Audahl04WzU7LyD12x2Eq-K-wUCRuTIiC1kbG4MmYD8UaHQjuXLiSq3ZAGWDUh,4.1,17.0,11597654203369761203,39,ipads,False,False
"Apple iPad Mini 6 (64GB, Wi-Fi, Pink) Bundle with Purple Moroccan Sleeve",6 Ave Electronics,"https://www.google.com/search?ibp=oshop&q=iPad&prds=localAnnotatedOfferId:1,productid:15011856225089479733,pvo:2,pvt:hg,rds:PC_6027158597472037202%7CPROD_PC_6027158597472037202&gl=us&udm=28&pvorigin=2",534.95,https://encrypted-tbn2.gstatic.com/shopping?q=tbn:ANd9GcTKzwwwR7C1v_xJAXAHHanD5zSV2jif1FZP5rU5jTh6x3IZ0JQVEWChxI0joT0y36jeuR07xKDzv7In4ivGgE3WLnyu7O0ATCbnM_5uhihUXPrsPaal9Dpf,,,15011856225089479733,40,ipads,False,False
