asin,product_title,product_price,product_original_price,currency,product_star_rating,product_num_ratings,product_url,product_photo,product_num_offers,product_minimum_offer_price,is_best_seller,is_amazon_choice,is_prime,climate_pledge_friendly,sales_volume,delivery,has_variations,product_badge,product_availability,coupon_text,book_formats,unit_price,unit_count,book_format,product_byline,price_missing,has_discount
B0HDC9Q8Q6,"Lenovo Essential 15.6&quot; FHD Everyday Laptop, Intel Processor, 128GB Storage | Long Battery Life, Anti-Glare Display, Office 365, Copilot AI, WiFi 6, Bluetooth 5.2, USB-C, Win 11",348.8,399.99,USD,4.3,937,https://www.amazon.com/dp/B0HDC9Q8Q6,https://m.media-amazon.com/images/I/7186l2+FihL._AC_UY654_QL65_.jpg,1,348.8,False,False,False,False,1K+ bought in past month,"FREE delivery Sat, Sep 12Or fastest delivery Tomorrow, Sep 11",False,Limited time deal,,,,,,,,False,True
B0H72JH23T,"HP 14 inch laptop, Intel N150 processor, 4GB DDR5 RAM, 128GB SSD | 2026-2027 edition, 1 TB cloud storage, Windows 11 with Microsoft 365",299.99,819.99,USD,5.0,1,https://www.amazon.com/dp/B0H72JH23T,https://m.media-amazon.com/images/I/71Gi75BxnXL._AC_UY654_QL65_.jpg,2,249.99,False,False,False,False,200+ bought in past month,"FREE delivery Tomorrow, Sep 11",False,Limited time deal,,,,,,,,False,True
B0GTB65VP3,"HP 14 inch Laptop, 2026-2027 Edition, Intel N150 CPU, 4GB DDR5 RAM, 128GB SSD, 1TB Cloud Storage, Windows 11 with Microsoft 365",299.99,649.99,USD,4.4,20,https://www.amazon.com/dp/B0GTB65VP3,https://m.media-amazon.com/images/I/71GdIQeWqyL._AC_UY654_QL65_.jpg,2,249.99,False,False,False,False,500+ bought in past month,"FREE delivery Tomorrow, Sep 11",False,Limited time deal,,,,,,,,False,True
B0HG365ZZV,"HP 17 Inch FHD Laptop Computer for Business &amp; Students 32GB RAM 1TB SSD | AMD R5 7430U Processor, 17.3 inch FHD IPS Display, Windows 11 Pro, Copilot AI Key, Fast Charging, Wi-Fi 6",899.99,899.99,USD,5.0,11,https://www.amazon.com/dp/B0HG365ZZV,https://m.media-amazon.com/images/I/71MLzBM0ikL._AC_UY654_QL65_.jpg,1,899.99,False,False,False,False,,"FREE delivery Tomorrow, Sep 11Only 10 left in stock - order soon.",False,Limited time deal,Only 10 left in stock - order soon.,,,,,,,False,False
B0H7M7M6Z5,"HP New Everyday Slim Laptop, AMD Processor, 4GB DDR5 RAM, 128GB SSD, Long Battery Life, Microsoft 365, Thin &amp; Portable, Windows 11",299.99,299.99,USD,4.3,15,https://www.amazon.com/dp/B0H7M7M6Z5,https://m.media-amazon.com/images/I/61bRTRL3cgL._AC_UY654_QL65_.jpg,2,259.99,False,False,False,False,500+ bought in past month,"FREE delivery Tomorrow, Sep 11",False,,,,,,,,,False,False
B0GQB1LPTR,"HP OmniBook 3 17.3 inch Laptop PC, FHD Display, AMD Ryzen 3 30, 8 GB RAM, 512 GB SSD, AMD Radeon 610M Graphics, Windows 11 Home, Mica Silver, 17-dp0199nr",436.99,436.99,USD,4.4,221,https://www.amazon.com/dp/B0GQB1LPTR,https://m.media-amazon.com/images/I/71qW8R8vytL._AC_UY654_QL65_.jpg,19,436.99,False,False,False,False,1K+ bought in past month,,False,,,,,,,,,False,False
B09SVSBVP1,"HP Chromebook 14 Laptop, Intel Celeron N4120, 4 GB RAM, 64 GB eMMC, 14&quot; HD Display, Chrome OS, Thin Design, 4K Graphics, Long Battery Life, Ash Gray Keyboard (14a-na0226nr, 2022, Mineral Silver)",224.95,224.95,USD,4.3,3091,https://www.amazon.com/dp/B09SVSBVP1,https://m.media-amazon.com/images/I/71tXLOE7wIL._AC_UY654_QL65_.jpg,18,179.99,False,False,True,False,1K+ bought in past month,"Join Prime to get FREE delivery Today 7 AM - 11 AMOr Non-members get FREE delivery Tue, Sep 15",False,,,,,,,,,False,False
B0G78Y2ZG8,"15.6-inch laptop,8GB DDR 256GB SSD expandable to 1TB,portable laptop computer, AMD CPU up to 3.2 GHz, Numeric Keypad,10000mAh battery,USB3.0 interface,WiFi5,BT4.2, webcam, Type-C,Numpad,slim laptops",259.99,259.99,USD,4.3,30,https://www.amazon.com/dp/B0G78Y2ZG8,https://m.media-amazon.com/images/I/71yW3RB-FRL._AC_UY654_QL65_.jpg,1,259.99,False,False,True,False,New on Amazon in past month,"Join Prime to get FREE delivery Today 5 PM - 10 PMOr Non-members get FREE delivery Tue, Sep 15",False,,,,,,,,,False,False
B0GV5CFSJX,"HP 14” Ultra Light Thin Laptop Computer 2026 Premium, MS Office, Copilot AI, 4-Core Intel CPU, 4GB DDR5 RAM, 628GB Storage (128GB UFS+500GB Ext), Long Battery, MarxsolAccessory, Win 11 Pro, Lavender",299.0,299.0,USD,4.2,82,https://www.amazon.com/dp/B0GV5CFSJX,https://m.media-amazon.com/images/I/71c5uM6vfGL._AC_UY654_QL65_.jpg,1,299.0,False,False,False,False,200+ bought in past month,"FREE delivery Sep 16 - 18Or fastest delivery Tomorrow, Sep 11",True,,,,,,,,,False,False
B0H98WVSZX,"15.6&quot; Laptop, 8GB RAM 256GB Storage, Celeron N4000 (up to 2.6GHz) 100% sRGB Screen, MS Office 2024, Win11 Pro Notebook Computer, Dual Band Wi-Fi, BT5.0, USB-A, Long Battery Life, Silver",229.99,259.99,USD,4.8,12,https://www.amazon.com/dp/B0H98WVSZX,https://m.media-amazon.com/images/I/71XG+zWIXZL._AC_UY654_QL65_.jpg,1,229.99,False,False,True,False,,"Join Prime to get FREE delivery Tomorrow, Sep 11Or Non-members get FREE delivery Tue, Sep 15",False,,,,,,,,,False,True
B0GR6BVYS5,"Apple 2026 MacBook Neo 13-inch Laptop with A18 Pro chip: Built for AI and Apple Intelligence, Liquid Retina Display, 8GB Unified Memory, 256GB SSD Storage, 1080p FaceTime HD Camera; Citrus",679.0,679.0,USD,4.6,1329,https://www.amazon.com/dp/B0GR6BVYS5,https://m.media-amazon.com/images/I/61yHzuw8VBL._AC_UY654_QL65_.jpg,1,679.0,False,False,True,False,3K+ bought in past month,"Join Prime to get FREE delivery Tomorrow, Sep 11Or Non-members get FREE delivery Tue, Sep 15",True,,,,,,,,,False,False
B0H99JJH7N,"HP Essential Laptop 2026, Intel CPU, 128GB Storage, Office 365, Windows 11 | Copilot AI, WiFi 6, Long Battery Life, Lightweight &amp; Portable, Online Learning, Browsing, Streaming, Willow Green",319.98,319.98,USD,4.6,189,https://www.amazon.com/dp/B0H99JJH7N,https://m.media-amazon.com/images/I/618RZsi8YNL._AC_UY654_QL65_.jpg,1,319.98,False,False,True,False,1K+ bought in past month,"Join Prime to get FREE delivery Tomorrow, Sep 11Or Non-members get FREE delivery Tue, Sep 15",False,,,,,,,,,False,False
B0H94BMX1K,"HP New Everyday Slim Laptop, AMD High Performance Processor, 4GB DDR5 RAM, 128GB SSD, Long Battery Life, Windows 11",299.99,299.99,USD,4.4,14,https://www.amazon.com/dp/B0H94BMX1K,https://m.media-amazon.com/images/I/61Lsc1yEOvL._AC_UY654_QL65_.jpg,2,259.99,False,False,False,False,1K+ bought in past month,"FREE delivery Tomorrow, Sep 11",False,,,,,,,,,False,False
B0H9B5263J,"Lenovo Essential 15.6&quot; FHD Everyday Laptop, Intel Processor, 128GB Storage | With 500GB External HDD, Long Battery Life, Anti-Glare Display, Office 365, Copilot AI, WiFi 6, Bluetooth 5.2, USB-C, Win 11",399.98,449.99,USD,4.3,937,https://www.amazon.com/dp/B0H9B5263J,https://m.media-amazon.com/images/I/71c7jxMpP6L._AC_UY654_QL65_.jpg,1,399.98,False,False,False,False,500+ bought in past month,"FREE delivery Sat, Sep 12Or fastest delivery Tomorrow, Sep 11",False,Limited time deal,,,,,,,,False,True
B0GY16ZXZV,"HP Laptop 2026 Student Business, Copilot AI+Office 365, 128GB UFS Intel CPU | Windows 11 Home, Micro-edge Display, WiFi 6, Bluetooth, Full-size Keyboard, Long battery life, Portable Size &amp; Lightweight",319.98,499.96,USD,4.3,210,https://www.amazon.com/dp/B0GY16ZXZV,https://m.media-amazon.com/images/I/81+BAtgj4EL._AC_UY654_QL65_.jpg,1,319.98,False,False,False,False,,"FREE delivery Sat, Sep 12Or fastest delivery Tomorrow, Sep 11",False,Limited time deal,,,,,,,,False,True
B0HCRT971N,"Acer 2026 15&quot; FHD IPS Chromebook, Intel Celeron Processor Up to 2.78GHz, 4GB DDR5, 64GB Storage, Ultra-Fast WiFi 6, Chrome OS, Dale Purple, Renewed",229.99,229.99,USD,4.2,198,https://www.amazon.com/dp/B0HCRT971N,https://m.media-amazon.com/images/I/61qmMfggtfL._AC_UY654_QL65_.jpg,1,229.99,False,False,True,False,400+ bought in past month,"Join Prime to get FREE delivery Today 5 PM - 10 PMOr Non-members get FREE delivery Tue, Sep 15",False,,,,,,,,,False,False
B0HDMVQZ4V,"15.6&quot; Laptop with Win 11, N4020 CPU, 4GB RAM, 128GB, FHD 1080P Display | LPDDR4 RAM, 180° Lay-Flat, Dual-Band WiFi, Type-C PD Fast Charging, Thin &amp; Lightweight for Students, Home &amp; Office",229.99,379.99,USD,4.8,22,https://www.amazon.com/dp/B0HDMVQZ4V,https://m.media-amazon.com/images/I/71IIJrlbpkL._AC_UY654_QL65_.jpg,1,229.99,False,False,True,False,,"Join Prime to get FREE delivery Sun, Sep 13Or Non-members get FREE delivery Tue, Sep 15",True,,,,,,,,,False,True
B0GR17WKN3,"Apple 2026 MacBook Pro Laptop with Apple M5 Max chip with 18-core CPU and 40-core GPU: Built for AI, 16.2-inch Liquid Retina XDR Display, 48GB Unified Memory, 2TB SSD, Wi-Fi 7; Space Black",,,USD,4.4,40,https://www.amazon.com/dp/B0GR17WKN3,https://m.media-amazon.com/images/I/61aF2GnTTRL._AC_UY654_QL65_.jpg,1,,False,False,True,False,200+ bought in past month,"Join Prime to get FREE delivery Tomorrow, Sep 11Or Non-members get FREE delivery Tue, Sep 15",False,,,,,,,,,True,False
B09R6FNNS1,"Dell 15.6 Laptop, FHD, Intel Core 3 100U, 8 GB RAM, Windows 11 Home | Anti-Glare IPS WVA, 250 nits, Intel UHD Graphics, DDR4, 512GB SSD, Wi‑Fi 6 &amp; Bluetooth, DC15250 ENERGY STAR EPEAT",449.99,449.99,USD,4.3,768,https://www.amazon.com/dp/B09R6FNNS1,https://m.media-amazon.com/images/I/71d6CcN8Q5L._AC_UY654_QL65_.jpg,23,372.47,False,False,True,True,1K+ bought in past month,"Join Prime to get FREE delivery Tomorrow, Sep 11Or Non-members get FREE delivery Tue, Sep 15",False,,,,,,,,,False,False
B0DZZWMB2L,"ASUS ROG Strix G16 (2025) Gaming Laptop, 16” FHD+ 16:10 165Hz/3ms, NVIDIA® GeForce RTX™ 5060, Intel® Core™ i7 Processor 14650HX, 16GB DDR5, 1TB Gen 4 SSD, Wi-Fi 7, Windows 11 Home, G615JMR-AS74",,,USD,4.4,581,https://www.amazon.com/dp/B0DZZWMB2L,https://m.media-amazon.com/images/I/81n1T4CYfmL._AC_UY654_QL65_.jpg,19,873.22,False,False,False,False,500+ bought in past month,"FREE delivery Mon, Sep 14Or fastest delivery Tomorrow, Sep 11Only 4 left in stock - order soon.",False,,Only 4 left in stock - order soon.,,,,,,,True,False
B0GXVSRTM9,"Lenovo 15.6&quot; IdeaPad Everyday Laptop, 2026 Edition, 128GB Storage | Intel 4-Core CPU, Copilot AI, Win 11, FHD Anti-Glare Large Screen, Long Battery Life, Slim PC for Student &amp; Home Office",359.99,399.99,USD,4.3,134,https://www.amazon.com/dp/B0GXVSRTM9,https://m.media-amazon.com/images/I/81zPwCUvv4L._AC_UY654_QL65_.jpg,1,359.99,False,False,False,False,500+ bought in past month,"FREE delivery Sat, Sep 12Or fastest delivery Tomorrow, Sep 11",False,Limited time deal,,,,,,,,False,True
B0DQXHKYJ4,"HP 14&quot; Ultra-Light Laptop for Student &amp; Home (1-Year Office 365, Intel Celeron N4500, 4GB RAM, 64GB eMMC + 64GB SD Card), 12-Hr Long Battery Life, Webcam, Fast Charge, Wi-Fi 6, Win 11 Home in S, White",249.99,249.99,USD,4.0,289,https://www.amazon.com/dp/B0DQXHKYJ4,https://m.media-amazon.com/images/I/81qzTdQkqJL._AC_UY654_QL65_.jpg,2,249.98,False,False,False,False,500+ bought in past month,"FREE delivery Sat, Sep 12Or fastest delivery Tomorrow, Sep 11",False,,,,,,,,,False,False
B0H94LG15F,"15.6&#x27;&#x27; AI Laptop with Office 365 12GB RAM 256GB SSD Win 11 Laptops | 7000mAh Battery, IPS FHD, 180°Viewing, Quad-Core Processor, Type-C, WiFi5, Portable Thin Business Student Laptops, Light Gray",329.98,559.99,USD,4.4,2363,https://www.amazon.com/dp/B0H94LG15F,https://m.media-amazon.com/images/I/714TSHAAQrL._AC_UY654_QL65_.jpg,1,329.98,False,False,True,False,1K+ bought in past month,"Join Prime to get FREE delivery Tomorrow, Sep 11Or Non-members get FREE delivery Tue, Sep 15",True,Limited time deal,,,,,,,,False,True
B0F53SQRH4,"Dell Latitude 5420 14&quot; FHD Business Laptop Computer, Intel Quad-Core i5-1145G7, 16GB DDR4 RAM, 256GB SSD, Camera, HDMI, Windows 11 Pro (Renewed)",292.0,292.0,USD,3.8,413,https://www.amazon.com/dp/B0F53SQRH4,https://m.media-amazon.com/images/I/616jxxM4VLL._AC_UY654_QL65_.jpg,13,234.88,False,False,False,False,2K+ bought in past month,"FREE delivery Thu, Sep 17",False,,,,,,,,,False,False
B0H8YXN55Q,"HP 15.6&quot; FHD Touchscreen Laptop, 32GB RAM, 1TB SSD, AMD Ryzen 7 7730U | AMD Radeon, Copilot AI Key, WiFi 6 &amp; BT, Fast Charge, Numeric Keypad, Windows 11 Pro, Portable Laptop for Business &amp; Study",959.96,959.96,USD,5.0,10,https://www.amazon.com/dp/B0H8YXN55Q,https://m.media-amazon.com/images/I/71yZYwU84KL._AC_UY654_QL65_.jpg,1,959.96,False,False,False,False,100+ bought in past month,"FREE delivery Tomorrow, Sep 11Only 10 left in stock - order soon.",False,Limited time deal,Only 10 left in stock - order soon.,,,,,,,False,False
B0HF38QXHL,"HP 15.6&quot; Pavilion FHD Laptop 2026, Intel Processor, 16GB RAM, 512GB SSD | Fast Charging, Numeric Keypad, Long Battery Life, Lightweight 3.64 lbs, Microsoft 365, Windows 11 Home",569.99,569.99,USD,4.5,145,https://www.amazon.com/dp/B0HF38QXHL,https://m.media-amazon.com/images/I/71CzvSnszjL._AC_UY654_QL65_.jpg,1,569.99,False,False,True,False,,"Join Prime to get FREE delivery Tomorrow, Sep 11Or Non-members get FREE delivery Tue, Sep 15",False,Limited time deal,,,,,,,,False,False
B0GQB1C381,"HP OmniBook 3 16 inch Laptop PC, 2K Touchscreen, AMD Ryzen 3 30, 8 GB RAM, 256 GB SSD, AMD Radeon 610M GPU, Windows 11 Home, Mica Silver, 16-by0199nr",649.99,649.99,USD,4.4,82,https://www.amazon.com/dp/B0GQB1C381,https://m.media-amazon.com/images/I/71+WKmQWrsL._AC_UY654_QL65_.jpg,2,544.99,False,False,True,False,,"Join Prime to get FREE delivery Tomorrow, Sep 11Or Non-members get FREE delivery Tue, Sep 15",False,,,,,,,,,False,False
B08SHN3TZP,Dell Chromebook 11 3100 11.6&quot; Chromebook - 1366 x 768 - Celeron N4020-4 GB RAM - 16 GB Flash Memory - Chrome OS - Intel HD Graphics - English (US) Keyboard - Bluetooth (Renewed),104.99,363.57,USD,4.2,1701,https://www.amazon.com/dp/B08SHN3TZP,https://m.media-amazon.com/images/I/61zTekYPPRL._AC_UY654_QL65_.jpg,4,79.99,False,False,True,False,2K+ bought in past month,"Join Prime to get FREE delivery Sun, Sep 13Or Non-members get FREE delivery Tue, Sep 15",False,,,,,,,,,False,True
B0CK9JSM3G,"Lenovo V15 Laptop, 15.6&quot; FHD Display, AMD Ryzen 5 5500U Hexa-core Processor (Beat Intel i7-1065G7), 16GB RAM, 512GB SSD, HDMI, RJ45, Numeric Keypad, Wi-Fi, Windows 11 Pro, Black",699.0,699.0,USD,4.4,357,https://www.amazon.com/dp/B0CK9JSM3G,https://m.media-amazon.com/images/I/71ucBPBJeoL._AC_UY654_QL65_.jpg,5,619.0,False,False,True,False,500+ bought in past month,"Join Prime to get FREE delivery Tomorrow, Sep 11Or Non-members get FREE delivery Thu, Sep 17",False,,,,,,,,,False,False
B0HCMYNBVZ,"Laptop, 2026 New Laptop Computer with Intel Twin Lake N150 Processor(Up to 3.6GHz), 16GB RAM 512GB NVMe SSD, 15.6&quot; FHD Display, Windοws 11/Student/Business Laptop, HDMI, USB3.2, Long Battery Life Global Recycled Standard",399.99,399.99,USD,4.7,5,https://www.amazon.com/dp/B0HCMYNBVZ,https://m.media-amazon.com/images/I/719ZvYx9R6L._AC_UY654_QL65_.jpg,1,399.99,False,False,True,True,200+ bought in past month,"Join Prime to get FREE delivery Tomorrow, Sep 11Or Non-members get FREE delivery Tue, Sep 15",False,,,,,,,,,False,False
B0H4QJZT4T,"HP Everyday Slim Laptop with Copilot AI • 2026 Edition • Intel 4-Core N150 CPU • 128GB SSD + 1TB OneDrive, Microsoft Office 365 Included • Windows 11, Thin &amp; Portable",299.99,339.9,USD,,0,https://www.amazon.com/dp/B0H4QJZT4T,https://m.media-amazon.com/images/I/71is4WH8YTL._AC_UY654_QL65_.jpg,2,289.99,False,False,False,False,100+ bought in past month,"FREE delivery Tomorrow, Sep 11",False,Limited time deal,,,,,,,,False,True
B0H99QD7W1,"HP 15.6&quot; Pavilion FHD Laptop 2026, Intel Processor, 8GB RAM, 256GB SSD | Fast Charging, Numeric Keypad, Long Battery Life, Lightweight 3.64 lbs, Microsoft 365, Windows 11 Home",429.98,699.0,USD,4.5,145,https://www.amazon.com/dp/B0H99QD7W1,https://m.media-amazon.com/images/I/71CzvSnszjL._AC_UY654_QL65_.jpg,1,429.98,False,False,True,False,,"Join Prime to get FREE delivery Tomorrow, Sep 11Or Non-members get FREE delivery Tue, Sep 15",False,Limited time deal,,,,,,,,False,True
B0GSKCX8YM,Acer Predator Helios Neo 18 AI Gaming Laptop | Intel Core Ultra 9 Processor 275HX | NVIDIA GeForce RTX 5070 Ti | 18&quot; WQXGA 240Hz G-SYNC | 32GB DDR5 | 2TB Gen 4 SSD | Killer Wi-Fi 6E | PHN18-72-9474,,,USD,3.6,17,https://www.amazon.com/dp/B0GSKCX8YM,https://m.media-amazon.com/images/I/71pEGXyb2ZL._AC_UY654_QL65_.jpg,1,,False,False,True,False,400+ bought in past month,"Join Prime to get FREE delivery Tomorrow, Sep 11Or Non-members get FREE delivery Tue, Sep 15",False,,,,,,,,,True,False
B0GJ7C5JFW,"ASUS 2026 15&quot; FHD IPS Chromebook, Intel Processor Up to 2.80GHz, 4GB DDR4, 128GB Storage, HDMI, Super-Fast WiFi, Chrome OS, Pastel Silver (Renewed)",212.99,212.99,USD,4.3,189,https://www.amazon.com/dp/B0GJ7C5JFW,https://m.media-amazon.com/images/I/51i+cfNtstL._AC_UY654_QL65_.jpg,14,180.0,False,False,True,False,500+ bought in past month,"Join Prime to get FREE delivery Today 5 PM - 10 PMOr Non-members get FREE delivery Tue, Sep 15",True,,,,,,,,,False,False
B0H3ZMJ6PR,"Amzboy 15.6” Laptop, N4020 CPU, 4GB RAM, 128GB eMMC, FHD Display, Win 11 | 45W PD Fast Charging, 180° Lay-Flat, Privacy Camera, Supports 1TB TF Card, WiFi 5, Thin &amp; Lightweight, Slate Gray ClimatePartner certified",409.99,409.99,USD,4.3,28,https://www.amazon.com/dp/B0H3ZMJ6PR,https://m.media-amazon.com/images/I/71qtbtiayeL._AC_UY654_QL65_.jpg,1,409.99,False,False,True,True,500+ bought in past month,"Join Prime to get FREE delivery Tomorrow, Sep 11Or Non-members get FREE delivery Tue, Sep 15",True,,,,,,,,,False,False
B0GT48Y6NK,"Lenovo Legion Pro 7i 16&quot; WQXGA 240Hz Gaming Laptop, Intel Core Ultra 9 275HX, GeForce RTX 5080 GDDR7, 64GB DDR5, 5TB Storage (4TB PCIe SSD&amp;1TB Docking Station), Backlit Keyboard, Win 11 Pro, Black",,,USD,,0,https://www.amazon.com/dp/B0GT48Y6NK,https://m.media-amazon.com/images/I/81S0LvFnm3L._AC_UY654_QL65_.jpg,1,,False,False,False,False,,"FREE delivery Tomorrow, Sep 11Only 15 left in stock - order soon.",False,,Only 15 left in stock - order soon.,,,,,,,True,False
B0FSKTZ6KJ,"Laptop 16-inch 8GB DDR 256GB SSD portable laptop computer, expandable to 1TB, AMD A9-9400 Radeon R5 CPU up to 3.2 GHz, 9000mAh battery, Numeric Keypad, USB 3.0, dual-band WiFi, webcam, slim laptops",259.99,259.99,USD,5.0,18,https://www.amazon.com/dp/B0FSKTZ6KJ,https://m.media-amazon.com/images/I/71dPPO0mJSL._AC_UY654_QL65_.jpg,1,259.99,False,False,True,False,,"Join Prime to get FREE delivery Tomorrow, Sep 11Or Non-members get FREE delivery Tue, Sep 15",False,,,,,,,,,False,False
B0B9NNWXVP,"MNN 15.6&quot; FHD 60Hz Portable Monitor USB-C HDMI IPS HDR Gaming Laptop | 15.6&quot; FHD IPS HDR, USB-C one-cable, PC/Mac/Phone/Switch, Smart Case,Laptop , low blue, work&amp;game",49.99,49.99,USD,4.3,12535,https://www.amazon.com/dp/B0B9NNWXVP,https://m.media-amazon.com/images/I/81-7N-LhOoL._AC_UY654_QL65_.jpg,1,49.99,False,False,True,False,10K+ bought in past month,"Join Prime to get FREE delivery Today 7 AM - 11 AMOr Non-members get FREE delivery Tue, Sep 15",False,,,,,,,,,False,False
B07NPTXDK7,"Apple MacBook Air (13-inch Retina display, 1.6GHz dual-core Intel Core i5, 128GB) - Gold (Renewed)",369.0,369.0,USD,3.9,2163,https://www.amazon.com/dp/B07NPTXDK7,https://m.media-amazon.com/images/I/71thf1SYnGL._AC_UY654_QL65_.jpg,4,349.0,False,False,False,False,500+ bought in past month,"FREE delivery Sat, Sep 12Or fastest delivery Tomorrow, Sep 11Only 6 left in stock - order soon.",True,,Only 6 left in stock - order soon.,,,,,,,False,False
B0H8CWGR7K,"2026 Window 11 Pro Traditional Laptop Computer, 16GB RAM 256GB SSD for Business Student School College, 15.6&quot; FHD IPS Display, Lightweight Portable, 4H Battery, 3.5 lbs",349.99,349.99,USD,4.3,16,https://www.amazon.com/dp/B0H8CWGR7K,https://m.media-amazon.com/images/I/71autnF3EgL._AC_UY654_QL65_.jpg,1,349.99,False,False,True,False,300+ bought in past month,"Join Prime to get FREE delivery Tomorrow, Sep 11Or Non-members get FREE delivery Tue, Sep 15Only 3 left in stock - order soon.",False,,Only 3 left in stock - order soon.,You pay $299.99 with coupon,,,,,,False,False
B09VRX9YVW,"HP 14&quot; HD Laptop, Windows 11, Intel Celeron Dual-Core Processor Up to 2.60GHz, 4GB RAM, 64GB SSD, Webcam, Dale Pink (Renewed)",247.99,247.99,USD,4.3,2985,https://www.amazon.com/dp/B09VRX9YVW,https://m.media-amazon.com/images/I/61MGsq1ZVaL._AC_UY654_QL65_.jpg,18,207.0,False,False,True,False,400+ bought in past month,"Join Prime to get FREE delivery Today 5 PM - 10 PMOr Non-members get FREE delivery Tue, Sep 15",False,,,,,,,,,False,False
B0HBVLBJSR,"15.6&quot; 2-in-1 Touchscreen Laptop with Windows 11, i3-10100Y, 16GB, 256GB SSD | 360° Convertible, 1080P FHD IPS Display, 57.75Wh Battery, WiFi 6, Bluetooth 5.2, Up to 2TB SATA3 Expansion",,,,5.0,9,https://www.amazon.com/dp/B0HBVLBJSR,https://m.media-amazon.com/images/I/71dYxJmquxL._AC_UY654_QL65_.jpg,1,,False,False,False,False,New on Amazon in past month,,False,,,,,,,,,True,False
B0H4QXGHRT,"HP Essential Laptop 2026, Intel CPU, 128GB Storage, Office 365, Windows 11 | With 500GB Ext HDD, Copilot AI, WiFi 6, Long Battery Life, Lightweight &amp; Portable, Online Learning, Streaming, Willow Green",399.98,399.98,USD,4.6,189,https://www.amazon.com/dp/B0H4QXGHRT,https://m.media-amazon.com/images/I/61XzaV7MqnL._AC_UY654_QL65_.jpg,1,399.98,False,False,True,False,100+ bought in past month,"Join Prime to get FREE delivery Tomorrow, Sep 11Or Non-members get FREE delivery Tue, Sep 15",False,,,,,,,,,False,False
B0DXZNGFK4,"HP 14 14&quot; Ultra-Light Laptop, Intel N150, 4GB RAM, 128GB + 128GB SD Card | 1-Year Office 365, for Student &amp; Home, LED, Long Battery Life, Fast Charge, Webcam, Windows 11 Home in S mode, Lavender",279.99,279.99,USD,4.3,74,https://www.amazon.com/dp/B0DXZNGFK4,https://m.media-amazon.com/images/I/71jzHqmA6gL._AC_UY654_QL65_.jpg,2,279.98,False,False,False,False,200+ bought in past month,"FREE delivery Sat, Sep 12Or fastest delivery Tomorrow, Sep 11",True,,,,,,,,,False,False
B0FTMPGR89,"HP OMEN Gaming Laptop, AMD Ryzen AI 9-365, 32 GB DDR5 RAM, 1 TB PCIe SSD, 17.3&quot; FHD (1920x1080) 144Hz Display, Nvidia G-Force RTX 5060, 1-Zone RGB Backlit Keyboard, W11 Pro, Black",,,USD,,0,https://www.amazon.com/dp/B0FTMPGR89,https://m.media-amazon.com/images/I/71sZSQ6K4vL._AC_UY654_QL65_.jpg,2,,False,False,True,False,,"Join Prime to get FREE delivery Tomorrow, Sep 11Or Non-members get FREE delivery Tue, Sep 15Only 2 left in stock - order soon.",False,,Only 2 left in stock - order soon.,,,,,,,True,False
B0GSZSHYCJ,"Lenovo 15.6&quot; FHD Essential Laptop, Intel 4-Core Processor, 128GB Storage | 2026 Edition, Office 365, Long Battery Life, Copilot AI, WiFi 6, Slim PC for Student &amp; Home Office, Win 11",349.99,349.99,USD,4.4,127,https://www.amazon.com/dp/B0GSZSHYCJ,https://m.media-amazon.com/images/I/818IGXulFTL._AC_UY654_QL65_.jpg,1,349.99,False,False,False,False,,"FREE delivery Sat, Sep 12Or fastest delivery Tomorrow, Sep 11",False,Limited time deal,,,,,,,,False,False
B0GKRKXL9W,"HP 17.3&quot; HD+ Touchscreen Laptop, AMD Ryzen 5 7430U, 64GB DDR4 RAM, 5TB Storage (4TB SSD &amp; 1TB Docking Station Set), AMD Radeon Graphics, Numeric Keypad, 720p HD Camera, Wi-Fi 6, Windows 11 Pro, Silver",,,USD,5.0,4,https://www.amazon.com/dp/B0GKRKXL9W,https://m.media-amazon.com/images/I/81OPW59TskL._AC_UY654_QL65_.jpg,1,,False,False,False,False,,"FREE delivery Tomorrow, Sep 11Only 19 left in stock - order soon.",False,,Only 19 left in stock - order soon.,,,,,,,True,False
B0GWFNNW3H,"Microsoft Surface Laptop (2026), 15-inch Premium Performance Laptop, Snapdragon X2 Elite Processor, Touchscreen Display, 16GB RAM, 1TB SSD Storage, Windows 11 Copilot+ PC Built for AI, Black ENERGY STAR",,,USD,4.6,3,https://www.amazon.com/dp/B0GWFNNW3H,https://m.media-amazon.com/images/I/61bzXB4b04L._AC_UY654_QL65_.jpg,3,,False,False,True,True,50+ bought in past month,"Join Prime to get FREE delivery Tomorrow, Sep 11Or Non-members get FREE delivery Tue, Sep 15",True,,,,,,,,,True,False
B0H8Y6KX3W,"HP 14 Laptop for Students and Home Use, Intel Processor N150, 16GB RAM | 128GB UFS+256GB MSD, 14&quot; HD Display, Wi-Fi 6, 1-Year Microsoft 365, Copilot AI Key, Built‑in Speakers, Willow Green, W/Mouse",379.99,379.99,USD,4.3,24,https://www.amazon.com/dp/B0H8Y6KX3W,https://m.media-amazon.com/images/I/71X5zih24EL._AC_UY654_QL65_.jpg,1,379.99,False,False,False,False,500+ bought in past month,"FREE delivery Tomorrow, Sep 11",True,,,,,,,,,False,False
B0H2Q53NQ8,HP New Everyday Slim Laptop • Microsoft 365 • Intel N150 CPU • 128GB SSD • Long Battery Life • Copilot AI • Win 11,299.99,599.99,USD,,0,https://www.amazon.com/dp/B0H2Q53NQ8,https://m.media-amazon.com/images/I/71jvwscT2HL._AC_UY654_QL65_.jpg,1,299.99,False,False,True,False,1K+ bought in past month,"FREE delivery Tomorrow, Sep 11",False,,,,,,,,,False,True
B00QYRLHHS,"Microsoft Surface Laptop Go 12.4&quot; Touch 4GB 64GB eMMC Core™ i5-1035G1 1.0GHz WIN11H, Platinum (Renewed)",164.95,178.45,USD,5.0,3,https://www.amazon.com/dp/B00QYRLHHS,https://m.media-amazon.com/images/I/61Lch9RoPHL._AC_UY654_QL65_.jpg,1,164.95,False,False,False,False,50+ bought in past month,"FREE delivery Thu, Sep 17Or fastest delivery Tomorrow, Sep 11Only 3 left in stock - order soon.",False,,Only 3 left in stock - order soon.,,,,,,,False,True
B0HF7QB2Y4,"KAIGERR Gaming Laptop, Laptops with AMD Ryzen 7430U(Up to 4.3GHz), 16GB DDR4 512GB SSD Laptop Computer, 15.6inch Windοws 11 Laptop, 1920P FHD Display, WiFi 6, USB3.2, Type_C Global Recycled Standard",,,USD,5.0,10,https://www.amazon.com/dp/B0HF7QB2Y4,https://m.media-amazon.com/images/I/716Ckj4xXcL._AC_UY654_QL65_.jpg,1,,False,False,True,True,New on Amazon in past month,"Join Prime to get FREE delivery Sun, Sep 13Or Non-members get FREE delivery Tue, Sep 15",False,,,,,,,,,True,False
B0FW4X5MXV,Acer Nitro V 16 AI Gaming Laptop 16&quot; WUXGA IPS 180Hz AMD Zen 4 Octa-Core Ryzen 7 260 32GB RAM 1TB SSD GeForce RTX 5050 (Up to 421 AI Tops) Backlit Win11 w/ICP Acc,,,USD,4.4,8,https://www.amazon.com/dp/B0FW4X5MXV,https://m.media-amazon.com/images/I/81AugPIkbuL._AC_UY654_QL65_.jpg,1,,False,False,False,False,,"FREE delivery Sat, Sep 12Only 1 left in stock - order soon.",False,,Only 1 left in stock - order soon.,,,,,,,True,False
B0H31VJCL8,"Razer Blade 18 (2026) Gaming Laptop, RTX 5090, 64GB DDR5, 2TB, Black | Intel Ultra 9 290HX, 18&quot; UHD+ 240Hz / FHD+ 440Hz Dual Mode Display, Wi-Fi 7, TB5, Upgradeable Memory, Windows 11",,,USD,3.6,4,https://www.amazon.com/dp/B0H31VJCL8,https://m.media-amazon.com/images/I/71oF37XHv8L._AC_UY654_QL65_.jpg,1,,False,False,False,False,,FREE delivery Sep 25 - Oct 7Or fastest delivery Sep 25 - Oct 5,False,,,,,,,,,True,False
B0HD6YRYBX,"HP 17 inch FHD Laptop Computer, AMD Ryzen 5 7430U, 32GB RAM, 1TB SSD | 17.3” FHD Display, Windows 11 Pro, Copilot AI for Business and Student, Wi-Fi 6, BT 5.4, Fast Charge, Accessories",899.99,899.99,USD,5.0,4,https://www.amazon.com/dp/B0HD6YRYBX,https://m.media-amazon.com/images/I/716fKAl3D9L._AC_UY654_QL65_.jpg,1,899.99,False,False,False,False,,"FREE delivery Tomorrow, Sep 11",False,,,,,,,,,False,False
B0H2DF5TJ1,"Lenovo V15 15.6&quot; FHD Laptop 2026 Edition, IdeaPad Slim 3i, Intel 4-Core CPU | 128GB SSD, Copilot AI, Ultra-Portable, Long Battery Life, Numeric Keypad, Office 365, Windows 11 for Students &amp; Office",349.98,649.99,USD,4.4,45,https://www.amazon.com/dp/B0H2DF5TJ1,https://m.media-amazon.com/images/I/81DWx6Wlc1L._AC_UY654_QL65_.jpg,1,349.98,False,False,False,False,200+ bought in past month,"FREE delivery Sat, Sep 12Or fastest delivery Tomorrow, Sep 11",False,Limited time deal,,,,,,,,False,True
B0GRK41MM1,"Lenovo ThinkPad P16 Gen 3 w/Ultra 7 255HX, 64GB DDR5, NVIDIA RTX PRO 3000 | Blackwell 12GB GDDR7 GPU, 2TB Gen5 Performance SSD, 16&quot; WQUXGA 3840x2400 100%DCI-P3 800nits Non-Touch Display, Intel 20 Core",,,USD,5.0,1,https://www.amazon.com/dp/B0GRK41MM1,https://m.media-amazon.com/images/I/61P4fYkdDqL._AC_UY654_QL65_.jpg,1,,False,False,False,False,,"FREE delivery Tomorrow, Sep 11",False,,,,,,,,,True,False
B087N73SHT,"HP 14 14&quot; HD SVA Anti-Glare Micro-Edge WLED-backlit Laptop for Students, AMD Athlon 3050U 2.3GHz up to 3.2GHz, 4GB DDR4, 128GB SSD, Wi-Fi 5, Bluetooth 4.2, HDMI, Webcam, Windows 10 S, Accessory Bundle",219.0,219.0,USD,4.4,417,https://www.amazon.com/dp/B087N73SHT,https://m.media-amazon.com/images/I/71ZGLRcKWxL._AC_UY654_QL65_.jpg,1,219.0,False,False,False,False,50+ bought in past month,"FREE delivery Wed, Sep 16Or fastest delivery Tomorrow, Sep 11Only 9 left in stock - order soon.",False,,Only 9 left in stock - order soon.,,,,,,,False,False
B0DWMLHYJ5,"HP 15.6 inch Laptop, HD Touchscreen Display, AMD Ryzen 3 7320U, 8 GB RAM, 256 GB SSD, AMD Radeon Graphics, Windows 11 Home, Natural Silver, 15-fc0399nr Global Recycled Standard",499.98,499.98,USD,4.4,1599,https://www.amazon.com/dp/B0DWMLHYJ5,https://m.media-amazon.com/images/I/71XTCkgshfL._AC_UY654_QL65_.jpg,15,416.99,False,False,False,True,400+ bought in past month,"FREE delivery Tomorrow, Sep 11",False,,,,,,,,,False,False
B0HC756KRF,Lenovo IdeaPad Slim 3 • 15.6&quot; FHD Business Laptop • AMD Ryzen 5 • 8GB RAM DDR5 • 256GB SSD • 2026 Edition • Windows 11,499.99,499.99,USD,4.6,289,https://www.amazon.com/dp/B0HC756KRF,https://m.media-amazon.com/images/I/715VmZCBJ9L._AC_UY654_QL65_.jpg,1,499.99,False,False,True,False,50+ bought in past month,"Join Prime to get FREE delivery Tomorrow, Sep 11Or Non-members get FREE delivery Fri, Sep 18",False,,,,,,,,,False,False
B0GR1F53WV,"Apple 2026 MacBook Pro Laptop with Apple M5 Max chip with 18-core CPU and 32-core GPU: Built for AI, 16.2-inch Liquid Retina XDR Display, 36GB Unified Memory, 2TB SSD, Wi-Fi 7; Silver",,,USD,4.7,19,https://www.amazon.com/dp/B0GR1F53WV,https://m.media-amazon.com/images/I/61Ec63l+gmL._AC_UY654_QL65_.jpg,1,,False,False,True,False,,"Join Prime to get FREE delivery Tomorrow, Sep 11Or Non-members get FREE delivery Tue, Sep 15",False,,,,,,,,,True,False
B0HDBYYGPJ,"HP Pavilion 15&quot; FHD Laptop 2026, Intel Processor, 16GB RAM, 512GB SSD | Long Battery Life, Portable Design, WiFi 6, Microsoft 365, Windows 11 for Students &amp; Office, Silver",549.97,899.0,USD,4.5,132,https://www.amazon.com/dp/B0HDBYYGPJ,https://m.media-amazon.com/images/I/717i+KAmzoL._AC_UY654_QL65_.jpg,1,549.97,False,False,False,False,50+ bought in past month,"FREE delivery Sat, Sep 12Or fastest delivery Tomorrow, Sep 11",False,Limited time deal,,,,,,,,False,True
B0HG9P3CJT,"15.6&#x27;&#x27; AI Laptop with Office 365, 6GB RAM 128GB SSD | Win 11 Home Laptops Computer, IPS FHD, 180°Viewing, Quad-Core Processor, Type-C, Portable Thin Business Student Laptops",259.98,439.99,USD,5.0,9,https://www.amazon.com/dp/B0HG9P3CJT,https://m.media-amazon.com/images/I/711KQJBO1aL._AC_UY654_QL65_.jpg,1,259.98,False,False,True,False,New on Amazon in past month,"Join Prime to get FREE delivery Tomorrow, Sep 11Or Non-members get FREE delivery Tue, Sep 15",True,Limited time deal,,,,,,,,False,True
B0H8BWQ2NW,Lenovo IdeaPad Slim 3i • 15.6&quot; FHD Laptop with Microsoft Office Included • Intel Core i3-N305 • 8GB DDR5 • 128GB SSD • Win 11,429.99,429.99,USD,4.6,713,https://www.amazon.com/dp/B0H8BWQ2NW,https://m.media-amazon.com/images/I/61EGQOMX0ML._AC_UY654_QL65_.jpg,1,429.99,False,False,True,False,100+ bought in past month,"Join Prime to get FREE delivery Tomorrow, Sep 11Or Non-members get FREE delivery Fri, Sep 18",False,,,,,,,,,False,False
B0H941PVY6,"HP 14 Laptop, Intel N150, 4GB DDR5 RAM, 128GB SSD, Windows 11",299.99,699.99,USD,4.3,43,https://www.amazon.com/dp/B0H941PVY6,https://m.media-amazon.com/images/I/61ZSxwWToYL._AC_UY654_QL65_.jpg,2,259.99,False,False,False,False,50+ bought in past month,"FREE delivery Sat, Sep 12",False,Limited time deal,,,,,,,,False,True
B0FQHZYDKT,"HP 17.3&quot; Touchscreen Business Copilot AI Laptop PC, Intel Ultra 5 225U, 64GB DDR5 RAM, 2TB SSD, Wi-Fi 6, Win11 Home, Backlit Keyboard, Webcam Shutter, Fingerprint Reader, Bundle with PCO Laptop Cooler",,,USD,5.0,1,https://www.amazon.com/dp/B0FQHZYDKT,https://m.media-amazon.com/images/I/71J9T7+GFBL._AC_UY654_QL65_.jpg,1,,False,False,True,False,,"Join Prime to get FREE delivery Tomorrow, Sep 11Or Non-members get FREE delivery Thu, Sep 17",False,,,,,,,,,True,False
B0FKSF2ZHC,"Lenovo V15 G5 Next Gen Business Laptop, 15.6″ FHD Anti-Glare Display | Intel 8-Core i5-13420H (Beat i7-1355U), 16GB DDR5 RAM, 512GB SSD, WiFi 6, BT5.2, Windows 11 Pro- for Professional Workstation",749.99,749.99,USD,5.0,4,https://www.amazon.com/dp/B0FKSF2ZHC,https://m.media-amazon.com/images/I/71bGSlXvqrL._AC_UY654_QL65_.jpg,1,749.99,False,False,True,False,,"Join Prime to get FREE delivery Tomorrow, Sep 11Or Non-members get FREE delivery Tue, Sep 15",True,,,,,,,,,False,False
B0H1ML78JK,"Lenovo ThinkBook 16 Gen 8 Laptop, Intel Core Ultra 7, 16GB DDR5, 512GB SSD | 16&quot; laptop, fingerprint security, Win 11 Pro, DDR5 memory, SSD storage, ideal for business professionals",,,USD,4.2,72,https://www.amazon.com/dp/B0H1ML78JK,https://m.media-amazon.com/images/I/81n-5oSQWvL._AC_UY654_QL65_.jpg,1,,False,False,False,False,100+ bought in past month,"FREE delivery Sat, Sep 12Or fastest delivery Tomorrow, Sep 11",False,Limited time deal,,,,,,,,True,False
B09XN8VN9S,"HP 17 Laptop, 17.3&quot; HD+ Touchscreen, Intel Core i7-1255U Processor, 16GB RAM, 256GB SSD, Webcam, HDMI, Backlit Keyboard, Wi-Fi, Windows 11 Home, Silver",769.0,769.0,USD,4.7,14,https://www.amazon.com/dp/B09XN8VN9S,https://m.media-amazon.com/images/I/71MUhny6I0L._AC_UY654_QL65_.jpg,1,769.0,False,False,False,False,,"FREE delivery Tomorrow, Sep 11Only 18 left in stock - order soon.",False,,Only 18 left in stock - order soon.,,,,,,,False,False
B0GWPBXX45,"Dell 16&quot; FHD+ Touchscreen Business Laptop, AMD Ryzen 7 250, 64GB DDR5, 5TB Storage(4TB SSD+1TB Docking Station Set), AMD Radeon Graphics, Backlit Keyboard, HD Webcam, Wi-Fi 6, Win11 Pro, Black",,,USD,,0,https://www.amazon.com/dp/B0GWPBXX45,https://m.media-amazon.com/images/I/91JxLBn720L._AC_UY654_QL65_.jpg,1,,False,False,False,False,,"FREE delivery Thu, Sep 17",False,,,,,,,,,True,False
B0H6WRBSSQ,"Lenovo V14 14&quot; FHD 1920x1080 Laptop, 10-Core 13th Generation Intel i7-1355U, 16GB DDR4, 1TB SSD, Intel Iris Xe Graphics, Shared, Wi-Fi 6 720p HD Camera, Win11 Pro w/ONT 32GB USB",699.0,699.0,USD,,0,https://www.amazon.com/dp/B0H6WRBSSQ,https://m.media-amazon.com/images/I/61Vl7S70dfL._AC_UY654_QL65_.jpg,1,699.0,False,False,False,False,,"FREE delivery Sep 15 - 17Or fastest delivery Tomorrow, Sep 11",False,,,,,,,,,False,False
B0FCTFGTPY,"Dell 15.6 Laptop, AMD Ryzen 5 7520U with Radeon 610M, Windows 11 Home | FHD 120Hz IPS, LPDDR5, 512GB SSD, Wi‑Fi 5, Bluetooth, Carbon Black, DC15255 ENERGY STAR EPEAT",459.99,499.99,USD,4.3,224,https://www.amazon.com/dp/B0FCTFGTPY,https://m.media-amazon.com/images/I/71jQbkYw5KL._AC_UY654_QL65_.jpg,12,216.2,False,False,True,True,100+ bought in past month,"Join Prime to get FREE delivery Today 5 PM - 10 PMOr Non-members get FREE delivery Tue, Sep 15",False,,,,,,,,,False,True
B0D6PHQVSV,"ASUS Lightweight 15.5&quot; Full HD Laptop, Windows 11 Home OS, Intel Celeron Processor Up to 2.76GHz, 4GB LPDDR4, 128GB SSD, Backlit Keyboard, Star Black (Renewed)",256.99,256.99,USD,4.0,722,https://www.amazon.com/dp/B0D6PHQVSV,https://m.media-amazon.com/images/I/81iWt-wCcpL._AC_UY654_QL65_.jpg,7,226.0,False,False,True,False,100+ bought in past month,"Join Prime to get FREE delivery Today 5 PM - 10 PMOr Non-members get FREE delivery Tue, Sep 15",True,,,,,,,,,False,False
B0HB34JGXB,"Dell 16 Laptop DC16255 Touchscreen, 16GB DDR5, 1TB SSD, AMD Ryzen 7 250 | 16 TOPS AI NPU, Up to 5.1GHz, DDR5 5600MT/s, 16&quot; FHD+ IPS 300 Nits, Wi-Fi 6, Bluetooth, Numeric Keypad, Windows 11 Pro",897.8,897.8,USD,5.0,4,https://www.amazon.com/dp/B0HB34JGXB,https://m.media-amazon.com/images/I/71AFFokAMBL._AC_UY654_QL65_.jpg,4,889.0,False,False,False,False,,"FREE delivery Tomorrow, Sep 11",False,,,,,,,,,False,False
B0GXH4RJ37,"Dell Precision 7780 Mobile Workstation 17.3&quot; FHD Laptop, Intel Core i9-13950HX, 128GB RAM, 2TB NVMe SSD, NVIDIA RTX ADA 3500 12GB, HDMI, USB-C, Wi-Fi, BT - Windows 11 Pro - AI Copilot, Grey",,,USD,5.0,1,https://www.amazon.com/dp/B0GXH4RJ37,https://m.media-amazon.com/images/I/71XhHtKPP9L._AC_UY654_QL65_.jpg,2,,False,False,False,False,,"FREE delivery Fri, Sep 18",False,,,,,,,,,True,False
B0B2FB1KN7,"Dell Latitude 5520 Business Laptop, 15.6&quot; FHD Display, Intel Core i5-1135G7 vPRO, 16GB RAM, 512GB SSD, IR Camera, HDMI, Backlit Keyboard, Wi-Fi 6, RJ-45, Thunderbolt 4, Windows 11 Pro",999.21,999.21,USD,4.3,22,https://www.amazon.com/dp/B0B2FB1KN7,https://m.media-amazon.com/images/I/71lq44Ru6dL._AC_UY654_QL65_.jpg,2,449.99,False,False,False,False,,FREE delivery Sep 24 - 30,False,,,,,,,,,False,False
B0FDZ3XGXK,"Dell Alienware 18 Area-51 Gaming Laptop 18&quot; 2.5K WQXGA Anti-Glare Display (Intel Ultra 9 275HX, GeForce RTX 5090, 64GB DDR5, 2TB PCIe SSD, Wi-Fi 7, Backlit KYB, Bluetooth 5.4, Windows 11 Home)",,,USD,4.5,21,https://www.amazon.com/dp/B0FDZ3XGXK,https://m.media-amazon.com/images/I/61VUrc4sn7L._AC_UY654_QL65_.jpg,8,,False,False,False,False,,"FREE delivery Wed, Sep 16Or fastest delivery Tue, Sep 15Only 14 left in stock - order soon.",False,,Only 14 left in stock - order soon.,,,,,,,True,False
B0HBB7W9JV,"15.6&quot; AI Laptop with Office 365, 6GB RAM 128GB SSD, Win 11 Laptops | 7000mAh Battery, IPS FHD, 180°Viewing, Quad-Core Processor, Type-C, WiFi 5, Portable Thin Business Student Laptops",233.99,259.99,USD,4.3,21,https://www.amazon.com/dp/B0HBB7W9JV,https://m.media-amazon.com/images/I/71rwy1fJgWL._AC_UY654_QL65_.jpg,1,233.99,False,False,True,False,300+ bought in past month,"Join Prime to get FREE delivery Sun, Sep 13Or Non-members get FREE delivery Tue, Sep 15Only 15 left in stock - order soon.",True,Limited time deal,Only 15 left in stock - order soon.,,,,,,,False,True
B0BXRD41GM,"ASUS 2023 Vivobook Go 15 Laptop, 15.6&quot; FHD Display, AMD Ryzen 5 7520U Processor, 8GB RAM, 512GB SSD, Windows 11 Home, Mixed Black, E1504FA-AS52 ENERGY STAR",429.99,429.99,USD,4.3,148,https://www.amazon.com/dp/B0BXRD41GM,https://m.media-amazon.com/images/I/71tj1W5NoQL._AC_UY654_QL65_.jpg,1,429.99,False,False,True,True,400+ bought in past month,"Join Prime to get FREE delivery Tomorrow, Sep 11Or Non-members get FREE delivery Tue, Sep 15",False,,,,,,,,,False,False
B0HBPN2HQ8,"HP 2026 Essential Laptop, Intel CPU, 128GB Storage, Copilot AI+Office 365 | LED Display, Longtime Battery Life, Portable Size &amp; Lightweight, Windows 11 Home for Students &amp; Business",319.99,549.98,USD,4.5,12,https://www.amazon.com/dp/B0HBPN2HQ8,https://m.media-amazon.com/images/I/81TbkxaNk1L._AC_UY654_QL65_.jpg,1,319.99,False,False,False,False,,"FREE delivery Sat, Sep 12Or fastest delivery Tomorrow, Sep 11",False,Limited time deal,,,,,,,,False,True
B0GKFW8VCF,"Acer Aspire Laptop 2026, Touchscreen, Intel Ultra 7 258V, 32GB RAM+1TB SSD | Backlit KB, USB-C HUB, Lifetime Office 365, Long Battery Life, Windows 11 Home, Copilot AI for Business &amp; Creators, Gray",,,USD,4.8,42,https://www.amazon.com/dp/B0GKFW8VCF,https://m.media-amazon.com/images/I/81hTCEtkBmL._AC_UY654_QL65_.jpg,1,,False,False,False,False,50+ bought in past month,"FREE delivery Sat, Sep 12Or fastest delivery Tomorrow, Sep 11",False,Limited time deal,,,,,,,,True,False
B0H5NRTQZV,"2026 Latest 15.6&#x27;&#x27; Laptop Win 11, 12th Gen Intel 3.4GHz Quad-Core Processor (Beat i7-7600U), 8GB RAM 256GB SSD, 1080p FHD Display, Backlit Keyboard, 8000mAh Battery, Mini-HDMI, WiFi5, TF Card Slot",279.99,449.99,USD,5.0,5,https://www.amazon.com/dp/B0H5NRTQZV,https://m.media-amazon.com/images/I/617uSTZGAnL._AC_UY654_QL65_.jpg,1,279.99,False,False,True,False,,"Join Prime to get FREE delivery Tomorrow, Sep 11Or Non-members get FREE delivery Tue, Sep 15",False,,,,,,,,,False,True
B0H1DDM93V,"Lenovo ThinkPad E14 Gen 7 (14&quot;), Intel Core Ultra 7 258V, 32 GB LPDDR5X, 1 TB SSD, Intel Arc 140V GPU, Windows 11 Pro 64",,,USD,4.2,33,https://www.amazon.com/dp/B0H1DDM93V,https://m.media-amazon.com/images/I/61lTFYcJkQL._AC_UY654_QL65_.jpg,1,,False,False,False,False,,FREE delivery Sep 16 - 18Or fastest delivery Sep 16 - 17Only 4 left in stock - order soon.,False,,Only 4 left in stock - order soon.,,,,,,,True,False
B0FK453MMS,"Lenovo Legion Pro 7i Gen 10 w/Ultra 9, RTX 5090, 64GB RAM, 2TB,16” OLED | Gaming Laptop w/ Intel Core Ultra 9 275HX 24C, NVIDIA GeForce RTX 5090 24GB, 2TB NVMe SSD, WQXGA 500 nits 240Hz, Win 11 Home",,,USD,4.6,36,https://www.amazon.com/dp/B0FK453MMS,https://m.media-amazon.com/images/I/515W50hwJmL._AC_UY500_QL65_.jpg,7,,False,False,False,False,,"FREE delivery Thu, Sep 17Or fastest delivery Sep 11 - 14Only 1 left in stock - order soon.",False,,Only 1 left in stock - order soon.,,,,,,,True,False
B0H8SLBL9T,"HP 17.3&quot; FHD Laptop, 64GB RAM, 2TB SSD AMD Ryzen 5 7430U CPU | Fast Charge, AI Copilot Key, HDMI, Wi-Fi 6, Large Display, Windows 11 Pro Computer for Business &amp; Home w/Accessories",,,USD,4.7,48,https://www.amazon.com/dp/B0H8SLBL9T,https://m.media-amazon.com/images/I/71sAnZZGD6L._AC_UY654_QL65_.jpg,1,,False,False,False,False,100+ bought in past month,FREE delivery Sep 16 - 18Or fastest delivery Sep 15 - 16,False,Limited time deal,,,,,,,,True,False
B0H1BHS63H,"Lenovo 2026 laptop, 15.6&quot; FHD, 16GB DDR5, 512GB SSD, Copilot AI+Intel CPU | WiFi 6 &amp; Bluetooth, Windows 11 Home, Office 365, Long Battery Life &amp; Portable Design, Ideal for for Business &amp; Students",649.98,819.99,USD,4.4,54,https://www.amazon.com/dp/B0H1BHS63H,https://m.media-amazon.com/images/I/71WMFnjA4hL._AC_UY654_QL65_.jpg,1,649.98,False,False,False,False,50+ bought in past month,"FREE delivery Sat, Sep 12Or fastest delivery Tomorrow, Sep 11",False,Limited time deal,,,,,,,,False,True
B0HF3J55CY,"18.5 Inch Gaming Laptop with 7000 mAh Battery,AMD Ryzen 7430U UP to 4.3GHZ | AMD Radeon RX Vega 7,16GB DDR4 RAM 512GB SSD,WiFi 6,Type-C,2026 Windows 11 Laptops Computer for Business Office Student Global Recycled Standard",,,USD,4.6,12,https://www.amazon.com/dp/B0HF3J55CY,https://m.media-amazon.com/images/I/715V4VP-nfL._AC_UY654_QL65_.jpg,1,,False,False,False,True,New on Amazon in past month,"FREE delivery Sep 16 - 17Or fastest delivery Wed, Sep 16Only 19 left in stock - order soon.",True,,Only 19 left in stock - order soon.,You pay $919.99 with coupon,,,,,,True,False
B0H82PWX5B,"HP Essential 17.3&quot; HD+ Touchscreen Laptop with i7-1355U, 64GB DDR4+ 1TB | HD Camera with Privacy Shutter, Wi-Fi 6, Fingerprint Reader, Full-size Backlit Keyboard, Windows 11 Home, Silver",,,USD,5.0,1,https://www.amazon.com/dp/B0H82PWX5B,https://m.media-amazon.com/images/I/71Jl-aMs8tL._AC_UY654_QL65_.jpg,1,,False,False,False,False,,"FREE delivery Tomorrow, Sep 11",False,Save 5%,,,,,,,,True,False
B0H9XYGRW7,"Lenovo ThinkPad E16, Intel Ultra 5 225H, 64GB DDR5 &amp; 1TB SSD, Win 11 Pro | Laptop Computer for Business Daily Work, Fingerprint Reader, Backlit Keyboard, Long Battery Life &amp; Fast Charging, AI-Ready",,,USD,4.3,301,https://www.amazon.com/dp/B0H9XYGRW7,https://m.media-amazon.com/images/I/71XoySmzdWL._AC_UY654_QL65_.jpg,1,,False,False,False,False,,"FREE delivery Sat, Sep 12Or fastest delivery Tomorrow, Sep 11",False,,,,,,,,,True,False
B0DW6D21ZB,"HP ProBook 465 G11 Business Laptop, 16&quot; WUXGA IPS Display, AMD Ryzen 7 7735U Processor, Windows 11 Pro, FP Reader, Backlit KB, Wi-Fi 6E, PLUSERA 8-in-1 Hub, Pike Silver (16GB RAM | 1TB SSD)",,,USD,4.3,142,https://www.amazon.com/dp/B0DW6D21ZB,https://m.media-amazon.com/images/I/51VpvSmjBQL._AC_UY654_QL65_.jpg,1,,False,False,False,False,,"FREE delivery Sat, Sep 12",False,Limited time deal,,,,,,,,True,False
B0CNLX5Y8G,HP 15 Laptop in Silver Intel i3 8GB 256GB SSD 15.6in FHD W11 (DYS-Renewed),349.99,349.99,USD,4.5,50,https://www.amazon.com/dp/B0CNLX5Y8G,https://m.media-amazon.com/images/I/610nE-uYUEL._AC_UY654_QL65_.jpg,5,295.9,False,False,True,False,,"Join Prime to get FREE delivery Tomorrow, Sep 11Or Non-members get FREE delivery Tue, Sep 15",False,,,,,,,,,False,False
B0FT7FKTKP,"Dell Inspiron 15 3530 Touchscreen Laptop Computer, Core i7-1355U (Up to 5.0GHz), 15.6&quot; LED FHD, 32 GB RAM, 1 TB SSD, Intel Iris Xe Graphics, Wi-Fi 6, Copilot-AI, Windows 11 Pro",932.05,932.05,USD,4.2,3,https://www.amazon.com/dp/B0FT7FKTKP,https://m.media-amazon.com/images/I/61dWlzpebyL._AC_UY654_QL65_.jpg,1,932.05,False,False,False,False,,"FREE delivery Thu, Sep 17Or fastest delivery Tomorrow, Sep 11Only 9 left in stock - order soon.",False,,Only 9 left in stock - order soon.,,,,,,,False,False
B0G2T512W3,Lenovo Legion Pro 7i – AI-Powered Gaming Laptop – Intel® Core Ultra 7 255HX – 16&quot; WQXGA PureSight OLED Display – 240Hz – NVIDIA® GeForce RTX™ 5070 Ti – 32GB Memory – 2TB Storage – PC GamePass,,,USD,4.3,118,https://www.amazon.com/dp/B0G2T512W3,https://m.media-amazon.com/images/I/81SKqogPgCL._AC_UY654_QL65_.jpg,1,,False,False,False,False,,,False,,,,,,,,,True,False
B0D6GQ4ZMQ,"Lenovo V-Series V15 Business Laptop, 15.6&quot; FHD Display, AMD Ryzen 7 7730U, 16GB RAM, 512GB SSD, Numeric Keypad, HDMI, RJ45, Webcam, Wi-Fi, Windows 11 Pro, Black Global Recycled Standard",709.99,709.99,USD,4.3,67,https://www.amazon.com/dp/B0D6GQ4ZMQ,https://m.media-amazon.com/images/I/71TN6dLVcsL._AC_UY654_QL65_.jpg,6,659.99,False,False,False,True,50+ bought in past month,"FREE delivery Fri, Sep 18Or fastest delivery Tomorrow, Sep 11",False,,,,,,,,,False,False
B0G7J6X9X2,"HP Laptop 15&quot; FHD Computer 2026, Intel Processor, 16GB RAM, 256GB SSD | Long Battery Life, Lightweight Portable Design for Office, School &amp; Everyday Use, Microsoft 365, Windows 11 Home",549.99,549.99,USD,4.2,302,https://www.amazon.com/dp/B0G7J6X9X2,https://m.media-amazon.com/images/I/71-lP3fQRpL._AC_UY654_QL65_.jpg,1,549.99,False,False,False,False,100+ bought in past month,"FREE delivery Sat, Sep 12Or fastest delivery Tomorrow, Sep 11",False,Limited time deal,,,,,,,,False,False
B0G2X81X3B,"HP Stream 14&quot; HD Laptop, Intel Processor N150, 4GB RAM, 128GB UFS, Intel Graphics, Webcam, Wi-Fi 6, Long Battery Life, Copilot, Windows 11 S, Gold (Renewed)",208.99,208.99,USD,4.1,173,https://www.amazon.com/dp/B0G2X81X3B,https://m.media-amazon.com/images/I/71oB83qB7gL._AC_UY654_QL65_.jpg,10,203.95,False,False,False,False,100+ bought in past month,"FREE delivery Sep 17 - 18Or fastest delivery Wed, Sep 16",True,,,,,,,,,False,False
B0DZFVBQLK,"msi Katana 15 HX 15.6” 165Hz QHD+ Gaming Laptop: Intel Core i9-14900HX, NVIDIA Geforce RTX 5070, 32GB DDR5, 1TB NVMe SSD, RGB Keyboard, Win 11 Home: Black B14WGK-016US",,,USD,4.0,347,https://www.amazon.com/dp/B0DZFVBQLK,https://m.media-amazon.com/images/I/71TvKdAmIjL._AC_UY654_QL65_.jpg,3,,False,False,True,False,200+ bought in past month,"Join Prime to get FREE delivery Tomorrow, Sep 11Or Non-members get FREE delivery Tue, Sep 15",False,,,,,,,,,True,False
B0F95LM6WT,"HP OmniBook 7 Flip 16 inch 2-in-1 Next Gen AI PC, 3K OLED 120Hz Touchscreen Display, Intel Core Ultra 7 258V, 32 GB RAM, 1TB SSD, Intel Arc 140V GPU, Pen, Windows 11 Home, Copilot+ PC, Glacier Silver",,,USD,4.2,10,https://www.amazon.com/dp/B0F95LM6WT,https://m.media-amazon.com/images/I/71gaAuXt21L._AC_UY654_QL65_.jpg,14,,False,False,False,False,,"FREE delivery Fri, Sep 18Or fastest delivery Tomorrow, Sep 11Only 1 left in stock - order soon.",False,,Only 1 left in stock - order soon.,,,,,,,True,False
B0GX66CNNJ,"Lenovo 15.6&quot; Business Laptop, 2026 Edition, 8GB DDR5 128GB SSD, Win 11 | Intel 4-Core CPU, Copilot AI PC, WiFi 6, Fast DDR5 RAM, for Small Business, Students, Daily Office",399.99,459.99,USD,4.0,1567,https://www.amazon.com/dp/B0GX66CNNJ,https://m.media-amazon.com/images/I/71910zG0qmL._AC_UY654_QL65_.jpg,1,399.99,False,False,False,False,,"FREE delivery Sat, Sep 12Or fastest delivery Tomorrow, Sep 11",False,Limited time deal,,,,,,,,False,True
B08YWLZ2TK,Microsoft Surface Laptop 4 13.5” Touch-Screen – Intel Core i7 - 32GB - 1TB Solid State Drive - Matte Black,,,USD,4.2,63,https://www.amazon.com/dp/B08YWLZ2TK,https://m.media-amazon.com/images/I/71BaUXbaXsL._AC_UY654_QL65_.jpg,3,699.0,False,False,False,False,,"FREE delivery Fri, Sep 18Only 2 left in stock - order soon.",True,,Only 2 left in stock - order soon.,,,,,,,True,False
B0H2Y96D29,"NIMO 17.3&quot; AI Laptop, 12 Cores AMD Ryzen AI 9 HX 370 64GB RAM 4TB SSD | (Beat Ultra 9 285H Up to 5.1GHz), Radeon 890M, 100W Fast PD 144Hz FHD Backlit KB USB 4.0 for Gamer &amp; Business 2-Yr Warranty",,,USD,4.5,41,https://www.amazon.com/dp/B0H2Y96D29,https://m.media-amazon.com/images/I/71MA-m4YAuL._AC_UY654_QL65_.jpg,1,,False,False,True,False,,"Join Prime to get FREE delivery Tomorrow, Sep 11Or Non-members get FREE delivery Thu, Sep 17",True,Limited time deal,,,,,,,,True,False
B0GVDHN2YL,"HP 15.6&quot; Touchscreen Ultra 7 155H 2026 Edition AI Laptop,32GB DDR5 1TB SSD | Intel AI Boost &amp; Arc graphics, Backlit Keyboard, Long Life Battery,Fast Charging Wi-Fi 6, Windows 11H, w/PCO Laptop Cooler",,,USD,4.4,20,https://www.amazon.com/dp/B0GVDHN2YL,https://m.media-amazon.com/images/I/71rPakACqQL._AC_UY654_QL65_.jpg,1,,False,False,True,False,,"Join Prime to get FREE delivery Tomorrow, Sep 11Or Non-members get FREE delivery Thu, Sep 17",False,Limited time deal,,,,,,,,True,False
B0FCS9H2PN,ASUS Vivobook 14 2026 Business Laptop 14&quot; FHD 10-Core Intel i7-1355U 24GB DDR4 1TB SSD Intel Iris Xe Graphics Wi-Fi 5 Win11 Home w/ONT 32GB USB,768.0,768.0,USD,5.0,2,https://www.amazon.com/dp/B0FCS9H2PN,https://m.media-amazon.com/images/I/514F-bCZpLL._AC_UY654_QL65_.jpg,1,768.0,False,False,False,False,,"FREE delivery Thu, Sep 17Or fastest delivery Tomorrow, Sep 11Only 1 left in stock - order soon.",False,,Only 1 left in stock - order soon.,,,,,,,False,False
B0FPWWP83J,"ASUS Vivobook 16 Flip, 16&quot; 2-in-1 Laptop, Ultra 7 258V, 32GB DDR5, 1TB SSD | FHD+ OLED Touchscreen, &gt; Intel Ultra 9 185H, Thunderbolt 4, Backlit KB, AI PC for Business, Creator, Designer, Windows 11",,,USD,4.2,24,https://www.amazon.com/dp/B0FPWWP83J,https://m.media-amazon.com/images/I/71d9S2gYzVL._AC_UY654_QL65_.jpg,1,,False,False,False,False,,"FREE delivery Sat, Sep 12Or fastest delivery Tomorrow, Sep 11",False,Limited time deal,,,,,,,,True,False
B0GQXJNWWJ,"HP 17 Inch Laptop Touchscreen Computer, 17.3 HD+ Touch Screen Business Laptop PC, Intel 10-Core i7 Laptop Windows 11 Pro, 64GB RAM 2TB SSD, Backlit 10-Key Number Pad, Fingerprint, Wi-Fi 6",,,USD,4.7,10,https://www.amazon.com/dp/B0GQXJNWWJ,https://m.media-amazon.com/images/I/71SrN825y9L._AC_UY654_QL65_.jpg,1,,False,False,True,False,,"Join Prime to get FREE delivery Sat, Sep 12Or Non-members get FREE delivery Thu, Sep 17",False,,,,,,,,,True,False
B0D843J7QY,"HP Victus 15.6 i5 Premium Gaming Laptop, 15.6&quot; FHD 1920*1080 144Hz, Intel Core i5-12450H, NVIDIA GeForce RTX 3050, 32GB RAM, 1TB SSD, Backlit KB, Touchpad, SD Card Reader, HDMI, Wi-Fi 6, W11 P, Blue",,,USD,5.0,10,https://www.amazon.com/dp/B0D843J7QY,https://m.media-amazon.com/images/I/61EOXPmIg8L._AC_UY654_QL65_.jpg,1,,False,False,False,False,,"FREE delivery Tomorrow, Sep 11Only 16 left in stock - order soon.",False,,Only 16 left in stock - order soon.,,,,,,,True,False
B0G6Z22LWN,ASUS 2025 TUF Gaming A18 18” WUXGA 144Hz IPS Laptop 8-Core AMD Ryzen 7 260 NVIDIA GeForce RTX 5060 16GB DDR5 1TB NVMe SSD WiFi AX RJ-45 BT Webcam HDMI2.1 RGB Backlit KB Windows 11 Home w/RE USB,,,USD,4.3,3,https://www.amazon.com/dp/B0G6Z22LWN,https://m.media-amazon.com/images/I/51f9VGltdFL._AC_UY654_QL65_.jpg,10,,False,False,False,False,,FREE delivery Sep 15 - 17Only 1 left in stock - order soon.,False,,Only 1 left in stock - order soon.,,,,,,,True,False
B0DJB25PF7,"msi Thin 15 15.6” 144Hz FHD Gaming Laptop: Intel Core i7-13620H, NVIDIA Geforce RTX 4050, 16GB DDR4, 512GB NVMe SSD, WiFi 6E, Win 11: Black B13VE-2678US",994.99,994.99,USD,4.4,179,https://www.amazon.com/dp/B0DJB25PF7,https://m.media-amazon.com/images/I/71MfZpnDWRL._AC_UY654_QL65_.jpg,7,994.98,False,False,False,False,50+ bought in past month,"FREE delivery Mon, Sep 14Or fastest delivery Tomorrow, Sep 11Only 1 left in stock - order soon.",False,,Only 1 left in stock - order soon.,,,,,,,False,False
B0G4SW3XXP,"Samsung Galaxy S26 Ultra, Unlocked Android Smartphone, 512GB, Black | Privacy Display, Galaxy AI, AI Camera, Super Fast Charging 3.0, Durable Battery, 2026, US 1 Year Warranty",,,USD,4.6,1937,https://www.amazon.com/dp/B0G4SW3XXP,https://m.media-amazon.com/images/I/61UnzIc+97L._AC_UY654_QL65_.jpg,4,,False,False,True,False,1K+ bought in past month,"Join Prime to get FREE delivery Tomorrow, Sep 11Or Non-members get FREE delivery Tue, Sep 15",True,,,,,,,,,True,False
B0CP6DDN1H,Motorola Moto G Play LTE | Unlocked | Made for US 4/64GB | 50MP Camera | Sapphire Blue,99.99,149.99,USD,4.2,2000,https://www.amazon.com/dp/B0CP6DDN1H,https://m.media-amazon.com/images/I/61xk4XNRktL._AC_UY654_QL65_.jpg,4,89.99,False,False,True,False,3K+ bought in past month,"Join Prime to get FREE delivery Today 7 AM - 11 AMOr Non-members get FREE delivery Tue, Sep 15",True,,,,,,,,,False,True
B0DM1S54MZ,"Samsung Galaxy A16 4G LTE (128GB + 4GB) International Model SM-A165F/DS Factory Unlocked, 6.7&quot;, Dual SIM, 50MP Triple Camera (Case Bundle), Black",159.84,159.84,USD,4.3,5798,https://www.amazon.com/dp/B0DM1S54MZ,https://m.media-amazon.com/images/I/61Lp1UcxeLL._AC_UY654_QL65_.jpg,16,129.5,False,False,True,False,5K+ bought in past month,"Join Prime to get FREE delivery Today 5 PM - 10 PMOr Non-members get FREE delivery Tue, Sep 15",True,,,,,,,,,False,False
B0GHRHXVN1,"Google Pixel 10a - 30+ Hours Battery, Camera Coach, Gemini - Obsidian 128GB | Gemini Live, durable design, 7 years of Pixel Drops, 30+ hour battery, Camera Coach, Call Screen, Car Crash Detection ECOLOGO",499.0,499.0,USD,4.4,843,https://www.amazon.com/dp/B0GHRHXVN1,https://m.media-amazon.com/images/I/61-Uqovhk0L._AC_UY654_QL65_.jpg,2,419.16,False,False,True,True,1K+ bought in past month,"Join Prime to get FREE delivery Today 7 AM - 11 AMOr Non-members get FREE delivery Tue, Sep 15",True,,,,,,,,,False,False
B0FXY18C1J,"Samsung Galaxy A17 5G Smart Phone 128GB US 1 Yr Manufacturer Warranty Black | Large AMOLED, High-Res Camera, Durable Design, Super Fast Charging, Expandable Storage, Circle to Search, 2025",224.99,224.99,USD,4.0,1892,https://www.amazon.com/dp/B0FXY18C1J,https://m.media-amazon.com/images/I/71Ss7HzbhUL._AC_UY654_QL65_.jpg,2,162.03,False,False,True,False,2K+ bought in past month,"Join Prime to get FREE delivery Today 7 AM - 11 AMOr Non-members get FREE delivery Tue, Sep 15",True,,,,,,,,,False,False
B0BN71VW28,"Apple iPhone 14, 128GB, Purple - Unlocked (Renewed)",300.21,300.21,USD,4.0,13577,https://www.amazon.com/dp/B0BN71VW28,https://m.media-amazon.com/images/I/61KXZ+vfu3L._AC_UY654_QL65_.jpg,29,277.66,False,False,False,False,2K+ bought in past month,"FREE delivery Sat, Sep 12",True,,,,,,,,,False,False
B0FKKRW77S,BLU G35 | 2025 | Unlocked | 6.5” HD+ Infinity Display | Dual 8MP Camera + LED Flash 5MP Selfie Camera | 32GB/3GB I US Version | US Warranty | Grey,64.99,64.99,USD,3.1,464,https://www.amazon.com/dp/B0FKKRW77S,https://m.media-amazon.com/images/I/7124o-sbmzL._AC_UY654_QL65_.jpg,3,54.99,False,False,True,False,1K+ bought in past month,"Join Prime to get FREE delivery Today 5 PM - 10 PMOr Non-members get FREE delivery Tue, Sep 15",False,,,,,,,,,False,False
B0FTG3Z4YT,Tracfone Moto g Play 2024 Prepaid Phone with a 1-Yr Plan Included | Prepaid Smartphone with Full YR Plan Included bundled with 1500 Min/Text/Data for365 days of service - Locked to Tracfone,49.99,49.99,USD,4.0,454,https://www.amazon.com/dp/B0FTG3Z4YT,https://m.media-amazon.com/images/I/710iglrpEkL._AC_UY654_QL65_.jpg,1,49.99,False,False,True,False,3K+ bought in past month,"Join Prime to get FREE delivery Today 7 AM - 11 AMOr Non-members get FREE delivery Tue, Sep 15",False,,,,,,,,,False,False
B0FNS5XW5W,Motorola Moto G Stylus 5G | 2024 | Unlocked | Made for US 8/128GB | 50MP Camera | Caramel Latte,169.99,169.99,USD,4.4,3323,https://www.amazon.com/dp/B0FNS5XW5W,https://m.media-amazon.com/images/I/61LE9-6KxdL._AC_UY654_QL65_.jpg,2,146.18,False,False,True,False,1K+ bought in past month,"Join Prime to get FREE delivery Tomorrow, Sep 11Or Non-members get FREE delivery Tue, Sep 15",True,,,,,,,,,False,False
B08PP5MSVB,"Apple iPhone 12, 64GB, Black - Unlocked (Renewed)",186.0,186.0,USD,4.0,36239,https://www.amazon.com/dp/B08PP5MSVB,https://m.media-amazon.com/images/I/51fYXSnSu9L._AC_UY654_QL65_.jpg,35,167.75,False,False,False,False,4K+ bought in past month,"FREE delivery Sat, Sep 12Only 20 left in stock - order soon.",True,,Only 20 left in stock - order soon.,,,,,,,False,False
B0BZFXBS38,"Panasonic Cordless Phone with Answering Machine, Advanced Call Block, Bilingual Caller ID and High-Contrast Display, Expandable System with 3 Handset Cordless Telephones - KX-TGD833M (Metallic Black)",77.99,87.99,USD,4.3,11684,https://www.amazon.com/dp/B0BZFXBS38,https://m.media-amazon.com/images/I/71isTHvtYoL._AC_UY654_QL65_.jpg,2,45.62,False,False,True,False,3K+ bought in past month,Join Prime to get FREE delivery Today 7 AM - 11 AMOr Non-members get FREE delivery Sep 16 - 21,False,Limited time deal,,,,,,,,False,True
B0GMKRFK8G,"Samsung Galaxy A37 5G (2026), Unlocked Android Smartphone, 128GB, AMOLED Display, Triple Camera, IP68, Slim Phone, 5000mAh Battery, US Version, US 1 Yr Warranty, Awesome Lavender",429.99,429.99,USD,4.5,327,https://www.amazon.com/dp/B0GMKRFK8G,https://m.media-amazon.com/images/I/51PfnB-QHxL._AC_UY654_QL65_.jpg,2,344.83,False,False,True,False,500+ bought in past month,"Join Prime to get FREE delivery Today 5 PM - 10 PMOr Non-members get FREE delivery Tue, Sep 15",True,,,,,,,,,False,False
B0BZG14KFJ,"Panasonic Cordless Phone with Answering Machine, Advanced Call Block, Bilingual Caller ID and High-Contrast Display, Expandable System with 2 Handset Cordless Telephones - KX-TGD832M (Metallic Black)",67.99,67.99,USD,4.3,11684,https://www.amazon.com/dp/B0BZG14KFJ,https://m.media-amazon.com/images/I/81nkYlfA5ZL._AC_UY654_QL65_.jpg,2,31.96,False,False,True,False,6K+ bought in past month,"Join Prime to get FREE delivery Today 7 AM - 11 AMOr Non-members get FREE delivery Tue, Sep 15",False,,,,,,,,,False,False
B00FRSYS12,"VTech CS6719-2 2-Handset Cordless Phone with Caller ID/Call Waiting, Handset Intercom &amp; Backlit Display/Keypad, Silver",39.58,39.58,USD,4.4,39501,https://www.amazon.com/dp/B00FRSYS12,https://m.media-amazon.com/images/I/71HLNfFVCcL._AC_UY654_QL65_.jpg,7,25.93,False,False,True,False,4K+ bought in past month,"Join Prime to get FREE delivery Today 7 AM - 11 AMOr Non-members get FREE delivery Tue, Sep 15",False,,,,,,,,,False,False
B086QB7WZ1,"AT&amp;T BL102-2 DECT 6.0 2-Handset Cordless Phone for Home with Answering Machine, Call Blocking, Caller ID Announcer, Audio Assist, Intercom, and Unsurpassed Range, Silver/Black",55.99,64.95,USD,4.2,33658,https://www.amazon.com/dp/B086QB7WZ1,https://m.media-amazon.com/images/I/81vjTHTF9WL._AC_UY654_QL65_.jpg,3,26.32,False,False,True,False,4K+ bought in past month,"Join Prime to get FREE delivery Today 7 AM - 11 AMOr Non-members get FREE delivery Tue, Sep 15",False,Limited time deal,,,,,,,,False,True
B0F4RM7Y2L,"Apple iPhone 16e, 128GB, Black - Unlocked (Renewed)",386.35,386.35,USD,4.3,2065,https://www.amazon.com/dp/B0F4RM7Y2L,https://m.media-amazon.com/images/I/51H8+zCj2cL._AC_UY654_QL65_.jpg,33,349.99,False,False,True,False,4K+ bought in past month,"Join Prime to get FREE delivery Today 5 PM - 10 PMOr Non-members get FREE delivery Tue, Sep 15",True,,,,,,,,,False,False
B09LNP1ZHT,"Apple iPhone 13, 128GB, Pink - Unlocked (Renewed)",274.0,274.0,USD,4.0,27711,https://www.amazon.com/dp/B09LNP1ZHT,https://m.media-amazon.com/images/I/516QZcrv+dL._AC_UY654_QL65_.jpg,24,262.65,False,False,False,False,1K+ bought in past month,"FREE delivery Sat, Sep 12Only 1 left in stock - order soon.",True,,Only 1 left in stock - order soon.,,,,,,,False,False
B0GFWNZFFD,"Nothing Phone (4a) Pro Cell Phone 2026 New, Unlocked Android 16 Smartphone, Triple-Lens Camera, AI Photo Edits, 6.83&quot; 144Hz AMOLED Display, 5080mAh Battery, Dual-SIM Glyph Matrix (Sliver, 8+128GB)",499.0,499.0,USD,4.4,86,https://www.amazon.com/dp/B0GFWNZFFD,https://m.media-amazon.com/images/I/81wZGJM0zEL._AC_UY654_QL65_.jpg,2,449.7,False,False,True,False,200+ bought in past month,"Join Prime to get FREE delivery Tomorrow, Sep 11Or Non-members get FREE delivery Tue, Sep 15",True,,,,,,,,,False,False
B0FCJMPV9X,"Samsung Galaxy A16 5G 128GB Cell Phone, Unlocked Android Smartphone, Large AMOLED Display, Durable Design, Super Fast Charging, Expandable Storage, US Version, 2025, Blue Black (Renewed)",149.99,188.44,USD,3.8,842,https://www.amazon.com/dp/B0FCJMPV9X,https://m.media-amazon.com/images/I/71KGkQ+KOKL._AC_UY654_QL65_.jpg,15,119.99,False,False,False,False,2K+ bought in past month,"FREE delivery Sat, Sep 12Or fastest delivery Tomorrow, Sep 11",True,,,,,,,,,False,True
B0DP5FW9QQ,Motorola Moto G Power - 2025 | Unlocked | Made for US 8/128GB | 50MP Camera | Slate Gray,199.99,299.99,USD,4.2,3679,https://www.amazon.com/dp/B0DP5FW9QQ,https://m.media-amazon.com/images/I/81wWRI0DmjL._AC_UY654_QL65_.jpg,6,162.11,False,False,False,False,1K+ bought in past month,FREE delivery Sep 16 - 21Or fastest delivery Sep 16 - 19,True,,,,,,,,,False,True
B0DHJ896RY,"Apple iPhone 16 Pro Max, 256GB, Black Titanium - Unlocked (Renewed)",812.46,812.46,USD,4.2,3996,https://www.amazon.com/dp/B0DHJ896RY,https://m.media-amazon.com/images/I/51Vs7ZwpSpL._AC_UY654_QL65_.jpg,30,515.23,False,False,False,False,500+ bought in past month,"FREE delivery Sat, Sep 12Only 1 left in stock - order soon.",True,,Only 1 left in stock - order soon.,,,,,,,False,False
B0FTC2PRVZ,"Apple iPhone 17 Pro Max, US Version, 256GB, eSIM, Cosmic Orange- Unlocked (Renewed)",,,USD,4.0,452,https://www.amazon.com/dp/B0FTC2PRVZ,https://m.media-amazon.com/images/I/61TiU+-lnBL._AC_UY654_QL65_.jpg,12,,False,False,False,False,300+ bought in past month,"FREE delivery Sat, Sep 12Or fastest delivery Tomorrow, Sep 11Only 2 left in stock - order soon.",True,,Only 2 left in stock - order soon.,,,,,,,True,False
B0H12RV546,"Samsung Galaxy Z Fold8 Ultra Phone, 512GB, Graphite | Customized Processor, 5000 mAh Battery, Side-By-Side Multitasking, 12 GB Memory, 200MP Camera, Now Nudge, Photo Assist",,,USD,4.5,99,https://www.amazon.com/dp/B0H12RV546,https://m.media-amazon.com/images/I/518ueN+rmyL._AC_UY654_QL65_.jpg,1,,False,False,False,False,300+ bought in past month,"FREE delivery Tue, Sep 15Or fastest delivery Mon, Sep 14",True,Limited time deal,,,,,,,,True,False
B0CTQDMHBH,"VTech Cordless Phone with DECT 6.0, Full-Duplex Speakerphone, Lighted Display, Backlit Keypad, Caller ID/Call Waiting, Volume Control, Hearing Aid Compatible, Wall Mount | VG131-11 (Black)",23.25,23.25,USD,4.3,2606,https://www.amazon.com/dp/B0CTQDMHBH,https://m.media-amazon.com/images/I/71nvHU94v5L._AC_UY654_QL65_.jpg,2,11.14,False,False,True,False,3K+ bought in past month,"Join Prime to get FREE delivery Today 7 AM - 11 AM on eligible ordersOr Non-members get FREE delivery Tue, Sep 15 on $35 of items shipped by Amazon",False,,,,,,,,,False,False
B0C4Q796XC,"Samsung Galaxy S23+ Plus 5G, US Version, 256GB, Phantom Black - Unlocked (Renewed)",309.95,309.95,USD,4.1,2212,https://www.amazon.com/dp/B0C4Q796XC,https://m.media-amazon.com/images/I/51yz4TrDNdL._AC_UY654_QL65_.jpg,48,259.99,False,False,False,False,1K+ bought in past month,"FREE delivery Tomorrow, Sep 11",True,,,,,,,,,False,False
B088NQXD8T,"Apple iPhone SE 2nd Generation, US Version, 64GB, Black - Unlocked (Renewed)",105.49,105.49,USD,4.2,22693,https://www.amazon.com/dp/B088NQXD8T,https://m.media-amazon.com/images/I/71Ta1OO00fL._AC_UY654_QL65_.jpg,32,84.99,False,False,True,False,2K+ bought in past month,"Join Prime to get FREE delivery Today 5 PM - 10 PMOr Non-members get FREE delivery Tue, Sep 15",True,,,,,,,,,False,False
B09R1RKWPM,"AT&amp;T TRIMLINE 210 Corded Home Phone, No AC Power Required, Improved Easy-Wall-Mount, Lighted Big Button Keypad, 13 SpeedDial Keys, Last Number Redial, Mute, Flash, Volume Control, Beige",18.25,18.25,USD,4.2,23691,https://www.amazon.com/dp/B09R1RKWPM,https://m.media-amazon.com/images/I/513BOfWJrmL._AC_UY654_QL65_.jpg,2,14.52,False,False,True,False,1K+ bought in past month,"Join Prime to get FREE delivery Today 5 PM - 10 PM on eligible ordersOr Non-members get FREE delivery Tue, Sep 15 on $35 of items shipped by Amazon",False,,,,,,,,,False,False
B0DPGBSKR2,"Samsung Galaxy S25+ Cell Phone, 256GB Smartphone, Unlocked Android, AI Night Mode Camera, Snapdragon 8 Elite Fast Processor, ProScaler Display, 4900mAh Battery, 2025, US 1 Yr Warranty, Navy ECOLOGO EPEAT",729.99,729.99,USD,4.6,958,https://www.amazon.com/dp/B0DPGBSKR2,https://m.media-amazon.com/images/I/61YvMOsT47L._AC_UY654_QL65_.jpg,1,729.99,False,False,False,True,2K+ bought in past month,"FREE delivery Sat, Sep 12Or fastest delivery Tomorrow, Sep 11",True,,,,,,,,,False,False
B0C544TBQM,"Samsung Galaxy S23 Ultra 5G, US Version, 256GB, Phantom Black - Unlocked (Renewed)",423.99,423.99,USD,3.9,3496,https://www.amazon.com/dp/B0C544TBQM,https://m.media-amazon.com/images/I/71iBKcLHXFL._AC_UY654_QL65_.jpg,35,379.98,False,False,False,False,1K+ bought in past month,"FREE delivery Sat, Sep 12Or fastest delivery Tomorrow, Sep 11",True,,,,,,,,,False,False
B0DHJCYNS7,"Apple iPhone 16, 128GB, Teal - Unlocked (Renewed)",558.25,558.25,USD,4.0,2587,https://www.amazon.com/dp/B0DHJCYNS7,https://m.media-amazon.com/images/I/71dAfxOFDuL._AC_UY654_QL65_.jpg,29,547.08,False,False,False,False,300+ bought in past month,"FREE delivery Sat, Sep 12Only 1 left in stock - order soon.",True,,Only 1 left in stock - order soon.,,,,,,,False,False
B0DNRK51QQ,Moto G - 2025 | Unlocked | Made for US 4/128GB | 50MP Camera | Forest Gray,79.9,79.9,USD,4.3,1523,https://www.amazon.com/dp/B0DNRK51QQ,https://m.media-amazon.com/images/I/8160OiLlJEL._AC_UY654_QL65_.jpg,36,79.9,False,False,False,False,500+ bought in past month,,True,,,,,,,,,False,False
B0F7K3TVTP,"Samsung Galaxy Zflip7 FE Cell Phone (2025), 256GB AI Smartphone, JetBlack | Unlocked Android, Large Display, 4900mAh Battery, High Res-Camera, AI Photo Edits, Durable, US 1 Yr Warranty",649.99,999.99,USD,4.4,271,https://www.amazon.com/dp/B0F7K3TVTP,https://m.media-amazon.com/images/I/61BxDsfgT0L._AC_UY654_QL65_.jpg,5,607.45,False,False,True,False,400+ bought in past month,"Join Prime to get FREE delivery Today 5 PM - 10 PMOr Non-members get FREE delivery Tue, Sep 15",True,,,,,,,,,False,True
B086QCGQ8C,"AT&amp;T BL102-3 DECT 6.0 3-Handset Cordless Phone for Home with Answering Machine, Call Blocking, Caller ID Announcer, Audio Assist, Intercom, and Unsurpassed Range, Silver/Black",84.95,84.95,USD,4.2,33658,https://www.amazon.com/dp/B086QCGQ8C,https://m.media-amazon.com/images/I/81xDumBYGBL._AC_UY654_QL65_.jpg,2,39.06,False,False,True,False,1K+ bought in past month,"Join Prime to get FREE delivery Today 7 AM - 11 AMOr Non-members get FREE delivery Tue, Sep 15",False,,,,,,,,,False,False
B0FXY1DZ78,"Samsung Galaxy A17 5G Smart Phone 128GB, US 1 Yr Manufacturer Warranty Blue | Large AMOLED, High-Res Camera, Durable Design, Super Fast Charging, Expandable Storage, Circle to Search, 2025",224.99,249.99,USD,4.0,1892,https://www.amazon.com/dp/B0FXY1DZ78,https://m.media-amazon.com/images/I/710u7UnAyWL._AC_UY654_QL65_.jpg,2,168.26,False,False,True,False,2K+ bought in past month,"Join Prime to get FREE delivery Tomorrow, Sep 11Or Non-members get FREE delivery Tue, Sep 15",True,,,,,,,,,False,True
B0D6YNPWPM,White OF-990 Slimline Wall-Mountable Basic Corded Telephone No AC Power Required,11.0,11.0,USD,4.0,703,https://www.amazon.com/dp/B0D6YNPWPM,https://m.media-amazon.com/images/I/61KSOYQQfwL._AC_UY654_QL65_.jpg,1,11.0,False,False,True,False,1K+ bought in past month,"Join Prime to get FREE delivery Today 7 AM - 11 AM on eligible ordersOr Non-members get FREE delivery Tue, Sep 15 on $35 of items shipped by Amazon",False,,,,,,,,,False,False
B09VD33WHW,"Samsung Galaxy S22 Ultra 5G, US Version, 128GB, Black - Unlocked (Renewed)",329.99,329.99,USD,3.8,10290,https://www.amazon.com/dp/B09VD33WHW,https://m.media-amazon.com/images/I/613Fp7fknhL._AC_UY654_QL65_.jpg,33,289.99,False,False,False,False,500+ bought in past month,"FREE delivery Sat, Sep 12",True,,,,,,,,,False,False
B0FTG1LVZR,"Tracfone Motorola Moto G 2025, 64GB, Saphire Blue (Locked to | Prepaid Smartphone- 6.6&quot; 120Hz Display, 5G , 50MP Quad Pixel Camera, Long-Lasting Battery",49.88,49.88,USD,4.3,285,https://www.amazon.com/dp/B0FTG1LVZR,https://m.media-amazon.com/images/I/81RYmvqhYrL._AC_UY654_QL65_.jpg,1,49.88,False,False,True,False,2K+ bought in past month,"Join Prime to get FREE delivery Tomorrow, Sep 11Or Non-members get FREE delivery Tue, Sep 15",False,,,,,,,,,False,False
B0FXBRKCGQ,"Motorola Moto G Power - 2026 | Unlocked | Made for US 8/128GB | 50MP Camera | Pantone Evening Blue | AI Camera System, Military Grade, Ram Boost",399.99,399.99,USD,4.2,3679,https://www.amazon.com/dp/B0FXBRKCGQ,https://m.media-amazon.com/images/I/61H10YOG9zL._AC_UY654_QL65_.jpg,2,315.95,False,False,True,False,200+ bought in past month,"Join Prime to get FREE delivery Tomorrow, Sep 11Or Non-members get FREE delivery Tue, Sep 15",True,,,,,,,,,False,False
B0FSCRCDYC,"OnePlus 15, 16GB RAM + 512GB Storage, Dual-SIM, Unlocked Android Smartphone, Snapdragon 8 Elite Gen 5, 7300mAh Battery, Sand Storm",584.09,584.09,USD,4.6,327,https://www.amazon.com/dp/B0FSCRCDYC,https://m.media-amazon.com/images/I/61Dsln0iM0L._AC_UY654_QL65_.jpg,3,584.09,False,False,False,False,,,True,,,,,,,,,False,False
B0F3DHRDGL,"Samsung Galaxy S25 5G, 128GB + 12GB RAM, Silver Shadow - Unlocked (Renewed)",431.89,739.99,USD,3.8,663,https://www.amazon.com/dp/B0F3DHRDGL,https://m.media-amazon.com/images/I/61AeV7RJgYL._AC_UY654_QL65_.jpg,16,384.98,False,False,False,False,400+ bought in past month,"FREE delivery Sat, Sep 12Or fastest delivery Tomorrow, Sep 11Only 6 left in stock - order soon.",True,,Only 6 left in stock - order soon.,,,,,,,False,True
B07ZPKN6YR,"Apple iPhone 11, 64GB, Black - Unlocked (Renewed)",172.0,172.0,USD,4.2,60091,https://www.amazon.com/dp/B07ZPKN6YR,https://m.media-amazon.com/images/I/61MG3m5FhIL._AC_UY654_QL65_.jpg,32,141.99,False,False,False,False,1K+ bought in past month,"FREE delivery Sat, Sep 12",True,,,,,,,,,False,False
B0F5ZH7CJS,"Motorola Moto G 2025, 128GB + 4GB RAM, Forest Gray - Unlocked (Renewed)",124.59,124.59,USD,3.7,353,https://www.amazon.com/dp/B0F5ZH7CJS,https://m.media-amazon.com/images/I/8160OiLlJEL._AC_UY654_QL65_.jpg,10,99.99,False,False,True,False,1K+ bought in past month,"Join Prime to get FREE delivery Tomorrow, Sep 11Or Non-members get FREE delivery Tue, Sep 15Only 6 left in stock - order soon.",False,,Only 6 left in stock - order soon.,,,,,,,False,False
B0CNNNYPPR,KYOCERA NEW E4830 DuraXE Epic AT&amp;T/T-Mobile Flip Phone 16GB Rugged 4G LTE Black (2 Year Kyocera Warranty) Kosher NO Verizon,199.95,199.95,USD,3.7,151,https://www.amazon.com/dp/B0CNNNYPPR,https://m.media-amazon.com/images/I/415D7aY6OlL._AC_UY500_QL65_.jpg,4,129.99,False,False,False,False,100+ bought in past month,"FREE delivery Tue, Sep 15Or fastest delivery Mon, Sep 14",False,,,,,,,,,False,False
B0FRKS39NK,"Apple iPhone 17, US Version, 256GB, eSIM, Mist Blue- Unlocked (Renewed) | eSIM",750.0,750.0,USD,4.2,351,https://www.amazon.com/dp/B0FRKS39NK,https://m.media-amazon.com/images/I/41jF6OMkD8L._AC_UY654_QL65_.jpg,7,728.97,False,False,False,False,100+ bought in past month,"FREE delivery Mon, Sep 14Or fastest delivery Tomorrow, Sep 11Only 2 left in stock - order soon.",True,,Only 2 left in stock - order soon.,,,,,,,False,False
B08HBPXM97,Kyocera DuraXV Extreme E4810 Verizon Rugged LTE Flip Basic Cell Phone Camera GPS Black- (Renewed),141.95,275.99,USD,3.8,398,https://www.amazon.com/dp/B08HBPXM97,https://m.media-amazon.com/images/I/31AfWWG+jWL._AC_UY400_QL65_.jpg,4,109.0,False,False,False,False,200+ bought in past month,FREE delivery Sep 19 - 24Or fastest delivery Sep 19 - 22,False,,,,,,,,,False,True
B0H6QZNRVM,"Samsung Galaxy A57 5G 2026 | 256GB, 8GB, Dual SIM | 6.7&quot; 120 Hz, Super AMOLED Plus, IP68 Water Resistant, Android 16 | International Model Factory Unlocked for Global",425.0,425.0,USD,4.9,15,https://www.amazon.com/dp/B0H6QZNRVM,https://m.media-amazon.com/images/I/41bnJK4NQcL._AC_UY654_QL65_.jpg,5,389.0,False,False,True,False,200+ bought in past month,"Join Prime to get FREE delivery Tomorrow, Sep 11Or Non-members get FREE delivery Tue, Sep 15",True,,,,,,,,,False,False
B0C4XKNH7Q,Google Pixel 7 128GB 5G Smartphone - Unlocked for All Carriers - US Version - (Snow),279.0,279.0,USD,3.8,34,https://www.amazon.com/dp/B0C4XKNH7Q,https://m.media-amazon.com/images/I/61ELsg3LR3L._AC_UY654_QL65_.jpg,3,249.99,False,False,False,False,100+ bought in past month,"FREE delivery Sat, Sep 12Only 10 left in stock - order soon.",False,,Only 10 left in stock - order soon.,,,,,,,False,False
B0C1Q3MVBP,"Samsung Galaxy A14 5G, 64GB, Black - Unlocked (Renewed)",104.44,104.44,USD,3.8,2437,https://www.amazon.com/dp/B0C1Q3MVBP,https://m.media-amazon.com/images/I/71L1ezoIH9L._AC_UY654_QL65_.jpg,13,83.11,False,False,False,False,1K+ bought in past month,"FREE delivery Tue, Sep 15Or fastest delivery Mon, Sep 14",False,,,,,,,,,False,False
B0DFHRH11D,"Tracfone, TCL FLIP 3, SIM Card Included Flip Phone (Locked to | 16GB, Stone Gray, 5MP Video Capable Camera, Locked [Sim Card Included - Separate Purchase Not Necessary]",19.88,29.88,USD,3.9,1035,https://www.amazon.com/dp/B0DFHRH11D,https://m.media-amazon.com/images/I/71pHd1TnzWL._AC_UY654_QL65_.jpg,1,19.88,False,False,True,False,4K+ bought in past month,"Join Prime to get FREE delivery Today 7 AM - 11 AM on eligible ordersOr Non-members get FREE delivery Tue, Sep 15 on $35 of items shipped by Amazon",False,,,,,,,,,False,True
B0DT9QDY82,"AT&amp;T 4-Handset DECT 6.0 Cordless Home and Business Phone with Answering Machine, 5&quot; Color Display, One-Touch Shortcut, Conference, Intercom, Smart Call Blocker, Bluetooth Connect to Cell: DLP73490",169.95,169.95,USD,4.2,4787,https://www.amazon.com/dp/B0DT9QDY82,https://m.media-amazon.com/images/I/81XZIN-8xhL._AC_UY654_QL65_.jpg,2,79.88,False,False,True,False,200+ bought in past month,"Join Prime to get FREE delivery Today 5 PM - 10 PMOr Non-members get FREE delivery Tue, Sep 15",False,,,,,,,,,False,False
B0FWT2YZV7,"Motorola Moto g - 2026 | Unlocked | Made for US 4/128GB | 50MP Camera | Pantone Slipstream, Cellular_Phone",292.4,292.4,USD,4.3,1523,https://www.amazon.com/dp/B0FWT2YZV7,https://m.media-amazon.com/images/I/61tdTfBYahL._AC_UY654_QL65_.jpg,4,125.12,False,False,True,False,400+ bought in past month,"Join Prime to get FREE delivery Today 5 PM - 10 PMOr Non-members get FREE delivery Tue, Sep 15",True,,,,,,,,,False,False
B09V9Z1WLN,"Samsung Galaxy S22 5G, US Version, 128GB, Pink Gold - Unlocked (Renewed)",202.0,202.0,USD,3.9,3711,https://www.amazon.com/dp/B09V9Z1WLN,https://m.media-amazon.com/images/I/61ED3+v4aLL._AC_UY654_QL65_.jpg,24,165.86,False,False,False,False,400+ bought in past month,"FREE delivery Tomorrow, Sep 11Only 18 left in stock - order soon.",True,,Only 18 left in stock - order soon.,,,,,,,False,False
B0GQ8V12F1,"Mini Smartphone 3.0&quot; Android Mini Phone World&#x27;s Smallest Phone for Student | WiFi APP Download/GPS/Face ID/Expandable memory/Camera/Video Call,Phone for Travel Backup&amp;Digital Detox,Gift for Kid,Orange",38.99,38.99,USD,3.4,185,https://www.amazon.com/dp/B0GQ8V12F1,https://m.media-amazon.com/images/I/61EJTTW96yL._AC_UY654_QL65_.jpg,1,38.99,False,False,True,False,300+ bought in past month,"Join Prime to get FREE delivery Tomorrow, Sep 11Or Non-members get FREE delivery Tue, Sep 15",True,,,,,,,,,False,False
B0FG1WDRTZ,"Samsung Galaxy S25 FE Cell Phone (2025), 128GB AI Smartphone, JetBlack | Unlocked Android, Large Display, 4900mAh Battery, High Res-Camera, AI Photo Edits, Durable, US 1 Yr Warranty",592.94,649.99,USD,4.6,1251,https://www.amazon.com/dp/B0FG1WDRTZ,https://m.media-amazon.com/images/I/61JvXODKxOL._AC_UY654_QL65_.jpg,4,293.51,False,False,False,False,300+ bought in past month,"FREE delivery Sat, Sep 12Only 1 left in stock - order soon.",True,,Only 1 left in stock - order soon.,,,,,,,False,True
B0FMYX276H,BLU Bold N4 5G | Unlocked | 6.78” Curved Display + 1.74” Rear Display | 50MP + 16MP Selfie | 512/8GB I NFC I Android 15 | US Version | US Warranty | White,324.99,324.99,USD,4.4,228,https://www.amazon.com/dp/B0FMYX276H,https://m.media-amazon.com/images/I/71GqZQu4Z9L._AC_UY654_QL65_.jpg,2,244.99,False,False,True,False,100+ bought in past month,"Join Prime to get FREE delivery Today 5 PM - 10 PMOr Non-members get FREE delivery Tue, Sep 15",False,,,,,,,,,False,False
B0D3JKR27K,Motorola razr | 2024 | Unlocked | Made for US 8/256GB | 50MP Camera | Spritz Orange,389.48,389.48,USD,4.3,568,https://www.amazon.com/dp/B0D3JKR27K,https://m.media-amazon.com/images/I/61-cT5bWFZL._AC_UY654_QL65_.jpg,3,299.3,False,False,True,False,200+ bought in past month,"Join Prime to get FREE delivery Tomorrow, Sep 11Or Non-members get FREE delivery Tue, Sep 15",True,,,,,,,,,False,False
B0BDY71GRG,"Apple iPhone SE 3rd Gen, 64GB, Midnight - Unlocked (Renewed)",133.89,133.89,USD,3.9,5943,https://www.amazon.com/dp/B0BDY71GRG,https://m.media-amazon.com/images/I/61-wAIWB8NL._AC_UY654_QL65_.jpg,51,76.54,False,False,True,False,2K+ bought in past month,"Join Prime to get FREE delivery Today 5 PM - 10 PMOr Non-members get FREE delivery Tue, Sep 15",True,,,,,,,,,False,False
B0GYPTN1ZF,"Rogue R67S Unlocked 4G LTE Smartphone for T-Mobile &amp; AT&amp;T Networks, Android 15 Go, 6.8-Inch HD+ Display, 3GB RAM + 3GB Extended Memory, 32GB Storage, 4,000mAh Removable Battery, Black",59.99,69.99,USD,3.1,45,https://www.amazon.com/dp/B0GYPTN1ZF,https://m.media-amazon.com/images/I/51CLLSav04L._AC_UY654_QL65_.jpg,1,59.99,False,False,True,False,500+ bought in past month,"Join Prime to get FREE delivery Tomorrow, Sep 11Or Non-members get FREE delivery Tue, Sep 15",False,,,,,,,,,False,True
B0FMDDYZ1L,"Samsung Galaxy A17 5G A176 Dual Sim 4GB RAM 128GB - Black - 128, W129189135 (4GB RAM 128GB - Black - 128 GB)",204.5,204.5,USD,4.3,224,https://www.amazon.com/dp/B0FMDDYZ1L,https://m.media-amazon.com/images/I/51meMM2yYoL._AC_UY654_QL65_.jpg,1,204.5,False,False,True,False,100+ bought in past month,"Join Prime to get FREE delivery Tomorrow, Sep 11Or Non-members get FREE delivery Tue, Sep 15Only 8 left in stock - order soon.",False,,Only 8 left in stock - order soon.,,,,,,,False,False
B0HJ1L51G7,"12x50 High Power HD Monocular Telescope with Phone Adapter &amp; Tripod, Waterproof Compact Monocular for Bird Watching, Hiking, Camping - Clear Low Light Vision",139.99,139.99,USD,5.0,5,https://www.amazon.com/dp/B0HJ1L51G7,https://m.media-amazon.com/images/I/712ZGRqWgSL._AC_UY654_QL65_.jpg,1,139.99,False,False,True,False,New on Amazon in past month,"Join Prime to get FREE delivery Today 5 PM - 10 PMOr Non-members get FREE delivery Tue, Sep 15",False,,,,,,,,,False,False
B0CVYKL34H,"Google Pixel 8 5G,US Version, 128 GB Obsidian - Unlocked (Renewed)",288.96,684.75,USD,3.5,1023,https://www.amazon.com/dp/B0CVYKL34H,https://m.media-amazon.com/images/I/81Gn0pTWnBL._AC_UY654_QL65_.jpg,11,258.99,False,False,False,False,500+ bought in past month,"FREE delivery Tue, Sep 15Only 12 left in stock - order soon.",True,,Only 12 left in stock - order soon.,,,,,,,False,True
B0B6D53G2V,"Samsung Galaxy S22+ Plus 5G, US Version, 256GB, Phantom Black - Unlocked (Renewed)",229.95,249.0,USD,4.2,1698,https://www.amazon.com/dp/B0B6D53G2V,https://m.media-amazon.com/images/I/61R5xNY4ZWL._AC_UY654_QL65_.jpg,22,194.89,False,False,False,False,300+ bought in past month,"FREE delivery Tomorrow, Sep 11Only 4 left in stock - order soon.",True,,Only 4 left in stock - order soon.,,,,,,,False,True
B0F2G65NZP,Motorola Razr Ultra 2025 | Unlocked | Made for US 16/512GB | 50MP Camera | Pantone Cabaret,799.99,799.99,USD,4.1,214,https://www.amazon.com/dp/B0F2G65NZP,https://m.media-amazon.com/images/I/71EB7IonH8L._AC_UY654_QL65_.jpg,2,631.99,False,False,True,False,50+ bought in past month,"Join Prime to get FREE delivery Tomorrow, Sep 11Or Non-members get FREE delivery Tue, Sep 15",True,,,,,,,,,False,False
B0F9XZD976,"Nothing Phone (3) Cell Phone, 5G Unlocked Phones 256GB, Android 15, Snapdragon 8s Gen4, AI Mobile Phones with Four 50MP Cameras &amp; AMOLED Display, 5150mAh, Glyph Interface, Smartphone White",699.0,799.0,USD,4.0,122,https://www.amazon.com/dp/B0F9XZD976,https://m.media-amazon.com/images/I/51xHUFqPx9L._AC_UY654_QL65_.jpg,2,569.05,False,False,False,False,100+ bought in past month,"FREE delivery Tue, Sep 15Only 1 left in stock (more on the way).",True,,Only 1 left in stock (more on the way).,,,,,,,False,True
B0CSGK59ZB,"Panasonic Corded Phone/Cordless Phone with Answering Machine, Advanced Call Block and 2-Way Recording, 2 Handsets Expandable up to 6 Cordless Handsets, Landline Telephone - KX-TGF852B (Black)",134.99,134.99,USD,4.2,803,https://www.amazon.com/dp/B0CSGK59ZB,https://m.media-amazon.com/images/I/81ngV9Xg7hL._AC_UY654_QL65_.jpg,5,85.67,False,False,True,False,800+ bought in past month,"Join Prime to get FREE delivery Tomorrow, Sep 11Or Non-members get FREE delivery Tue, Sep 15",False,,,,,,,,,False,False
B0CRPQ8W8X,"Samsung Galaxy S23 FE 5G, US Version, 128GB, Black - Unlocked (Renewed)",229.0,409.99,USD,4.2,1067,https://www.amazon.com/dp/B0CRPQ8W8X,https://m.media-amazon.com/images/I/71iQPXoiWYL._AC_UY654_QL65_.jpg,22,189.0,False,False,False,False,500+ bought in past month,"FREE delivery Sat, Sep 12Or fastest delivery Tomorrow, Sep 11",True,,,,,,,,,False,True
B0B9M14Z1V,"Samsung Galaxy S21 FE 5G, 128GB, Graphite - Unlocked (Renewed) | 6.4&quot; Display",149.0,149.0,USD,4.1,228,https://www.amazon.com/dp/B0B9M14Z1V,https://m.media-amazon.com/images/I/61FzowS3k2L._AC_UY654_QL65_.jpg,12,137.95,False,False,False,False,100+ bought in past month,"FREE delivery Sat, Sep 12",False,,,,,,,,,False,False
B0C8BW1P3Q,"Google Pixel 7a 5G, 128GB, Charcoal - Unlocked (Renewed)",179.95,179.95,USD,3.7,811,https://www.amazon.com/dp/B0C8BW1P3Q,https://m.media-amazon.com/images/I/61r7cCpQPlL._AC_UY654_QL65_.jpg,7,174.9,False,False,False,False,500+ bought in past month,"FREE delivery Wed, Sep 16Or fastest delivery Sat, Sep 12",True,,,,,,,,,False,False
B007B5VH0E,"AT&amp;T CL4940 Corded Phone with Digital Answering System, Caller ID, Large Tilt Display",49.99,52.95,USD,4.4,14542,https://www.amazon.com/dp/B007B5VH0E,https://m.media-amazon.com/images/I/71IRO2MM2TL._AC_UY654_QL65_.jpg,42,31.79,False,False,True,False,1K+ bought in past month,"Join Prime to get FREE delivery Tomorrow, Sep 11Or Non-members get FREE delivery Tue, Sep 15",False,,,,,,,,,False,True
B08VLMQ3KS,"Samsung Galaxy S21 5G, US Version, 128GB, Phantom Gray - Unlocked (Renewed) | Unlocked",183.57,289.88,USD,4.0,15766,https://www.amazon.com/dp/B08VLMQ3KS,https://m.media-amazon.com/images/I/61XyNdmvr6L._AC_UY654_QL65_.jpg,29,132.0,False,False,True,False,1K+ bought in past month,"Join Prime to get FREE delivery Tomorrow, Sep 11Or Non-members get FREE delivery Tue, Sep 15Only 5 left in stock - order soon.",True,,Only 5 left in stock - order soon.,,,,,,,False,True
B0F49DQKT8,"SAMSUNG Galaxy A36 5G 2025 | 256GB, Dual SIM | 6.7&quot; 120Hz AMOLED, IP67 Water Resistant, Android 15 | International Model Factory Unlocked for T-Mobile &amp; Global | 25W Fast Charger Bundle (Black)",310.0,310.0,USD,4.3,473,https://www.amazon.com/dp/B0F49DQKT8,https://m.media-amazon.com/images/I/41CtyAEAmrL._AC_UY654_QL65_.jpg,1,310.0,False,False,False,False,400+ bought in past month,"FREE delivery Thu, Sep 17Only 2 left in stock - order soon.",True,,Only 2 left in stock - order soon.,,,,,,,False,False
B0DNLLMVBX,Samsung Galaxy A06 4G LTE (64GB + 4GB) Latin Version SM-A065M/DS Factory Unlocked 6.7&quot; Dual Sim 50MP Dual Cam (Case Bundle) - (Black),115.73,115.73,USD,4.5,363,https://www.amazon.com/dp/B0DNLLMVBX,https://m.media-amazon.com/images/I/21Ccz1qMSWL._AC_UY256_QL65_.jpg,5,99.4,False,False,True,False,500+ bought in past month,"Join Prime to get FREE delivery Tomorrow, Sep 11Or Non-members get FREE delivery Tue, Sep 15Only 5 left in stock - order soon.",True,,Only 5 left in stock - order soon.,,,,,,,False,False
B09V5LDZQ4,"Samsung Galaxy S22 5G, 128GB, Phantom Black - Unlocked (Renewed)",192.0,192.0,USD,3.9,2739,https://www.amazon.com/dp/B09V5LDZQ4,https://m.media-amazon.com/images/I/61M4ndNetDL._AC_UY654_QL65_.jpg,23,149.99,False,False,False,False,1K+ bought in past month,"FREE delivery Sat, Sep 12",False,,,,,,,,,False,False
B0DRLMLMVX,"T-Mobile Revvl 7 Pro 5G Unlocked Smartphone, 256GB, Azurite Blue",126.99,126.99,USD,3.9,318,https://www.amazon.com/dp/B0DRLMLMVX,https://m.media-amazon.com/images/I/51Aux7GAksL._AC_UY654_QL65_.jpg,5,119.5,False,False,True,False,500+ bought in past month,"Join Prime to get FREE delivery Tomorrow, Sep 11Or Non-members get FREE delivery Tue, Sep 15Only 8 left in stock - order soon.",False,,Only 8 left in stock - order soon.,,,,,,,False,False
B0CRWT7WF1,Samsung Galaxy A05 A065M 64GB Dual-SIM GSM Unlocked Android Smartphone (Latin America Version) - Black,124.5,124.5,USD,4.4,757,https://www.amazon.com/dp/B0CRWT7WF1,https://m.media-amazon.com/images/I/61UjBLFlH2L._AC_UY654_QL65_.jpg,2,75.0,False,False,True,False,300+ bought in past month,"Join Prime to get FREE delivery Tomorrow, Sep 11Or Non-members get FREE delivery Tue, Sep 15",False,,,,,,,,,False,False
B00839N5O8,"VTech CS6649 DECT 6.0 Expandable Corded/Cordless Phone with Answering System and Caller ID/Call Waiting, Silver/Black with 1 Handset",69.95,69.95,USD,4.3,5503,https://www.amazon.com/dp/B00839N5O8,https://m.media-amazon.com/images/I/71F6JI1A5cL._AC_UY654_QL65_.jpg,4,45.89,False,False,True,False,200+ bought in past month,"Join Prime to get FREE delivery Tomorrow, Sep 11Or Non-members get FREE delivery Tue, Sep 15",False,,,,,,,,,False,False
B0HJ68G37Q,"Dial Bop Phone, Phone Receiver for Cell Phone, Hand Held Receiver for Cell Phone, 3.5mm Type-C Wired Vintage Telephone Receiver (Pink, Type-C)",24.99,24.99,USD,,0,https://www.amazon.com/dp/B0HJ68G37Q,https://m.media-amazon.com/images/I/61igzPTt-uL._AC_UY654_QL65_.jpg,1,24.99,False,False,False,False,,FREE delivery Sep 25 - Oct 6,False,,,You pay $21.24 with coupon,,,,,,False,False
B0BZG7N8LW,"Panasonic Cordless Phone with Answering Machine, Link2Cell Bluetooth Home Phones, Voice Assistant and Advanced Call Blocking, Expandable System with 3 Handsets - KX-TGD863W (White)",92.99,107.99,USD,4.3,11684,https://www.amazon.com/dp/B0BZG7N8LW,https://m.media-amazon.com/images/I/71u44G679tL._AC_UY654_QL65_.jpg,2,73.46,False,False,True,False,300+ bought in past month,"Join Prime to get FREE delivery Tomorrow, Sep 11Or Non-members get FREE delivery Tue, Sep 15",False,Limited time deal,,,,,,,,False,True
B0H7STX68V,"Samsung Galaxy S26 FE, Unlocked Phone, Blueberry, 128GB | Galaxy AI, AI Photo Editor, 50MP Camera, Photo Assist, My FanCam, Super Steady Video, 4900 mAh Battery, 8 GB Memory",699.99,699.99,USD,,0,https://www.amazon.com/dp/B0H7STX68V,https://m.media-amazon.com/images/I/51bp8y5AwfL._AC_UY654_QL65_.jpg,1,699.99,False,False,True,False,New on Amazon in past month,"Join Prime to get FREE delivery Today 5 PM - 10 PMOr Non-members get FREE delivery Tue, Sep 15",False,,,,,,,,,False,False
B08L9MY937,"Samsung Galaxy A71 5G, 128GB, Prism Cube Black - Unlocked (Renewed)",139.44,139.44,USD,4.0,2145,https://www.amazon.com/dp/B08L9MY937,https://m.media-amazon.com/images/I/61B8AZrmgjL._AC_UY654_QL65_.jpg,2,108.99,False,False,False,False,400+ bought in past month,"FREE delivery Tue, Sep 15Only 11 left in stock - order soon.",False,,Only 11 left in stock - order soon.,,,,,,,False,False
B0GJ78T9CV,"Tracfone Samsung Galaxy A17 5G, 128GB, 50MP Camera (Locked to | Prepaid Smartphone - 6.7&quot; Super AMOLED 90Hz Display, 5000mAh Battery, 4GB RAM, Black",119.0,119.0,USD,4.2,50,https://www.amazon.com/dp/B0GJ78T9CV,https://m.media-amazon.com/images/I/81q8xB4Vt6L._AC_UY654_QL65_.jpg,1,119.0,False,False,True,False,100+ bought in past month,"Join Prime to get FREE delivery Today 5 PM - 10 PMOr Non-members get FREE delivery Tue, Sep 15",True,,,,,,,,,False,False
B0F38VY33B,"Samsung Galaxy S25 Ultra, 256GB, Titanium Silverblue - Unlocked (Renewed)",709.97,709.97,USD,4.0,1108,https://www.amazon.com/dp/B0F38VY33B,https://m.media-amazon.com/images/I/71yUVEekQWL._AC_UY654_QL65_.jpg,24,649.99,False,False,False,False,400+ bought in past month,"FREE delivery Tomorrow, Sep 11Only 11 left in stock - order soon.",True,,Only 11 left in stock - order soon.,,,,,,,False,False
B0F4QHQ83J,"Tracfone Samsung Galaxy A16 5G Phone - 128GB, 1-Yr Plan Included, Black | Prepaid Smartphone - AMOLED Display + 1-Yr Plan-Vivid 6.7&quot; AMOLED display backed by 365 days of service - Locked to Tracfone",79.99,79.99,USD,4.2,141,https://www.amazon.com/dp/B0F4QHQ83J,https://m.media-amazon.com/images/I/61S46I3pUKL._AC_UY654_QL65_.jpg,1,79.99,False,False,True,False,1K+ bought in past month,"Join Prime to get FREE delivery Tomorrow, Sep 11Or Non-members get FREE delivery Tue, Sep 15",False,,,,,,,,,False,False
B0D33RXFVT,"Motorola Moto Razr 40 5G 2023, 128GB + 8GB RAM, Sage Green - Unlocked (Renewed)",224.97,224.97,USD,3.7,205,https://www.amazon.com/dp/B0D33RXFVT,https://m.media-amazon.com/images/I/51pD3ERTtkL._AC_UY654_QL65_.jpg,4,162.0,False,False,False,False,200+ bought in past month,"FREE delivery Tomorrow, Sep 11Only 10 left in stock - order soon.",False,,Only 10 left in stock - order soon.,,,,,,,False,False
B0DKTRNCTN,"VTech IS8128-51 Super Long Range 5-Handset DECT 6.0 Cordless Phone for Home with Answering Machine, 2300 ft Range, Call Blocking, Bluetooth Connect to Cell, Intercom",164.95,164.95,USD,4.2,4829,https://www.amazon.com/dp/B0DKTRNCTN,https://m.media-amazon.com/images/I/81bTER-wsEL._AC_UY654_QL65_.jpg,3,104.53,False,False,True,False,400+ bought in past month,"Join Prime to get FREE delivery Tomorrow, Sep 11Or Non-members get FREE delivery Tue, Sep 15",False,,,,,,,,,False,False
B097C3TS3Q,"Samsung Galaxy A42 5G, 128GB, Black - Unlocked (Renewed)",120.92,120.92,USD,4.1,1418,https://www.amazon.com/dp/B097C3TS3Q,https://m.media-amazon.com/images/I/61+1P+zaZTS._AC_UY654_QL65_.jpg,7,91.0,False,False,False,False,200+ bought in past month,"FREE delivery Sat, Sep 12Only 1 left in stock - order soon.",False,,Only 1 left in stock - order soon.,,,,,,,False,False
B09W3PK64J,"Samsung Galaxy S22+ Plus 5G, US Version, 128GB, Green - Unlocked (Renewed)",208.95,208.95,USD,4.2,548,https://www.amazon.com/dp/B09W3PK64J,https://m.media-amazon.com/images/I/71GFJM41gKL._AC_UY654_QL65_.jpg,19,159.99,False,False,False,False,500+ bought in past month,"FREE delivery Sat, Sep 12Or fastest delivery Tomorrow, Sep 11",False,,,,,,,,,False,False
B0DMCTB8GK,"Samsung Galaxy A15 5G, 128GB, Blue Black - Locked to T-Mobile (Renewed)",98.44,98.44,USD,3.9,1024,https://www.amazon.com/dp/B0DMCTB8GK,https://m.media-amazon.com/images/I/51mRnMaCDpL._AC_UY654_QL65_.jpg,27,98.42,False,False,True,False,200+ bought in past month,"Join Prime to get FREE delivery Sat, Sep 12Or Non-members get FREE delivery Tue, Sep 15Only 7 left in stock - order soon.",False,,Only 7 left in stock - order soon.,,,,,,,False,False
B0HB4VG4YN,Mkeke for iPhone Duo Case Techwoven Black | [Compatible with MagSafe] [Premium Tech Woven Fabric] [Drop Protection] Shockproof Skin-Friendly,35.99,35.99,USD,4.6,447,https://www.amazon.com/dp/B0HB4VG4YN,https://m.media-amazon.com/images/I/81xfPeU3hSL._AC_UY654_QL65_.jpg,1,35.99,False,False,True,False,,"Join Prime to get FREE delivery Today 5 PM - 10 PMOr Non-members get FREE delivery Tue, Sep 15",True,,,,,,,,,False,False
B09P147NYF,"VTech VG208 DECT 6.0 Corded/Cordless Phone with Answering Machine, Call Blocking, Caller ID, Large Backlit Display, Full-Duplex Speakerphone - Silver/Black",72.95,72.95,USD,4.2,2299,https://www.amazon.com/dp/B09P147NYF,https://m.media-amazon.com/images/I/719VUBk0ygL._AC_UY654_QL65_.jpg,2,38.8,False,False,True,False,300+ bought in past month,"Join Prime to get FREE delivery Today 5 PM - 10 PMOr Non-members get FREE delivery Tue, Sep 15",False,,,,,,,,,False,False
B08PNN2SKF,"Apple iPhone 12 Mini, 64GB, Blue - Unlocked (Renewed)",168.92,168.92,USD,4.0,19519,https://www.amazon.com/dp/B08PNN2SKF,https://m.media-amazon.com/images/I/51-ZD+JBZ7L._AC_UY654_QL65_.jpg,10,154.99,False,False,False,False,500+ bought in past month,"FREE delivery Sat, Sep 12",True,,,,,,,,,False,False
B084KS5WYC,Samsung Galaxy A10e 32GB A102U GSM Unlocked Phone - Black (Renewed),76.44,76.44,USD,4.0,4344,https://www.amazon.com/dp/B084KS5WYC,https://m.media-amazon.com/images/I/71Eh6YWqqyL._AC_UY654_QL65_.jpg,9,72.0,False,False,True,False,500+ bought in past month,"Join Prime to get FREE delivery Tomorrow, Sep 11Or Non-members get FREE delivery Tue, Sep 15",False,,,,,,,,,False,False
B00F9Z3RX8,"Panasonic Cordless Phone System, 2 Line with 2 Handsets - Answering Machine, Link2Cell, 3-Way Conference, Call Block, Long Range DECT 6.0, Bluetooth - KX-TG9542B (Black)",173.99,193.99,USD,4.1,1067,https://www.amazon.com/dp/B00F9Z3RX8,https://m.media-amazon.com/images/I/61cQFNH+d9L._AC_UY654_QL65_.jpg,4,137.45,False,False,True,False,100+ bought in past month,"Join Prime to get FREE delivery Today 5 PM - 10 PMOr Non-members get FREE delivery Tue, Sep 15",False,Limited time deal,,,,,,,,False,True
B0DYV232GT,"AT&amp;T DECT 6.0 Cordless Phone, 4-Handset – Smart Call Blocker, Bluetooth Connect to Cell, Answering Machine, 1.8&quot; Backlit Display | DL72419",86.96,96.95,USD,4.2,15271,https://www.amazon.com/dp/B0DYV232GT,https://m.media-amazon.com/images/I/81wvcExy7DL._AC_UY654_QL65_.jpg,2,42.61,False,False,True,False,500+ bought in past month,"Join Prime to get FREE delivery Today 5 PM - 10 PMOr Non-members get FREE delivery Tue, Sep 15",False,Limited time deal,,,,,,,,False,True
B0CK5T84WJ,"Samsung Galaxy Z Flip 5 5G, US Version, 512GB, Graphite - Unlocked (Renewed)",338.44,338.44,USD,4.0,451,https://www.amazon.com/dp/B0CK5T84WJ,https://m.media-amazon.com/images/I/51kso67o64L._AC_UY654_QL65_.jpg,2,289.99,False,False,False,False,50+ bought in past month,FREE delivery Sep 18 - 24Or fastest delivery Sep 18 - 22,True,,,,,,,,,False,False
B0GW9TVHJB,"Samsung Galaxy A57 5G (2026), Unlocked Android Smartphone, 128GB, AMOLED Display, Triple Camera, IP68, 5000mAh Battery, US Version, US 1 Yr Warranty, Awesome Gray",549.99,549.99,USD,4.4,126,https://www.amazon.com/dp/B0GW9TVHJB,https://m.media-amazon.com/images/I/51mD59m3QKL._AC_UY654_QL65_.jpg,5,438.45,False,False,True,False,500+ bought in past month,"Join Prime to get FREE delivery Today 5 PM - 10 PMOr Non-members get FREE delivery Tue, Sep 15",False,,,,,,,,,False,False
B0FQZRXX2R,Samsung Galaxy A07 4G Ai (Compatible only with T-Mobile Mint Tello &amp; Global) (64GB + 4GB) Unlocked SM-A075/DS Dual Sim Warranty Latin America 6.7&quot; 50MP Dual Cam (Black SM-A075MZKGGTO),124.7,124.7,USD,4.3,169,https://www.amazon.com/dp/B0FQZRXX2R,https://m.media-amazon.com/images/I/41BeV0vmH3L._AC_UY654_QL65_.jpg,7,79.6,False,False,True,False,200+ bought in past month,"Join Prime to get FREE delivery Tomorrow, Sep 11Or Non-members get FREE delivery Tue, Sep 15",True,,,,,,,,,False,False
B0F493SPV4,"Samsung Galaxy A56 5G 2025 | 256GB, 12GB, Dual SIM | 6.7&quot; 120Hz AMOLED, IP67 Water Resistant, Android 15 | International Model Factory Unlocked for T-Mobile &amp; Global | 25W Charger Bundle (Graphite)",399.0,399.0,USD,4.4,512,https://www.amazon.com/dp/B0F493SPV4,https://m.media-amazon.com/images/I/413rgp6fc1L._AC_UY654_QL65_.jpg,1,399.0,False,False,True,False,100+ bought in past month,"Join Prime to get FREE delivery Tomorrow, Sep 11Or Non-members get FREE delivery Tue, Sep 15Only 20 left in stock - order soon.",True,,Only 20 left in stock - order soon.,,,,,,,False,False
B0C5B736X3,"SAMSUNG Galaxy S23 5G, US Version, 128GB, Phantom Black - Unlocked (Renewed)",255.0,255.0,USD,4.1,2109,https://www.amazon.com/dp/B0C5B736X3,https://m.media-amazon.com/images/I/51yz4TrDNdL._AC_UY654_QL65_.jpg,35,209.95,False,False,False,False,1K+ bought in past month,"FREE delivery Sat, Sep 12Only 14 left in stock - order soon.",True,,Only 14 left in stock - order soon.,,,,,,,False,False
B09Z8P34NM,"Samsung Galaxy A13, 32GB, Black - Unlocked (Renewed)",92.44,92.44,USD,4.1,1738,https://www.amazon.com/dp/B09Z8P34NM,https://m.media-amazon.com/images/I/61IX+1qw35L._AC_UY654_QL65_.jpg,11,74.49,False,False,True,False,400+ bought in past month,"Join Prime to get FREE delivery Tomorrow, Sep 11Or Non-members get FREE delivery Tue, Sep 15Only 10 left in stock - order soon.",False,,Only 10 left in stock - order soon.,,,,,,,False,False
B09LN7CB6H,T-Mobile REVVL V+ 5G Android 64GB Smartphone - Nebula Black (Renewed) (T-Mobile Unlocked),98.44,98.44,USD,4.0,641,https://www.amazon.com/dp/B09LN7CB6H,https://m.media-amazon.com/images/I/51Da6-PelKL._AC_UY654_QL65_.jpg,4,92.35,False,False,True,False,100+ bought in past month,"Join Prime to get FREE delivery Today 5 PM - 10 PMOr Non-members get FREE delivery Tue, Sep 15",False,,,,,,,,,False,False
B09SM24S8C,"Samsung Galaxy A03s, 32GB, Black - Unlocked (GSM Only) (Renewed)",76.9,76.9,USD,4.0,2064,https://www.amazon.com/dp/B09SM24S8C,https://m.media-amazon.com/images/I/51m45B3Yy+L._AC_UY654_QL65_.jpg,1,76.9,False,False,False,False,200+ bought in past month,"FREE delivery Sep 15 - 18Or fastest delivery Wed, Sep 16Only 2 left in stock - order soon.",True,,Only 2 left in stock - order soon.,,,,,,,False,False
B0F9QP41SS,Samsung Straight Talk Galaxy A16 5G SM-S166V 128GB 4GB RAM Blue 6.7&quot; FHD+ Super AMOLED Android 14 Triple Rear Camera 5G Smartphone,95.0,109.98,USD,4.2,13,https://www.amazon.com/dp/B0F9QP41SS,https://m.media-amazon.com/images/I/41F-hpXqr0L._AC_UY654_QL65_.jpg,1,95.0,False,False,False,False,100+ bought in past month,"FREE delivery Thu, Sep 17Or fastest delivery Sep 14 - 15",False,,,,,,,,,False,True
B09X3YNV4N,"Motorola Moto G Power 2022, 64GB + 4GB RAM, Dark Grove - Unlocked (Renewed)",83.99,83.99,USD,4.1,284,https://www.amazon.com/dp/B09X3YNV4N,https://m.media-amazon.com/images/I/61Oy3MBSjlL._AC_UY654_QL65_.jpg,5,78.0,False,False,True,False,200+ bought in past month,"Join Prime to get FREE delivery Today 5 PM - 10 PMOr Non-members get FREE delivery Tue, Sep 15Only 1 left in stock - order soon.",False,,Only 1 left in stock - order soon.,,,,,,,False,False
B0G2PST2HJ,"AT&amp;T 3-Handsets Landline Home Phone with Call Blocker, Caller ID/Call Waiting, Full-Duplex Handset Speakerphone, Backlit Keypad &amp; Display, Rechargeable Battery, ECO Mode, DECT 6.0: GL2101-31",67.95,67.95,USD,4.4,2732,https://www.amazon.com/dp/B0G2PST2HJ,https://m.media-amazon.com/images/I/81KaO5cLiBL._AC_UY654_QL65_.jpg,2,31.94,False,False,True,False,100+ bought in past month,"Join Prime to get FREE delivery Tomorrow, Sep 11Or Non-members get FREE delivery Tue, Sep 15",False,,,,,,,,,False,False
B0B8F1S1XG,"AT&amp;T CL82219 DECT 6.0 2-Handset Cordless Phone for Home, Black | Answering Machine, Call Blocking, Caller ID Announcer, Intercom, Long Range",64.95,64.95,USD,4.3,1195,https://www.amazon.com/dp/B0B8F1S1XG,https://m.media-amazon.com/images/I/71fPZrfv6aL._AC_UY654_QL65_.jpg,2,43.88,False,False,True,False,200+ bought in past month,"Join Prime to get FREE delivery Today 5 PM - 10 PMOr Non-members get FREE delivery Tue, Sep 15",False,,,,,,,,,False,False
B0DJVSFQKD,"8849 Tank 2 Pro Phone, Rugged Android Smartphone with 23800mAh Big Battery | 6.79’’, Built-in Projector, Android 15, 512GB Unlocked 4G Heavy Duty Cell Phone OTG for Construction Survey Outdoor Camping",439.99,439.99,USD,3.9,153,https://www.amazon.com/dp/B0DJVSFQKD,https://m.media-amazon.com/images/I/71vdA1mdewL._AC_UY654_QL65_.jpg,1,439.99,False,False,True,False,,"Join Prime to get FREE delivery Today 5 PM - 10 PMOr Non-members get FREE delivery Tue, Sep 15",False,,,,,,,,,False,False
B0DLHNWHRF,"Samsung Galaxy A16 5G A Series, Unlocked Android Smartphone, Large AMOLED Display, Durable Design, Super Fast Charging, Expandable Storage, 5G Connectivity, US Version, 2025, Blue Black ECOLOGO EPEAT",188.44,188.44,USD,4.2,3844,https://www.amazon.com/dp/B0DLHNWHRF,https://m.media-amazon.com/images/I/71KGkQ+KOKL._AC_UY654_QL65_.jpg,4,154.44,False,False,False,True,400+ bought in past month,FREE delivery Sep 16 - 19Or fastest delivery Sep 16 - 17,True,,,,,,,,,False,False
B0FMY6ZSF1,"4G Smartphone Unlocked, Android 12.0 Mobile Phones 6.6&#x27;&#x27; HD+ Display, 4GB RAM 32GB ROM/256GB SD, 4G Dual SIM Dual Camera, Face ID+WiFi+BT+FM+GPS+OTG (Pink)",79.99,79.99,USD,3.4,157,https://www.amazon.com/dp/B0FMY6ZSF1,https://m.media-amazon.com/images/I/61SQ5G+Ma5L._AC_UY654_QL65_.jpg,1,79.99,False,False,False,False,100+ bought in past month,FREE delivery Sep 26 - Oct 13Or fastest delivery Sep 26 - Oct 11,True,,,,,,,,,False,False
B0DXR5FH9C,"SAMSUNG Galaxy A56 5G 2025 with AI | 256GB, 8GB, Dual SIM | 6.7&quot; 120Hz AMOLED, Water Resistant, Android 15 | International Model Factory Unlocked for T-Mobile, Global | 25W Charger Bundle (Graphite)",383.47,383.47,USD,4.3,1053,https://www.amazon.com/dp/B0DXR5FH9C,https://m.media-amazon.com/images/I/51xoyKNLBvL._AC_UY654_QL65_.jpg,9,383.46,False,False,True,False,400+ bought in past month,"Join Prime to get FREE delivery Tomorrow, Sep 11Or Non-members get FREE delivery Tue, Sep 15",True,,,,,,,,,False,False
B08HC5GMK2,"Samsung Galaxy A11, 32GB - Unlocked (Renewed)",74.44,74.44,USD,4.1,1436,https://www.amazon.com/dp/B08HC5GMK2,https://m.media-amazon.com/images/I/51y-JGU66-L._AC_UY654_QL65_.jpg,6,69.9,False,False,True,False,300+ bought in past month,"Join Prime to get FREE delivery Sun, Sep 13Or Non-members get FREE delivery Tue, Sep 15",False,,,,,,,,,False,False
B09Q1J6JHG,"Motorola Moto G Pure 2021, 32GB + 3GB RAM, Deep Indigo - Unlocked (Renewed)",74.62,129.99,USD,4.0,932,https://www.amazon.com/dp/B09Q1J6JHG,https://m.media-amazon.com/images/I/51k3jIwmjyL._AC_UY654_QL65_.jpg,5,69.99,False,False,True,False,50+ bought in past month,"Join Prime to get FREE delivery Today 5 PM - 10 PMOr Non-members get FREE delivery Tue, Sep 15Only 2 left in stock - order soon.",False,,Only 2 left in stock - order soon.,,,,,,,False,True
B0GK8P87M6,"8849 Tank 5 eSIM Rugged Phone 5G, 6.73’’ 3K AMOLED Smartphone Android 16 | With 220LM/2K Projector, Waterproof Heavy Duty Industrial Work Cell Phone Unlocked,Large Battery OTG for Construction Camping",981.99,981.99,USD,4.2,13,https://www.amazon.com/dp/B0GK8P87M6,https://m.media-amazon.com/images/I/81ti3hSd4fL._AC_UY654_QL65_.jpg,1,981.99,False,False,True,False,50+ bought in past month,"Join Prime to get FREE delivery Today 5 PM - 10 PMOr Non-members get FREE delivery Tue, Sep 15",False,,,,,,,,,False,False
B0BZK2FCJ8,"Panasonic Cordless Phone with Advanced Call Block, Bilingual Caller ID, Easy to Read Large High-Contrast Display, Expandable System with 1 Handset, KX-TGD810B (Black)",37.99,42.99,USD,4.3,1194,https://www.amazon.com/dp/B0BZK2FCJ8,https://m.media-amazon.com/images/I/71qcUNnQYDL._AC_UY654_QL65_.jpg,3,18.89,False,False,True,False,300+ bought in past month,"Join Prime to get FREE delivery Today 5 PM - 10 PMOr Non-members get FREE delivery Tue, Sep 15",False,Limited time deal,,,,,,,,False,True
B09SHJGLNN,"Samsung Galaxy S21 FE 5G, US Version, 128GB, Gray - Unlocked (Renewed)",149.0,159.0,USD,3.7,3489,https://www.amazon.com/dp/B09SHJGLNN,https://m.media-amazon.com/images/I/616kK0b+d+L._AC_UY654_QL65_.jpg,25,137.99,False,False,False,False,500+ bought in past month,"FREE delivery Sat, Sep 12",True,,,,,,,,,False,True
B0GH2N9S35,BLU Bold K12 | 2025 | Unlocked | 6.8” HD+ 120Hz Infinity Display | 50MP Main + 8MP Selfie Cameras | 128GB Internal Storage | US Version | US Warranty | Champagne Gold,99.99,99.99,USD,3.9,77,https://www.amazon.com/dp/B0GH2N9S35,https://m.media-amazon.com/images/I/81JrCHzrZlL._AC_UY654_QL65_.jpg,3,86.99,False,False,True,False,100+ bought in past month,"Join Prime to get FREE delivery Tomorrow, Sep 11Or Non-members get FREE delivery Tue, Sep 15",True,,,,,,,,,False,False
B0GYQGF7CD,Moto G Stylus 2026 | Unlocked | 8/128GB | 50MP | Coal Smoke | SGS-Tested Toughness + Active Stylus Pen,499.99,499.99,USD,4.4,31,https://www.amazon.com/dp/B0GYQGF7CD,https://m.media-amazon.com/images/I/615t3AnKr0L._AC_UY654_QL65_.jpg,1,499.99,False,False,True,False,50+ bought in past month,"Join Prime to get FREE delivery Today 5 PM - 10 PMOr Non-members get FREE delivery Tue, Sep 15",False,,,,,,,,,False,False
B0HCNQ13KM,"TCL 60 XE NXTPAPER 5G Unlocked Android Phone, 6.8&quot; 120Hz Display, 8+256GB | NXTPAPER 3.0, Octa-core CPU, AI Tools, 50MP Main Camera, 5010mAh Battery, Cell Phone for Daily Use &amp; Entertainment",229.99,284.99,USD,4.3,29,https://www.amazon.com/dp/B0HCNQ13KM,https://m.media-amazon.com/images/I/81IrxvqffWL._AC_UY654_QL65_.jpg,1,229.99,False,False,True,False,200+ bought in past month,"Join Prime to get FREE delivery Today 5 PM - 10 PMOr Non-members get FREE delivery Tue, Sep 15",False,,,,,,,,,False,True
B0FHCSFMY4,"Samsung Galaxy A15 5G, 64GB, Blue Black - Locked to T-Mobile (Renewed)",96.44,119.99,USD,4.1,43,https://www.amazon.com/dp/B0FHCSFMY4,https://m.media-amazon.com/images/I/41WLCJ94JqL._AC_UY653_QL65_.jpg,12,84.99,False,False,True,False,200+ bought in past month,"Join Prime to get FREE delivery Tomorrow, Sep 11Or Non-members get FREE delivery Tue, Sep 15",False,,,,,,,,,False,True
B0C8FR2XHJ,"Samsung Galaxy A14 5G, 64GB + 4GB RAM, Black - Unlocked (GSM Only) (Renewed)",104.44,104.44,USD,4.0,1015,https://www.amazon.com/dp/B0C8FR2XHJ,https://m.media-amazon.com/images/I/71vkaWmpemL._AC_UY654_QL65_.jpg,9,82.31,False,False,True,False,500+ bought in past month,"Join Prime to get FREE delivery Tomorrow, Sep 11Or Non-members get FREE delivery Tue, Sep 15",False,,,,,,,,,False,False
B073FLYQZ5,Panasonic KX-TGM420W + (1) KX-TGMA44W Amplified Cordless Phone with Digital Answering Machine and Voice Volume Booster upto 40 dB (2 Handsets),219.98,219.98,USD,4.3,1078,https://www.amazon.com/dp/B073FLYQZ5,https://m.media-amazon.com/images/I/61JaEG8qGJS._AC_UY654_QL65_.jpg,1,219.98,False,False,True,False,200+ bought in past month,"Join Prime to get FREE delivery Tomorrow, Sep 11Or Non-members get FREE delivery Tue, Sep 15",False,,,,,,,,,False,False
B0DCGQJ6ZC,"Motorola Moto G 5G 2024, 128GB + 4GB RAM, Sage Green - Unlocked (Renewed)",117.99,117.99,USD,3.9,945,https://www.amazon.com/dp/B0DCGQJ6ZC,https://m.media-amazon.com/images/I/51iFMfKzTvL._AC_UY654_QL65_.jpg,5,94.99,False,False,False,False,300+ bought in past month,"FREE delivery Sep 11 - 14Or fastest delivery Tomorrow, Sep 11",False,,,,,,,,,False,False
B0BTTQQ5PR,Yealink T54W IP Phone - Power Adapters Included,173.0,173.0,USD,4.4,99,https://www.amazon.com/dp/B0BTTQQ5PR,https://m.media-amazon.com/images/I/416yxqanq6L._AC_UY600_QL65_.jpg,5,115.0,False,False,False,False,300+ bought in past month,"FREE delivery Sep 14 - 16Or fastest delivery Tomorrow, Sep 11",False,,,,,,,,,False,False
B0C6FN388N,"Light Phone II [Black] 4G Volte Phone, Minimalist Phone for Calling &amp; Texting, Bluetooth, WiFi, Personal Hotspot…",299.0,299.0,USD,3.4,17,https://www.amazon.com/dp/B0C6FN388N,https://m.media-amazon.com/images/I/51D1IibyZuL._AC_UY654_QL65_.jpg,2,284.05,False,False,True,False,100+ bought in past month,"Join Prime to get FREE delivery Tomorrow, Sep 11Or Non-members get FREE delivery Tue, Sep 15",False,,,,,,,,,False,False
B08C6YB4LY,Kyocera DuraXV Extreme E4810 16GB Verizon | Ultra-Rugged Flip Phone IP68 Rated | 4G LTE HD Voice| 5MP Camera | 1770mAh Battery,275.99,275.99,USD,4.1,598,https://www.amazon.com/dp/B08C6YB4LY,https://m.media-amazon.com/images/I/41RxBfb4zqL._AC_UY520_QL65_.jpg,3,119.99,False,False,False,False,100+ bought in past month,"FREE delivery Mon, Sep 21Or fastest delivery Sep 15 - 16Only 2 left in stock - order soon.",False,,Only 2 left in stock - order soon.,,,,,,,False,False
B00IXWW4W4,"Panasonic Cordless Phone with Answering Machine DECT 6.0 Expandable, Call Block and Caller ID - 2 Cordless Handsets - KX-TGC222S (Silver)",62.99,62.99,USD,4.2,2950,https://www.amazon.com/dp/B00IXWW4W4,https://m.media-amazon.com/images/I/71XN6Olp2tL._AC_UY654_QL65_.jpg,5,41.8,False,False,True,False,100+ bought in past month,"Join Prime to get FREE delivery Today 5 PM - 10 PMOr Non-members get FREE delivery Tue, Sep 15",False,,,,,,,,,False,False
B09GBLFSB2,"Samsung Galaxy Z Flip 3 5G, US Version, 128GB, Phantom Black - Unlocked (Renewed)",197.99,197.99,USD,3.9,2195,https://www.amazon.com/dp/B09GBLFSB2,https://m.media-amazon.com/images/I/61hdrl3iMXL._AC_UY654_QL65_.jpg,6,189.92,False,False,False,False,50+ bought in past month,"FREE delivery Sat, Sep 12Or fastest delivery Tomorrow, Sep 11Only 11 left in stock - order soon.",True,,Only 11 left in stock - order soon.,,,,,,,False,False
B08VWGN1N2,"Samsung Galaxy S21+ Plus 5G, US Version, 128GB, Phantom Violet - Unlocked (Renewed)",200.0,899.22,USD,4.2,2543,https://www.amazon.com/dp/B08VWGN1N2,https://m.media-amazon.com/images/I/517TFlcl9nS._AC_UY654_QL65_.jpg,5,167.95,False,False,False,False,100+ bought in past month,"FREE delivery Sat, Sep 12Or fastest delivery Tomorrow, Sep 11Only 18 left in stock - order soon.",True,,Only 18 left in stock - order soon.,,,,,,,False,True
B0DNRGQRB4,"Samsung Galaxy A16 4G Dual SIM (128GB, 2025) 6.7&quot; 90Hz AMOLED, Splash Resistant, 8Core, 50MP Camera (Factory Unlocked International Model for GSM, Global) A165M/DS (25W Fast Charger Bundle, Grey)",154.87,154.87,USD,4.2,3322,https://www.amazon.com/dp/B0DNRGQRB4,https://m.media-amazon.com/images/I/51KDdahh9DL._AC_UY654_QL65_.jpg,15,125.0,False,False,True,False,500+ bought in past month,"Join Prime to get FREE delivery Tomorrow, Sep 11Or Non-members get FREE delivery Tue, Sep 15",True,,,,,,,,,False,False
B0C9LP8D22,"Nothing Phone (2) 5G Unlocked Smartphone 256GB + 12GB RAM, Dark Grey | Flagship Snapdragon 8+ Gen 1, 50MP Dual Camera, 6.7&quot; 120Hz LTPO AMOLED, 4700mAh Battery, Fast Charging, Glyph Interface",429.0,429.0,USD,4.5,503,https://www.amazon.com/dp/B0C9LP8D22,https://m.media-amazon.com/images/I/71x5ntU43-L._AC_UY654_QL65_.jpg,1,429.0,False,False,True,False,,"Join Prime to get FREE delivery Tomorrow, Sep 11Or Non-members get FREE delivery Tue, Sep 15Only 10 left in stock - order soon.",True,,Only 10 left in stock - order soon.,,,,,,,False,False
B0GV51GDHF,"Spigen Tough Armor Pro MagFit for iPhone Duo Case, Black | Full Hinge Protection, Air Cushion Tech, Camera Plateau Protection, Compatible with MagSafe, Military Grade Drop Protection ClimatePartner certified",39.99,39.99,USD,,0,https://www.amazon.com/dp/B0GV51GDHF,https://m.media-amazon.com/images/I/61NfsyxfoiL._AC_UY654_QL65_.jpg,1,39.99,False,False,True,True,,"Join Prime to get FREE delivery Sat, Sep 12Or Non-members get FREE delivery Tue, Sep 15",False,,,,,,,,,False,False
B09B1NY84G,"Samsung Galaxy A32 5G, 64GB, Black - Unlocked (GSM Only) (Renewed)",99.0,174.24,USD,3.8,1609,https://www.amazon.com/dp/B09B1NY84G,https://m.media-amazon.com/images/I/61wXWc-NAmL._AC_UY654_QL65_.jpg,5,98.99,False,False,True,False,500+ bought in past month,"Join Prime to get FREE delivery Tomorrow, Sep 11Or Non-members get FREE delivery Tue, Sep 15",False,,,,,,,,,False,True
B0BJY35SQ2,"weBoost Drive Reach Overland - Cell Phone Signal Booster for Off Road Vehicles | Boosts 5G &amp; 4G LTE for All U.S. Carriers - Verizon, AT&amp;T, T-Mobile &amp; More | Made in The U.S. | FCC Approved",549.99,549.99,USD,4.2,403,https://www.amazon.com/dp/B0BJY35SQ2,https://m.media-amazon.com/images/I/617UM7V2uQL._AC_UY654_QL65_.jpg,1,549.99,False,False,True,False,400+ bought in past month,"Join Prime to get FREE delivery Today 5 PM - 10 PMOr Non-members get FREE delivery Tue, Sep 15",False,,,,,,,,,False,False
B00N22M0XS,"AT&amp;T EL51203 DECT 6.0 2-Handset Cordless Phone with Full-Duplex Speakerphone, Backlit Display &amp; Lighted Keypad, Caller ID/Call Waiting, Intercom, ECO Mode",43.63,51.95,USD,4.3,18691,https://www.amazon.com/dp/B00N22M0XS,https://m.media-amazon.com/images/I/71yY8CDrnxL._AC_UY654_QL65_.jpg,4,20.5,False,False,True,False,400+ bought in past month,"Join Prime to get FREE delivery Tomorrow, Sep 11Or Non-members get FREE delivery Tue, Sep 15",False,,,,,,,,,False,True
B0DN8WC75Y,HMD Barbie Phone | Flip | Unlocked | International Version | Pink,99.99,99.99,USD,3.2,109,https://www.amazon.com/dp/B0DN8WC75Y,https://m.media-amazon.com/images/I/61ADjrD1XZL._AC_UY654_QL65_.jpg,3,78.99,False,False,True,False,300+ bought in past month,"Join Prime to get FREE delivery Tomorrow, Sep 11Or Non-members get FREE delivery Tue, Sep 15",False,,,,,,,,,False,False
B0F19KLHG3,"INSIGNIA 50&quot; Class F50 Series LED 4K UHD Smart Fire TV, Voice Remote with Alexa, Stream Live TV Without Cable",179.99,299.99,USD,4.3,12145,https://www.amazon.com/dp/B0F19KLHG3,https://m.media-amazon.com/images/I/81jLRWNrTXL._AC_UY654_QL65_.jpg,1,179.99,False,False,False,False,8K+ bought in past month,FREE delivery Sep 15 - 17Or FREE pickup Today ready by 12 PM,False,,,,,,,,,False,True
B0FV57TPWT,"Roku 40-Inch Select Series Smart TV 2026-1080p Full HD TV - RokuTV | Flat Screen LED Television with Voice Remote, Wi-Fi &amp; Bluetooth Headphone Mode - Streaming Live Local News Sports &amp; Movies",149.99,169.99,USD,4.5,1746,https://www.amazon.com/dp/B0FV57TPWT,https://m.media-amazon.com/images/I/81K7IVumGWL._AC_UY654_QL65_.jpg,9,139.99,False,False,True,True,10K+ bought in past month,"Join Prime to get FREE delivery Tomorrow, Sep 11Or Non-members get FREE delivery Tue, Sep 15",False,,,,,,,,,False,True
B0FXZ21F3X,"Roku 55-Inch Select Series Smart TV 2026-4K QLED TV - Roku TV | Flat Screen QLED Television with Voice Remote, Wi-Fi &amp; Bluetooth Headphone Mode - Streaming Live Local News, Sports, &amp; Movies",269.99,269.99,USD,4.4,1304,https://www.amazon.com/dp/B0FXZ21F3X,https://m.media-amazon.com/images/I/81+lkZSpzAL._AC_UY654_QL65_.jpg,7,237.58,False,False,False,True,10K+ bought in past month,FREE delivery Tomorrow 8 AM - 8 PM,False,,,,,,,,,False,False
B0DYVMZ4TV,"Samsung 32-Inch Class HD H5000F Smart TV (2025 Model) HDR, Object Tracking Sound Lite, Knox Security, One UI Tizen",97.96,147.99,USD,4.1,691,https://www.amazon.com/dp/B0DYVMZ4TV,https://m.media-amazon.com/images/I/71LWAGz2uTL._AC_UY654_QL65_.jpg,1,97.96,False,False,True,False,8K+ bought in past month,"Join Prime to get FREE delivery Tomorrow, Sep 11Or Non-members get FREE delivery Tue, Sep 15",False,Limited time deal,,,,,,,,False,True
B0H3L589W7,"Samsung 65-Inch Class Crystal UHD U8000H Series Samsung Vision AI Smart TV (2026 Model, 65U8000H) Processor 4K, Endless Free Content, Motion Xcelerator, Color Booster, Alexa Built-in",377.99,398.0,USD,4.2,929,https://www.amazon.com/dp/B0H3L589W7,https://m.media-amazon.com/images/I/61GSarr1eSL._AC_UY654_QL65_.jpg,1,377.99,False,False,False,False,4K+ bought in past month,"FREE delivery as soon as Sat, Sep 12, 10 AM - 3 PMOr fastest delivery Tomorrow, Sep 11",False,,,,,,,,,False,True
B0F1C232S8,INSIGNIA 70-inch Class F50 Series LED 4K UHD Smart Fire TV with Alexa Voice Remote (NS-70F501NA26),349.99,499.99,USD,4.3,12145,https://www.amazon.com/dp/B0F1C232S8,https://m.media-amazon.com/images/I/81jLRWNrTXL._AC_UY654_QL65_.jpg,1,349.99,False,False,False,False,2K+ bought in past month,FREE delivery Sep 17 - 25Or FREE pickup Today ready by 12 PM,False,,,,,,,,,False,True
B0GP9QN5SN,"Samsung 65-Inch Class M70H Series, Mini LED, 4K, Smart TV, 2026 Model | Samsung Vision AI Companion, Mini LED Processor 4K, Pure Spectrum Color, Endless Free Content, Motion Xcelerator + DLG 120Hz",427.99,477.99,USD,4.2,638,https://www.amazon.com/dp/B0GP9QN5SN,https://m.media-amazon.com/images/I/71xA+n+szIL._AC_UY654_QL65_.jpg,6,397.17,False,False,False,False,4K+ bought in past month,FREE delivery Tomorrow 8 AM - 8 PM,False,,,,,,,,,False,True
B0F257L7JF,"INSIGNIA 43&quot; Class F50 Series LED 4K UHD Smart Fire TV, Voice Remote with Alexa, Stream Live TV Without Cable",149.99,199.99,USD,4.3,12145,https://www.amazon.com/dp/B0F257L7JF,https://m.media-amazon.com/images/I/8107AeAPxhL._AC_UY654_QL65_.jpg,1,149.99,False,False,False,False,6K+ bought in past month,FREE delivery Sep 15 - 17Or FREE pickup Today ready by 12 PM,False,,,,,,,,,False,True
B0GWFB34TC,"INSIGNIA 75&quot; Class F50 Series LED 4K UHD Smart Fire TV, Voice Remote with Alexa, Stream Live TV Without Cable",399.99,599.99,USD,3.9,17,https://www.amazon.com/dp/B0GWFB34TC,https://m.media-amazon.com/images/I/81JtVdt2xiL._AC_UY654_QL65_.jpg,1,399.99,False,False,False,False,1K+ bought in past month,FREE delivery Sep 17 - 25Or FREE pickup Today ready by 12 PM,False,,,,,,,,,False,True
B0FH7PVQ9N,"INSIGNIA 32&quot; Class FE Series LED Full HD Smart Fire TV, Voice Remote with Alexa, Stream Live TV Without Cable",99.99,129.99,USD,4.4,3378,https://www.amazon.com/dp/B0FH7PVQ9N,https://m.media-amazon.com/images/I/818UQMCc3fL._AC_UY654_QL65_.jpg,1,99.99,False,False,False,False,8K+ bought in past month,FREE delivery Sep 15 - 17Or FREE pickup Today ready by 12 PM,False,,,,,,,,,False,True
B0FV57SCBF,"Roku 24-Inch Select Series Smart TV 2026-720p HD TV - RokuTV | Flat Screen LED Television with Voice Remote, Wi-Fi &amp; Bluetooth Headphone Mode - Streaming Live Local News Sports &amp; Movies",99.99,99.99,USD,4.3,561,https://www.amazon.com/dp/B0FV57SCBF,https://m.media-amazon.com/images/I/81PdlpLrTbL._AC_UY654_QL65_.jpg,2,72.94,False,False,True,True,10K+ bought in past month,"Join Prime to get FREE delivery Today 7 AM - 11 AMOr Non-members get FREE delivery Tue, Sep 15",False,,,,,,,,,False,False
B0FZF9BG95,"Roku 43-Inch Select Series Smart TV 2026-4K HDR TV - RokuTV | Flat Screen LED Television with Voice Remote, Wi-Fi &amp; Bluetooth Headphone Mode - Streaming Live Local News Sports &amp; Movies",179.99,249.99,USD,4.5,209,https://www.amazon.com/dp/B0FZF9BG95,https://m.media-amazon.com/images/I/81yHdzpK1qL._AC_UY654_QL65_.jpg,7,169.98,False,False,False,True,5K+ bought in past month,"FREE delivery as soon as Sat, Sep 12, 10 AM - 3 PM",False,,,,,,,,,False,True
B0GP9TN5KF,"Samsung 55-Inch Class M70H Series, Mini LED, 4K, Smart TV, 2026 Model | Samsung Vision AI Companion, Mini LED Processor 4K, Pure Spectrum Color, Endless Free Content, Motion Xcelerator + DLG 120Hz",347.99,347.99,USD,4.2,638,https://www.amazon.com/dp/B0GP9TN5KF,https://m.media-amazon.com/images/I/71xA+n+szIL._AC_UY654_QL65_.jpg,5,330.59,False,False,False,False,5K+ bought in past month,FREE delivery Tomorrow 8 AM - 8 PM,False,,,,,,,,,False,False
B0GP8W22HL,"Samsung 75-Inch Class M70H Series, Mini LED, 4K, Smart TV, 2026 Model | Samsung Vision AI Companion, Mini LED Processor 4K, Pure Spectrum Color, Endless Free Content, Motion Xcelerator + DLG 120Hz",547.99,597.99,USD,4.2,638,https://www.amazon.com/dp/B0GP8W22HL,https://m.media-amazon.com/images/I/71xA+n+szIL._AC_UY654_QL65_.jpg,1,547.99,False,False,False,False,3K+ bought in past month,"FREE delivery Tomorrow, Sep 11",False,,,,,,,,,False,True
B0FV42FCHD,"Roku 32-Inch Select Series Smart TV 2026-1080p Full HD TV - RokuTV | Flat Screen LED Television with Voice Remote, Wi-Fi &amp; Bluetooth Headphone Mode - Streaming Live Local News Sports &amp; Movies",129.99,179.99,USD,4.5,1746,https://www.amazon.com/dp/B0FV42FCHD,https://m.media-amazon.com/images/I/81B4263QWpL._AC_UY654_QL65_.jpg,6,109.78,False,False,True,True,10K+ bought in past month,"Join Prime to get FREE delivery Tomorrow, Sep 11Or Non-members get FREE delivery Tue, Sep 15",False,,,,,,,,,False,True
B0DXN1CFFR,"SAMSUNG 40-Inch Class Full HD F6000 Smart TV (2025 Model) HDR, Object Tracking Sound Lite, Knox Security, One UI Tizen, Smart TV",197.99,197.99,USD,4.1,3207,https://www.amazon.com/dp/B0DXN1CFFR,https://m.media-amazon.com/images/I/71mXcPOmS4L._AC_UY654_QL65_.jpg,1,197.99,False,False,True,False,3K+ bought in past month,"Join Prime to get FREE delivery Tomorrow, Sep 11Or Non-members get FREE delivery Tue, Sep 15",False,,,,,,,,,False,False
B0F7RZ1MS9,"INSIGNIA 32&quot; Class F20 Series LED HD Smart Fire TV, Voice Remote with Alexa, Free &amp; Live TV",79.99,129.99,USD,4.1,7182,https://www.amazon.com/dp/B0F7RZ1MS9,https://m.media-amazon.com/images/I/81aMpnqJftL._AC_UY654_QL65_.jpg,1,79.99,False,False,False,False,10K+ bought in past month,FREE delivery Sep 15 - 17Or FREE pickup Today ready by 12 PM,False,,,,,,,,,False,True
B0DW9JZKWK,INSIGNIA 55-inch Class QF Series LED 4K UHD QLED Smart Fire TV with Alexa Voice Remote (NS55-UQFL26),239.99,399.99,USD,4.4,1159,https://www.amazon.com/dp/B0DW9JZKWK,https://m.media-amazon.com/images/I/815Qli0AKJL._AC_UY654_QL65_.jpg,1,239.99,False,False,False,False,1K+ bought in past month,FREE delivery Sep 17 - 25Or FREE pickup Today ready by 12 PM,False,,,,,,,,,False,True
B0FXZ5GVBB,"Roku 50-Inch Select Series Smart TV 2026-4K QLED TV - Roku TV | Flat Screen QLED Television with Voice Remote, Wi-Fi &amp; Bluetooth Headphone Mode - Streaming Live Local News, Sports, &amp; Movies",229.99,299.99,USD,4.4,1304,https://www.amazon.com/dp/B0FXZ5GVBB,https://m.media-amazon.com/images/I/81BF4gEXhhL._AC_UY654_QL65_.jpg,5,218.49,False,False,False,True,7K+ bought in past month,"FREE delivery as soon as Wed, Sep 23, 10 AM - 3 PM",False,,,,,,,,,False,True
B0F7RXTN1Y,"INSIGNIA 40&quot; Class F40 Series LED Full HD Smart Fire TV, Voice Remote with Alexa, Free &amp; Live TV",119.99,149.99,USD,4.0,5458,https://www.amazon.com/dp/B0F7RXTN1Y,https://m.media-amazon.com/images/I/81spJCljSqL._AC_UY654_QL65_.jpg,1,119.99,False,False,False,False,8K+ bought in past month,FREE delivery Sep 15 - 17Or FREE pickup Today ready by 12 PM,False,,,,,,,,,False,True
B09N6ZRH6C,"Amazon Fire TV 55&quot; Omni QLED Series 4K UHD smart TV, Dolby Vision IQ, Fire TV Ambient Experience, local dimming, hands-free with Alexa",309.99,499.99,USD,4.0,6074,https://www.amazon.com/dp/B09N6ZRH6C,https://m.media-amazon.com/images/I/719SpNEn7-L._AC_UY654_QL65_.jpg,1,309.99,False,False,False,False,1K+ bought in past month,FREE delivery Tomorrow 8 AM - 8 PM,False,Ends in,,,,,,,,False,True
B09N6TPZ1K,"Amazon Fire TV 50&quot; Omni QLED Series 4K UHD smart TV, Dolby Vision IQ, Fire TV Ambient Experience, local dimming, hands-free with Alexa",259.99,469.99,USD,4.0,6074,https://www.amazon.com/dp/B09N6TPZ1K,https://m.media-amazon.com/images/I/71eUn+ZeFsL._AC_UY654_QL65_.jpg,1,259.99,False,False,False,False,2K+ bought in past month,"FREE delivery Thu, Sep 17",False,Ends in,,,,,,,,False,True
B0GWDM9CNG,"Hisense 40-Inch Class QD4SR Series Hi-QLED FHD Smart Roku TV (40QD4SR, 2026 Model) – Hi-QLED Color, Dolby Audio, Compatible with Alexa, Full Array LED, Slim Bezel Design",159.99,249.99,USD,4.3,319,https://www.amazon.com/dp/B0GWDM9CNG,https://m.media-amazon.com/images/I/81ELMxsAgIL._AC_UY654_QL65_.jpg,1,159.99,False,False,True,False,1K+ bought in past month,"Join Prime to get FREE delivery Tomorrow, Sep 11Or Non-members get FREE delivery Tue, Sep 15",False,,,,,,,,,False,True
B0FJ2KQ8FJ,"Samsung 98-Inch Class QLED Q7F Series Samsung Vision AI Smart TV (2025 Model, 98Q7F) Quantum HDR, Object Tracking Sound Lite, Q4 AI Gen1 Processor, 4K upscaling, Gaming Hub w/Alexa Built-in",,,USD,4.3,2753,https://www.amazon.com/dp/B0FJ2KQ8FJ,https://m.media-amazon.com/images/I/819bhy3GpbL._AC_UY654_QL65_.jpg,3,,False,False,False,False,,"FREE delivery Tomorrow, Sep 11",False,,,,,,,,,True,False
B0DXMR856R,"Samsung 65-Inch Class The Frame LS03F 4K QLED Smart TV (2025 Model) Slim Fit Wall Mount, Modern Frame Design, NQ4 AI Gen2 Processor, Art Mode, Artful Picture Quality, Samsung Vision AI, Alexa Built-in",947.99,947.99,USD,4.1,116,https://www.amazon.com/dp/B0DXMR856R,https://m.media-amazon.com/images/I/81nS2uICI9L._AC_UY654_QL65_.jpg,11,839.0,False,False,False,False,1K+ bought in past month,FREE delivery Tomorrow 8 AM - 8 PM,False,Limited time deal,,,,,,,,False,False
B0H859NKTH,"Insignia 65&quot; Class F50 Series LED 4K UHD Smart Fire TV, Voice Remote with Alexa, Stream Live TV Without Cable",299.99,449.99,USD,,0,https://www.amazon.com/dp/B0H859NKTH,https://m.media-amazon.com/images/I/81A8FbNM6iL._AC_UY654_QL65_.jpg,1,299.99,False,False,False,False,,FREE delivery Sep 17 - 25Or FREE pickup Today ready by 12 PM,False,,,,,,,,,False,True
B0FV4TYGH9,"Roku 32-Inch Select Series Smart TV 2026-720p HD TV - RokuTV | Flat Screen LED Television with Voice Remote, Wi-Fi &amp; Bluetooth Headphone Mode - Streaming Live Local News Sports &amp; Movies",119.99,119.99,USD,4.3,561,https://www.amazon.com/dp/B0FV4TYGH9,https://m.media-amazon.com/images/I/81Lt-RKE2WL._AC_UY654_QL65_.jpg,5,109.8,False,False,True,True,3K+ bought in past month,"Join Prime to get FREE delivery Sun, Sep 13Or Non-members get FREE delivery Tue, Sep 15",False,,,,,,,,,False,False
B0GTX3J6NS,"LG 85-Inch Class Nano AI 4K NU85 Series Smart TV w/Sound Pro, HDR10, Super Upscaling, Filmmaker Mode, Wow Orchestra, Compatible with Alexa, 85NU850BPUA, 2026",799.99,799.99,USD,4.0,109,https://www.amazon.com/dp/B0GTX3J6NS,https://m.media-amazon.com/images/I/819lE4qkpYL._AC_UY654_QL65_.jpg,3,735.99,False,False,False,False,300+ bought in past month,"FREE delivery Tomorrow, Sep 11",False,,,,,,,,,False,False
B0GPY4Y2VF,"Samsung 65-Inch Class S90H Series, OLED, 4K, Smart TV, 2026 Model | Samsung Vision AI, Glare Free with Real Black &amp; Real Color, OLED HDR+, NQ4 AI Gen3 Processor, Alexa Built-in",,,USD,4.4,104,https://www.amazon.com/dp/B0GPY4Y2VF,https://m.media-amazon.com/images/I/81hYTMYzlrL._AC_UY654_QL65_.jpg,10,,False,False,False,False,500+ bought in past month,"FREE delivery as soon as Sat, Sep 12, 10 AM - 3 PMOr fastest delivery Tomorrow, Sep 11Only 8 left in stock - order soon.",False,,Only 8 left in stock - order soon.,,,,,,,True,False
B0GP9XS93W,"Samsung 65-Inch Class QN80H Series, Neo QLED Mini LED, 4K, Smart TV, 2026 | Samsung Vision AI, Quantum Mini LED Full Array, Motion Xcelerator 144Hz, 4K AI Upscaling, Color Booster Pro, Alexa Built-in",,,USD,4.2,44,https://www.amazon.com/dp/B0GP9XS93W,https://m.media-amazon.com/images/I/71vjIUUqmCL._AC_UY654_QL65_.jpg,6,,False,False,False,False,50+ bought in past month,FREE delivery Tomorrow 10 AM - 7 PMOnly 1 left in stock - order soon.,False,,Only 1 left in stock - order soon.,,,,,,,True,False
B0FHL66FPY,"Hisense 43&quot; E6 Cinema Series Hi-QLED 4K UHD Smart Fire TV (43E6QF) - AI Light Sensor, Dolby Vision · Atmos, Voice Remote with Alexa, Motion Rate 120, HDR 10+ Adaptive, Game Mode Plus",209.99,209.99,USD,4.0,2706,https://www.amazon.com/dp/B0FHL66FPY,https://m.media-amazon.com/images/I/71dEzZA0lJL._AC_UY654_QL65_.jpg,1,209.99,False,False,False,False,1K+ bought in past month,"FREE delivery as soon as Sat, Sep 12, 10 AM - 3 PMOr fastest delivery Tomorrow, Sep 11",False,,,,,,,,,False,False
B0GH76WGS3,"Hisense 75&quot; E7 Cinema Series Hi-QLED Mini-LED 4K UHD Smart Fire TV (75E7SF, 2026 NEW) - Native 144Hz, AI Picture, Dolby Vision IQ · Atmos, FALD, HDR10+ Adaptive, MEMC, Alexa+",697.99,799.99,USD,4.4,322,https://www.amazon.com/dp/B0GH76WGS3,https://m.media-amazon.com/images/I/81LymFdfiLL._AC_UY654_QL65_.jpg,1,697.99,False,False,False,False,400+ bought in past month,"FREE delivery Tomorrow, Sep 11",False,Limited time deal,,,,,,,,False,True
B0DZ85VYD5,"TOSHIBA 43&quot; Class C350 Series LED 4K UHD Smart Fire TV, Voice Remote with Alexa, Free &amp; Live TV",159.99,299.99,USD,4.3,4431,https://www.amazon.com/dp/B0DZ85VYD5,https://m.media-amazon.com/images/I/81GTMnklZQL._AC_UY654_QL65_.jpg,1,159.99,False,False,False,False,500+ bought in past month,FREE delivery Sep 15 - 17Or FREE pickup Today ready by 12 PM,False,,,,,,,,,False,True
B0CVRZZ1DD,"Samsung 98-Inch Class 4K Crystal UHD DU9000 Series HDR Smart TV, Object Tracking Sound Lite, Motion Xcelerator 120Hz, Supersize Picture Enhancer, Mega Contrast, Alexa Built-In (UN98DU9000, 2024 Model)",,,USD,4.0,152,https://www.amazon.com/dp/B0CVRZZ1DD,https://m.media-amazon.com/images/I/51S7joHQDfL._AC_UY654_QL65_.jpg,1,,False,False,False,True,100+ bought in past month,"FREE delivery Wed, Sep 16",False,,,,,,,,,True,False
B0GZP14LBM,"Portable TV,Small TV with Touchscreen LCD Monitor,Built in Apps,Support SD,WiFi,Bluetooth,USB, HDMI Input,Mini Smart TV Design for Home, Kitchen, RV, and Travel Use（Not Battery-Operated.）",99.99,99.99,USD,5.0,4,https://www.amazon.com/dp/B0GZP14LBM,https://m.media-amazon.com/images/I/71ST73WfddL._AC_UY654_QL65_.jpg,1,99.99,False,False,True,False,New on Amazon in past month,"Join Prime to get FREE delivery Today 5 PM - 10 PMOr Non-members get FREE delivery Tue, Sep 15",False,,,,,,,,,False,False
B0GM21NGKM,"Sony 100 Inch BRAVIA 3 II LED 4K HDR Smart Google TV with Gemini K100XR30M2 | XR Processor with AI Technology, Dolby Vision/Atmos, 120Hz Refresh Rate, 4K movie credits included, 4xHDMI 2.1, PS5 Features",,,USD,4.1,162,https://www.amazon.com/dp/B0GM21NGKM,https://m.media-amazon.com/images/I/816yJLfD2DL._AC_UY654_QL65_.jpg,1,,False,False,True,False,50+ bought in past month,"Join Prime to get FREE delivery as soon as Sat, Sep 12, 12 PM - 5 PMOr Non-members get FREE delivery Sep 16 - 18Only 1 left in stock - order soon.",False,Limited time deal,Only 1 left in stock - order soon.,,,,,,,True,False
B0GP9GBB58,"Samsung 55-Inch Class M80H Series, Mini LED, 4K, Smart TV, 2026 Model | Samsung Vision AI, Mini LED with AI Mode, Motion Xcelerator 144Hz, Pure Spectrum Color, Auto HDR Remastering, Alexa Built-in",497.99,697.99,USD,4.2,219,https://www.amazon.com/dp/B0GP9GBB58,https://m.media-amazon.com/images/I/71RPWUbbhKL._AC_UY654_QL65_.jpg,1,497.99,False,False,False,False,500+ bought in past month,FREE delivery Tomorrow 8 AM - 8 PM,False,Limited time deal,,,,,,,,False,True
B0GZWMH7RC,"TCL 50 Inch Class QM6K Series | Mini LED QLED 4K HDR | 50QM6K, Latest Model | 120HZ-144HZ High Brightness Smart Google TV Dolby Atmos Onkyo Audio | Voice Remote Alexa Gaming Streaming Television",477.99,599.99,USD,4.3,1924,https://www.amazon.com/dp/B0GZWMH7RC,https://m.media-amazon.com/images/I/81Z1DI9wzcL._AC_UY654_QL65_.jpg,3,449.55,False,False,False,False,500+ bought in past month,FREE delivery Tomorrow 8 AM - 8 PM,False,Limited time deal,,,,,,,,False,True
B0DYVQGMS9,"Samsung 85-Inch Class QLED Q8F 4K UHD Smart TV (2025 Model) Q4 AI Processor, 100% Color Volume with Quantum Dot, AirSlim Design, Endless Free Content, Samsung Vision AI, Alexa Built-in",,,USD,4.3,1082,https://www.amazon.com/dp/B0DYVQGMS9,https://m.media-amazon.com/images/I/81mcuYT6QLL._AC_UY654_QL65_.jpg,1,,False,False,False,False,,,False,,,,,,,,,True,False
B0CVPL6G6S,"Sony 50 Inch BRAVIA 3 LED 4K HDR Smart Google TV (K-50S30) | Dolby Vision/Atmos, Exclusive Features for PlayStation®5, 4K Processor X1, Triluminos Pro, 4K movie credits included",598.0,598.0,USD,4.2,1561,https://www.amazon.com/dp/B0CVPL6G6S,https://m.media-amazon.com/images/I/81V8cp87XGL._AC_UY654_QL65_.jpg,2,519.99,False,False,False,False,100+ bought in past month,FREE delivery Tomorrow 8 AM - 8 PM,False,,,,,,,,,False,False
B0GR9C4H3H,"Hisense 85&quot; U7 Mini-LED ULED 4K UHD Best Premium Gaming Smart Google TV (85U7SG, 2026 New) - Hi-QLED, Native 165Hz, VRR 330, HDR10+, Dolby Vision IQ·Atmos, IMAX Enhanced, Anti-Reflection, 2.1.2 Ch",,,USD,4.4,228,https://www.amazon.com/dp/B0GR9C4H3H,https://m.media-amazon.com/images/I/81GgRgUpP1L._AC_UY654_QL65_.jpg,1,,False,False,False,False,400+ bought in past month,"FREE delivery Tomorrow, Sep 11",False,Limited time deal,,,,,,,,True,False
B0DFNFX2K7,"Amazon Ember 55&quot; 4-Series with Fire TV (newest model), 4K Ultra HD smart TV with Alexa Remote, HDR10+, fast processor, Dolby Audio, Ambient Experience, free and live TV, find shows faster with Alexa+ Reducing CO2",459.99,459.99,USD,4.2,1744,https://www.amazon.com/dp/B0DFNFX2K7,https://m.media-amazon.com/images/I/61BTOo8tvCL._AC_UY654_QL65_.jpg,2,404.79,False,False,False,True,400+ bought in past month,FREE delivery Tomorrow 8 AM - 8 PM,False,,,,,,,,,False,False
B0GRK64F4C,"LG 75-Inch Class QNED AI QNED75B Series Mini LED 4K Smart TV w/HDR10, AI Super Upscaling 4K, Filmmaker Mode, Wow Orchestra, Compatible with Alexa (75QNED75BUA, 2026)",649.99,649.99,USD,3.9,23,https://www.amazon.com/dp/B0GRK64F4C,https://m.media-amazon.com/images/I/81GimeDY31L._AC_UY654_QL65_.jpg,2,597.99,False,False,False,False,200+ bought in past month,"FREE delivery Tomorrow, Sep 11Only 11 left in stock (more on the way).",False,,Only 11 left in stock (more on the way).,,,,,,,False,False
B09X12GMCH,"SAMSUNG 115-Inch Class Neo QLED 4K QN90F Series, Vision AI, Mini LED Smart TV (2025 Model, 115QN90F) Neo Quantum HDR+, Object Tracking Sound+ w/Dolby Atmos, Glare Free, Gaming Hub, Alexa Built-in",,,USD,5.0,3,https://www.amazon.com/dp/B09X12GMCH,https://m.media-amazon.com/images/I/81FNpMW57wL._AC_UY654_QL65_.jpg,3,,False,False,False,False,,FREE delivery Sep 16 - 24Only 2 left in stock - order soon.,False,,Only 2 left in stock - order soon.,,,,,,,True,False
B0GTWS2JNF,"TOSHIBA 50&quot; Class M450 Series QLED 4K UHD Smart Fire TV, Voice Remote with Alexa, Stream Live TV Without Cable",279.99,369.99,USD,4.3,189,https://www.amazon.com/dp/B0GTWS2JNF,https://m.media-amazon.com/images/I/81wSyG-AgdL._AC_UY654_QL65_.jpg,1,279.99,False,False,False,False,1K+ bought in past month,FREE delivery Sep 15 - 17Or FREE pickup Today ready by 12 PM,False,,,,,,,,,False,True
B0FTT4GXK4,TCL 55&quot; T7 4K QLED Google TV with 144Hz Gaming (55T7) | Smooth Motion for Sports &amp; Gaming,399.99,449.99,USD,4.4,672,https://www.amazon.com/dp/B0FTT4GXK4,https://m.media-amazon.com/images/I/81CjqG2iNsL._AC_UY654_QL65_.jpg,1,399.99,False,False,False,False,300+ bought in past month,FREE delivery Tomorrow 8 AM - 8 PM,False,Limited time deal,,,,,,,,False,True
B0HBWF1WWH,"Hisense 65&quot; Class E6SR Series Hi-QLED 4K UHD Smart Roku TV (65E6SR, 2026 Model) - Dolby Vision, Game Mode Plus, VRR, ALLM, DTS Virtual:X, Apple AirPlay, Compatible with Alexa and Google Assistant",429.99,549.99,USD,4.4,4,https://www.amazon.com/dp/B0HBWF1WWH,https://m.media-amazon.com/images/I/81tmleZBvAL._AC_UY654_QL65_.jpg,1,429.99,False,False,False,False,New on Amazon in past month,FREE delivery Tomorrow 8 AM - 8 PM,False,,,,,,,,,False,True
B0GT4Q3LCV,"Hisense 75&quot; U6 Pro Series Mini‑LED ULED 4K UHD HDR Gaming AI Smart Fire TV (75U6SF Pro, 2026 New) – Hi-QLED, Native 144Hz, Motion Rate 480, Dolby Vision IQ · Atmos, HDR10+, Glare-Free, Alexa+",797.97,797.97,USD,4.3,279,https://www.amazon.com/dp/B0GT4Q3LCV,https://m.media-amazon.com/images/I/81BvDpVJFDL._AC_UY654_QL65_.jpg,1,797.97,False,False,False,False,500+ bought in past month,"FREE delivery Tomorrow, Sep 11Only 2 left in stock - order soon.",False,Limited time deal,Only 2 left in stock - order soon.,,,,,,,False,False
B0F34L9MZB,"Hisense 32-Inch Class A4 Series HD 1080p Smart VIDAA TV (32A4NV, 2026 Model) - DTS Virtual: X, Noise Reduction, AI Sports Mode, Apple Airplay &amp; Apple Home, Alexa Built in",172.36,172.36,USD,3.7,268,https://www.amazon.com/dp/B0F34L9MZB,https://m.media-amazon.com/images/I/81Nj1Nu1alL._AC_UY654_QL65_.jpg,1,172.36,False,False,True,False,500+ bought in past month,"Join Prime to get FREE delivery Tomorrow, Sep 11Or Non-members get FREE delivery Tue, Sep 15",False,,,,,,,,,False,False
B0DWHFWT5C,"Roku 65-Inch Plus Series Smart TV - 4K QLED Mini-LED TV - RokuTV | Flat Screen Television with Dolby Vision &amp; Wi-Fi for Streaming Live Local News, Sports - Enhanced Voice Remote",478.99,649.99,USD,4.5,701,https://www.amazon.com/dp/B0DWHFWT5C,https://m.media-amazon.com/images/I/81zzTIk65AL._AC_UY654_QL65_.jpg,1,478.99,False,False,False,True,500+ bought in past month,"FREE delivery as soon as Fri, Oct 2, 10 AM - 3 PM",False,,,,,,,,,False,True
B0GPY9WJV2,"Samsung 43-Inch Class QN70H Series, Neo QLED Mini LED, 4K, Smart TV, 2026 | Samsung Vision AI, Quantum Mini LED, 100% Color Volume with Quantum Dot, NQ4 AI Processor, 4K Upscaling, Alexa Built-in",497.99,597.99,USD,4.2,109,https://www.amazon.com/dp/B0GPY9WJV2,https://m.media-amazon.com/images/I/81gLF+2beLL._AC_UY654_QL65_.jpg,6,455.53,False,False,False,False,300+ bought in past month,FREE delivery Tomorrow 8 AM - 8 PMOnly 8 left in stock - order soon.,False,Limited time deal,Only 8 left in stock - order soon.,,,,,,,False,True
B0FC32CQBY,"Westinghouse 40-inch Smart TV, FHD 1080P Xumo TV w/Voice Remote, Flat Screen Television w/Dolby Atmos, Bluetooth, Apple AirPlay, Wi-Fi &amp; Mobile Connectivity",154.99,154.99,USD,4.1,129,https://www.amazon.com/dp/B0FC32CQBY,https://m.media-amazon.com/images/I/81A9KAs-tML._AC_UY654_QL65_.jpg,2,139.49,False,False,True,False,200+ bought in past month,"Join Prime to get FREE delivery Tomorrow, Sep 11Or Non-members get FREE delivery Tue, Sep 15",False,,,,,,,,,False,False
B0H32XXXPG,"NORTHING 17.2&quot; Portable TV with Antenna, 7000mAh Rechargeable Kitchen TV | Support USB/HDMI/AV Input, 12V Small TV for Camping Kitchen Bedroom Patio RV Car Power Outage",129.99,189.99,USD,5.0,3,https://www.amazon.com/dp/B0H32XXXPG,https://m.media-amazon.com/images/I/71ZJtzSj-CL._AC_UY654_QL65_.jpg,1,129.99,False,False,True,False,,"Join Prime to get FREE delivery Tomorrow, Sep 11Or Non-members get FREE delivery Tue, Sep 15Only 10 left in stock - order soon.",False,,Only 10 left in stock - order soon.,,,,,,,False,True
B0FJ2KBSSV,"Samsung 77-Inch Class OLED S84F Series Samsung Vision AI Smart TV (2025 Model, 77S84F) NQ4 AI Gen2 Processor, 4K AI Upscaling, OLED HDR, Pantone Validated, Motion Xcelerator 120Hz",,,USD,4.4,56,https://www.amazon.com/dp/B0FJ2KBSSV,https://m.media-amazon.com/images/I/61gmUmKS-UL._AC_UY654_QL65_.jpg,1,,False,False,False,False,100+ bought in past month,"FREE delivery Tomorrow, Sep 11",False,,,,,,,,,True,False
B0GRK8B8BG,"LG 43-Inch QNED AI 4K QNED73B Series Mini LED Smart TV, 2026 Model | Amazon Exclusive, Sound Pro, HDR10, Super Upscaling, Filmmaker Mode",359.99,359.99,USD,3.7,145,https://www.amazon.com/dp/B0GRK8B8BG,https://m.media-amazon.com/images/I/71GjSERs4PL._AC_UY654_QL65_.jpg,2,310.19,False,False,False,False,500+ bought in past month,"FREE delivery as soon as Sat, Sep 12, 10 AM - 3 PMOr fastest delivery Tomorrow, Sep 11",False,,,,,,,,,False,False
B0H41K75DS,"HORION Roku TV 32&quot; QLED Smart HD Television with Quantum Dot Color | Built-in Dolby Audio, 500+ Free Live Channels, Apple AirPlay, Voice Control with Alexa &amp; Google Assistant",149.99,149.99,USD,4.3,209,https://www.amazon.com/dp/B0H41K75DS,https://m.media-amazon.com/images/I/61-9jdZK-JL._AC_UY654_QL65_.jpg,1,149.99,False,False,True,False,,"Join Prime to get FREE delivery Sat, Sep 12Or Non-members get FREE delivery Tue, Sep 15",False,,,You pay $119.99 with coupon,,,,,,False,False
B0F758GJFX,"Amazon Ember 32&quot; 2-Series with Fire TV (newest model), HD smart TV with Alexa Remote, fast streaming, Dolby Audio, Ambient Experience, free and live TV, find shows faster with Alexa+ Reducing CO2",143.99,159.99,USD,4.4,890,https://www.amazon.com/dp/B0F758GJFX,https://m.media-amazon.com/images/I/617Q6kvnGfL._AC_UY654_QL65_.jpg,2,126.71,False,False,True,True,2K+ bought in past month,"Join Prime to get FREE delivery Tomorrow, Sep 11Or Non-members get FREE delivery Tue, Sep 15",False,Ends in,,,,,,,,False,True
B0GRGTZKHT,"Hisense 50“ Hi-QLED S7 CanvasTV Series 4K UHD Google Smart Art TV (50S7SG, 2026 New) - Art Mode, Anti-Glare Panel, Dolby Vision HDR, Hi-Matte Display, Frame &amp; UltraSlim Wall Mount Included",747.99,747.99,USD,4.4,206,https://www.amazon.com/dp/B0GRGTZKHT,https://m.media-amazon.com/images/I/81kMTBNYTOL._AC_UY654_QL65_.jpg,1,747.99,False,False,False,False,400+ bought in past month,FREE delivery Tomorrow 8 AM - 8 PM,False,Limited time deal,,,,,,,,False,False
B0GT72ZQLQ,"VIZIO Onn 24S2V1 24&quot; Class (720P) HD Powered Smart TV, Seamless Streaming, &amp; Compatible with Apple AirPlay, Google Home, and Alexa (Renewed)",98.0,98.0,USD,3.6,24,https://www.amazon.com/dp/B0GT72ZQLQ,https://m.media-amazon.com/images/I/71NtXAqC2HL._AC_UY654_QL65_.jpg,1,98.0,False,False,True,False,100+ bought in past month,"Join Prime to get FREE delivery Tomorrow, Sep 11Or Non-members get FREE delivery Tue, Sep 15",False,,,,,,,,,False,False
B0DYQRL1YX,"LG 97-Inch OLED evo AI 4K G5 Series Smart TV (OLED97G5WUA, 2025) | Dolby Atmos, Dolby Vision, HDR10, AI Super Upscaling 4K, FILMMAKER Mode",,,USD,4.4,332,https://www.amazon.com/dp/B0DYQRL1YX,https://m.media-amazon.com/images/I/91521kFoIJL._AC_UY654_QL65_.jpg,2,,False,False,False,False,,"FREE delivery Sat, Sep 19Only 1 left in stock - order soon.",False,,Only 1 left in stock - order soon.,,,,,,,True,False
B0G4XGX4SW,"TCL 65-Inch F7D Series QLED 4K UHD Smart TV (65F7D, 2026 Model) | Dolby Vision &amp; Dolby Atmos, DTS | Voice Remote with Alexa | Motion Rate 240, Game Accelerator 120, Auto Game Mode",499.99,599.99,USD,3.9,208,https://www.amazon.com/dp/B0G4XGX4SW,https://m.media-amazon.com/images/I/71LEhKZwHCL._AC_UY654_QL65_.jpg,2,474.99,False,False,False,False,300+ bought in past month,FREE delivery Tomorrow 8 AM - 8 PM,False,,,,,,,,,False,True
B0DVX9GCC4,TCL 115QM7K 115 inch Class QM7K Series 4K UHD QD-Mini LED Smart Google TV,,,USD,4.3,787,https://www.amazon.com/dp/B0DVX9GCC4,https://m.media-amazon.com/images/I/81wiCi23N4L._AC_UY654_QL65_.jpg,4,,False,False,False,False,,"FREE delivery as soon as Wed, Sep 16, 7 AM - 7 PMOnly 1 left in stock - order soon.",False,,Only 1 left in stock - order soon.,,,,,,,True,False
B0GPSFJ5Q4,"Roku Hiro 24&quot; 720p HD Smart Flat Screen LED TV with Dolby Audio for Streaming, with Wi-Fi, Bluetooth, 60Hz, 3X HDMI Ports - H24C2C4 (Renewed)",72.99,72.99,USD,4.6,74,https://www.amazon.com/dp/B0GPSFJ5Q4,https://m.media-amazon.com/images/I/613MpXsV7sL._AC_UY654_QL65_.jpg,1,72.99,False,False,False,False,500+ bought in past month,"FREE delivery Mon, Sep 21",False,,,,,,,,,False,False
B0GTWZV1XB,"LG 115-Inch Class QNED evo AI QNED92B Series Mini LED 4K Smart TV w/Dolby Atmos, Dolby Vision, HDR10, AI Super Upscaling 4K, Filmmaker Mode, Wow Orchestra, Compatible with Alexa (115QNED92BU, 2026)",,,USD,,0,https://www.amazon.com/dp/B0GTWZV1XB,https://m.media-amazon.com/images/I/81rAF+G4x6L._AC_UY654_QL65_.jpg,1,,False,False,False,False,,"FREE delivery Tomorrow, Sep 11Only 9 left in stock - order soon.",False,,Only 9 left in stock - order soon.,,,,,,,True,False
B0DXMY88NL,"Samsung 98-Inch Class Neo QLED 4K QN90F Series, Vision AI, Mini LED Smart TV (2025 Model, 98QN90F) Neo Quantum HDR+, Object Tracking Sound+ w/Dolby Atmos, Glare Free, Gaming Hub, Alexa Built-in",,,USD,4.5,353,https://www.amazon.com/dp/B0DXMY88NL,https://m.media-amazon.com/images/I/910NixB4QyL._AC_UY654_QL65_.jpg,1,,False,False,False,False,,"FREE delivery Tomorrow, Sep 11Only 1 left in stock - order soon.",False,,Only 1 left in stock - order soon.,,,,,,,True,False
B0D3H8QXJK,"SYLVOX Outdoor TV, 65 inch Smart Waterproof Outdoor TV, 4K UHD Weatherproof | IP56, Support Dolby Vision Atmos, Google Cast, 1000 nit Brightness for Outside Partial Sun &amp; Full Shade (Deck Pro 3.0 /2026) ISCC PLUS",,,USD,4.4,322,https://www.amazon.com/dp/B0D3H8QXJK,https://m.media-amazon.com/images/I/71Dk3kRsJqL._AC_UY654_QL65_.jpg,1,,False,False,True,True,100+ bought in past month,"Join Prime to get FREE delivery Tomorrow, Sep 11Or Non-members get FREE delivery Tue, Sep 15",False,,,,,,,,,True,False
B0F2QKW7PX,"SAMSUNG 98 Inch QN990F Neo QLED 8K Smart TV, Graphite Black (Renewed)",,,USD,,0,https://www.amazon.com/dp/B0F2QKW7PX,https://m.media-amazon.com/images/I/71TsjgQAWPL._AC_UY654_QL65_.jpg,1,,False,False,False,False,,"FREE delivery Sep 16 - 18Or fastest delivery Sat, Sep 12Only 6 left in stock - order soon.",False,,Only 6 left in stock - order soon.,,,,,,,True,False
B0GNTK419D,"Toshiba 85&quot; Z670R Series Mini-LED 4K UHD Smart Fire TV (85Z670R, 2026 New) - QLED, Native 144Hz, HDR10+, Dolby Vision IQ, REGZA Engine Zri, Dolby Atmos, Game Mode Pro, Alexa Built-in, Japan Quality",,,USD,4.3,132,https://www.amazon.com/dp/B0GNTK419D,https://m.media-amazon.com/images/I/81dh36jMgJL._AC_UY654_QL65_.jpg,1,,False,False,False,False,,"FREE delivery Tomorrow, Sep 11",False,,,,,,,,,True,False
B0GPSLXZN5,"TCL 85 Inch Class QM8L Series | SQD-Mini-LED QLED Smart TV | 85QM8L, 2026 Model | 144Hz | Ultimate Color Brightness &amp; Contrast | Google AI Bang &amp; Olufsen | Voice Control Gaming Streaming Television",,,USD,4.3,88,https://www.amazon.com/dp/B0GPSLXZN5,https://m.media-amazon.com/images/I/81j1sN9S3EL._AC_UY654_QL65_.jpg,1,,False,False,False,False,50+ bought in past month,"FREE delivery Tomorrow, Sep 11",False,Limited time deal,,,,,,,,True,False
B0DWHGPJFG,"Roku 75-Inch Pro Series Smart TV - 4K QLED Mini-LED TV - RokuTV | Flat Screen Television with 120Hz Refresh Rate &amp; Dolby Vision IQ, Live News, Sports, Entertainment - Backlit Voice Remote Pro",,,USD,4.4,295,https://www.amazon.com/dp/B0DWHGPJFG,https://m.media-amazon.com/images/I/81QZgyjurrL._AC_UY654_QL65_.jpg,1,,False,False,False,True,100+ bought in past month,"FREE delivery Tomorrow, Sep 11",False,,,,,,,,,True,False
B0D2W1WSRK,"Hisense 110&quot; Mini-LED Premium Flagship ULED X Series 4K UHD Google Smart TV (110UX) - MiniLED X, Up to 10k Brightness, QLED, 144Hz, Dolby Vision Atmos, HDR10+, 4.2.2 Ch Audio, Voice Control, Alexa",,,USD,4.3,4,https://www.amazon.com/dp/B0D2W1WSRK,https://m.media-amazon.com/images/I/71kGWHlRlOL._AC_UY654_QL65_.jpg,1,,False,False,False,False,,"FREE delivery as soon as Wed, Sep 16, 7 AM - 7 PMOnly 1 left in stock - order soon.",False,,Only 1 left in stock - order soon.,,,,,,,True,False
B0DK2HKXLT,"Samsung 75-Inch Class Neo QLED 4K The Terrace Partial Sun, Quantum HDR+, Dolby Atmos, Wide Viewing Angle, Weather Resistant, Anti-Glare Outdoor Smart TV w/Alexa Built-in, (QN75LST7DAFXZA, 2024 Model)",,,USD,4.7,46,https://www.amazon.com/dp/B0DK2HKXLT,https://m.media-amazon.com/images/I/71+aS4LBpxL._AC_UY654_QL65_.jpg,6,,False,False,False,False,,"FREE delivery Tomorrow, Sep 11Only 7 left in stock (more on the way).",False,,Only 7 left in stock (more on the way).,,,,,,,True,False
B0GHQTL5P5,"SYLVOX Outdoor TV, 85&#x27;&#x27; Mini LED QLED, 3500 Nits Extreme Brightness, 120Hz | Matte Display, Clear in Any Light, IP56 Waterproof, Dolby Vision Atmos, 30W×2 Audio, Google TV, Ultimate Viewing (Cinema Pro)",,,USD,,0,https://www.amazon.com/dp/B0GHQTL5P5,https://m.media-amazon.com/images/I/61vsRuNeYnL._AC_UY654_QL65_.jpg,1,,False,False,False,False,,"FREE delivery Wed, Sep 23Only 3 left in stock - order soon.",False,,Only 3 left in stock - order soon.,,,,,,,True,False
B089PXD1QG,SunBrite 55-inch Outdoor Television 4K with HDR - Pro 2 Series - for Full Sun SB-P2-55-4K-BL,,,USD,,0,https://www.amazon.com/dp/B089PXD1QG,https://m.media-amazon.com/images/I/7154O-6KLjL._AC_UY654_QL65_.jpg,1,,False,False,False,False,,FREE delivery Sep 21 - 29,False,,,,,,,,,True,False
B0H82KVT8W,"360SPB 55 Inch Outdoor TV, 1000 Nits 4K Smart TV, IP65 Waterproof | Licensed Google TV Outdoor Smart Television with HDR10+ &amp; Dolby Atmos, Weatherproof Patio TV with High Brightness Screen",,,USD,5.0,3,https://www.amazon.com/dp/B0H82KVT8W,https://m.media-amazon.com/images/I/71La6QEEgiL._AC_UY654_QL65_.jpg,1,,False,False,False,False,,"FREE delivery Mon, Sep 21",False,,,"You pay $1,099.00 with coupon",,,,,,True,False
B0G6JSXMNS,"85&quot; Outdoor Commercial TV, 4K 2500 Nits Business Display | Commercial Outdoor TV for Restaurants, Retail &amp; Hospitality, Android, WiFi &amp; HDMI, 7x24 Operation (Non-Waterproof)",,,USD,5.0,2,https://www.amazon.com/dp/B0G6JSXMNS,https://m.media-amazon.com/images/I/71f32A6mp4L._AC_UY654_QL65_.jpg,1,,False,False,False,False,,"FREE delivery Wed, Oct 14",False,,,,,,,,,True,False
B0G2CVD9R2,"Titan G100 Mini 98 Inch Covered Patio Outdoor TV – 4K UHD QLED IP65 - Google OS, Dolby Vision &amp; Atmos, Onkyo Speakers - Thin Bezel - Weather Resistant - 2-Year Warranty &amp; USA Assembled",,,USD,4.0,5,https://www.amazon.com/dp/B0G2CVD9R2,https://m.media-amazon.com/images/I/81trbhXzY7L._AC_UY654_QL65_.jpg,1,,False,False,False,True,,"FREE delivery Mon, Sep 21Only 9 left in stock - order soon.",False,,Only 9 left in stock - order soon.,"You pay $8,549.99 with coupon",,,,,,True,False
B09R8WQ1YV,"Sony 75 Inch 8K Ultra HD TV Z9K Series: BRAVIA XR 8K Mini LED Smart Google TV with Dolby Vision HDR and Exclusive Features for The Playstation® 5 XR75Z9K- Latest Model,Black",,,USD,3.8,17,https://www.amazon.com/dp/B09R8WQ1YV,https://m.media-amazon.com/images/I/619sGZ1DWwL._AC_UY654_QL65_.jpg,2,,False,False,False,False,,"FREE delivery Tomorrow, Sep 11",False,,,,,,,,,True,False
B0CV9N2M3H,"Samsung 65-Inch Class QLED 8K QN800D Series Mini LED, Neo Quantum HDR Smart TV w/Dolby Atmos, Object Tracking Sound+, AI Motion Enhancer, Real Depth Enhancer Pro, Alexa Built-in (QN65QN800D, 2024)",,,USD,3.4,53,https://www.amazon.com/dp/B0CV9N2M3H,https://m.media-amazon.com/images/I/71L6YdiNyLL._AC_UY654_QL65_.jpg,1,,False,False,False,True,,FREE delivery Sep 16 - 24Only 14 left in stock - order soon.,False,,Only 14 left in stock - order soon.,,,,,,,True,False
B0CV9GM5L3,"Samsung 98-Inch Class Neo QLED 4K QN90D Series Mini LED, Neo Quantum HDR+ Smart TV w/Dolby Atmos, Object Tracking Sound+, Motion Xcelerator, Real Depth Enhancer Pro, Alexa Built-in (QN98QN90D, 2024)",,,USD,4.4,512,https://www.amazon.com/dp/B0CV9GM5L3,https://m.media-amazon.com/images/I/71+ODv9V5nL._AC_UY654_QL65_.jpg,2,,False,False,False,True,,FREE delivery Sep 15 - 18Only 10 left in stock - order soon.,False,,Only 10 left in stock - order soon.,,,,,,,True,False
B0CZMLJNCQ,"TCL 115-Inch QM89 QLED 4K Smart QD-Mini LED TV with Google TV (115QM891G, 2024 Model) Dolby Vision HDR, Dolby Atmos, Game Accelerator up to 240Hz, Voice Remote, Works with Alexa, Streaming Television",,,USD,4.3,357,https://www.amazon.com/dp/B0CZMLJNCQ,https://m.media-amazon.com/images/I/81-vZudvc1L._AC_UY654_QL65_.jpg,1,,False,False,False,False,,"FREE delivery as soon as Tue, Sep 15, 7 AM - 7 PMOnly 7 left in stock - order soon.",False,,Only 7 left in stock - order soon.,,,,,,,True,False
B0H3XTVBK5,"LG 100-Inch QNED evo AI Mini LED 4K Smart TV with a8 Gen3 Processor, Quantum Color, Dolby Vision, Dolby Atmos &amp; 144Hz VRR Gaming Bundle with Deco Essentials 1-Year Extended Protection and HDMI Cables",,,USD,4.5,57,https://www.amazon.com/dp/B0H3XTVBK5,https://m.media-amazon.com/images/I/81r-5zfDYcL._AC_UY654_QL65_.jpg,1,,False,False,False,False,,FREE delivery Sep 16 - 24Only 2 left in stock - order soon.,False,,Only 2 left in stock - order soon.,"You pay $3,279.99 with coupon",,,,,,True,False
B0FQX7T7CZ,"Titan L300 Mini 98 Inch QNED Full Sun LED Outdoor TV – 4K UHD, 120Hz – Weatherproof IP65 &amp; WebOS Smart OS – Up to 1520 Nits – Dolby Vision &amp; Atmos – Bonus Cover – USA Assembled with 2-Year Warranty",,,USD,2.0,1,https://www.amazon.com/dp/B0FQX7T7CZ,https://m.media-amazon.com/images/I/81Lo1JbaszL._AC_UY654_QL65_.jpg,1,,False,False,False,True,,"FREE delivery Mon, Sep 28",False,,,,,,,,,True,False
B0GJ1DBYHB,"Hisense 65&quot; U7 Mini-LED ULED 4K UHD Best Premium Gaming HDR Smart Fire TV (65U7SF, 2026 New) - Hi-QLED, Native 165Hz, VRR 330, Dolby Vision IQ · Atmos, IMAX Enhanced, Anti-Reflection, 2.1.2 Ch, Alexa+",847.99,998.99,USD,4.4,99,https://www.amazon.com/dp/B0GJ1DBYHB,https://m.media-amazon.com/images/I/8125gE7k8KL._AC_UY654_QL65_.jpg,1,847.99,False,False,False,False,50+ bought in past month,FREE delivery Tomorrow 8 AM - 8 PM,False,Limited time deal,,,,,,,,False,True
B0GK1JVC73,"43 Inch Outdoor TV, 1500 Nits Hight Brightness, IP66 Waterproof TV | 4K UHD Smart Google TV, Anti-Glare Screen, Temperature Resistant, Outside Television for Partial Sun (Outdoor &amp; Indoor)",,,USD,5.0,14,https://www.amazon.com/dp/B0GK1JVC73,https://m.media-amazon.com/images/I/71pG9mcITSL._AC_UY654_QL65_.jpg,1,,False,False,False,False,,"FREE delivery as soon as Sat, Sep 12, 10 AM - 3 PMOnly 19 left in stock - order soon.",False,,Only 19 left in stock - order soon.,"You pay $1,099.00 with coupon",,,,,,True,False
B0GRKCRCHG,"LG 83-Inch Class OLED AI 4K B6 Series Smart TV w/Dolby Atmos, Dolby Vision, HDR10, AI Super Upscaling 4K, Filmmaker Mode, Wow Orchestra, Compatible with Alexa (OLED83B6GUA, 2026)",,,USD,5.0,1,https://www.amazon.com/dp/B0GRKCRCHG,https://m.media-amazon.com/images/I/71hmqNxJKXL._AC_UY654_QL65_.jpg,5,,False,False,False,False,,"FREE delivery as soon as Sat, Sep 12, 10 AM - 3 PMOnly 18 left in stock (more on the way).",False,,Only 18 left in stock (more on the way).,,,,,,,True,False
B0H3M6SZPH,Samsung QN85QN80HAFXZA Neo QLED 4K TV with 6 Year Amber Protection (2026),,,USD,5.0,1,https://www.amazon.com/dp/B0H3M6SZPH,https://m.media-amazon.com/images/I/71xceD0pzHL._AC_UY654_QL65_.jpg,1,,False,False,False,False,,"FREE delivery as soon as Wed, Sep 16, 7 AM - 7 PMOnly 5 left in stock - order soon.",False,,Only 5 left in stock - order soon.,,,,,,,True,False
B0GRK93DCP,"LG 83-Inch Class OLED evo AI 4K W6 Wallpaper Series Smart TV w/Dolby Atmos, Dolby Vision, HDR10, AI Super Upscaling 4K, Filmmaker Mode, Wow Orchestra, Compatible with Alexa (OLED83W6PUA, 2026)",,,USD,,0,https://www.amazon.com/dp/B0GRK93DCP,https://m.media-amazon.com/images/I/71AV2nMcTeL._AC_UY654_QL65_.jpg,1,,False,False,False,False,,FREE delivery Sep 16 - 17Only 2 left in stock - order soon.,False,,Only 2 left in stock - order soon.,,,,,,,True,False
B0H2BPVN7W,"Samsung 115&quot; Class Neo QLED 4K QN90F Series, Vision AI, Mini LED Smart TV (2025 Model, 115QN90F) Neo Quantum HDR+, Object Tracking Sound+ w/Dolby Atmos, Alexa Built-in (Renewed)",,,USD,,0,https://www.amazon.com/dp/B0H2BPVN7W,https://m.media-amazon.com/images/I/81FNpMW57wL._AC_UY654_QL65_.jpg,1,,False,False,False,False,,"FREE delivery Sep 16 - 18Or fastest delivery Sat, Sep 12Only 1 left in stock - order soon.",False,,Only 1 left in stock - order soon.,,,,,,,True,False
B0FBMNLZL3,"Sony K98XR50 BRAVIA 5 98 inch Mini LED 4K HDR TV (2025) Bundle with CPS Exclusive 2 YR Protection, 2X 4K HDMI Cable &amp; Deco Gear Complete Home Theater Beginner&#x27;s Guidebook",,,USD,,0,https://www.amazon.com/dp/B0FBMNLZL3,https://m.media-amazon.com/images/I/61sMvP5tmYL._AC_UY654_QL65_.jpg,1,,False,False,False,False,,FREE delivery Sep 16 - 24Only 2 left in stock - order soon.,False,,Only 2 left in stock - order soon.,,,,,,,True,False
B0H8J7J46N,"iFFALCON 65-Inch Class QLED 4K F75 Smart TV, Ultra-Slim 1.1&#x27;&#x27; Floating Picture Frame TV, Seamless Wall-Mount Installation | Dolby Vision IQ, 144Hz, Google TV, Alexa | Works w/Legacy Devices",699.99,885.99,USD,4.6,35,https://www.amazon.com/dp/B0H8J7J46N,https://m.media-amazon.com/images/I/71ftAVpL2jL._AC_UY654_QL65_.jpg,1,699.99,False,False,True,False,,"Join Prime to get FREE delivery Tomorrow, Sep 11Or Non-members get FREE delivery Tue, Sep 15",False,,,,,,,,,False,True
B0GYRL2938,"55 inch Outdoor TV 4K UHD Smart Google TV, 1500 Nits IP55 Waterproof, HDR10, Dolby Vision &amp; Atmos, 178° Wide Viewing Angle, Anti Glare, Partial Sun, WiFi &amp; Bluetooth, Patio Backyard Poolside",,,USD,5.0,2,https://www.amazon.com/dp/B0GYRL2938,https://m.media-amazon.com/images/I/61QYrjCGNkL._AC_UY654_QL65_.jpg,2,,False,False,False,False,,"FREE delivery as soon as Sat, Sep 12, 10 AM - 3 PMOr fastest delivery Tomorrow, Sep 11",False,,,,,,,,,True,False
B0G2CZQXQ6,"Titan G100 Mini 115 Inch Covered Patio Outdoor TV – 4K UHD QLED IP65 - Google OS, Dolby Vision &amp; Atmos, Onkyo Speakers - Thin Bezel - Weather Resistant - 2-Year Warranty &amp; USA Assembled",,,USD,4.0,5,https://www.amazon.com/dp/B0G2CZQXQ6,https://m.media-amazon.com/images/I/81trbhXzY7L._AC_UY654_QL65_.jpg,1,,False,False,False,True,,"FREE delivery Thu, Sep 24",False,,,"You pay $21,339.89 with coupon",,,,,,True,False
B0FCMBVG12,Sony BRAVIA 8 II 65-Inch 4K QD OLED Smart TV (K-65XR80M2) with BRAVIA Theater Quad 16-Speaker Home Audio System (HT-A9M2),,,USD,,0,https://www.amazon.com/dp/B0FCMBVG12,https://m.media-amazon.com/images/I/71HtdojS+HL._AC_UY654_QL65_.jpg,1,,False,False,False,False,,Delivery Tomorrow by 8 PM,False,,,,,,,,,True,False
B0CRGYSXHT,Elite Outdoor Movies | Bright Outdoor TV | All Weather (202&quot; Outdoor TV),,,USD,,0,https://www.amazon.com/dp/B0CRGYSXHT,https://m.media-amazon.com/images/I/41Dxr9Jv+EL._AC_UY624_QL65_.jpg,1,,False,False,False,True,,"FREE delivery Wed, Sep 16Or fastest delivery Mon, Sep 14Only 1 left in stock - order soon.",False,,Only 1 left in stock - order soon.,,,,,,,True,False
B0GPLLZM6N,LED-E012i-108,,,USD,,0,https://www.amazon.com/dp/B0GPLLZM6N,https://m.media-amazon.com/images/I/51hcLMfqWNL._AC_UY654_QL65_.jpg,1,,False,False,False,False,,,False,,,,,,,,,True,False
B0GPLGDPD4,LED-E018i-162,,,USD,,0,https://www.amazon.com/dp/B0GPLGDPD4,https://m.media-amazon.com/images/I/51hcLMfqWNL._AC_UY654_QL65_.jpg,1,,False,False,False,False,,FREE delivery Oct 19 - 21,False,,,,,,,,,True,False
B0H8SLF22Q,"55 Inch Smart Mirror TV, 4K UHD Waterproof LED TV for Bathrooms and Hotels | webOS Televsion ATSC Tunner, Built-in Alexa, Bluetooth &amp; Wi-Fi, Magic Remote with Voice Control",,,USD,4.4,14,https://www.amazon.com/dp/B0H8SLF22Q,https://m.media-amazon.com/images/I/71XJw5Db1WL._AC_UY654_QL65_.jpg,1,,False,False,False,False,,FREE delivery Sep 22 - Oct 2Or fastest delivery Sep 17 - 21Only 9 left in stock - order soon.,False,,Only 9 left in stock - order soon.,"You pay $2,159.10 with coupon",,,,,,True,False
B0FYFWNVKV,"55-in Outdoor TV, 4K Ultra HD Sunlight Display | IP65 Waterproof &amp; Dustproof | for Dolby Surround Sound | Includes Voice Magic Cursor Remote, Designed for Patios &amp; Terraces",,,USD,3.5,8,https://www.amazon.com/dp/B0FYFWNVKV,https://m.media-amazon.com/images/I/71i1LQVN9lL._AC_UY654_QL65_.jpg,1,,False,False,False,False,,FREE delivery Tomorrow 8 AM - 8 PM,False,,,"You pay $1,199.00 with coupon",,,,,,True,False
B0CV9Q7C6W,"SAMSUNG 85-Inch Class QLED 8K QN800D Series Mini LED, Neo Quantum HDR Smart TV w/Dolby Atmos, Object Tracking Sound+, AI Motion Enhancer, Real Depth Enhancer Pro, Alexa Built-in (QN85QN800D, 2024)",,,USD,3.4,53,https://www.amazon.com/dp/B0CV9Q7C6W,https://m.media-amazon.com/images/I/71L6YdiNyLL._AC_UY654_QL65_.jpg,2,,False,False,False,True,,"FREE delivery as soon as Mon, Sep 14, 12 PM - 5 PMOnly 1 left in stock - order soon.",False,,Only 1 left in stock - order soon.,,,,,,,True,False
B0H7T8MW18,"LG 83 Inch C6H Series 4K OLED evo AI Smart webOS TV Bundle | HDMI Cable, Streaming Bundle &amp; 24 Month CPS Warranty | OLED evo | AI Processor | Dolby Vision | 144Hz Gaming",,,USD,,0,https://www.amazon.com/dp/B0H7T8MW18,https://m.media-amazon.com/images/I/71FKJwfxs2L._AC_UY654_QL65_.jpg,1,,False,False,False,False,,FREE delivery Sep 17 - 22,False,,,,,,,,,True,False
B0FCMNG4M3,"Samsung 85 inch Neo QLED 8K QN900F Vision AI Smart TV (2025) Bundle with CPS Exclusive 1-Year Protection, 2X 6Ft 4K HDMI Cable &amp; Deco Gear Complete Home Theater Beginner&#x27;s Guidebook",,,,2.8,6,https://www.amazon.com/dp/B0FCMNG4M3,https://m.media-amazon.com/images/I/619zwrSJb3L._AC_UY654_QL65_.jpg,1,,False,False,False,False,,,False,,,,,,,,,True,False
B0HCZRLC8T,"TCL 65&quot; Designer Series Picture Frame Google Smart Art TV QLED 4K, 65A300L | Free Curated Art Library &amp; AI Art, Matte Screen, UltraSlim 1.1&quot; Depth, 144Hz, Dolby Vision, HDR, Frame &amp; Flush Mount Included",999.99,999.99,USD,4.5,2675,https://www.amazon.com/dp/B0HCZRLC8T,https://m.media-amazon.com/images/I/81V0W1ZvnkL._AC_UY654_QL65_.jpg,1,999.99,False,False,False,False,,"FREE delivery as soon as Mon, Sep 14, 12 PM - 5 PMOnly 10 left in stock - order soon.",False,,Only 10 left in stock - order soon.,,,,,,,False,False
B0H96FNNBP,"TCL 75-Inch Designer Series QD-Mini LED TV, 4K Google Smart TV, 75A400U | Ultra-Slim Art TV with 0.12-Inch Wall Gap, 836 Dimming Zones, HDR 2500 Nits, QLED Color, 144Hz Gaming &amp; ONKYO 2.0 Audio",,,USD,4.5,1963,https://www.amazon.com/dp/B0H96FNNBP,https://m.media-amazon.com/images/I/71EyWFJuC+L._AC_UY654_QL65_.jpg,1,,False,False,False,False,,"FREE delivery as soon as Sat, Sep 12, 10 AM - 3 PMOnly 3 left in stock - order soon.",False,,Only 3 left in stock - order soon.,,,,,,,True,False
B0FCPJWTXQ,Samsung QN75QN90FAFXZA 75 Inch Neo QLED 4K QN90F Vision AI Smart TV with a HW-Q990F Q Series Soundbar 11.1.4 Ch Subwoofer with Rear Speakers (2025),,,USD,5.0,1,https://www.amazon.com/dp/B0FCPJWTXQ,https://m.media-amazon.com/images/I/91oEMaB6GVL._AC_UY654_QL65_.jpg,1,,False,False,False,False,,,False,,,,,,,,,True,False
B0GXZCHXJX,"HORION 32&quot; Portable Google TV with Wheels, Voice Remote, Mobile Smart TV | Portable Rollable Display with Built-in 5000mAh Battery, Voice Remote Control, Wireless Casting &amp; Height/Rotation Adjustment",559.05,599.0,USD,4.7,14,https://www.amazon.com/dp/B0GXZCHXJX,https://m.media-amazon.com/images/I/61VPttyjMyL._AC_UY654_QL65_.jpg,1,559.05,False,False,True,False,,"Join Prime to get FREE delivery Tomorrow, Sep 11Or Non-members get FREE delivery Tue, Sep 15",False,,,,,,,,,False,True
B0DWMH8828,"TCL 85-Inch QM6K QLED 4K Smart QD-Mini LED TV with Google TV (85QM6K, 2025 Model) + S55H S Class 2.1 Channel Sound Bar with Dolby Atmos",,,USD,,0,https://www.amazon.com/dp/B0DWMH8828,https://m.media-amazon.com/images/I/51AWz4FRmaL._AC_UY654_QL65_.jpg,1,,False,False,False,False,,"Delivery Tomorrow, Sep 11",False,,,,,,,,,True,False
B0DZ75TN5F,"Apple iPad 11-inch: A16 chip, 11-inch Model, Liquid Retina Display, 128GB, Wi-Fi 6, 12MP Front/12MP Back Camera, Touch ID, All-Day Battery Life — Blue EPEAT",427.0,449.0,USD,4.7,28421,https://www.amazon.com/dp/B0DZ75TN5F,https://m.media-amazon.com/images/I/61aPY8odPSL._AC_UY654_QL65_.jpg,7,389.93,False,False,True,True,10K+ bought in past month,"Join Prime to get FREE delivery Today 7 AM - 11 AMOr Non-members get FREE delivery Tue, Sep 15",True,,,,,,,,,False,True
B0DZ77D5HL,"Apple iPad 11-inch: A16 chip, 11-inch Model, Liquid Retina Display, 128GB, Wi-Fi 6, 12MP Front/12MP Back Camera, Touch ID, All-Day Battery Life — Silver EPEAT",427.0,449.0,USD,4.7,28421,https://www.amazon.com/dp/B0DZ77D5HL,https://m.media-amazon.com/images/I/61Q-vahOT9L._AC_UY654_QL65_.jpg,1,427.0,False,False,True,True,10K+ bought in past month,"Join Prime to get FREE delivery Today 7 AM - 11 AMOr Non-members get FREE delivery Tue, Sep 15",True,,,,,,,,,False,True
B0DZ7871B8,"Apple iPad 11-inch: A16 chip, 11-inch Model, Liquid Retina Display, 128GB, Wi-Fi 6, 12MP Front/12MP Back Camera, Touch ID, All-Day Battery Life — Pink EPEAT",427.0,449.0,USD,4.7,28421,https://www.amazon.com/dp/B0DZ7871B8,https://m.media-amazon.com/images/I/61F0JkimwfL._AC_UY654_QL65_.jpg,6,401.84,False,False,True,True,10K+ bought in past month,"Join Prime to get FREE delivery Today 7 AM - 11 AMOr Non-members get FREE delivery Tue, Sep 15",True,,,,,,,,,False,True
B0DZ751XN6,"Apple iPad 11-inch: A16 chip, 11-inch Model, Liquid Retina Display, 128GB, Wi-Fi 6, 12MP Front/12MP Back Camera, Touch ID, All-Day Battery Life — Yellow EPEAT",427.0,449.0,USD,4.7,28421,https://www.amazon.com/dp/B0DZ751XN6,https://m.media-amazon.com/images/I/61TKpa5A6EL._AC_UY654_QL65_.jpg,7,401.38,False,False,True,True,7K+ bought in past month,"Join Prime to get FREE delivery Today 7 AM - 11 AMOr Non-members get FREE delivery Tue, Sep 15",True,,,,,,,,,False,True
B0FWD1MS82,"Apple iPad Pro 13-inch (M5): Ultra Retina XDR Display, 256GB, Landscape 12MP Front Camera/12MP Back Camera, LiDAR Scanner, Wi-Fi 7 with Apple N1, Face ID, All-Day Battery Life — Space Black EPEAT",,,USD,4.7,772,https://www.amazon.com/dp/B0FWD1MS82,https://m.media-amazon.com/images/I/71W1m-Bj9sL._AC_UY654_QL65_.jpg,5,,False,False,True,True,1K+ bought in past month,"Join Prime to get FREE delivery Tomorrow, Sep 11Or Non-members get FREE delivery Tue, Sep 15",True,,,,,,,,,True,False
B0FWD1K669,"Apple iPad Pro 11-inch (M5): Ultra Retina XDR Display, 256GB, Landscape 12MP Front Camera/12MP Back Camera, LiDAR Scanner, Wi-Fi 7 with Apple N1, Face ID, All-Day Battery Life — Silver EPEAT",,,USD,4.7,654,https://www.amazon.com/dp/B0FWD1K669,https://m.media-amazon.com/images/I/61OExjvn1+L._AC_UY654_QL65_.jpg,1,,False,False,True,True,500+ bought in past month,"Join Prime to get FREE delivery Today 5 PM - 10 PMOr Non-members get FREE delivery Tue, Sep 15",True,,,,,,,,,True,False
B09HK12K5M,"Apple iPad 2021 (10.2-inch, Wi-Fi, 64GB) - Space Gray (Renewed)",175.0,175.0,USD,4.3,4777,https://www.amazon.com/dp/B09HK12K5M,https://m.media-amazon.com/images/I/51xY8slj3XL._AC_UY654_QL65_.jpg,65,149.0,False,False,True,False,10K+ bought in past month,"Join Prime to get FREE delivery Today 5 PM - 10 PMOr Non-members get FREE delivery Tue, Sep 15",True,,,,,,,,,False,False
B0DZ773FRV,"Apple iPad 11-inch: A16 chip, 11-inch Model, Liquid Retina Display, 256GB, Wi-Fi 6, 12MP Front/12MP Back Camera, Touch ID, All-Day Battery Life — Silver EPEAT",522.0,549.0,USD,4.7,28421,https://www.amazon.com/dp/B0DZ773FRV,https://m.media-amazon.com/images/I/61Q-vahOT9L._AC_UY654_QL65_.jpg,6,495.9,False,False,True,True,4K+ bought in past month,"Join Prime to get FREE delivery Tomorrow, Sep 11Or Non-members get FREE delivery Tue, Sep 15",True,,,,,,,,,False,True
B0GQVFP39T,"Apple iPad Air 13-inch (M4): Liquid Retina Display, 128GB, 12MP Front/Back Camera, Wi-Fi 7 with Apple N1, Touch ID, All-Day Battery Life — Starlight",902.0,949.0,USD,4.6,398,https://www.amazon.com/dp/B0GQVFP39T,https://m.media-amazon.com/images/I/71aBVV+i+nL._AC_UY654_QL65_.jpg,1,902.0,False,False,True,False,300+ bought in past month,"Join Prime to get FREE delivery Today 7 AM - 11 AMOr Non-members get FREE delivery Tue, Sep 15",True,,,,,,,,,False,True
B083C567C3,"Apple 2019 iPad 7th Gen (10.2-inch, Wi-Fi, 32GB) Silver (Renewed)",101.97,101.97,USD,4.1,15930,https://www.amazon.com/dp/B083C567C3,https://m.media-amazon.com/images/I/511H3wbgsYL._AC_UY654_QL65_.jpg,64,81.0,False,False,True,False,6K+ bought in past month,"Join Prime to get FREE delivery Today 5 PM - 10 PMOr Non-members get FREE delivery Tue, Sep 15",True,,,,,,,,,False,False
B0GQV9W97Q,"Apple iPad Air 11-inch (M4): Liquid Retina Display, 128GB, 12MP Front/Back Camera, Wi-Fi 7 with Apple N1, Touch ID, All-Day Battery Life — Purple",729.0,729.0,USD,4.8,748,https://www.amazon.com/dp/B0GQV9W97Q,https://m.media-amazon.com/images/I/71hEv3IJm4L._AC_UY654_QL65_.jpg,7,670.68,False,False,True,False,1K+ bought in past month,"Join Prime to get FREE delivery Tomorrow, Sep 11Or Non-members get FREE delivery Tue, Sep 15Only 18 left in stock - order soon.",True,,Only 18 left in stock - order soon.,,,,,,,False,False
B0DK3YF38G,"Apple iPad mini (A17 Pro): Apple Intelligence, 8.3-inch Liquid Retina Display, 128GB, Wi-Fi 6E, 12MP Front/12MP Back Camera, Touch ID, All-Day Battery Life — Blue EPEAT",574.0,574.0,USD,4.7,3338,https://www.amazon.com/dp/B0DK3YF38G,https://m.media-amazon.com/images/I/71yhrd0k2UL._AC_UY654_QL65_.jpg,7,281.26,False,False,True,True,300+ bought in past month,"Join Prime to get FREE delivery Today 7 AM - 11 AMOr Non-members get FREE delivery Tue, Sep 15",True,,,,,,,,,False,False
B08KWJW3DV,"Apple iPad 2020 (10.2-inch, Wi-Fi, 32GB) - Space Gray (Renewed)",119.0,119.0,USD,4.2,9279,https://www.amazon.com/dp/B08KWJW3DV,https://m.media-amazon.com/images/I/71KlwCsb7nL._AC_UY654_QL65_.jpg,66,95.79,False,False,True,False,2K+ bought in past month,"Join Prime to get FREE delivery Today 5 PM - 10 PMOr Non-members get FREE delivery Tue, Sep 15",True,,,,,,,,,False,False
B0B542Y6R1,"Apple Early 2022 iPad Air, 10.9-inch, Wi Fi, 64GB, Purple (Renewed)",328.57,328.57,USD,4.1,1233,https://www.amazon.com/dp/B0B542Y6R1,https://m.media-amazon.com/images/I/61r4e3+GL6L._AC_UY654_QL65_.jpg,5,295.17,False,False,True,False,300+ bought in past month,"Join Prime to get FREE delivery Today 5 PM - 10 PMOr Non-members get FREE delivery Tue, Sep 15",True,,,,,,,,,False,False
B0B3W115RT,"Apple 2022 iPad Air (10.9-inch, Wi-Fi, 64GB) - Starlight (Renewed)",314.19,314.19,USD,4.1,1233,https://www.amazon.com/dp/B0B3W115RT,https://m.media-amazon.com/images/I/61-3k7FKQRL._AC_UY654_QL65_.jpg,4,311.0,False,False,True,False,300+ bought in past month,"Join Prime to get FREE delivery Today 5 PM - 10 PMOr Non-members get FREE delivery Tue, Sep 15",True,,,,,,,,,False,False
B0BS79FN1M,"Apple 2022 iPad Air 10.9-inch, Wi-Fi, 64GB - Pink (Renewed)",349.0,349.0,USD,4.1,1233,https://www.amazon.com/dp/B0BS79FN1M,https://m.media-amazon.com/images/I/61lv79X8rsL._AC_UY654_QL65_.jpg,1,349.0,False,False,True,False,100+ bought in past month,"Join Prime to get FREE delivery Today 5 PM - 10 PMOr Non-members get FREE delivery Tue, Sep 15",True,,,,,,,,,False,False
B08KZ8GXK8,"Apple iPad (10.2-inch, Wi-Fi, 32GB) - Silver (Latest Model, 8th Generation) (Renewed)",119.97,119.97,USD,4.2,9279,https://www.amazon.com/dp/B08KZ8GXK8,https://m.media-amazon.com/images/I/71iCq-5H5OL._AC_UY654_QL65_.jpg,58,101.5,False,False,True,False,5K+ bought in past month,"Join Prime to get FREE delivery Today 5 PM - 10 PMOr Non-members get FREE delivery Tue, Sep 15",True,,,,,,,,,False,False
B08264XHCZ,"Apple iPad, 10.2-Inch, Wi-Fi, 32GB, Space Gray (Renewed)",99.0,99.0,USD,4.1,15930,https://www.amazon.com/dp/B08264XHCZ,https://m.media-amazon.com/images/I/81IjVvOXGdL._AC_UY654_QL65_.jpg,87,85.0,False,False,True,False,5K+ bought in past month,"Join Prime to get FREE delivery Tomorrow, Sep 11Or Non-members get FREE delivery Tue, Sep 15",True,,,,,,,,,False,False
B09HV3D2SX,"Apple 2021 iPad 10.2-inch, Wi-Fi, 64GB, Silver (Renewed)",177.0,177.0,USD,4.3,4777,https://www.amazon.com/dp/B09HV3D2SX,https://m.media-amazon.com/images/I/61tKLo7VjQL._AC_UY654_QL65_.jpg,36,136.0,False,False,False,False,2K+ bought in past month,"FREE delivery Sat, Sep 12",True,,,,,,,,,False,False
B0C21T1P58,"Apple 2021 iPad (10.2 inch, Wi-Fi, 64GB) - Space Gray (Renewed Premium)",199.0,199.0,USD,4.2,777,https://www.amazon.com/dp/B0C21T1P58,https://m.media-amazon.com/images/I/51sFFn27oVL._AC_UY654_QL65_.jpg,8,189.05,False,False,True,False,1K+ bought in past month,"Join Prime to get FREE delivery Tomorrow, Sep 11Or Non-members get FREE delivery Tue, Sep 15",True,,,,,,,,,False,False
B09J41TQT7,"Apple 2021 iPad (10.2-inch, Wi-Fi, 256GB) - Space Gray (Renewed)",272.0,272.0,USD,4.3,4777,https://www.amazon.com/dp/B09J41TQT7,https://m.media-amazon.com/images/I/51xY8slj3XL._AC_UY654_QL65_.jpg,10,199.99,False,False,True,False,1K+ bought in past month,"Join Prime to get FREE delivery Tomorrow, Sep 11Or Non-members get FREE delivery Tue, Sep 15",True,,,,,,,,,False,False
B08264XDKC,"Apple 2019 iPad 10.2-inch, Wi-Fi, 128GB - Space Gray (Renewed)",145.0,145.0,USD,4.1,15930,https://www.amazon.com/dp/B08264XDKC,https://m.media-amazon.com/images/I/81IjVvOXGdL._AC_UY654_QL65_.jpg,37,114.0,False,False,True,False,2K+ bought in past month,"Join Prime to get FREE delivery Today 5 PM - 10 PMOr Non-members get FREE delivery Tue, Sep 15",True,,,,,,,,,False,False
B0BTRBB1DP,"Apple 2022 iPad 10.9-inch, Wi-Fi, 64GB - Blue (Renewed)",325.99,325.99,USD,4.5,1272,https://www.amazon.com/dp/B0BTRBB1DP,https://m.media-amazon.com/images/I/61uA2UVnYWL._AC_UY654_QL65_.jpg,9,254.0,False,False,False,False,500+ bought in past month,"FREE delivery Tomorrow, Sep 11Only 18 left in stock - order soon.",True,,Only 18 left in stock - order soon.,,,,,,,False,False
B0BNCKSJVY,"Apple 2022 iPad Pro (12.9-inch, Wi-Fi, 256GB) - Space Gray (Renewed)",621.35,621.35,USD,4.0,324,https://www.amazon.com/dp/B0BNCKSJVY,https://m.media-amazon.com/images/I/71S8HejJlQL._AC_UY654_QL65_.jpg,6,559.85,False,False,False,False,200+ bought in past month,"FREE delivery Sep 14 - 16Or fastest delivery Tomorrow, Sep 11Only 1 left in stock - order soon.",True,,Only 1 left in stock - order soon.,,,,,,,False,False
B0F4ZST2QT,"Apple 2025 iPad 11-inch (Wi-Fi, 128GB) - Silver (Renewed)",385.25,427.0,USD,4.7,282,https://www.amazon.com/dp/B0F4ZST2QT,https://m.media-amazon.com/images/I/51Qwz7CNMqL._AC_UY654_QL65_.jpg,16,367.68,False,False,False,False,200+ bought in past month,"FREE delivery Tomorrow, Sep 11",True,,,,,,,,,False,True
B07G9MSGML,"Apple 9.7in iPad (Early 2018, 32GB, Wi-Fi Only, Silver) MR7G2LL/A (Renewed)",80.0,84.0,USD,4.3,12643,https://www.amazon.com/dp/B07G9MSGML,https://m.media-amazon.com/images/I/71wFzXmkGpL._AC_UY654_QL65_.jpg,32,78.19,False,False,False,False,1K+ bought in past month,"FREE delivery Sat, Sep 12Or fastest delivery Tomorrow, Sep 11",True,,,,,,,,,False,True
B0D3J7314P,"Apple iPad Air 11-inch (M2): Built for Apple Intelligence, Liquid Retina Display, 512GB, 12MP Front/Back Camera, Wi-Fi 6E + 5G Cellular, Touch ID, All-Day Battery Life — Starlight EPEAT",749.0,749.0,USD,4.6,229,https://www.amazon.com/dp/B0D3J7314P,https://m.media-amazon.com/images/I/71YQ09IrbeL._AC_UY654_QL65_.jpg,1,749.0,False,False,True,True,,"Join Prime to get FREE delivery Tomorrow, Sep 11Or Non-members get FREE delivery Tue, Sep 15",True,,,,,,,,,False,False
B096R8S5L4,"Apple 2021 iPad Pro (12.9-inch, Wi‐Fi, 128GB) - Space Gray (Renewed)",472.0,499.0,USD,4.2,1508,https://www.amazon.com/dp/B096R8S5L4,https://m.media-amazon.com/images/I/81nmWyBkKhL._AC_UY654_QL65_.jpg,7,434.99,False,False,False,False,50+ bought in past month,"FREE delivery Sat, Sep 12Or fastest delivery Tomorrow, Sep 11",True,,,,,,,,,False,True
B0D4XN4BSJ,"Apple 2024 iPad Air, 11-inch, Wi-Fi, 128GB - Starlight (Renewed)",459.95,459.95,USD,4.3,208,https://www.amazon.com/dp/B0D4XN4BSJ,https://m.media-amazon.com/images/I/71YQ09IrbeL._AC_UY654_QL65_.jpg,4,458.95,False,False,False,False,100+ bought in past month,"FREE delivery Tomorrow, Sep 11",True,,,,,,,,,False,False
B0GHL72XBM,"Apple iPad Pro (M5, 13-inch, 2025), 512GB, Wi-Fi + Cellular, Silver (Renewed Premium)",,,USD,3.4,8,https://www.amazon.com/dp/B0GHL72XBM,https://m.media-amazon.com/images/I/61opnmA1EnL._AC_UY654_QL65_.jpg,1,,False,False,False,False,,"FREE delivery Sat, Sep 12Or fastest delivery Tomorrow, Sep 11Only 13 left in stock - order soon.",True,,Only 13 left in stock - order soon.,Save 5% with coupon,,,,,,True,False
B0GVTPKJVT,"Amazon Fire HD 10 tablet, built for relaxation, 10.1&quot; vibrant Full HD screen, octa-core processor, 4 GB RAM, 32 GB, Black",76.99,154.99,USD,4.5,44201,https://www.amazon.com/dp/B0GVTPKJVT,https://m.media-amazon.com/images/I/71ZvPIpKktL._AC_UY654_QL65_.jpg,1,76.99,False,False,True,False,10K+ bought in past month,"Join Prime to get FREE delivery Today 7 AM - 11 AMOr Non-members get FREE delivery Tue, Sep 15",True,Limited time deal,,,,,,,,False,True
B0D3J776JL,"Apple iPad Pro 13-Inch (M4): Built for Apple Intelligence, Ultra Retina XDR Display, 512GB, 12MP Front/Back Camera, LiDAR Scanner, Wi-Fi 6E, Face ID, All-Day Battery Life — Space Black EPEAT",,,USD,4.8,1415,https://www.amazon.com/dp/B0D3J776JL,https://m.media-amazon.com/images/I/7147JzEtrqL._AC_UY654_QL65_.jpg,1,,False,False,True,True,100+ bought in past month,"Join Prime to get FREE delivery Tomorrow, Sep 11Or Non-members get FREE delivery Tue, Sep 15",True,Save 13%,,,,,,,,True,False
B09MJDRH88,"Apple 2021 iPad Mini 6 (8.3 inch, Wi-Fi + Cellular, 64GB) Space Gray (Renewed)",335.0,507.13,USD,4.3,585,https://www.amazon.com/dp/B09MJDRH88,https://m.media-amazon.com/images/I/61hsZOUQ3NL._AC_UY654_QL65_.jpg,15,283.2,False,False,False,False,200+ bought in past month,"FREE delivery Sat, Sep 12Only 7 left in stock - order soon.",True,,Only 7 left in stock - order soon.,,,,,,,False,True
B0BJLCWFNM,"Apple iPad (10th Generation): with A14 Bionic chip, 10.9-inch Liquid Retina Display, 64GB, Wi-Fi 6, 12MP front/12MP Back Camera, Touch ID, All-Day Battery Life – Silver EPEAT",449.0,449.0,USD,4.8,34499,https://www.amazon.com/dp/B0BJLCWFNM,https://m.media-amazon.com/images/I/61goypdjAYL._AC_UY654_QL65_.jpg,3,349.52,False,False,False,True,100+ bought in past month,"FREE delivery Sat, Sep 12Or fastest delivery Tomorrow, Sep 11",True,,,,,,,,,False,False
B08NQ1S3BY,"Apple iPad Air (10.9-inch, Wi-Fi + Cellular, 64GB) - Space Gray (Latest Model, 4th Generation) (Renewed)",279.0,279.0,USD,4.2,912,https://www.amazon.com/dp/B08NQ1S3BY,https://m.media-amazon.com/images/I/71CgkgmhotL._AC_UY654_QL65_.jpg,2,267.27,False,False,False,False,200+ bought in past month,FREE delivery Sep 27 - Oct 13Or fastest delivery Sep 27 - Oct 11,True,,,,,,,,,False,False
B0F63BHVWS,"Apple iPad Air, 2025 with M3 Chip (11-inch, Wi-Fi, 128GB) - Purple (Renewed)",589.0,589.0,USD,4.5,154,https://www.amazon.com/dp/B0F63BHVWS,https://m.media-amazon.com/images/I/71b-vc2xzlL._AC_UY654_QL65_.jpg,1,589.0,False,False,False,False,100+ bought in past month,"FREE delivery Tue, Sep 15",True,,,,,,,,,False,False
B0D4XCLY9X,"Apple iPad Pro 2024 (13-inch, Wi-Fi, 256GB) - Space Black (Renewed)",989.01,989.01,USD,4.5,257,https://www.amazon.com/dp/B0D4XCLY9X,https://m.media-amazon.com/images/I/713PFZlYruL._AC_UY654_QL65_.jpg,1,940.49,False,False,False,False,50+ bought in past month,"FREE delivery Thu, Sep 17Only 2 left in stock - order soon.",True,,Only 2 left in stock - order soon.,,,,,,,False,False
B0F76MTKYK,"2025 Apple iPad, (11-inch, Wi-Fi, 128GB) Silver (Renewed Premium)",409.99,409.99,USD,4.7,312,https://www.amazon.com/dp/B0F76MTKYK,https://m.media-amazon.com/images/I/515bENrrk-L._AC_UY654_QL65_.jpg,1,409.99,False,False,True,False,100+ bought in past month,"Join Prime to get FREE delivery Tomorrow, Sep 11Or Non-members get FREE delivery Tue, Sep 15",True,,,,,,,,,False,False
B08FMRY1S5,"Apple 2020 iPad Pro 12.9-inch, Wi-Fi + Cellular, 128GB - Space Gray (Renewed)",429.95,429.95,USD,4.4,929,https://www.amazon.com/dp/B08FMRY1S5,https://m.media-amazon.com/images/I/715JrwmEuOL._AC_UY654_QL65_.jpg,1,429.95,False,False,False,False,,"FREE delivery Mon, Sep 14Only 1 left in stock - order soon.",True,,Only 1 left in stock - order soon.,,,,,,,False,False
B0BTRKG8YT,"2022 Apple iPad Pro (11-inch, Wi-Fi + Cellular, 256GB) - Space Gray (Renewed)",643.0,643.0,USD,4.5,28,https://www.amazon.com/dp/B0BTRKG8YT,https://m.media-amazon.com/images/I/61d5vYSlbIL._AC_UY654_QL65_.jpg,7,586.95,False,False,False,False,,"FREE delivery Sat, Sep 12Or fastest delivery Tomorrow, Sep 11Only 1 left in stock - order soon.",False,,Only 1 left in stock - order soon.,,,,,,,False,False
B0D4XCZZ5B,"Apple iPad Pro 2024 (11-inch, Wi-Fi, 256GB) - Space Black (Renewed)",849.0,849.0,USD,4.4,110,https://www.amazon.com/dp/B0D4XCZZ5B,https://m.media-amazon.com/images/I/61QJt-l5vgL._AC_UY654_QL65_.jpg,3,749.99,False,False,False,False,50+ bought in past month,"FREE delivery Sat, Sep 12Or fastest delivery Tomorrow, Sep 11Only 4 left in stock - order soon.",True,,Only 4 left in stock - order soon.,,,,,,,False,False
B08C1C6S5K,"2020 Apple iPad Pro (12.9-inch, Wi-Fi, 256GB) - Space Gray (Renewed)",434.95,434.95,USD,4.4,783,https://www.amazon.com/dp/B08C1C6S5K,https://m.media-amazon.com/images/I/81SGb5l+lZL._AC_UY654_QL65_.jpg,3,399.99,False,False,False,False,200+ bought in past month,"FREE delivery Tomorrow, Sep 11Only 13 left in stock - order soon.",True,,Only 13 left in stock - order soon.,,,,,,,False,False
B0D3J71MS9,"Apple iPad Pro 13-Inch (M4): Built for Apple Intelligence, Ultra Retina XDR Display, 1TB, 12MP Front/Back Camera, LiDAR Scanner, Wi-Fi 6E, Face ID, All-Day Battery Life — Silver EPEAT",,,USD,4.5,52,https://www.amazon.com/dp/B0D3J71MS9,https://m.media-amazon.com/images/I/71YbWlh0P8L._AC_UY654_QL65_.jpg,1,,False,False,True,True,,"Join Prime to get FREE delivery Tomorrow, Sep 11Or Non-members get FREE delivery Tue, Sep 15",False,Save 11%,,,,,,,,True,False
B07Q4F7Q9C,"Apple 2018 iPad Pro 12.9-inch, Wi-Fi, 64GB - Space Gray (Renewed)",298.68,298.68,USD,4.4,2410,https://www.amazon.com/dp/B07Q4F7Q9C,https://m.media-amazon.com/images/I/61V2Jf5q2RL._AC_UY654_QL65_.jpg,6,269.85,False,False,False,False,100+ bought in past month,"FREE delivery Tomorrow, Sep 11Only 8 left in stock - order soon.",True,,Only 8 left in stock - order soon.,,,,,,,False,False
B0D3J9KW8F,"Apple iPad Pro 13-Inch (M4): Built for Apple Intelligence, Ultra Retina XDR Display - Nano-Texture Glass, 2TB, 12MP Front/Back Camera, LiDAR Scanner, Wi-Fi 6E + 5G Cellular, Face ID — Space Black EPEAT",,,USD,4.4,25,https://www.amazon.com/dp/B0D3J9KW8F,https://m.media-amazon.com/images/I/719U7raGViL._AC_UY654_QL65_.jpg,1,,False,False,True,True,,"Join Prime to get FREE delivery Tomorrow, Sep 11Or Non-members get FREE delivery Tue, Sep 15",False,Save 9%,,,,,,,,True,False
B0BTRXGMBN,"Apple 2022 iPad Pro 11-inch, Wi-Fi, 256GB, Space Gray (Renewed)",606.0,606.0,USD,4.3,261,https://www.amazon.com/dp/B0BTRXGMBN,https://m.media-amazon.com/images/I/71kLI2J16IL._AC_UY654_QL65_.jpg,4,539.99,False,False,False,False,50+ bought in past month,"FREE delivery Sat, Sep 12Or fastest delivery Tomorrow, Sep 11Only 2 left in stock - order soon.",True,,Only 2 left in stock - order soon.,,,,,,,False,False
B084BWX2SF,"Apple 2019 iPad 7th Gen (10.2-inch, Wi-Fi + Cellular, 128GB) Space Gray (Renewed)",159.0,159.0,USD,4.2,499,https://www.amazon.com/dp/B084BWX2SF,https://m.media-amazon.com/images/I/41Uj2NomCRL._AC_UY654_QL65_.jpg,24,115.2,False,False,True,False,200+ bought in past month,"Join Prime to get FREE delivery Tomorrow, Sep 11Or Non-members get FREE delivery Tue, Sep 15",False,,,,,,,,,False,False
B07QT8RTV2,"Apple iPad Pro (11-inch, Wi-Fi, 64GB) - Space Gray (2018) (Renewed)",265.0,265.0,USD,4.3,3054,https://www.amazon.com/dp/B07QT8RTV2,https://m.media-amazon.com/images/I/613kDELM0LL._AC_UY654_QL65_.jpg,2,234.99,False,False,False,False,100+ bought in past month,"FREE delivery Sat, Sep 12",True,,,,,,,,,False,False
B0CGZ43JM3,"Apple 2022 iPad Pro, 12.9-inch, Wi-Fi + Cellular, 256GB, Space Gray (Renewed Premium)",615.87,649.0,USD,4.0,33,https://www.amazon.com/dp/B0CGZ43JM3,https://m.media-amazon.com/images/I/71v4vbZo5yL._AC_UY654_QL65_.jpg,1,615.87,False,False,False,False,,"FREE delivery Sat, Sep 12Or fastest delivery Tomorrow, Sep 11Only 1 left in stock - order soon.",True,,Only 1 left in stock - order soon.,,,,,,,False,True
B0BFC5BF8H,"Apple 2020 iPad 10.2-inch, WiFi, 32GB - Silver (Renewed Premium)",135.99,135.99,USD,4.3,384,https://www.amazon.com/dp/B0BFC5BF8H,https://m.media-amazon.com/images/I/71TfIH7I1oL._AC_UY654_QL65_.jpg,7,132.05,False,False,True,False,500+ bought in past month,"Join Prime to get FREE delivery Sat, Sep 12Or Non-members get FREE delivery Tue, Sep 15",True,,,,,,,,,False,False
B0D3J85MZM,"Apple iPad Pro 13-Inch (M4): Built for Apple Intelligence, Ultra Retina XDR Display - Nano-Texture Glass, 2TB, 12MP Front/Back Camera, LiDAR Scanner, Wi-Fi 6E, Face ID, All-Day Battery Life — Silver EPEAT",,,,5.0,12,https://www.amazon.com/dp/B0D3J85MZM,https://m.media-amazon.com/images/I/71YbWlh0P8L._AC_UY654_QL65_.jpg,1,,False,False,False,True,,,False,,,,,,,,,True,False
B0CMYVHC7D,"Apple 2022 iPad Pro 6th Gen (12.9-inch, Wi-Fi, 256GB) - Space Gray (Renewed Premium)",780.43,780.43,USD,4.3,107,https://www.amazon.com/dp/B0CMYVHC7D,https://m.media-amazon.com/images/I/718rVBWPPoL._AC_UY654_QL65_.jpg,2,545.0,False,False,False,False,,FREE delivery Sep 25 - Oct 10Or fastest delivery Sep 25 - Oct 8,True,,,,,,,,,False,False
B0BFC1JQX9,"Apple 2019 iPad (10.2-inch, Wi-Fi, 32GB) - Space Gray (Renewed Premium)",104.0,104.0,USD,4.2,667,https://www.amazon.com/dp/B0BFC1JQX9,https://m.media-amazon.com/images/I/61m8rRc8RfL._AC_UY654_QL65_.jpg,11,95.76,False,False,True,False,500+ bought in past month,"Join Prime to get FREE delivery Tomorrow, Sep 11Or Non-members get FREE delivery Tue, Sep 15",True,,,,,,,,,False,False
B07VMB5L3C,"Apple iPad Air (10.5-inch, Wi-Fi, 64GB) Space Gray (Renewed)",159.0,159.0,USD,4.3,3007,https://www.amazon.com/dp/B07VMB5L3C,https://m.media-amazon.com/images/I/61ndZOFr+uL._AC_UY654_QL65_.jpg,5,117.99,False,False,False,False,200+ bought in past month,"FREE delivery Tomorrow, Sep 11",True,,,,,,,,,False,False
B0BFC24JZC,"Apple 2020 iPad Air (10.9-inch, Wi-Fi, 64GB) Green (Renewed Premium)",269.0,269.0,USD,4.4,249,https://www.amazon.com/dp/B0BFC24JZC,https://m.media-amazon.com/images/I/714ottwzRWL._AC_UY654_QL65_.jpg,1,269.0,False,False,False,False,,"FREE delivery Sat, Sep 12Only 2 left in stock - order soon.",True,,Only 2 left in stock - order soon.,,,,,,,False,False
B09G9FPHY6,"Apple iPad (9th Generation): with A13 Bionic chip, 10.2-inch Retina Display, 64GB, Wi-Fi, 12MP front/8MP Back Camera, Touch ID, All-Day Battery Life – Space Gray EPEAT",256.74,256.74,USD,4.8,75680,https://www.amazon.com/dp/B09G9FPHY6,https://m.media-amazon.com/images/I/61NGnpjoRDL._AC_UY654_QL65_.jpg,7,256.74,False,False,False,True,100+ bought in past month,,True,,,,,,,,,False,False
B0F52SK1SH,"Apple 2025 iPad Air 13-inch, Wi-Fi, 128GB - Space Gray (Renewed)",659.99,659.99,USD,4.6,91,https://www.amazon.com/dp/B0F52SK1SH,https://m.media-amazon.com/images/I/71H57HJ9k8L._AC_UY654_QL65_.jpg,1,659.99,False,False,False,False,,"FREE delivery Sep 17 - 23Or fastest delivery Fri, Sep 18Only 1 left in stock - order soon.",True,,Only 1 left in stock - order soon.,,,,,,,False,False
B078J5K6MD,"Apple 2017 iPad (9.7-inch, WiFi + Cellular, 32GB) - Space Gray (Renewed)",88.8,88.8,USD,4.4,1886,https://www.amazon.com/dp/B078J5K6MD,https://m.media-amazon.com/images/I/61zX6N-icvL._AC_UY654_QL65_.jpg,13,72.0,False,False,True,False,100+ bought in past month,"Join Prime to get FREE delivery Today 5 PM - 10 PMOr Non-members get FREE delivery Tue, Sep 15",False,,,,,,,,,False,False
B08B2VRMGY,"Apple 2020 iPad Pro 2nd Gen 11 inch, Wi-Fi, 128GB Silver (Renewed)",379.95,379.95,USD,4.4,1908,https://www.amazon.com/dp/B08B2VRMGY,https://m.media-amazon.com/images/I/71FmP3hAiuL._AC_UY654_QL65_.jpg,7,340.0,False,False,False,False,,"FREE delivery Tomorrow, Sep 11",True,,,,,,,,,False,False
B07BKBB4N5,"Apple iPad (5thGEneration) Wi-Fi, 128GB - Space Gray (Renewed)",104.68,110.0,USD,4.4,4201,https://www.amazon.com/dp/B07BKBB4N5,https://m.media-amazon.com/images/I/61tXGDBq-VL._AC_UY654_QL65_.jpg,14,88.0,False,False,False,False,200+ bought in past month,"FREE delivery Tue, Sep 15Only 1 left in stock - order soon.",False,,Only 1 left in stock - order soon.,,,,,,,False,True
B0CKS7LD9N,"Apple 2022 iPad Pro, 11-inch, WiFi, 128GB, Space Gray (Renewed Premium)",702.47,702.47,USD,4.4,58,https://www.amazon.com/dp/B0CKS7LD9N,https://m.media-amazon.com/images/I/81gC7frRJyL._AC_UY654_QL65_.jpg,1,702.47,False,False,True,False,,"Join Prime to get FREE delivery Today 5 PM - 10 PMOr Non-members get FREE delivery Tue, Sep 15",True,,,,,,,,,False,False
B0D3J6RTCT,"Apple iPad Air 13-inch (M2): Built for Apple Intelligence, Liquid Retina Display, 128GB, 12MP Front/Back Camera, Wi-Fi 6E, Touch ID, All-Day Battery Life — Starlight EPEAT",749.0,749.0,USD,4.7,1222,https://www.amazon.com/dp/B0D3J6RTCT,https://m.media-amazon.com/images/I/71uujdOqQeL._AC_UY654_QL65_.jpg,1,749.0,False,False,False,True,50+ bought in past month,FREE delivery Sep 20 - 23Or fastest delivery Sep 20 - 21,True,,,,,,,,,False,False
B0BTV82GVD,"Apple 2022 iPad Pro, 12.9-inch, 128GB - Space Gray (Renewed)",609.95,609.95,USD,4.5,140,https://www.amazon.com/dp/B0BTV82GVD,https://m.media-amazon.com/images/I/81c+9BOQNWL._AC_UY654_QL65_.jpg,4,509.85,False,False,False,False,200+ bought in past month,"FREE delivery Fri, Sep 18Or fastest delivery Tomorrow, Sep 11",False,,,,,,,,,False,False
B07XZJW2Z6,"Apple iPad mini 5th Generation (Wi-Fi + Cellular, 64GB) - Silver (Renewed)",183.99,199.99,USD,4.2,979,https://www.amazon.com/dp/B07XZJW2Z6,https://m.media-amazon.com/images/I/71zAbaUBNgL._AC_UY654_QL65_.jpg,16,179.94,False,False,True,False,400+ bought in past month,"Join Prime to get FREE delivery Tomorrow, Sep 11Or Non-members get FREE delivery Tue, Sep 15",True,,,,,,,,,False,True
B0GRC7S9BX,"Apple iPad Pro 11-inch (M5): Ultra Retina XDR Display, 512GB, 12MP Front/Back Camera, LiDAR Scanner, Wi-Fi 7 with Apple N1 + 5G Cellular with C1X chip — Silver (Renewed)",,,USD,5.0,1,https://www.amazon.com/dp/B0GRC7S9BX,https://m.media-amazon.com/images/I/61bl5I+xxAL._AC_UY654_QL65_.jpg,1,,False,False,False,False,,"FREE delivery Thu, Sep 17Only 1 left in stock - order soon.",False,,Only 1 left in stock - order soon.,,,,,,,True,False
B0GGJK9QJS,"2025 Apple iPad Pro (11-inch, Wi-Fi 7 with Apple N1 + 5G Cellular with C1X chip, 256GB) - Silver (Renewed)",,,USD,,0,https://www.amazon.com/dp/B0GGJK9QJS,https://m.media-amazon.com/images/I/61bl5I+xxAL._AC_UY654_QL65_.jpg,2,939.97,False,False,False,False,,"FREE delivery Tomorrow, Sep 11Only 8 left in stock - order soon.",False,,Only 8 left in stock - order soon.,,,,,,,True,False
B0CFGG18Y4,"Apple 2022 iPad (10.9-inch, Wi-Fi, 64GB) - Silver (Renewed Premium)",339.21,339.21,USD,4.5,306,https://www.amazon.com/dp/B0CFGG18Y4,https://m.media-amazon.com/images/I/61A9uyV2HZL._AC_UY654_QL65_.jpg,1,339.21,False,False,False,False,200+ bought in past month,"FREE delivery Sat, Sep 12",True,,,,,,,,,False,False
B01C131J58,"Apple iPad Pro (32GB, Wi-Fi, Space Gray) 12.9in Tablet (Renewed)",239.0,239.0,USD,4.2,530,https://www.amazon.com/dp/B01C131J58,https://m.media-amazon.com/images/I/81Wkd5lwDBL._AC_UY654_QL65_.jpg,4,192.0,False,False,False,False,50+ bought in past month,"FREE delivery Sat, Sep 12Or fastest delivery Tomorrow, Sep 11Only 6 left in stock - order soon.",False,,Only 6 left in stock - order soon.,,,,,,,False,False
B0G7VB5BX8,"2025 Apple iPad Pro (13-inch, M5 chip, Wi-Fi, 256GB) - Space Black (Renewed)",,,USD,4.4,12,https://www.amazon.com/dp/B0G7VB5BX8,https://m.media-amazon.com/images/I/71W1m-Bj9sL._AC_UY654_QL65_.jpg,6,,False,False,False,False,,"FREE delivery Thu, Sep 17Only 1 left in stock - order soon.",True,,Only 1 left in stock - order soon.,,,,,,,True,False
B07GSL21XV,Apple IPad Air 2 WI-FI 64GB Space Gray (Renewed),91.73,91.73,USD,4.2,3667,https://www.amazon.com/dp/B07GSL21XV,https://m.media-amazon.com/images/I/61N8VrVeFWL._AC_UY654_QL65_.jpg,11,61.0,False,False,False,False,100+ bought in past month,"FREE delivery Sat, Sep 12Only 16 left in stock - order soon.",False,,Only 16 left in stock - order soon.,,,,,,,False,False
B075WXP4BN,"Apple iPad with WiFi, 32GB, Silver (2017 Model) (Renewed)",76.0,76.0,USD,3.9,597,https://www.amazon.com/dp/B075WXP4BN,https://m.media-amazon.com/images/I/61xjxjB23VL._AC_UY654_QL65_.jpg,22,74.0,False,False,True,False,300+ bought in past month,"Join Prime to get FREE delivery Tomorrow, Sep 11Or Non-members get FREE delivery Tue, Sep 15",False,,,,,,,,,False,False
B01KAKS84E,"Apple iPad Pro 12.9in Tablet (256GB Wi-FI, Space Gray) (Renewed)",399.0,399.0,USD,4.1,2102,https://www.amazon.com/dp/B01KAKS84E,https://m.media-amazon.com/images/I/612-sy7INyL._AC_UY654_QL65_.jpg,2,172.96,False,False,False,False,,"FREE delivery Mon, Sep 14Or fastest delivery Tomorrow, Sep 11Only 7 left in stock - order soon.",True,,Only 7 left in stock - order soon.,,,,,,,False,False
B0GR2TN9NW,"Apple iPad Pro (M5, 11-inch, 2025), 512GB, Wi-Fi + Cellular, Space Black (Renewed Premium)",,,USD,4.0,1,https://www.amazon.com/dp/B0GR2TN9NW,https://m.media-amazon.com/images/I/61MuRiWjWvL._AC_UY654_QL65_.jpg,1,,False,False,False,False,,"FREE delivery Sat, Sep 12Or fastest delivery Tomorrow, Sep 11",True,,,Save 5% with coupon,,,,,,True,False
B0BJLBKMV8,"Apple iPad Pro 11-inch (4th Generation): with M2 chip, Liquid Retina Display, 128GB, Wi-Fi 6E, 12MP front/12MP and 10MP Back Cameras, Face ID, All-Day Battery Life – Space Gray EPEAT",,,,4.8,1616,https://www.amazon.com/dp/B0BJLBKMV8,https://m.media-amazon.com/images/I/81gC7frRJyL._AC_UY654_QL65_.jpg,1,,False,False,False,True,,,False,,,,,,,,,True,False
B074PWW6NS,Apple iPad 9.7inch with WiFi 32GB- Space Gray (2017 Model) (Renewed),81.99,81.99,USD,4.5,12016,https://www.amazon.com/dp/B074PWW6NS,https://m.media-amazon.com/images/I/61eT9rYxfSL._AC_UY654_QL65_.jpg,22,67.0,False,False,False,False,500+ bought in past month,"FREE delivery Wed, Sep 16",False,,,,,,,,,False,False
B0DZ8MGFHG,"Apple 2024 iPad Air, 11-inch, WiFi + Cellular, 256GB, Space Gray (Renewed Premium)",586.0,696.47,USD,5.0,1,https://www.amazon.com/dp/B0DZ8MGFHG,https://m.media-amazon.com/images/I/41xT5b6oaCL._AC_UY500_QL65_.jpg,1,586.0,False,False,True,False,,"Join Prime to get FREE delivery Sat, Sep 12Or Non-members get FREE delivery Tue, Sep 15",False,,,,,,,,,False,True
B095S3PRGV,"Apple 2021 iPad 11-inch, Wi-Fi, 128GB - Silver (Renewed)",449.0,449.0,USD,4.4,1135,https://www.amazon.com/dp/B095S3PRGV,https://m.media-amazon.com/images/I/81BoZnnIE8L._AC_UY654_QL65_.jpg,4,419.84,False,False,False,False,,"FREE delivery Sat, Sep 12Or fastest delivery Tomorrow, Sep 11Only 1 left in stock - order soon.",True,,Only 1 left in stock - order soon.,,,,,,,False,False
B0D4XG7DVX,"Apple iPad Pro 2024 (13-inch, Wi-Fi, 1TB) Nano-Texture Glass- Space Black (Renewed)",,,USD,4.1,7,https://www.amazon.com/dp/B0D4XG7DVX,https://m.media-amazon.com/images/I/61-UG67gNaL._AC_UY654_QL65_.jpg,1,,False,False,False,False,,"FREE delivery Mon, Sep 14Only 13 left in stock - order soon.",False,,Only 13 left in stock - order soon.,,,,,,,True,False
B0F639ZJKV,"Apple iPad, 2025 with A16 Chip (11-inch, Wi-Fi + Cellular, 128GB) - Silver (Renewed)",449.99,449.99,USD,4.2,54,https://www.amazon.com/dp/B0F639ZJKV,https://m.media-amazon.com/images/I/51Qwz7CNMqL._AC_UY654_QL65_.jpg,5,393.0,False,False,False,False,,"FREE delivery Tue, Sep 15Only 7 left in stock - order soon.",False,,Only 7 left in stock - order soon.,,,,,,,False,False
B07Q6VVDK1,"Apple iPad Pro (12.9-inch, Wi-Fi, 64GB) - Silver (2018) (Renewed)",309.95,309.95,USD,4.4,150,https://www.amazon.com/dp/B07Q6VVDK1,https://m.media-amazon.com/images/I/514bS4zwEwL._AC_UY654_QL65_.jpg,1,309.95,False,False,False,False,,"FREE delivery Tomorrow, Sep 11Only 1 left in stock - order soon.",False,,Only 1 left in stock - order soon.,,,,,,,False,False
B0725LCLYQ,"Apple iPad 9.7&#x27; with WiFi, 32GB, Space Gray - MP2F2LL/A (Renewed)",87.99,87.99,USD,4.2,1385,https://www.amazon.com/dp/B0725LCLYQ,https://m.media-amazon.com/images/I/61eT9rYxfSL._AC_UY654_QL65_.jpg,17,69.0,False,False,True,False,500+ bought in past month,"Join Prime to get FREE delivery Tomorrow, Sep 11Or Non-members get FREE delivery Tue, Sep 15",False,,,,,,,,,False,False
B0F5CJD5DZ,"Apple 2024 iPad Air 11-inch, Wi-Fi, 128GB - Space Gray (Renewed Premium)",475.0,475.0,USD,4.5,102,https://www.amazon.com/dp/B0F5CJD5DZ,https://m.media-amazon.com/images/I/71fqqBfJCIL._AC_UY654_QL65_.jpg,2,432.25,False,False,True,False,50+ bought in past month,"Join Prime to get FREE delivery Tomorrow, Sep 11Or Non-members get FREE delivery Tue, Sep 15",True,,,,,,,,,False,False
B07VN8KXSQ,"2019 Apple iPad Air (10.5-inch, WiFi, 256GB) - Gold (Renewed)",249.0,249.0,USD,4.3,221,https://www.amazon.com/dp/B07VN8KXSQ,https://m.media-amazon.com/images/I/71TRlNPprvL._AC_UY654_QL65_.jpg,1,249.0,False,False,False,False,,"FREE delivery Sat, Sep 12Only 1 left in stock - order soon.",False,,Only 1 left in stock - order soon.,,,,,,,False,False
B00OMS8NMI,Apple iPad Air 2 16GB Gold Wi-Fi MH0W2HC/A (Refurbished),79.0,79.0,USD,3.7,85,https://www.amazon.com/dp/B00OMS8NMI,https://m.media-amazon.com/images/I/61AK3IeXApL._AC_UY654_QL65_.jpg,8,68.0,False,False,False,False,100+ bought in past month,"FREE delivery Sat, Sep 12Only 3 left in stock - order soon.",False,,Only 3 left in stock - order soon.,,,,,,,False,False
B078J5RGN4,"Apple 2017 iPad 9.7-inch, WiFi + Cellular, 32GB - Silver (Renewed)",86.99,86.99,USD,3.9,941,https://www.amazon.com/dp/B078J5RGN4,https://m.media-amazon.com/images/I/617WNjzQHsL._AC_UY654_QL65_.jpg,14,84.99,False,False,True,False,100+ bought in past month,"Join Prime to get FREE delivery Today 5 PM - 10 PMOr Non-members get FREE delivery Tue, Sep 15",False,,,,,,,,,False,False
B07PZF2PKZ,"2019 Apple iPad Air (10.5- inch, WiFi + Cellular, 64GB) - Gold (Renewed Premium)",159.0,159.0,USD,3.9,35,https://www.amazon.com/dp/B07PZF2PKZ,https://m.media-amazon.com/images/I/61C-IrRLOEL._AC_UY654_QL65_.jpg,1,159.0,False,False,True,False,100+ bought in past month,"Join Prime to get FREE delivery Sat, Sep 12Or Non-members get FREE delivery Tue, Sep 15",True,,,,,,,,,False,False
B0DYPX3LJ6,"Samsung Galaxy Tab S10 FE w/S-Pen | 128GB, 8GB RAM, Wi-Fi Only | 10.9” LCD, WiFi 6E Android 15 Tablet, 4K Camera | International Model X520 | 25W Fast Charger Bundle (Gray)",379.99,379.99,USD,4.3,767,https://www.amazon.com/dp/B0DYPX3LJ6,https://m.media-amazon.com/images/I/51GqAG8s7iL._AC_UY654_QL65_.jpg,11,379.0,False,False,True,False,400+ bought in past month,"Join Prime to get FREE delivery Today 5 PM - 10 PMOr Non-members get FREE delivery Tue, Sep 15",True,,,,,,,,,False,False
B07CJWXRP1,"Apple iPad with WiFi, 128GB, Silver (2017 Model) (Renewed)",104.0,109.0,USD,4.4,93,https://www.amazon.com/dp/B07CJWXRP1,https://m.media-amazon.com/images/I/61l2e3wkx8L._AC_UY654_QL65_.jpg,1,104.0,False,False,False,False,50+ bought in past month,FREE delivery Sep 14 - 16Only 4 left in stock - order soon.,False,,Only 4 left in stock - order soon.,,,,,,,False,True
B0B61S81VX,"Apple iPad Air 10.9-inch, Wi-Fi + Cellular, 256GB - Starlight (Renewed)",384.99,384.99,USD,4.4,29,https://www.amazon.com/dp/B0B61S81VX,https://m.media-amazon.com/images/I/616KvV02-YL._AC_UY654_QL65_.jpg,1,384.99,False,False,False,False,,FREE delivery Sep 21 - 24Or fastest delivery Sep 21 - 22,False,,,,,,,,,False,False
B0GJ4ZP1P9,"Apple iPad Pro with Apple M5 Chip (11-inch, Wi-Fi + Cellular, 1TB Storage) - Nano-Texture Glass, Space Black (Renewed)",,,USD,,0,https://www.amazon.com/dp/B0GJ4ZP1P9,https://m.media-amazon.com/images/I/61M8XbRoU3L._AC_UY654_QL65_.jpg,1,,False,False,False,False,,"FREE delivery Sat, Sep 12Or fastest delivery Tomorrow, Sep 11",True,,,Save 5% with coupon,,,,,,True,False
B00TREI0D4,"Apple iPad Air 2, 16 GB, Space Gray (Renewed)",71.0,75.0,USD,4.2,3639,https://www.amazon.com/dp/B00TREI0D4,https://m.media-amazon.com/images/I/61ufQeEma5L._AC_UY654_QL65_.jpg,8,63.0,False,False,False,False,300+ bought in past month,"FREE delivery Fri, Sep 18Or fastest delivery Tomorrow, Sep 11Only 6 left in stock - order soon.",False,,Only 6 left in stock - order soon.,,,,,,,False,True
B0D4XCJPY2,"Apple 2024 iPad Air (11-inch, Wi-Fi, 256GB) - Blue (Renewed)",509.95,509.95,USD,4.0,12,https://www.amazon.com/dp/B0D4XCJPY2,https://m.media-amazon.com/images/I/713PztTk0dL._AC_UY654_QL65_.jpg,5,479.0,False,False,True,False,,"Join Prime to get FREE delivery Today 5 PM - 10 PMOr Non-members get FREE delivery Tue, Sep 15",False,,,,,,,,,False,False
B07DW3W64Y,"Apple MGKL2LL/A iPad Air 2 64GB, Wi-Fi, (Space Gray) (Renewed)",97.99,97.99,USD,4.2,1958,https://www.amazon.com/dp/B07DW3W64Y,https://m.media-amazon.com/images/I/61Z2ju7qZjL._AC_UY654_QL65_.jpg,7,79.99,False,False,False,False,100+ bought in past month,"FREE delivery Sat, Sep 12Only 3 left in stock - order soon.",False,,Only 3 left in stock - order soon.,,,,,,,False,False
B0H7LNKQ37,"Apple iPad Air 2026 with Apple M4 Chip (11-inch, Wi-Fi, 128GB) - Space Gray (Renewed)",619.0,729.0,USD,,0,https://www.amazon.com/dp/B0H7LNKQ37,https://m.media-amazon.com/images/I/71oepHm9ALL._AC_UY654_QL65_.jpg,1,619.0,False,False,False,False,,FREE delivery Sep 15 - 16,True,,,,,,,,,False,True
B0DZ76BN5D,"Apple iPad Air 11-inch with M3 chip Built for Apple Intelligence, Liquid Retina Display, 128GB, 12MP Front/Back Camera, Wi-Fi 6E, Touch ID, All-Day Battery Life — Space Gray EPEAT",,,,4.8,4739,https://www.amazon.com/dp/B0DZ76BN5D,https://m.media-amazon.com/images/I/710GQJJHx2L._AC_UY654_QL65_.jpg,1,,False,False,False,True,,,True,,,,,,,,,True,False
B07F93611L,"Apple iPad 9.7-inch Retina Display with WIFI, 32GB, Touch ID, 2017 Mode - Space Gray (Renewed)",86.0,86.0,USD,4.4,2731,https://www.amazon.com/dp/B07F93611L,https://m.media-amazon.com/images/I/61eT9rYxfSL._AC_UY654_QL65_.jpg,21,77.9,False,False,False,False,200+ bought in past month,"FREE delivery Sat, Sep 12",False,,,,,,,,,False,False
B07SZRHG1T,"Apple iPad Pro (12.9-inch, Wi-Fi, 256GB) - Space Gray (Renewed)",439.04,439.04,USD,4.5,432,https://www.amazon.com/dp/B07SZRHG1T,https://m.media-amazon.com/images/I/61sb3nDVwJL._AC_UY654_QL65_.jpg,1,439.04,False,False,False,False,,"FREE delivery Sat, Sep 12",False,,,,,,,,,False,False
B0797XXJ1L,"Apple iPad with WiFi, 128GB, Gold (2017 Model) (Renewed)",104.99,120.85,USD,3.8,18,https://www.amazon.com/dp/B0797XXJ1L,https://m.media-amazon.com/images/I/71eypQDLFjL._AC_UY654_QL65_.jpg,4,79.0,False,False,False,False,,"FREE delivery Sep 17 - 23Or fastest delivery Fri, Sep 18Only 1 left in stock - order soon.",False,,Only 1 left in stock - order soon.,,,,,,,False,True
B078D6S5PX,"Apple 2017 iPad Pro (10.5-inch, Wi-Fi, 64GB) - Space Gray (Renewed)",191.62,191.62,USD,4.2,3172,https://www.amazon.com/dp/B078D6S5PX,https://m.media-amazon.com/images/I/71-VvaNc1ML._AC_UY654_QL65_.jpg,4,95.0,False,False,False,False,,"FREE delivery Sat, Sep 12Or fastest delivery Tomorrow, Sep 11Only 1 left in stock - order soon.",True,,Only 1 left in stock - order soon.,,,,,,,False,False
B0BGMRVGVC,Apple iPad Pro 11-inch (3nd Gen.) - 128GB - WiFi - Space Gray (Renewed Premium),699.0,699.0,USD,4.1,84,https://www.amazon.com/dp/B0BGMRVGVC,https://m.media-amazon.com/images/I/817ASgABwHS._AC_UY654_QL65_.jpg,2,432.14,False,False,False,False,,"FREE delivery Sat, Sep 12Only 1 left in stock - order soon.",True,,Only 1 left in stock - order soon.,,,,,,,False,False
B078D6JNGB,"Apple iPad Pro 12.9in 64GB WiFi Only, Space Grey (Renewed)",209.99,209.99,USD,4.4,1104,https://www.amazon.com/dp/B078D6JNGB,https://m.media-amazon.com/images/I/61dVFfAPoyL._AC_UY654_QL65_.jpg,5,204.0,False,False,False,False,,"FREE delivery Wed, Sep 16Only 1 left in stock - order soon.",True,,Only 1 left in stock - order soon.,,,,,,,False,False
B01C131M6E,"Apple iPad Pro (128GB, Wi-Fi, Space Gray) 12.9in Tablet (Renewed)",299.0,299.0,USD,4.1,1520,https://www.amazon.com/dp/B01C131M6E,https://m.media-amazon.com/images/I/71GbIAqFpWL._AC_UY654_QL65_.jpg,3,189.0,False,False,False,False,,"FREE delivery Sat, Sep 12Or fastest delivery Tomorrow, Sep 11",False,,,,,,,,,False,False
B09G9FW785,"Apple iPad mini (6th Generation): A15 Bionic, 8.3-inch Liquid Retina Display, 64GB, Wi-Fi 6, 12MP front/12MP Back Camera, Touch ID, All-Day Battery Life – Purple EPEAT",469.09,499.0,USD,4.8,10487,https://www.amazon.com/dp/B09G9FW785,https://m.media-amazon.com/images/I/71xAVVHscdL._AC_UY654_QL65_.jpg,1,469.09,False,False,False,True,,"FREE delivery Tomorrow, Sep 11Only 1 left in stock - order soon.",True,,Only 1 left in stock - order soon.,,,,,,,False,True
B06XRTYRKM,"Apple iPad Air 2 9.7-Inch, 32GB Tablet (Gold) (Renewed)",87.18,87.18,USD,4.4,429,https://www.amazon.com/dp/B06XRTYRKM,https://m.media-amazon.com/images/I/61AK3IeXApL._AC_UY654_QL65_.jpg,8,74.99,False,False,False,False,,"FREE delivery Sat, Sep 12Only 3 left in stock - order soon.",False,,Only 3 left in stock - order soon.,,,,,,,False,False
B07VFKM28L,"Apple iPad Pro 3rd Gen (12.9-inch, Wi-Fi + Cellular, 1TB) - Space Gray (Renewed)",439.85,439.85,USD,4.5,154,https://www.amazon.com/dp/B07VFKM28L,https://m.media-amazon.com/images/I/61ZYtF-byGL._AC_UY654_QL65_.jpg,1,439.85,False,False,False,False,,FREE delivery Sep 14 - 16Only 1 left in stock - order soon.,False,,Only 1 left in stock - order soon.,,,,,,,False,False
B078HZKF9Y,Apple iPad Pro 2 10.5 512GB WiFi MPGH2LL/A Space Gray A1701 (Renewed),289.0,289.0,USD,4.3,154,https://www.amazon.com/dp/B078HZKF9Y,https://m.media-amazon.com/images/I/51oP7rWVsML._AC_UY654_QL65_.jpg,1,289.0,False,False,False,False,,"FREE delivery Sat, Sep 12Or fastest delivery Tomorrow, Sep 11",False,,,,,,,,,False,False
B07G3FQKQN,Apple Renewed iPad Air 2 - 128GB - Space Grey (Renewed),118.0,118.0,USD,4.1,1293,https://www.amazon.com/dp/B07G3FQKQN,https://m.media-amazon.com/images/I/61XbcZWxKAL._AC_UY654_QL65_.jpg,3,75.0,False,False,False,False,,FREE delivery Sep 21 - 25Or fastest delivery Sep 21 - 23,True,,,,,,,,,False,False
B0GFQ8K1X8,"Apple iPad (6th Generation, 9.7-inch, 2018), 32GB, Wi-Fi + Cellular, Silver (Renewed)",87.99,87.99,USD,4.4,102,https://www.amazon.com/dp/B0GFQ8K1X8,https://m.media-amazon.com/images/I/611t8KTCFeL._AC_UY654_QL65_.jpg,7,84.99,False,False,False,False,50+ bought in past month,"FREE delivery Sat, Sep 12Or fastest delivery Tomorrow, Sep 11",False,,,,,,,,,False,False
B0BJLFH8RC,"Apple Magic Keyboard Folio: iPad Keyboard and case for iPad (A16 and 10th Generation), Detachable Two-Piece Design that attaches magnetically, Built-in trackpad, US English – White",175.0,249.0,USD,4.4,1322,https://www.amazon.com/dp/B0BJLFH8RC,https://m.media-amazon.com/images/I/71++yARjN+L._AC_UY654_QL65_.jpg,5,150.61,False,False,True,False,2K+ bought in past month,"Join Prime to get FREE delivery Tomorrow, Sep 11Or Non-members get FREE delivery Tue, Sep 15",False,,,,,,,,,False,True
B0DZJ6W3Y1,"Apple 2024 iPad Air (13-inch, Wi-Fi, 128GB) - Space Gray (Renewed Premium)",730.63,730.63,USD,4.5,40,https://www.amazon.com/dp/B0DZJ6W3Y1,https://m.media-amazon.com/images/I/71E02TiM94L._AC_UY654_QL65_.jpg,1,730.63,False,False,False,False,50+ bought in past month,"FREE delivery Tue, Sep 15Or fastest delivery Mon, Sep 14",True,,,,,,,,,False,False
B0GR6F3NC9,"Apple 2026 MacBook Neo 13-inch Laptop with A18 Pro chip: Built for AI and Apple Intelligence, Liquid Retina Display, 8GB Unified Memory, 512GB SSD Storage, 1080p FaceTime HD Camera, Touch ID; Citrus",789.0,789.0,USD,4.8,1300,https://www.amazon.com/dp/B0GR6F3NC9,https://m.media-amazon.com/images/I/61yHzuw8VBL._AC_UY654_QL65_.jpg,1,789.0,False,False,True,False,2K+ bought in past month,"Join Prime to get FREE delivery Sat, Sep 12Or Non-members get FREE delivery Tue, Sep 15",True,,,,,,,,,False,False
B07H8RB4ZY,"Apple iPad Air 2 16GB Wi-Fi 9.7in, Silver (Renewed) (Renewed)",69.99,84.0,USD,4.1,324,https://www.amazon.com/dp/B07H8RB4ZY,https://m.media-amazon.com/images/I/61KCj7ZjbgL._AC_UY654_QL65_.jpg,1,69.99,False,False,False,False,,"FREE delivery Thu, Sep 17Or fastest delivery Tomorrow, Sep 11Only 2 left in stock - order soon.",False,,Only 2 left in stock - order soon.,,,,,,,False,True
B07DRNB5R2,"Apple 10.5in iPad Pro 256GB, Wi-Fi, Space Gray MPDY2LL/A (Renewed)",197.0,197.0,USD,4.2,721,https://www.amazon.com/dp/B07DRNB5R2,https://m.media-amazon.com/images/I/618n+P-ZuTL._AC_UY654_QL65_.jpg,2,176.0,False,False,False,False,,"FREE delivery Sat, Sep 12Only 4 left in stock - order soon.",False,,Only 4 left in stock - order soon.,,,,,,,False,False
B08J5Q255V,"2020 Apple iPad (10.2-inch, Wi-Fi, 32GB) - Silver (8th Generation) EPEAT",,,,4.8,63034,https://www.amazon.com/dp/B08J5Q255V,https://m.media-amazon.com/images/I/71GsWDM8sPL._AC_UY654_QL65_.jpg,1,,False,False,False,True,,,True,,,,,,,,,True,False
B0BFC5JT2C,Apple iPad mini 6-256GB - WiFi + Cellular - Space Gray (Renewed Premium),489.0,489.0,USD,4.3,45,https://www.amazon.com/dp/B0BFC5JT2C,https://m.media-amazon.com/images/I/71hM0QvGshL._AC_UY654_QL65_.jpg,1,489.0,False,False,True,False,100+ bought in past month,"Join Prime to get FREE delivery Tomorrow, Sep 11Or Non-members get FREE delivery Tue, Sep 15",True,,,Save 5% with coupon,,,,,,False,False
B074PXS24F,"Apple iPad 9.7 with WiFi, 128GB- Space Gray (2017 Model) - (Renewed)",104.99,104.99,USD,4.5,2915,https://www.amazon.com/dp/B074PXS24F,https://m.media-amazon.com/images/I/61g2VZBU88L._AC_UY654_QL65_.jpg,8,75.1,False,False,False,False,,"FREE delivery Thu, Sep 17Only 3 left in stock - order soon.",False,,Only 3 left in stock - order soon.,,,,,,,False,False
B0CGLG2RVT,"ECOPAD 10.1 Inch Tablet, Android 15 Tablets 12GB(4+8) RAM / 64GB ROM / 1TB SD Card Expansion, 1280x800 IPS HD Touchscreen, 6000mAh Battery, Bluetooth 5.0, Dual Cameras, GMS, Dual Band WiFi, Black",65.99,65.99,USD,3.8,2915,https://www.amazon.com/dp/B0CGLG2RVT,https://m.media-amazon.com/images/I/61VLJD2RPgL._AC_UY654_QL65_.jpg,1,65.99,False,False,True,False,1K+ bought in past month,"Join Prime to get FREE delivery Today 7 AM - 11 AMOr Non-members get FREE delivery Tue, Sep 15",True,,,You pay $62.69 with coupon,,,,,,False,False
B0GHKV7ZFX,"Apple iPad Pro (M5, 13-inch, 2025), 1TB, Wi-Fi, Silver (Renewed Premium)",,,USD,5.0,1,https://www.amazon.com/dp/B0GHKV7ZFX,https://m.media-amazon.com/images/I/61w7qQujEcL._AC_UY654_QL65_.jpg,1,,False,False,False,False,,"FREE delivery Sat, Sep 12Or fastest delivery Tomorrow, Sep 11",False,,,Save 5% with coupon,,,,,,True,False
B0D3JBSPXF,"Apple iPad Pro 11-Inch (M4): Built for Apple Intelligence, Ultra Retina XDR Display, 2TB, 12MP Front/Back Camera, LiDAR Scanner, Wi-Fi 6E + 5G Cellular, Face ID, All-Day Battery Life — Silver EPEAT",,,USD,4.5,192,https://www.amazon.com/dp/B0D3JBSPXF,https://m.media-amazon.com/images/I/61vNHGxWNHL._AC_UY654_QL65_.jpg,3,,False,False,True,True,,"Join Prime to get FREE delivery Sat, Sep 12Or Non-members get FREE delivery Tue, Sep 15Only 4 left in stock - order soon.",True,,Only 4 left in stock - order soon.,,,,,,,True,False
B07XL7G4H6,"Apple iPad (10.2-inch, Wi-Fi, 32GB) - Space Gray (Previous Model) EPEAT",,,,4.8,61479,https://www.amazon.com/dp/B07XL7G4H6,https://m.media-amazon.com/images/I/6162WMQWhVL._AC_UY654_QL65_.jpg,1,,False,False,False,True,,,True,,,,,,,,,True,False
B06XT8K96M,"Apple iPad Air 2 9.7-Inch, 32GB Tablet (Space Gray) (Renewed)",79.0,83.99,USD,4.4,1997,https://www.amazon.com/dp/B06XT8K96M,https://m.media-amazon.com/images/I/61oVLSb3M2L._AC_UY654_QL65_.jpg,17,69.0,False,False,False,False,50+ bought in past month,"FREE delivery Sat, Sep 12",False,,,,,,,,,False,True
B0D3NMYBHR,"Logitech Combo Touch iPad Air 11 inch Keyboard Case - Midnight Black | Fits M2 M3 &amp; M4 models, compatible with 5th gen, features backlit keys, built-in kickstand for flexible viewing",199.99,199.99,USD,4.0,513,https://www.amazon.com/dp/B0D3NMYBHR,https://m.media-amazon.com/images/I/61Fs3YQssfL._AC_UY654_QL65_.jpg,2,136.82,False,False,True,False,1K+ bought in past month,"Join Prime to get FREE delivery Today 5 PM - 10 PMOr Non-members get FREE delivery Tue, Sep 15",False,,,,,,,,,False,False
B0D3J83FNT,"Apple iPad Pro 11-Inch (M4): Built for Apple Intelligence, Ultra Retina XDR Display - Nano-Texture Glass, 2TB, 12MP Front/Back Camera, LiDAR Scanner, Wi-Fi 6E + 5G Cellular, Face ID — Silver EPEAT",,,USD,5.0,1,https://www.amazon.com/dp/B0D3J83FNT,https://m.media-amazon.com/images/I/61vNHGxWNHL._AC_UY654_QL65_.jpg,3,,False,False,True,True,,"Join Prime to get FREE delivery Tomorrow, Sep 11Or Non-members get FREE delivery Tue, Sep 15Only 20 left in stock - order soon.",False,,Only 20 left in stock - order soon.,,,,,,,True,False
B0CMWPDGZH,"Harvopu for iPad A16 11th/10th Generation Case with Keyboard, Folio Cover | Multi-Touch Trackpad, 7 Colors Backlit, Detachable Keyboard for iPad A16 11 inch/10th Gen with Pencil Holder, Navy Blue",25.98,25.98,USD,4.3,6767,https://www.amazon.com/dp/B0CMWPDGZH,https://m.media-amazon.com/images/I/71Gf93EDYML._AC_UY654_QL65_.jpg,1,25.98,False,False,True,False,10K+ bought in past month,"Join Prime to get FREE delivery Today 7 AM - 11 AMOr Non-members get FREE delivery Tue, Sep 15 on $35 of items shipped by Amazon",True,,,,,,,,,False,False
B0CBLPQ4V3,"2 in 1 Tablet 10 Inch Android 15 Tableta, Tablets with Keyboard Mouse Case Stylus, 8GB RAM 32GB ROM Supports 1TB Expansion, 2MP+8MP Dual Camera Quad Core Processor 6000mAh Battery 10.1 IN FHD Tab Pink",64.99,64.99,USD,3.9,1035,https://www.amazon.com/dp/B0CBLPQ4V3,https://m.media-amazon.com/images/I/71t51vC0XWL._AC_UY654_QL65_.jpg,1,64.99,False,False,True,False,100+ bought in past month,"Join Prime to get FREE delivery Sat, Sep 12Or Non-members get FREE delivery Tue, Sep 15",True,,,,,,,,,False,False
B097Z8D329,"Apple 2020 iPad Air (10.9-inch, Wi-Fi + Cellular, 256GB) - Green (Renewed)",343.0,343.0,USD,4.1,90,https://www.amazon.com/dp/B097Z8D329,https://m.media-amazon.com/images/I/610jMlRTdSL._AC_UY654_QL65_.jpg,1,343.0,False,False,False,False,,"FREE delivery Sat, Sep 12Only 2 left in stock - order soon.",False,,Only 2 left in stock - order soon.,,,,,,,False,False
B071GGB84Y,"Apple iPad Pro (10.5-inch, Wi-Fi + Cellular, 64GB) - Rose Gold (Previous Model) EPEAT",814.58,814.58,USD,4.6,922,https://www.amazon.com/dp/B071GGB84Y,https://m.media-amazon.com/images/I/71hA1Sf1TnL._AC_UY654_QL65_.jpg,1,814.58,False,False,True,True,,"Join Prime to get FREE delivery Tomorrow, Sep 11Or Non-members get FREE delivery Tue, Sep 15Only 2 left in stock - order soon.",True,,Only 2 left in stock - order soon.,,,,,,,False,False
B0D3J8S6RX,"Apple iPad Pro 11-Inch (M4): Built for Apple Intelligence, Ultra Retina XDR Display - Nano-Texture Glass, 1TB, 12MP Front/Back Camera, LiDAR Scanner, Wi-Fi 6E, Face ID, All-Day Battery Life — Silver EPEAT",,,USD,4.8,14,https://www.amazon.com/dp/B0D3J8S6RX,https://m.media-amazon.com/images/I/61eoFTuljuL._AC_UY654_QL65_.jpg,2,,False,False,True,True,,"Join Prime to get FREE delivery Tomorrow, Sep 11Or Non-members get FREE delivery Tue, Sep 15Only 3 left in stock - order soon.",False,Save 12%,Only 3 left in stock - order soon.,,,,,,,True,False
B0D3J63BWD,"Apple iPad Magic Keyboard Case for iPad Pro 13-inch (M4 and M5), Great Typing Experience, Built-in Trackpad, Function Row, US English - Black",329.0,349.0,USD,4.3,1567,https://www.amazon.com/dp/B0D3J63BWD,https://m.media-amazon.com/images/I/71YMMFyaCPL._AC_UY654_QL65_.jpg,5,256.64,False,False,True,False,2K+ bought in past month,"Join Prime to get FREE delivery Today 7 AM - 11 AMOr Non-members get FREE delivery Tue, Sep 15",False,,,,,,,,,False,True
B0FZDXL3V3,"Apple iPad Air, 2025 with M3 Chip (11-inch, Wi-Fi, 256GB) - Space Gray (Renewed Premium)",640.0,640.0,USD,4.4,47,https://www.amazon.com/dp/B0FZDXL3V3,https://m.media-amazon.com/images/I/61eGgvmroyL._AC_UY654_QL65_.jpg,1,640.0,False,False,True,False,50+ bought in past month,"Join Prime to get FREE delivery Tomorrow, Sep 11Or Non-members get FREE delivery Tue, Sep 15Only 6 left in stock - order soon.",True,,Only 6 left in stock - order soon.,,,,,,,False,False
B0B5BDZ6K5,"Apple 2022 iPad Air (10.9-inch, Wi-Fi + Cellular, 64GB) - Pink (Renewed)",327.95,348.45,USD,3.6,7,https://www.amazon.com/dp/B0B5BDZ6K5,https://m.media-amazon.com/images/I/61ULwAcGldL._AC_UY654_QL65_.jpg,5,308.85,False,False,False,False,,"FREE delivery Thu, Sep 17Only 2 left in stock - order soon.",False,,Only 2 left in stock - order soon.,,,,,,,False,True
B0F8NVBRQ5,"aiprotablet Tablet 10 inch Android 15 Tablets, 12GB RAM 64GB ROM 1TB Expand, Quad-Core Processor, 1280x800 LCD Touch Screen, WiFi 5, Dual Camera, BT5.0, 6000mAh Battery (Blue)",57.94,60.99,USD,4.0,1240,https://www.amazon.com/dp/B0F8NVBRQ5,https://m.media-amazon.com/images/I/61CNa2q2C6L._AC_UY654_QL65_.jpg,1,57.94,False,False,True,False,300+ bought in past month,"Join Prime to get FREE delivery Today 5 PM - 10 PMOr Non-members get FREE delivery Tue, Sep 15",True,Save 5%,,,,,,,,False,True
B0FVXMHHRP,"Samsung Galaxy Tab A11+ 6GB RAM, 128GB Storage, Expandable Storage, Gray | Optimized Performance, Long Lasting Battery, Large Display, Dolby Atmos Speakers, AI Assist, Slim, Light, 2 Year Warranty",299.99,299.99,USD,4.6,2410,https://www.amazon.com/dp/B0FVXMHHRP,https://m.media-amazon.com/images/I/61NlIpbonCL._AC_UY654_QL65_.jpg,2,214.99,False,False,True,False,5K+ bought in past month,"Join Prime to get FREE delivery Today 7 AM - 11 AMOr Non-members get FREE delivery Tue, Sep 15",True,,,,,,,,,False,False
B0FQFB8FMG,"Apple AirPods Pro 3 Wireless Earbuds with Active Noise Cancellation | Live Translation, Heart Rate Sensing, Hearing Aid Feature, Bluetooth Headphones, Spatial Audio, USB-C Charging",199.0,249.0,USD,4.4,14953,https://www.amazon.com/dp/B0FQFB8FMG,https://m.media-amazon.com/images/I/61solmQSSlL._AC_UY654_QL65_.jpg,7,183.44,False,False,True,False,10K+ bought in past month,"Join Prime to get FREE delivery Today 5 PM - 10 PMOr Non-members get FREE delivery Tue, Sep 15",False,,,,,,,,,False,True
B0BL8WSCH3,"Amazon Fire 7 Kids tablet (newest model) ages 3-7. Top-selling 7&quot; kids tablet on Amazon. Includes ad-free and exclusive content, easy parental controls, 10-hr battery, 16 GB, Purple",109.99,109.99,USD,4.3,20024,https://www.amazon.com/dp/B0BL8WSCH3,https://m.media-amazon.com/images/I/61Z6cryinCL._AC_UY654_QL65_.jpg,1,109.99,False,False,True,False,2K+ bought in past month,Join Prime to get FREE delivery Today 7 AM - 11 AMOr Non-members get FREE delivery Sep 17 - 24,True,,,,,,,,,False,False
B0H131PT6W,"2025 Apple iPad Pro with Apple M5 Chip, Nano-Texture Glass (11-inch, Wi-Fi, 1TB) Silver (Renewed)",,,USD,,0,https://www.amazon.com/dp/B0H131PT6W,https://m.media-amazon.com/images/I/61fpCltt1kL._AC_UY654_QL65_.jpg,1,,False,False,False,False,,"FREE delivery Sat, Sep 12Or fastest delivery Tomorrow, Sep 11",False,,,Save 5% with coupon,,,,,,True,False
B0BK8RFV57,"SEYMAC stock Case for iPad (A16) 11th/10th Generation 11&#x27;&#x27;/10.9&#x27;&#x27; 2025/2022, Full-Body Drop Protection Case with Screen Protector &amp;360° Rotate Hand Strap/Stand, Black",27.99,39.99,USD,4.5,11437,https://www.amazon.com/dp/B0BK8RFV57,https://m.media-amazon.com/images/I/71ZoOL+C0zL._AC_UY654_QL65_.jpg,1,27.99,False,False,True,False,8K+ bought in past month,"Join Prime to get FREE delivery Today 7 AM - 11 AMOr Non-members get FREE delivery Tue, Sep 15",True,,,,,,,,,False,True
B0GHL2XPZS,"Apple iPad Pro (M5, 13-inch, 2025), 2TB, Wi-Fi, Space Black (Renewed Premium)",,,USD,,0,https://www.amazon.com/dp/B0GHL2XPZS,https://m.media-amazon.com/images/I/71g7SN0HljL._AC_UY654_QL65_.jpg,1,,False,False,False,False,,"FREE delivery Sat, Sep 12Or fastest delivery Tomorrow, Sep 11Only 8 left in stock - order soon.",False,,Only 8 left in stock - order soon.,,,,,,,True,False
B0DCH8VDXF,"Apple EarPods Headphones with USB-C Plug, Wired Ear Buds with Built-in Remote to Control Music, Phone Calls, and Volume",19.0,19.0,USD,4.5,17687,https://www.amazon.com/dp/B0DCH8VDXF,https://m.media-amazon.com/images/I/513OSdW4elL._AC_UY654_QL65_.jpg,4,17.87,False,False,True,False,10K+ bought in past month,"Join Prime to get FREE delivery Today 7 AM - 11 AM on eligible ordersOr Non-members get FREE delivery Tue, Sep 15 on $35 of items shipped by Amazon",False,,,,,,,,,False,False
B0DS2Z8YVT,"Apple 2024 iPad Mini, 8.3-inch, Wi-Fi, 128GB, Space Gray (Renewed)",447.21,569.0,USD,4.5,52,https://www.amazon.com/dp/B0DS2Z8YVT,https://m.media-amazon.com/images/I/61Tix2-t7iL._AC_UY654_QL65_.jpg,11,434.99,False,False,False,False,50+ bought in past month,"FREE delivery Sat, Sep 12",False,,,,,,,,,False,True
B0D4XF6G72,"Apple 2024 iPad Air (11-inch, Wi-Fi, 256GB) - Starlight (Renewed)",499.95,499.95,USD,3.4,6,https://www.amazon.com/dp/B0D4XF6G72,https://m.media-amazon.com/images/I/71tnm359YZL._AC_UY654_QL65_.jpg,4,452.15,False,False,False,False,100+ bought in past month,"FREE delivery Tomorrow, Sep 11Only 1 left in stock - order soon.",False,,Only 1 left in stock - order soon.,,,,,,,False,False
B0DTCL2C2D,"2024 Apple iPad Mini with A17 Pro Chip (8.3-inch, Wi-Fi + Cellular, 128GB) - Blue (Renewed)",588.65,741.0,USD,4.5,83,https://www.amazon.com/dp/B0DTCL2C2D,https://m.media-amazon.com/images/I/61GaU32UmjL._AC_UY654_QL65_.jpg,1,588.65,False,False,False,False,,"FREE delivery Sat, Sep 12Or fastest delivery Tomorrow, Sep 11Only 7 left in stock - order soon.",True,,Only 7 left in stock - order soon.,,,,,,,False,True
B0FVWT1G62,"Tablet Android 16 10 Inch 12GB RAM+64GB ROM/ 1TB Expandable, 1280 * 800 HD Touch Screen, 5G WiFi6 BT 5.0, 2 in 1 Tab with Keyboard Case Mouse Stylus (Pink)",62.99,62.99,USD,3.9,250,https://www.amazon.com/dp/B0FVWT1G62,https://m.media-amazon.com/images/I/71QnfcsatFL._AC_UY654_QL65_.jpg,1,62.99,False,False,True,False,500+ bought in past month,"Join Prime to get FREE delivery Today 5 PM - 10 PMOr Non-members get FREE delivery Tue, Sep 15",True,,,,,,,,,False,False
B0DGHMNQ5Z,"Apple AirPods 4 Wireless Earbuds | Bluetooth Headphones, Personalized Spatial Audio, Sweat &amp; Water Resistant, USB-C Charging Case, H2 Chip",99.0,129.0,USD,4.5,34543,https://www.amazon.com/dp/B0DGHMNQ5Z,https://m.media-amazon.com/images/I/61iBtxCUabL._AC_UY654_QL65_.jpg,6,91.26,False,False,False,False,10K+ bought in past month,"FREE delivery Sep 15 - 18Or fastest delivery Wed, Sep 16",False,,,,,,,,,False,True
B0GJTXVN9Z,"Apple AirTag (2nd Generation) - 4 Pack: Tracker for Keychain, Wallet, and More; Locator with Sound; Simple One-Tap Setup with iPhone or iPad; Key Finder with up to 1.5X Precision Finding Range*",89.0,99.0,USD,4.5,10300,https://www.amazon.com/dp/B0GJTXVN9Z,https://m.media-amazon.com/images/I/611DjYhflAL._AC_UY654_QL65_.jpg,1,89.0,False,False,True,False,10K+ bought in past month,"Join Prime to get FREE delivery Tomorrow, Sep 11Or Non-members get FREE delivery Tue, Sep 15",False,,,,,,,,,False,True
B0G7TL38H7,"2025 Apple iPad Pro (11-inch, M5 chip, Wi-Fi, 256GB) - Silver (Renewed)",989.0,989.0,USD,4.5,5,https://www.amazon.com/dp/B0G7TL38H7,https://m.media-amazon.com/images/I/61OExjvn1+L._AC_UY654_QL65_.jpg,3,939.97,False,False,False,False,,"FREE delivery Thu, Sep 17Or fastest delivery Sep 14 - 15Only 1 left in stock - order soon.",False,,Only 1 left in stock - order soon.,,,,,,,False,False
B0DZJ7CNCG,"Apple 2024 iPad Air (13-inch, Wi-Fi, 128GB) - Starlight (Renewed Premium)",733.54,733.54,USD,4.5,40,https://www.amazon.com/dp/B0DZJ7CNCG,https://m.media-amazon.com/images/I/71uujdOqQeL._AC_UY654_QL65_.jpg,1,733.54,False,False,False,False,,"FREE delivery Tue, Sep 15Or fastest delivery Mon, Sep 14",True,,,,,,,,,False,False
B09V3HN1KC,"Apple iPad Air (5th Generation): with M1 chip, 10.9-inch Liquid Retina Display, 64GB, Wi-Fi 6, 12MP front/12MP Back Camera, Touch ID, All-Day Battery Life – Space Gray EPEAT",,,,4.8,13467,https://www.amazon.com/dp/B09V3HN1KC,https://m.media-amazon.com/images/I/61XZQXFQeVL._AC_UY654_QL65_.jpg,1,,False,False,False,True,,,True,,,,,,,,,True,False
B0D3JBCRYW,"Apple iPad Pro 11-Inch (M4): Built for Apple Intelligence, Ultra Retina XDR Display - Nano-Texture Glass, 2TB, 12MP Front/Back Camera, LiDAR Scanner, Wi-Fi 6E, Face ID — Space Black EPEAT",,,USD,4.8,7,https://www.amazon.com/dp/B0D3JBCRYW,https://m.media-amazon.com/images/I/61IsQRFoxJL._AC_UY654_QL65_.jpg,1,,False,False,True,True,,"Join Prime to get FREE delivery Tomorrow, Sep 11Or Non-members get FREE delivery Tue, Sep 15",False,,,,,,,,,True,False
B0B8STRJYJ,"MoKo for iPad (A16) 11th Generation Case, iPad 10th Gen Case, Navy Blue | For iPad 11/10.9 Inch Case 2025/2022, Slim Stand Hard PC Translucent Back Shell Smart Cover,Support Touch ID,Auto Wake/Sleep ClimatePartner certified",9.95,9.95,USD,4.6,43397,https://www.amazon.com/dp/B0B8STRJYJ,https://m.media-amazon.com/images/I/51IFiSD+kCL._AC_UY654_QL65_.jpg,6,9.75,False,False,True,True,10K+ bought in past month,"Join Prime to get FREE delivery Today 7 AM - 11 AM on eligible ordersOr Non-members get FREE delivery Tue, Sep 15 on $35 of items shipped by Amazon",True,,,,,,,,,False,False
B0D3JB59ZT,"Apple iPad Pro 11-Inch (M4): Built for Apple Intelligence, Ultra Retina XDR Display - Nano-Texture Glass, 2TB, 12MP Front/Back Camera, LiDAR Scanner, Wi-Fi 6E + 5G Cellular, Face ID — Space Black EPEAT",,,USD,4.1,8,https://www.amazon.com/dp/B0D3JB59ZT,https://m.media-amazon.com/images/I/61I7xveZKhL._AC_UY654_QL65_.jpg,1,,False,False,True,True,,"Join Prime to get FREE delivery Tomorrow, Sep 11Or Non-members get FREE delivery Tue, Sep 15Only 3 left in stock - order soon.",False,,Only 3 left in stock - order soon.,,,,,,,True,False
B0BTRLY3PY,"Apple 2022 iPad Pro 11-inch, Wi-Fi + Cellular, 128GB - Silver (Renewed)",599.95,599.95,USD,4.1,22,https://www.amazon.com/dp/B0BTRLY3PY,https://m.media-amazon.com/images/I/71KZGj+T8yL._AC_UY654_QL65_.jpg,4,539.85,False,False,False,False,,"FREE delivery Tomorrow, Sep 11Only 2 left in stock - order soon.",False,,Only 2 left in stock - order soon.,,,,,,,False,False
B0CVDZ7WYW,"Amazon Fire HD 8 tablet (newest model), 8” HD Display, 4GB memory, 64GB, responsive and vibrant, designed for portable entertainment, Black",84.99,129.99,USD,4.5,10441,https://www.amazon.com/dp/B0CVDZ7WYW,https://m.media-amazon.com/images/I/717z5zjuBWL._AC_UY654_QL65_.jpg,1,84.99,False,False,True,False,10K+ bought in past month,"Join Prime to get FREE delivery Today 7 AM - 11 AMOr Non-members get FREE delivery Tue, Sep 15",False,Limited time deal,,,,,,,,False,True
B0D4XS1115,"Apple 2024 iPad Air 13-inch, Wi-Fi, 256GB - Purple (Renewed)",771.4,771.4,USD,4.2,242,https://www.amazon.com/dp/B0D4XS1115,https://m.media-amazon.com/images/I/71aqwVDcCaL._AC_UY654_QL65_.jpg,1,771.4,False,False,False,False,,FREE delivery Sep 27 - Oct 8Or fastest delivery Sep 27 - Oct 6,True,,,,,,,,,False,False
B0D3NGN3K1,"Logitech Combo Touch iPad Air 13 inch M2 M3 &amp; M4 - Midnight Black | Detachable keyboard, kickstand, comfortable typing, multi-use mode, compatible with 2024, 2025 and 2026 iPad Air",229.99,229.99,USD,3.8,350,https://www.amazon.com/dp/B0D3NGN3K1,https://m.media-amazon.com/images/I/61oiT2XEjfL._AC_UY654_QL65_.jpg,2,181.99,False,False,True,False,500+ bought in past month,"Join Prime to get FREE delivery Today 5 PM - 10 PMOr Non-members get FREE delivery Tue, Sep 15",False,,,,,,,,,False,False
B0F1FQCL1R,"Tablet 11 inch Android 16 Tablet 2026 Latest Update Octa-Core 128GB+20GB | 4G LTE Tablets, 5G WiFi+Cellular, T-Mobile SIM Card Support, 13+8MP Dual Camera Support, 1TB Expansion HD Touchscreen Tableta",125.98,139.99,USD,4.2,1352,https://www.amazon.com/dp/B0F1FQCL1R,https://m.media-amazon.com/images/I/61d0nRJ7UJL._AC_UY654_QL65_.jpg,4,99.99,False,False,True,False,500+ bought in past month,"Join Prime to get FREE delivery Today 5 PM - 10 PMOr Non-members get FREE delivery Tue, Sep 15",True,Limited time deal,,,,,,,,False,True
B0HF89GGQG,"Android 16 Tablet 10 Inch, 24GB RAM 64GB ROM 1TB,HD IPS,Fast WiFi 6, BT 5.4 | Electronics Tablets with HD IPS Touchscreen, 6000mAh 12H Battery, 2*Cameras Tablets for Kids &amp; Adults, Gifts, Streaming, Work",79.99,133.99,USD,4.4,506,https://www.amazon.com/dp/B0HF89GGQG,https://m.media-amazon.com/images/I/71bv3j7wXTL._AC_UY654_QL65_.jpg,1,79.99,False,False,True,False,,"Join Prime to get FREE delivery Today 5 PM - 10 PMOr Non-members get FREE delivery Tue, Sep 15",True,,,,,,,,,False,True
B0DWJXGM7Q,Android Tablet 10 Inch Tablet With Case Stylus Android 15 Tablets 8GB RAM 32GB ROM Support 1TB Expansion 6000mah Battery 10.1&quot; IPS HD Touchscreen 2MP+8MP Dual Camera WIFI-6 Bluetooth5.0 Tablets,59.99,59.99,USD,4.1,489,https://www.amazon.com/dp/B0DWJXGM7Q,https://m.media-amazon.com/images/I/616aoT4YybL._AC_UY654_QL65_.jpg,1,59.99,False,False,True,False,500+ bought in past month,"Join Prime to get FREE delivery Today 5 PM - 10 PMOr Non-members get FREE delivery Tue, Sep 15",True,,,,,,,,,False,False
B0HGXS9F3P,"URAO Tablet,10.1&quot; Android 16 Tablet Octa-core 36GB+128GB Dual Camera | 1280x800 IPS HD Touchscreen 6000mAh Battery Wi-Fi 6,BT 5.4 GMS 36GB(6+30) RAM 128GB ROM Support 1TB Expansion 5MP+8MP cameras",89.99,149.99,USD,4.8,58,https://www.amazon.com/dp/B0HGXS9F3P,https://m.media-amazon.com/images/I/71MLHY2qL2L._AC_UY654_QL65_.jpg,1,89.99,False,False,True,False,,"Join Prime to get FREE delivery Today 5 PM - 10 PMOr Non-members get FREE delivery Tue, Sep 15",False,Limited time deal,,,,,,,,False,True
B0DWJSPYKG,Android Tablet 10 Inch Tablet With Case Screen Stylus Android 15 Tablets 8GB RAM 32GB ROM Support 1TB Expansion 6000mah Battery 10.1&quot; IPS HD Touchscreen 2MP+8MP Dual Camera WIFI-6 Bluetooth5.0 Tablets,59.99,59.99,USD,4.1,489,https://www.amazon.com/dp/B0DWJSPYKG,https://m.media-amazon.com/images/I/61RvIqHGeUL._AC_UY654_QL65_.jpg,1,59.99,False,False,True,False,500+ bought in past month,"Join Prime to get FREE delivery Today 5 PM - 10 PMOr Non-members get FREE delivery Tue, Sep 15",True,,,,,,,,,False,False
B0FXBPWCQY,"Samsung Galaxy Tab A11 WiFi Model (International Version), 8.7 inches, 64GB + 4GB with Model Number SM-X133 (Gray)",136.99,149.99,USD,4.2,329,https://www.amazon.com/dp/B0FXBPWCQY,https://m.media-amazon.com/images/I/41lskqHmqNL._AC_UY500_QL65_.jpg,20,128.47,False,False,True,False,3K+ bought in past month,"Join Prime to get FREE delivery Today 5 PM - 10 PMOr Non-members get FREE delivery Tue, Sep 15",True,,,,,,,,,False,True
B0D38GBHCS,"Amazon Fire HD 8 Kids Pro tablet, ages 6-12. Bright 8&quot; HD screen, includes ad-free content, parental controls, 13-hr battery, slim case for older kids, 64GB, Hello Teal, (2024 release)",94.99,169.99,USD,4.6,5763,https://www.amazon.com/dp/B0D38GBHCS,https://m.media-amazon.com/images/I/61iYPiatV9L._AC_UY654_QL65_.jpg,1,94.99,False,False,True,False,2K+ bought in past month,"Join Prime to get FREE delivery Tomorrow, Sep 11Or Non-members get FREE delivery Tue, Sep 15",False,Limited time deal,,,,,,,,False,True
B0FXBT9CYP,"Samsung Galaxy Tab A11+ Plus 2026 (128GB, 6GB, Wi-Fi Only) 11.0&quot; 90Hz Android 16 Tablet, All Day Battery, Octa-Core (4nm), 4-Speakers, International Model X230 | Fast Charge Cube Bundle | Gray",239.44,239.44,USD,4.4,486,https://www.amazon.com/dp/B0FXBT9CYP,https://m.media-amazon.com/images/I/51+q6NLJjqL._AC_UY654_QL65_.jpg,12,231.07,False,False,True,False,2K+ bought in past month,"Join Prime to get FREE delivery Today 5 PM - 10 PMOr Non-members get FREE delivery Tue, Sep 15Only 3 left in stock - order soon.",True,,Only 3 left in stock - order soon.,,,,,,,False,False
B0FVXRG5W9,"Samsung Galaxy Tab A11+ 8GB RAM, 256GB Storage, AI Assist, Slim Light, Gray | Optimized Performance, Long Lasting Battery, Expandable Storage, Large Display, Dolby Atmos Speakers, 2 Year Warranty",379.99,379.99,USD,4.6,2410,https://www.amazon.com/dp/B0FVXRG5W9,https://m.media-amazon.com/images/I/61J95lO0oLL._AC_UY654_QL65_.jpg,2,300.29,False,False,True,False,1K+ bought in past month,"Join Prime to get FREE delivery Today 7 AM - 11 AMOr Non-members get FREE delivery Tue, Sep 15",True,,,,,,,,,False,False
B0HGXNYTPX,"Jeazans Android 16 Tablet 10.1 Inch, 2-in-1 Tablet Bundle with Keyboard, Wireless Mouse, Stylus, Leather Case, Dual Camera, 64GB Storage+1TB Expansion, Portable Laptop for Students &amp; Business",89.99,139.99,USD,4.8,135,https://www.amazon.com/dp/B0HGXNYTPX,https://m.media-amazon.com/images/I/81SJqudddPL._AC_UY654_QL65_.jpg,3,82.79,False,False,True,False,,"Join Prime to get FREE delivery Today 5 PM - 10 PMOr Non-members get FREE delivery Tue, Sep 15",False,Limited time deal,,,,,,,,False,True
B0H3KSYGSJ,"10 inch Tablet with Keyboard - Android 16 Tablet with 24GB+256GB+2TB Expand | 2026 Gemini AI Tablet PC with 8-Core, 5G WiFi, 8000mAh, GMS, GPS, 2-in-1 Electronic Tablet with Case, Mouse, Stylus (Black)",129.99,129.99,USD,4.1,74,https://www.amazon.com/dp/B0H3KSYGSJ,https://m.media-amazon.com/images/I/81f+go2-WiL._AC_UY654_QL65_.jpg,1,129.99,False,False,True,False,500+ bought in past month,"Join Prime to get FREE delivery Today 5 PM - 10 PMOr Non-members get FREE delivery Tue, Sep 15",True,,,,,,,,,False,False
B0DWJSBBCD,"10 Inch Tablet With Tablet protective Case and Stylus, Android 15 Tablets, 8GB RAM 32GB ROM/1TB Expansion, 8H 6000mah Battery Wifi Bluetooth 10.1&quot; IPS HD Touchscreen 2MP+8MP Dual Camera Tablets Blue.",59.99,59.99,USD,4.1,489,https://www.amazon.com/dp/B0DWJSBBCD,https://m.media-amazon.com/images/I/51oQbVSs9XL._AC_UY654_QL65_.jpg,1,59.99,False,False,True,False,300+ bought in past month,"Join Prime to get FREE delivery Today 5 PM - 10 PMOr Non-members get FREE delivery Tue, Sep 15",True,,,,,,,,,False,False
B0H7HXHCJ7,"Tablet 10 Inch, Android 16 Tablet with Keyboard, 16GB RAM + 32GB, Pink | 1280 x 800 HD IPS, 6000mAh, WiFi 6, BT 5.4, Dual Camera, Mouse, Stylus, 2-in-1 for Study and Travel",74.99,99.99,USD,4.9,18,https://www.amazon.com/dp/B0H7HXHCJ7,https://m.media-amazon.com/images/I/71yPQxMSMGL._AC_UY654_QL65_.jpg,1,74.99,False,False,True,False,400+ bought in past month,"Join Prime to get FREE delivery Today 5 PM - 10 PMOr Non-members get FREE delivery Tue, Sep 15",False,,,,,,,,,False,True
B0H8D7XTWC,"Gleeso Tablet, 2026 Latest 10 Inch Android 16 Tablet, 24GB+64GB+1TB TF, 6000mAh Battery, Fast Charging, HD Display, Widevine L1, Dual Camera, Face ID, Split Screen, Light, Portable",79.98,129.99,USD,4.6,34,https://www.amazon.com/dp/B0H8D7XTWC,https://m.media-amazon.com/images/I/71SeqMNRLKL._AC_UY654_QL65_.jpg,1,79.98,False,False,True,False,500+ bought in past month,"Join Prime to get FREE delivery Tomorrow, Sep 11Or Non-members get FREE delivery Tue, Sep 15",False,Limited time deal,,,,,,,,False,True
B0F1NHSFMF,Lenovo Tab One - Lightweight Tablet - up to 12.5 Hours of YouTube Streaming - 8.7&quot; HD Display - 4 GB Memory - 64 GB Storage - MediaTek Helio G85 - Includes Folio Case ENERGY STAR,139.99,139.99,USD,4.2,783,https://www.amazon.com/dp/B0F1NHSFMF,https://m.media-amazon.com/images/I/713r2sAaC+L._AC_UY654_QL65_.jpg,7,116.7,False,False,True,True,3K+ bought in past month,"Join Prime to get FREE delivery Today 7 AM - 11 AMOr Non-members get FREE delivery Tue, Sep 15",False,,,,,,,,,False,False
B0GGMRFPZM,"Tablet 11 Inch, Android 16 Tablet, Gray | Octa-Core, 20GB RAM + 128GB ROM, 1TB Expandable, 90Hz IPS Touchscreen, 8800mAh, WiFi 6, BT 5.2, GPS, Dual Camera",74.79,99.99,USD,4.2,161,https://www.amazon.com/dp/B0GGMRFPZM,https://m.media-amazon.com/images/I/71HHfHOKOvL._AC_UY654_QL65_.jpg,1,74.79,False,False,True,False,200+ bought in past month,"Join Prime to get FREE delivery Today 5 PM - 10 PMOr Non-members get FREE delivery Tue, Sep 15",True,Limited time deal,,,,,,,,False,True
B0GDFT3NNH,"Android 15 Tablet 10 Inch, 2026 Tablet with Keyboard, 24GB+256GB+2TB Expand | Tablets PC with Gemini AI, Octa-Core, 8000mAh, 5G WiFi, Widevine L1, GMS, 2 in 1 AI Tablets with Case, Mouse, Stylus(Pink)",80.18,89.09,USD,4.0,770,https://www.amazon.com/dp/B0GDFT3NNH,https://m.media-amazon.com/images/I/81CSvIp4mYL._AC_UY654_QL65_.jpg,1,80.18,False,False,True,False,100+ bought in past month,"Join Prime to get FREE delivery Today 5 PM - 10 PMOr Non-members get FREE delivery Tue, Sep 15",True,Limited time deal,,,,,,,,False,True
B0HFZXXWQV,"Android Tablet 11 inch with Octa-Core Processor, 36GBRAM+128GB Storage, 7800mAh Large Battery, Gemini AI, 1TB Expandable, 5G/2.4G WiFi, BT 5.4,Dual Camera, Tablet for Study, Business&amp;Entertainment",109.99,159.99,USD,4.6,154,https://www.amazon.com/dp/B0HFZXXWQV,https://m.media-amazon.com/images/I/71e66CiggwL._AC_UY654_QL65_.jpg,1,109.99,False,False,True,False,,"Join Prime to get FREE delivery Tomorrow, Sep 11Or Non-members get FREE delivery Tue, Sep 15",False,,,,,,,,,False,True
B0H44CG2FC,"Jeazans 2026 Upgraded Android 16 Tablet with 64GB+1TB Expand, 10.1 inch Tablet with 8-Core, Dock Station, Gemini Ai, WiFi 6, Bluetooth 5.4, 3-Year Protection, Tablet for Students, Kids&amp; Adults",109.99,159.99,USD,4.7,215,https://www.amazon.com/dp/B0H44CG2FC,https://m.media-amazon.com/images/I/71igAoq-i0L._AC_UY654_QL65_.jpg,1,109.99,False,False,True,False,300+ bought in past month,"Join Prime to get FREE delivery Today 5 PM - 10 PMOr Non-members get FREE delivery Tue, Sep 15",False,Limited time deal,,,,,,,,False,True
B0C77HFG3F,"COOPERS Tablet 10 inch, Android 15 Tablet, 32GB ROM 1TB Expand Computer Tablets, Quad Core Processor 6000mAh Battery, 1280x800 IPS Touch Screen, 2+8MP Dual HD Camera, Bluetooth WiFi Tablets PC",54.99,54.99,USD,3.8,7077,https://www.amazon.com/dp/B0C77HFG3F,https://m.media-amazon.com/images/I/619LZNjQAGL._AC_UY654_QL65_.jpg,1,54.99,False,False,True,False,500+ bought in past month,"Join Prime to get FREE delivery Today 5 PM - 10 PMOr Non-members get FREE delivery Tue, Sep 15",True,,,,,,,,,False,False
B0GQVPX1PJ,"Apple iPad Air 11-inch (M4): Liquid Retina Display, 128GB, 12MP Front/Back Camera, Wi-Fi 7 with Apple N1, Touch ID, All-Day Battery Life — Space Gray",729.0,729.0,USD,4.8,748,https://www.amazon.com/dp/B0GQVPX1PJ,https://m.media-amazon.com/images/I/71oepHm9ALL._AC_UY654_QL65_.jpg,1,729.0,False,False,True,False,4K+ bought in past month,"Join Prime to get FREE delivery Today 7 AM - 11 AMOr Non-members get FREE delivery Tue, Sep 15",True,,,,,,,,,False,False
B0H1HVBWR6,"URAO Tablet｜14 inch Android 16 Tablet｜30GB RAM 256GB ROM ｜1920 * 1200 IPS FHD｜10000mAh 30W Fast Charging｜Octa-core Processor｜Wi-Fi 6, BT 5.4｜Dual Camera with Gemini AI｜Keyboard｜Stylus｜Case｜Headphone",239.99,239.99,USD,4.4,87,https://www.amazon.com/dp/B0H1HVBWR6,https://m.media-amazon.com/images/I/71Mqa7DNMeL._AC_UY654_QL65_.jpg,1,239.99,False,False,True,False,400+ bought in past month,"Join Prime to get FREE delivery Today 5 PM - 10 PMOr Non-members get FREE delivery Tue, Sep 15",False,,,,,,,,,False,False
B0H4LKYKCG,"13 inch Tablet with Keyboard - 2026 Gemini AI Android 16 Tablet,Silver Case | 32GB+256GB+2TB Expand, 2K Tablets PC with 8-Core, 10000mAh, 120Hz 1920x1200 Display, 2 in 1 Large Tablets with Mouse, Stylus",189.98,299.99,USD,4.0,27,https://www.amazon.com/dp/B0H4LKYKCG,https://m.media-amazon.com/images/I/71UHC9VndlL._AC_UY654_QL65_.jpg,1,189.98,False,False,True,False,200+ bought in past month,"Join Prime to get FREE delivery Today 5 PM - 10 PMOr Non-members get FREE delivery Tue, Sep 15",True,,,,,,,,,False,True
B0FF5JJ3CP,"Samsung Galaxy Tab S10 Lite, 6GB RAM, 128GB, 2TB Expand, 10.9” LCD, Gray | Long Battery Life, S Pen for Note-Taking, Exynos 1380, Circle to Search, AI Tools",399.99,399.99,USD,4.6,1276,https://www.amazon.com/dp/B0FF5JJ3CP,https://m.media-amazon.com/images/I/61jwusQUP2L._AC_UY654_QL65_.jpg,2,306.59,False,False,True,False,500+ bought in past month,"Join Prime to get FREE delivery Today 5 PM - 10 PMOr Non-members get FREE delivery Tue, Sep 15",True,,,,,,,,,False,False
B0F3XD9M6C,"HOTTABLET Tablet 7Inch Android 14.0 with Protective Case, 8GB(3+5GB Expand) RAM+ 32GB ROM, IPS Screen, Dual Camera, Bluetooth 5.0 WiFi Tab (Black)",40.99,40.99,USD,3.8,1001,https://www.amazon.com/dp/B0F3XD9M6C,https://m.media-amazon.com/images/I/713kqvNOS3L._AC_UY654_QL65_.jpg,1,40.99,False,False,True,False,500+ bought in past month,"Join Prime to get FREE delivery Today 5 PM - 10 PMOr Non-members get FREE delivery Tue, Sep 15",True,,,,,,,,,False,False
B0HB44HB7L,"Gleeso Tablet, Android 16 Tablet, 36GB RAM 128GB ROM 1TB TF, 10 Inch Tablet, 8 core, 6000mAh Battery, Fast Charging, HD Display, Dual Camera, Face Unlock, Widevine L1, WiFi 6 BT5.4",99.99,139.99,USD,5.0,16,https://www.amazon.com/dp/B0HB44HB7L,https://m.media-amazon.com/images/I/81utaw-VYEL._AC_UY654_QL65_.jpg,1,99.99,False,False,True,False,New on Amazon in past month,"Join Prime to get FREE delivery Today 5 PM - 10 PMOr Non-members get FREE delivery Tue, Sep 15",False,Limited time deal,,,,,,,,False,True
B0BLBLRLJB,"Amazon Fire 7 Kids tablet, ages 3-7. Top-selling 7&quot; kids tablet on Amazon. Includes ad-free and exclusive content, easy parental controls, 10-hr battery, 16 GB, Blue",109.99,109.99,USD,4.3,20024,https://www.amazon.com/dp/B0BLBLRLJB,https://m.media-amazon.com/images/I/61q87hzafQL._AC_UY654_QL65_.jpg,1,109.99,False,False,True,False,7K+ bought in past month,"Join Prime to get FREE delivery Today 7 AM - 11 AMOr Non-members get FREE delivery Tue, Sep 15",True,,,,,,,,,False,False
B0F1NGFSNY,Lenovo Idea Tab Pro with Google Gemini - Student Tablet - 12.7” 3K LCD Display - 8 GB Memory - 128 GB Storage - MediaTek Dimensity 8300 - Includes Pen and Folio Case ENERGY STAR,339.99,339.99,USD,4.6,539,https://www.amazon.com/dp/B0F1NGFSNY,https://m.media-amazon.com/images/I/71bDdiCbWmL._AC_UY654_QL65_.jpg,7,298.32,False,False,True,True,1K+ bought in past month,"Join Prime to get FREE delivery Today 5 PM - 10 PMOr Non-members get FREE delivery Tue, Sep 15",False,,,,,,,,,False,False
B0FVXLPWHM,"Samsung Galaxy Tab A11+ 8GB RAM, 256GB Storage, Large Display, Silver | Optimized Performance Long Lasting Battery, Expandable Storage, Dolby Atmos Speakers, AI Assist, Slim, Light, 2 Year Warranty",379.99,379.99,USD,4.6,2410,https://www.amazon.com/dp/B0FVXLPWHM,https://m.media-amazon.com/images/I/61Bv03XCIIL._AC_UY654_QL65_.jpg,2,305.03,False,False,True,False,500+ bought in past month,"Join Prime to get FREE delivery Today 7 AM - 11 AMOr Non-members get FREE delivery Tue, Sep 15",True,,,,,,,,,False,False
B0D1BTG3RK,"COLORROOM 2026 Upgraded Android 15 Tablet, 10inch Kids Tablet, Octa-core CPU, 10GB+64GB+1TB Expand Tablets for Kids with Kids Space, Parental Control, 6000mAh Big Battery,Touchscreen Tableta,Blue",84.99,89.99,USD,4.2,2627,https://www.amazon.com/dp/B0D1BTG3RK,https://m.media-amazon.com/images/I/71Mw9L1ay1L._AC_UY654_QL65_.jpg,2,77.99,False,False,True,False,1K+ bought in past month,"Join Prime to get FREE delivery Today 5 PM - 10 PMOr Non-members get FREE delivery Tue, Sep 15",True,,,,,,,,,False,True
B0FWCXJVHN,"Apple iPad Pro 11-inch (M5): Ultra Retina XDR Display, 256GB, Landscape 12MP Front Camera/12MP Back Camera, LiDAR Scanner, Wi-Fi 7 with Apple N1, Face ID, All-Day Battery Life — Space Black EPEAT",,,USD,4.7,654,https://www.amazon.com/dp/B0FWCXJVHN,https://m.media-amazon.com/images/I/61sP8Xzu-JL._AC_UY654_QL65_.jpg,5,,False,False,True,True,1K+ bought in past month,"Join Prime to get FREE delivery Today 5 PM - 10 PMOr Non-members get FREE delivery Tue, Sep 15",True,,,,,,,,,True,False
B0FT89SMDS,Samsung Galaxy Tab Active5 Pro 10.1&quot; SM-X356B 128GB 6GB Factory Unlocked WiFi + 5G LTE Cellular Rugged Tablet - International Version (Green),699.5,699.5,USD,2.9,2,https://www.amazon.com/dp/B0FT89SMDS,https://m.media-amazon.com/images/I/51HAeTOtXxL._AC_UY654_QL65_.jpg,3,644.99,False,False,False,False,100+ bought in past month,"FREE delivery Tue, Sep 15Only 12 left in stock - order soon.",False,,Only 12 left in stock - order soon.,,,,,,,False,False
B0CTQGMC9M,"HOTTABLET Kids Tablet 7 inch Android, 4GB RAM 32GB ROM, 1TB Expandsion, with Parental Control, WiFi, Bluetooth, Dual Camera with Silicone Case, 1PCS (Blue)",40.99,40.99,USD,4.0,1531,https://www.amazon.com/dp/B0CTQGMC9M,https://m.media-amazon.com/images/I/61Ba19KWxLL._AC_UY654_QL65_.jpg,1,40.99,False,False,True,False,1K+ bought in past month,"Join Prime to get FREE delivery Today 5 PM - 10 PMOr Non-members get FREE delivery Tue, Sep 15",True,,,,,,,,,False,False
B0HH8F945G,"Jeazans Tablet, 10.1&quot; Android 16 Tablet, 24GB RAM 64GB ROM 1TB Expand, 6000mAh Battery, Dual 5MP+8MP Camera, 1280x800 IPS HD Touchscreen, Widevine L1, Wi-Fi 6 BT 5.4 GMS Certified, Face Unlock",79.99,119.99,USD,5.0,18,https://www.amazon.com/dp/B0HH8F945G,https://m.media-amazon.com/images/I/71OgaT1JB5L._AC_UY654_QL65_.jpg,1,79.99,False,False,True,False,New on Amazon in past month,"Join Prime to get FREE delivery Tomorrow, Sep 11Or Non-members get FREE delivery Tue, Sep 15",False,Limited time deal,,,,,,,,False,True
