asin,product_title,product_price,product_original_price,currency,product_star_rating,product_num_ratings,product_url,product_photo,product_num_offers,product_minimum_offer_price,is_best_seller,is_amazon_choice,is_prime,climate_pledge_friendly,sales_volume,delivery,has_variations,product_badge,product_availability,coupon_text,book_formats,unit_price,unit_count,book_format,product_byline,price_missing,has_discount,market,source,position,device_category
B0HDC9Q8Q6,"Lenovo Essential 15.6&quot; FHD Everyday Laptop, Intel Processor, 128GB Storage | Long Battery Life, Anti-Glare Display, Office 365, Copilot AI, WiFi 6, Bluetooth 5.2, USB-C, Win 11",348.8,399.99,USD,4.3,937.0,https://www.amazon.com/dp/B0HDC9Q8Q6,https://m.media-amazon.com/images/I/7186l2+FihL._AC_UY654_QL65_.jpg,1.0,348.8,False,False,False,False,1K+ bought in past month,"FREE delivery Sat, Sep 12Or fastest delivery Tomorrow, Sep 11",False,Limited time deal,,,,,,,,False,True,US,,,
B0H72JH23T,"HP 14 inch laptop, Intel N150 processor, 4GB DDR5 RAM, 128GB SSD | 2026-2027 edition, 1 TB cloud storage, Windows 11 with Microsoft 365",299.99,819.99,USD,5.0,1.0,https://www.amazon.com/dp/B0H72JH23T,https://m.media-amazon.com/images/I/71Gi75BxnXL._AC_UY654_QL65_.jpg,2.0,249.99,False,False,False,False,200+ bought in past month,"FREE delivery Tomorrow, Sep 11",False,Limited time deal,,,,,,,,False,True,US,,,
B0GTB65VP3,"HP 14 inch Laptop, 2026-2027 Edition, Intel N150 CPU, 4GB DDR5 RAM, 128GB SSD, 1TB Cloud Storage, Windows 11 with Microsoft 365",299.99,649.99,USD,4.4,20.0,https://www.amazon.com/dp/B0GTB65VP3,https://m.media-amazon.com/images/I/71GdIQeWqyL._AC_UY654_QL65_.jpg,2.0,249.99,False,False,False,False,500+ bought in past month,"FREE delivery Tomorrow, Sep 11",False,Limited time deal,,,,,,,,False,True,US,,,
B0HG365ZZV,"HP 17 Inch FHD Laptop Computer for Business &amp; Students 32GB RAM 1TB SSD | AMD R5 7430U Processor, 17.3 inch FHD IPS Display, Windows 11 Pro, Copilot AI Key, Fast Charging, Wi-Fi 6",899.99,899.99,USD,5.0,11.0,https://www.amazon.com/dp/B0HG365ZZV,https://m.media-amazon.com/images/I/71MLzBM0ikL._AC_UY654_QL65_.jpg,1.0,899.99,False,False,False,False,,"FREE delivery Tomorrow, Sep 11Only 10 left in stock - order soon.",False,Limited time deal,Only 10 left in stock - order soon.,,,,,,,False,False,US,,,
B0H7M7M6Z5,"HP New Everyday Slim Laptop, AMD Processor, 4GB DDR5 RAM, 128GB SSD, Long Battery Life, Microsoft 365, Thin &amp; Portable, Windows 11",299.99,299.99,USD,4.3,15.0,https://www.amazon.com/dp/B0H7M7M6Z5,https://m.media-amazon.com/images/I/61bRTRL3cgL._AC_UY654_QL65_.jpg,2.0,259.99,False,False,False,False,500+ bought in past month,"FREE delivery Tomorrow, Sep 11",False,,,,,,,,,False,False,US,,,
B0GQB1LPTR,"HP OmniBook 3 17.3 inch Laptop PC, FHD Display, AMD Ryzen 3 30, 8 GB RAM, 512 GB SSD, AMD Radeon 610M Graphics, Windows 11 Home, Mica Silver, 17-dp0199nr",436.99,436.99,USD,4.4,221.0,https://www.amazon.com/dp/B0GQB1LPTR,https://m.media-amazon.com/images/I/71qW8R8vytL._AC_UY654_QL65_.jpg,19.0,436.99,False,False,False,False,1K+ bought in past month,,False,,,,,,,,,False,False,US,,,
B09SVSBVP1,"HP Chromebook 14 Laptop, Intel Celeron N4120, 4 GB RAM, 64 GB eMMC, 14&quot; HD Display, Chrome OS, Thin Design, 4K Graphics, Long Battery Life, Ash Gray Keyboard (14a-na0226nr, 2022, Mineral Silver)",224.95,224.95,USD,4.3,3091.0,https://www.amazon.com/dp/B09SVSBVP1,https://m.media-amazon.com/images/I/71tXLOE7wIL._AC_UY654_QL65_.jpg,18.0,179.99,False,False,True,False,1K+ bought in past month,"Join Prime to get FREE delivery Today 7 AM - 11 AMOr Non-members get FREE delivery Tue, Sep 15",False,,,,,,,,,False,False,US,,,
B0G78Y2ZG8,"15.6-inch laptop,8GB DDR 256GB SSD expandable to 1TB,portable laptop computer, AMD CPU up to 3.2 GHz, Numeric Keypad,10000mAh battery,USB3.0 interface,WiFi5,BT4.2, webcam, Type-C,Numpad,slim laptops",259.99,259.99,USD,4.3,30.0,https://www.amazon.com/dp/B0G78Y2ZG8,https://m.media-amazon.com/images/I/71yW3RB-FRL._AC_UY654_QL65_.jpg,1.0,259.99,False,False,True,False,New on Amazon in past month,"Join Prime to get FREE delivery Today 5 PM - 10 PMOr Non-members get FREE delivery Tue, Sep 15",False,,,,,,,,,False,False,US,,,
B0GV5CFSJX,"HP 14” Ultra Light Thin Laptop Computer 2026 Premium, MS Office, Copilot AI, 4-Core Intel CPU, 4GB DDR5 RAM, 628GB Storage (128GB UFS+500GB Ext), Long Battery, MarxsolAccessory, Win 11 Pro, Lavender",299.0,299.0,USD,4.2,82.0,https://www.amazon.com/dp/B0GV5CFSJX,https://m.media-amazon.com/images/I/71c5uM6vfGL._AC_UY654_QL65_.jpg,1.0,299.0,False,False,False,False,200+ bought in past month,"FREE delivery Sep 16 - 18Or fastest delivery Tomorrow, Sep 11",True,,,,,,,,,False,False,US,,,
B0H98WVSZX,"15.6&quot; Laptop, 8GB RAM 256GB Storage, Celeron N4000 (up to 2.6GHz) 100% sRGB Screen, MS Office 2024, Win11 Pro Notebook Computer, Dual Band Wi-Fi, BT5.0, USB-A, Long Battery Life, Silver",229.99,259.99,USD,4.8,12.0,https://www.amazon.com/dp/B0H98WVSZX,https://m.media-amazon.com/images/I/71XG+zWIXZL._AC_UY654_QL65_.jpg,1.0,229.99,False,False,True,False,,"Join Prime to get FREE delivery Tomorrow, Sep 11Or Non-members get FREE delivery Tue, Sep 15",False,,,,,,,,,False,True,US,,,
B0GR6BVYS5,"Apple 2026 MacBook Neo 13-inch Laptop with A18 Pro chip: Built for AI and Apple Intelligence, Liquid Retina Display, 8GB Unified Memory, 256GB SSD Storage, 1080p FaceTime HD Camera; Citrus",679.0,679.0,USD,4.6,1329.0,https://www.amazon.com/dp/B0GR6BVYS5,https://m.media-amazon.com/images/I/61yHzuw8VBL._AC_UY654_QL65_.jpg,1.0,679.0,False,False,True,False,3K+ bought in past month,"Join Prime to get FREE delivery Tomorrow, Sep 11Or Non-members get FREE delivery Tue, Sep 15",True,,,,,,,,,False,False,US,,,
B0H99JJH7N,"HP Essential Laptop 2026, Intel CPU, 128GB Storage, Office 365, Windows 11 | Copilot AI, WiFi 6, Long Battery Life, Lightweight &amp; Portable, Online Learning, Browsing, Streaming, Willow Green",319.98,319.98,USD,4.6,189.0,https://www.amazon.com/dp/B0H99JJH7N,https://m.media-amazon.com/images/I/618RZsi8YNL._AC_UY654_QL65_.jpg,1.0,319.98,False,False,True,False,1K+ bought in past month,"Join Prime to get FREE delivery Tomorrow, Sep 11Or Non-members get FREE delivery Tue, Sep 15",False,,,,,,,,,False,False,US,,,
B0H94BMX1K,"HP New Everyday Slim Laptop, AMD High Performance Processor, 4GB DDR5 RAM, 128GB SSD, Long Battery Life, Windows 11",299.99,299.99,USD,4.4,14.0,https://www.amazon.com/dp/B0H94BMX1K,https://m.media-amazon.com/images/I/61Lsc1yEOvL._AC_UY654_QL65_.jpg,2.0,259.99,False,False,False,False,1K+ bought in past month,"FREE delivery Tomorrow, Sep 11",False,,,,,,,,,False,False,US,,,
B0H9B5263J,"Lenovo Essential 15.6&quot; FHD Everyday Laptop, Intel Processor, 128GB Storage | With 500GB External HDD, Long Battery Life, Anti-Glare Display, Office 365, Copilot AI, WiFi 6, Bluetooth 5.2, USB-C, Win 11",399.98,449.99,USD,4.3,937.0,https://www.amazon.com/dp/B0H9B5263J,https://m.media-amazon.com/images/I/71c7jxMpP6L._AC_UY654_QL65_.jpg,1.0,399.98,False,False,False,False,500+ bought in past month,"FREE delivery Sat, Sep 12Or fastest delivery Tomorrow, Sep 11",False,Limited time deal,,,,,,,,False,True,US,,,
B0GY16ZXZV,"HP Laptop 2026 Student Business, Copilot AI+Office 365, 128GB UFS Intel CPU | Windows 11 Home, Micro-edge Display, WiFi 6, Bluetooth, Full-size Keyboard, Long battery life, Portable Size &amp; Lightweight",319.98,499.96,USD,4.3,210.0,https://www.amazon.com/dp/B0GY16ZXZV,https://m.media-amazon.com/images/I/81+BAtgj4EL._AC_UY654_QL65_.jpg,1.0,319.98,False,False,False,False,,"FREE delivery Sat, Sep 12Or fastest delivery Tomorrow, Sep 11",False,Limited time deal,,,,,,,,False,True,US,,,
B0HCRT971N,"Acer 2026 15&quot; FHD IPS Chromebook, Intel Celeron Processor Up to 2.78GHz, 4GB DDR5, 64GB Storage, Ultra-Fast WiFi 6, Chrome OS, Dale Purple, Renewed",229.99,229.99,USD,4.2,198.0,https://www.amazon.com/dp/B0HCRT971N,https://m.media-amazon.com/images/I/61qmMfggtfL._AC_UY654_QL65_.jpg,1.0,229.99,False,False,True,False,400+ bought in past month,"Join Prime to get FREE delivery Today 5 PM - 10 PMOr Non-members get FREE delivery Tue, Sep 15",False,,,,,,,,,False,False,US,,,
B0HDMVQZ4V,"15.6&quot; Laptop with Win 11, N4020 CPU, 4GB RAM, 128GB, FHD 1080P Display | LPDDR4 RAM, 180° Lay-Flat, Dual-Band WiFi, Type-C PD Fast Charging, Thin &amp; Lightweight for Students, Home &amp; Office",229.99,379.99,USD,4.8,22.0,https://www.amazon.com/dp/B0HDMVQZ4V,https://m.media-amazon.com/images/I/71IIJrlbpkL._AC_UY654_QL65_.jpg,1.0,229.99,False,False,True,False,,"Join Prime to get FREE delivery Sun, Sep 13Or Non-members get FREE delivery Tue, Sep 15",True,,,,,,,,,False,True,US,,,
B0GR17WKN3,"Apple 2026 MacBook Pro Laptop with Apple M5 Max chip with 18-core CPU and 40-core GPU: Built for AI, 16.2-inch Liquid Retina XDR Display, 48GB Unified Memory, 2TB SSD, Wi-Fi 7; Space Black",,,USD,4.4,40.0,https://www.amazon.com/dp/B0GR17WKN3,https://m.media-amazon.com/images/I/61aF2GnTTRL._AC_UY654_QL65_.jpg,1.0,,False,False,True,False,200+ bought in past month,"Join Prime to get FREE delivery Tomorrow, Sep 11Or Non-members get FREE delivery Tue, Sep 15",False,,,,,,,,,True,False,US,,,
B09R6FNNS1,"Dell 15.6 Laptop, FHD, Intel Core 3 100U, 8 GB RAM, Windows 11 Home | Anti-Glare IPS WVA, 250 nits, Intel UHD Graphics, DDR4, 512GB SSD, Wi‑Fi 6 &amp; Bluetooth, DC15250 ENERGY STAR EPEAT",449.99,449.99,USD,4.3,768.0,https://www.amazon.com/dp/B09R6FNNS1,https://m.media-amazon.com/images/I/71d6CcN8Q5L._AC_UY654_QL65_.jpg,23.0,372.47,False,False,True,True,1K+ bought in past month,"Join Prime to get FREE delivery Tomorrow, Sep 11Or Non-members get FREE delivery Tue, Sep 15",False,,,,,,,,,False,False,US,,,
B0DZZWMB2L,"ASUS ROG Strix G16 (2025) Gaming Laptop, 16” FHD+ 16:10 165Hz/3ms, NVIDIA® GeForce RTX™ 5060, Intel® Core™ i7 Processor 14650HX, 16GB DDR5, 1TB Gen 4 SSD, Wi-Fi 7, Windows 11 Home, G615JMR-AS74",,,USD,4.4,581.0,https://www.amazon.com/dp/B0DZZWMB2L,https://m.media-amazon.com/images/I/81n1T4CYfmL._AC_UY654_QL65_.jpg,19.0,873.22,False,False,False,False,500+ bought in past month,"FREE delivery Mon, Sep 14Or fastest delivery Tomorrow, Sep 11Only 4 left in stock - order soon.",False,,Only 4 left in stock - order soon.,,,,,,,True,False,US,,,
B0GXVSRTM9,"Lenovo 15.6&quot; IdeaPad Everyday Laptop, 2026 Edition, 128GB Storage | Intel 4-Core CPU, Copilot AI, Win 11, FHD Anti-Glare Large Screen, Long Battery Life, Slim PC for Student &amp; Home Office",359.99,399.99,USD,4.3,134.0,https://www.amazon.com/dp/B0GXVSRTM9,https://m.media-amazon.com/images/I/81zPwCUvv4L._AC_UY654_QL65_.jpg,1.0,359.99,False,False,False,False,500+ bought in past month,"FREE delivery Sat, Sep 12Or fastest delivery Tomorrow, Sep 11",False,Limited time deal,,,,,,,,False,True,US,,,
B0DQXHKYJ4,"HP 14&quot; Ultra-Light Laptop for Student &amp; Home (1-Year Office 365, Intel Celeron N4500, 4GB RAM, 64GB eMMC + 64GB SD Card), 12-Hr Long Battery Life, Webcam, Fast Charge, Wi-Fi 6, Win 11 Home in S, White",249.99,249.99,USD,4.0,289.0,https://www.amazon.com/dp/B0DQXHKYJ4,https://m.media-amazon.com/images/I/81qzTdQkqJL._AC_UY654_QL65_.jpg,2.0,249.98,False,False,False,False,500+ bought in past month,"FREE delivery Sat, Sep 12Or fastest delivery Tomorrow, Sep 11",False,,,,,,,,,False,False,US,,,
B0H94LG15F,"15.6&#x27;&#x27; AI Laptop with Office 365 12GB RAM 256GB SSD Win 11 Laptops | 7000mAh Battery, IPS FHD, 180°Viewing, Quad-Core Processor, Type-C, WiFi5, Portable Thin Business Student Laptops, Light Gray",329.98,559.99,USD,4.4,2363.0,https://www.amazon.com/dp/B0H94LG15F,https://m.media-amazon.com/images/I/714TSHAAQrL._AC_UY654_QL65_.jpg,1.0,329.98,False,False,True,False,1K+ bought in past month,"Join Prime to get FREE delivery Tomorrow, Sep 11Or Non-members get FREE delivery Tue, Sep 15",True,Limited time deal,,,,,,,,False,True,US,,,
B0F53SQRH4,"Dell Latitude 5420 14&quot; FHD Business Laptop Computer, Intel Quad-Core i5-1145G7, 16GB DDR4 RAM, 256GB SSD, Camera, HDMI, Windows 11 Pro (Renewed)",292.0,292.0,USD,3.8,413.0,https://www.amazon.com/dp/B0F53SQRH4,https://m.media-amazon.com/images/I/616jxxM4VLL._AC_UY654_QL65_.jpg,13.0,234.88,False,False,False,False,2K+ bought in past month,"FREE delivery Thu, Sep 17",False,,,,,,,,,False,False,US,,,
B0H8YXN55Q,"HP 15.6&quot; FHD Touchscreen Laptop, 32GB RAM, 1TB SSD, AMD Ryzen 7 7730U | AMD Radeon, Copilot AI Key, WiFi 6 &amp; BT, Fast Charge, Numeric Keypad, Windows 11 Pro, Portable Laptop for Business &amp; Study",959.96,959.96,USD,5.0,10.0,https://www.amazon.com/dp/B0H8YXN55Q,https://m.media-amazon.com/images/I/71yZYwU84KL._AC_UY654_QL65_.jpg,1.0,959.96,False,False,False,False,100+ bought in past month,"FREE delivery Tomorrow, Sep 11Only 10 left in stock - order soon.",False,Limited time deal,Only 10 left in stock - order soon.,,,,,,,False,False,US,,,
B0HF38QXHL,"HP 15.6&quot; Pavilion FHD Laptop 2026, Intel Processor, 16GB RAM, 512GB SSD | Fast Charging, Numeric Keypad, Long Battery Life, Lightweight 3.64 lbs, Microsoft 365, Windows 11 Home",569.99,569.99,USD,4.5,145.0,https://www.amazon.com/dp/B0HF38QXHL,https://m.media-amazon.com/images/I/71CzvSnszjL._AC_UY654_QL65_.jpg,1.0,569.99,False,False,True,False,,"Join Prime to get FREE delivery Tomorrow, Sep 11Or Non-members get FREE delivery Tue, Sep 15",False,Limited time deal,,,,,,,,False,False,US,,,
B0GQB1C381,"HP OmniBook 3 16 inch Laptop PC, 2K Touchscreen, AMD Ryzen 3 30, 8 GB RAM, 256 GB SSD, AMD Radeon 610M GPU, Windows 11 Home, Mica Silver, 16-by0199nr",649.99,649.99,USD,4.4,82.0,https://www.amazon.com/dp/B0GQB1C381,https://m.media-amazon.com/images/I/71+WKmQWrsL._AC_UY654_QL65_.jpg,2.0,544.99,False,False,True,False,,"Join Prime to get FREE delivery Tomorrow, Sep 11Or Non-members get FREE delivery Tue, Sep 15",False,,,,,,,,,False,False,US,,,
B08SHN3TZP,Dell Chromebook 11 3100 11.6&quot; Chromebook - 1366 x 768 - Celeron N4020-4 GB RAM - 16 GB Flash Memory - Chrome OS - Intel HD Graphics - English (US) Keyboard - Bluetooth (Renewed),104.99,363.57,USD,4.2,1701.0,https://www.amazon.com/dp/B08SHN3TZP,https://m.media-amazon.com/images/I/61zTekYPPRL._AC_UY654_QL65_.jpg,4.0,79.99,False,False,True,False,2K+ bought in past month,"Join Prime to get FREE delivery Sun, Sep 13Or Non-members get FREE delivery Tue, Sep 15",False,,,,,,,,,False,True,US,,,
B0CK9JSM3G,"Lenovo V15 Laptop, 15.6&quot; FHD Display, AMD Ryzen 5 5500U Hexa-core Processor (Beat Intel i7-1065G7), 16GB RAM, 512GB SSD, HDMI, RJ45, Numeric Keypad, Wi-Fi, Windows 11 Pro, Black",699.0,699.0,USD,4.4,357.0,https://www.amazon.com/dp/B0CK9JSM3G,https://m.media-amazon.com/images/I/71ucBPBJeoL._AC_UY654_QL65_.jpg,5.0,619.0,False,False,True,False,500+ bought in past month,"Join Prime to get FREE delivery Tomorrow, Sep 11Or Non-members get FREE delivery Thu, Sep 17",False,,,,,,,,,False,False,US,,,
B0HCMYNBVZ,"Laptop, 2026 New Laptop Computer with Intel Twin Lake N150 Processor(Up to 3.6GHz), 16GB RAM 512GB NVMe SSD, 15.6&quot; FHD Display, Windοws 11/Student/Business Laptop, HDMI, USB3.2, Long Battery Life Global Recycled Standard",399.99,399.99,USD,4.7,5.0,https://www.amazon.com/dp/B0HCMYNBVZ,https://m.media-amazon.com/images/I/719ZvYx9R6L._AC_UY654_QL65_.jpg,1.0,399.99,False,False,True,True,200+ bought in past month,"Join Prime to get FREE delivery Tomorrow, Sep 11Or Non-members get FREE delivery Tue, Sep 15",False,,,,,,,,,False,False,US,,,
B0H4QJZT4T,"HP Everyday Slim Laptop with Copilot AI • 2026 Edition • Intel 4-Core N150 CPU • 128GB SSD + 1TB OneDrive, Microsoft Office 365 Included • Windows 11, Thin &amp; Portable",299.99,339.9,USD,,0.0,https://www.amazon.com/dp/B0H4QJZT4T,https://m.media-amazon.com/images/I/71is4WH8YTL._AC_UY654_QL65_.jpg,2.0,289.99,False,False,False,False,100+ bought in past month,"FREE delivery Tomorrow, Sep 11",False,Limited time deal,,,,,,,,False,True,US,,,
B0H99QD7W1,"HP 15.6&quot; Pavilion FHD Laptop 2026, Intel Processor, 8GB RAM, 256GB SSD | Fast Charging, Numeric Keypad, Long Battery Life, Lightweight 3.64 lbs, Microsoft 365, Windows 11 Home",429.98,699.0,USD,4.5,145.0,https://www.amazon.com/dp/B0H99QD7W1,https://m.media-amazon.com/images/I/71CzvSnszjL._AC_UY654_QL65_.jpg,1.0,429.98,False,False,True,False,,"Join Prime to get FREE delivery Tomorrow, Sep 11Or Non-members get FREE delivery Tue, Sep 15",False,Limited time deal,,,,,,,,False,True,US,,,
B0GSKCX8YM,Acer Predator Helios Neo 18 AI Gaming Laptop | Intel Core Ultra 9 Processor 275HX | NVIDIA GeForce RTX 5070 Ti | 18&quot; WQXGA 240Hz G-SYNC | 32GB DDR5 | 2TB Gen 4 SSD | Killer Wi-Fi 6E | PHN18-72-9474,,,USD,3.6,17.0,https://www.amazon.com/dp/B0GSKCX8YM,https://m.media-amazon.com/images/I/71pEGXyb2ZL._AC_UY654_QL65_.jpg,1.0,,False,False,True,False,400+ bought in past month,"Join Prime to get FREE delivery Tomorrow, Sep 11Or Non-members get FREE delivery Tue, Sep 15",False,,,,,,,,,True,False,US,,,
B0GJ7C5JFW,"ASUS 2026 15&quot; FHD IPS Chromebook, Intel Processor Up to 2.80GHz, 4GB DDR4, 128GB Storage, HDMI, Super-Fast WiFi, Chrome OS, Pastel Silver (Renewed)",212.99,212.99,USD,4.3,189.0,https://www.amazon.com/dp/B0GJ7C5JFW,https://m.media-amazon.com/images/I/51i+cfNtstL._AC_UY654_QL65_.jpg,14.0,180.0,False,False,True,False,500+ bought in past month,"Join Prime to get FREE delivery Today 5 PM - 10 PMOr Non-members get FREE delivery Tue, Sep 15",True,,,,,,,,,False,False,US,,,
B0H3ZMJ6PR,"Amzboy 15.6” Laptop, N4020 CPU, 4GB RAM, 128GB eMMC, FHD Display, Win 11 | 45W PD Fast Charging, 180° Lay-Flat, Privacy Camera, Supports 1TB TF Card, WiFi 5, Thin &amp; Lightweight, Slate Gray ClimatePartner certified",409.99,409.99,USD,4.3,28.0,https://www.amazon.com/dp/B0H3ZMJ6PR,https://m.media-amazon.com/images/I/71qtbtiayeL._AC_UY654_QL65_.jpg,1.0,409.99,False,False,True,True,500+ bought in past month,"Join Prime to get FREE delivery Tomorrow, Sep 11Or Non-members get FREE delivery Tue, Sep 15",True,,,,,,,,,False,False,US,,,
B0GT48Y6NK,"Lenovo Legion Pro 7i 16&quot; WQXGA 240Hz Gaming Laptop, Intel Core Ultra 9 275HX, GeForce RTX 5080 GDDR7, 64GB DDR5, 5TB Storage (4TB PCIe SSD&amp;1TB Docking Station), Backlit Keyboard, Win 11 Pro, Black",,,USD,,0.0,https://www.amazon.com/dp/B0GT48Y6NK,https://m.media-amazon.com/images/I/81S0LvFnm3L._AC_UY654_QL65_.jpg,1.0,,False,False,False,False,,"FREE delivery Tomorrow, Sep 11Only 15 left in stock - order soon.",False,,Only 15 left in stock - order soon.,,,,,,,True,False,US,,,
B0FSKTZ6KJ,"Laptop 16-inch 8GB DDR 256GB SSD portable laptop computer, expandable to 1TB, AMD A9-9400 Radeon R5 CPU up to 3.2 GHz, 9000mAh battery, Numeric Keypad, USB 3.0, dual-band WiFi, webcam, slim laptops",259.99,259.99,USD,5.0,18.0,https://www.amazon.com/dp/B0FSKTZ6KJ,https://m.media-amazon.com/images/I/71dPPO0mJSL._AC_UY654_QL65_.jpg,1.0,259.99,False,False,True,False,,"Join Prime to get FREE delivery Tomorrow, Sep 11Or Non-members get FREE delivery Tue, Sep 15",False,,,,,,,,,False,False,US,,,
B0B9NNWXVP,"MNN 15.6&quot; FHD 60Hz Portable Monitor USB-C HDMI IPS HDR Gaming Laptop | 15.6&quot; FHD IPS HDR, USB-C one-cable, PC/Mac/Phone/Switch, Smart Case,Laptop , low blue, work&amp;game",49.99,49.99,USD,4.3,12535.0,https://www.amazon.com/dp/B0B9NNWXVP,https://m.media-amazon.com/images/I/81-7N-LhOoL._AC_UY654_QL65_.jpg,1.0,49.99,False,False,True,False,10K+ bought in past month,"Join Prime to get FREE delivery Today 7 AM - 11 AMOr Non-members get FREE delivery Tue, Sep 15",False,,,,,,,,,False,False,US,,,
B07NPTXDK7,"Apple MacBook Air (13-inch Retina display, 1.6GHz dual-core Intel Core i5, 128GB) - Gold (Renewed)",369.0,369.0,USD,3.9,2163.0,https://www.amazon.com/dp/B07NPTXDK7,https://m.media-amazon.com/images/I/71thf1SYnGL._AC_UY654_QL65_.jpg,4.0,349.0,False,False,False,False,500+ bought in past month,"FREE delivery Sat, Sep 12Or fastest delivery Tomorrow, Sep 11Only 6 left in stock - order soon.",True,,Only 6 left in stock - order soon.,,,,,,,False,False,US,,,
B0H8CWGR7K,"2026 Window 11 Pro Traditional Laptop Computer, 16GB RAM 256GB SSD for Business Student School College, 15.6&quot; FHD IPS Display, Lightweight Portable, 4H Battery, 3.5 lbs",349.99,349.99,USD,4.3,16.0,https://www.amazon.com/dp/B0H8CWGR7K,https://m.media-amazon.com/images/I/71autnF3EgL._AC_UY654_QL65_.jpg,1.0,349.99,False,False,True,False,300+ bought in past month,"Join Prime to get FREE delivery Tomorrow, Sep 11Or Non-members get FREE delivery Tue, Sep 15Only 3 left in stock - order soon.",False,,Only 3 left in stock - order soon.,You pay $299.99 with coupon,,,,,,False,False,US,,,
B09VRX9YVW,"HP 14&quot; HD Laptop, Windows 11, Intel Celeron Dual-Core Processor Up to 2.60GHz, 4GB RAM, 64GB SSD, Webcam, Dale Pink (Renewed)",247.99,247.99,USD,4.3,2985.0,https://www.amazon.com/dp/B09VRX9YVW,https://m.media-amazon.com/images/I/61MGsq1ZVaL._AC_UY654_QL65_.jpg,18.0,207.0,False,False,True,False,400+ bought in past month,"Join Prime to get FREE delivery Today 5 PM - 10 PMOr Non-members get FREE delivery Tue, Sep 15",False,,,,,,,,,False,False,US,,,
B0HBVLBJSR,"15.6&quot; 2-in-1 Touchscreen Laptop with Windows 11, i3-10100Y, 16GB, 256GB SSD | 360° Convertible, 1080P FHD IPS Display, 57.75Wh Battery, WiFi 6, Bluetooth 5.2, Up to 2TB SATA3 Expansion",,,,5.0,9.0,https://www.amazon.com/dp/B0HBVLBJSR,https://m.media-amazon.com/images/I/71dYxJmquxL._AC_UY654_QL65_.jpg,1.0,,False,False,False,False,New on Amazon in past month,,False,,,,,,,,,True,False,US,,,
B0H4QXGHRT,"HP Essential Laptop 2026, Intel CPU, 128GB Storage, Office 365, Windows 11 | With 500GB Ext HDD, Copilot AI, WiFi 6, Long Battery Life, Lightweight &amp; Portable, Online Learning, Streaming, Willow Green",399.98,399.98,USD,4.6,189.0,https://www.amazon.com/dp/B0H4QXGHRT,https://m.media-amazon.com/images/I/61XzaV7MqnL._AC_UY654_QL65_.jpg,1.0,399.98,False,False,True,False,100+ bought in past month,"Join Prime to get FREE delivery Tomorrow, Sep 11Or Non-members get FREE delivery Tue, Sep 15",False,,,,,,,,,False,False,US,,,
B0DXZNGFK4,"HP 14 14&quot; Ultra-Light Laptop, Intel N150, 4GB RAM, 128GB + 128GB SD Card | 1-Year Office 365, for Student &amp; Home, LED, Long Battery Life, Fast Charge, Webcam, Windows 11 Home in S mode, Lavender",279.99,279.99,USD,4.3,74.0,https://www.amazon.com/dp/B0DXZNGFK4,https://m.media-amazon.com/images/I/71jzHqmA6gL._AC_UY654_QL65_.jpg,2.0,279.98,False,False,False,False,200+ bought in past month,"FREE delivery Sat, Sep 12Or fastest delivery Tomorrow, Sep 11",True,,,,,,,,,False,False,US,,,
B0FTMPGR89,"HP OMEN Gaming Laptop, AMD Ryzen AI 9-365, 32 GB DDR5 RAM, 1 TB PCIe SSD, 17.3&quot; FHD (1920x1080) 144Hz Display, Nvidia G-Force RTX 5060, 1-Zone RGB Backlit Keyboard, W11 Pro, Black",,,USD,,0.0,https://www.amazon.com/dp/B0FTMPGR89,https://m.media-amazon.com/images/I/71sZSQ6K4vL._AC_UY654_QL65_.jpg,2.0,,False,False,True,False,,"Join Prime to get FREE delivery Tomorrow, Sep 11Or Non-members get FREE delivery Tue, Sep 15Only 2 left in stock - order soon.",False,,Only 2 left in stock - order soon.,,,,,,,True,False,US,,,
B0GSZSHYCJ,"Lenovo 15.6&quot; FHD Essential Laptop, Intel 4-Core Processor, 128GB Storage | 2026 Edition, Office 365, Long Battery Life, Copilot AI, WiFi 6, Slim PC for Student &amp; Home Office, Win 11",349.99,349.99,USD,4.4,127.0,https://www.amazon.com/dp/B0GSZSHYCJ,https://m.media-amazon.com/images/I/818IGXulFTL._AC_UY654_QL65_.jpg,1.0,349.99,False,False,False,False,,"FREE delivery Sat, Sep 12Or fastest delivery Tomorrow, Sep 11",False,Limited time deal,,,,,,,,False,False,US,,,
B0GKRKXL9W,"HP 17.3&quot; HD+ Touchscreen Laptop, AMD Ryzen 5 7430U, 64GB DDR4 RAM, 5TB Storage (4TB SSD &amp; 1TB Docking Station Set), AMD Radeon Graphics, Numeric Keypad, 720p HD Camera, Wi-Fi 6, Windows 11 Pro, Silver",,,USD,5.0,4.0,https://www.amazon.com/dp/B0GKRKXL9W,https://m.media-amazon.com/images/I/81OPW59TskL._AC_UY654_QL65_.jpg,1.0,,False,False,False,False,,"FREE delivery Tomorrow, Sep 11Only 19 left in stock - order soon.",False,,Only 19 left in stock - order soon.,,,,,,,True,False,US,,,
B0GWFNNW3H,"Microsoft Surface Laptop (2026), 15-inch Premium Performance Laptop, Snapdragon X2 Elite Processor, Touchscreen Display, 16GB RAM, 1TB SSD Storage, Windows 11 Copilot+ PC Built for AI, Black ENERGY STAR",,,USD,4.6,3.0,https://www.amazon.com/dp/B0GWFNNW3H,https://m.media-amazon.com/images/I/61bzXB4b04L._AC_UY654_QL65_.jpg,3.0,,False,False,True,True,50+ bought in past month,"Join Prime to get FREE delivery Tomorrow, Sep 11Or Non-members get FREE delivery Tue, Sep 15",True,,,,,,,,,True,False,US,,,
B0H8Y6KX3W,"HP 14 Laptop for Students and Home Use, Intel Processor N150, 16GB RAM | 128GB UFS+256GB MSD, 14&quot; HD Display, Wi-Fi 6, 1-Year Microsoft 365, Copilot AI Key, Built‑in Speakers, Willow Green, W/Mouse",379.99,379.99,USD,4.3,24.0,https://www.amazon.com/dp/B0H8Y6KX3W,https://m.media-amazon.com/images/I/71X5zih24EL._AC_UY654_QL65_.jpg,1.0,379.99,False,False,False,False,500+ bought in past month,"FREE delivery Tomorrow, Sep 11",True,,,,,,,,,False,False,US,,,
B0H2Q53NQ8,HP New Everyday Slim Laptop • Microsoft 365 • Intel N150 CPU • 128GB SSD • Long Battery Life • Copilot AI • Win 11,299.99,599.99,USD,,0.0,https://www.amazon.com/dp/B0H2Q53NQ8,https://m.media-amazon.com/images/I/71jvwscT2HL._AC_UY654_QL65_.jpg,1.0,299.99,False,False,True,False,1K+ bought in past month,"FREE delivery Tomorrow, Sep 11",False,,,,,,,,,False,True,US,,,
B00QYRLHHS,"Microsoft Surface Laptop Go 12.4&quot; Touch 4GB 64GB eMMC Core™ i5-1035G1 1.0GHz WIN11H, Platinum (Renewed)",164.95,178.45,USD,5.0,3.0,https://www.amazon.com/dp/B00QYRLHHS,https://m.media-amazon.com/images/I/61Lch9RoPHL._AC_UY654_QL65_.jpg,1.0,164.95,False,False,False,False,50+ bought in past month,"FREE delivery Thu, Sep 17Or fastest delivery Tomorrow, Sep 11Only 3 left in stock - order soon.",False,,Only 3 left in stock - order soon.,,,,,,,False,True,US,,,
B0HF7QB2Y4,"KAIGERR Gaming Laptop, Laptops with AMD Ryzen 7430U(Up to 4.3GHz), 16GB DDR4 512GB SSD Laptop Computer, 15.6inch Windοws 11 Laptop, 1920P FHD Display, WiFi 6, USB3.2, Type_C Global Recycled Standard",,,USD,5.0,10.0,https://www.amazon.com/dp/B0HF7QB2Y4,https://m.media-amazon.com/images/I/716Ckj4xXcL._AC_UY654_QL65_.jpg,1.0,,False,False,True,True,New on Amazon in past month,"Join Prime to get FREE delivery Sun, Sep 13Or Non-members get FREE delivery Tue, Sep 15",False,,,,,,,,,True,False,US,,,
B0FW4X5MXV,Acer Nitro V 16 AI Gaming Laptop 16&quot; WUXGA IPS 180Hz AMD Zen 4 Octa-Core Ryzen 7 260 32GB RAM 1TB SSD GeForce RTX 5050 (Up to 421 AI Tops) Backlit Win11 w/ICP Acc,,,USD,4.4,8.0,https://www.amazon.com/dp/B0FW4X5MXV,https://m.media-amazon.com/images/I/81AugPIkbuL._AC_UY654_QL65_.jpg,1.0,,False,False,False,False,,"FREE delivery Sat, Sep 12Only 1 left in stock - order soon.",False,,Only 1 left in stock - order soon.,,,,,,,True,False,US,,,
B0H31VJCL8,"Razer Blade 18 (2026) Gaming Laptop, RTX 5090, 64GB DDR5, 2TB, Black | Intel Ultra 9 290HX, 18&quot; UHD+ 240Hz / FHD+ 440Hz Dual Mode Display, Wi-Fi 7, TB5, Upgradeable Memory, Windows 11",,,USD,3.6,4.0,https://www.amazon.com/dp/B0H31VJCL8,https://m.media-amazon.com/images/I/71oF37XHv8L._AC_UY654_QL65_.jpg,1.0,,False,False,False,False,,FREE delivery Sep 25 - Oct 7Or fastest delivery Sep 25 - Oct 5,False,,,,,,,,,True,False,US,,,
B0HD6YRYBX,"HP 17 inch FHD Laptop Computer, AMD Ryzen 5 7430U, 32GB RAM, 1TB SSD | 17.3” FHD Display, Windows 11 Pro, Copilot AI for Business and Student, Wi-Fi 6, BT 5.4, Fast Charge, Accessories",899.99,899.99,USD,5.0,4.0,https://www.amazon.com/dp/B0HD6YRYBX,https://m.media-amazon.com/images/I/716fKAl3D9L._AC_UY654_QL65_.jpg,1.0,899.99,False,False,False,False,,"FREE delivery Tomorrow, Sep 11",False,,,,,,,,,False,False,US,,,
B0H2DF5TJ1,"Lenovo V15 15.6&quot; FHD Laptop 2026 Edition, IdeaPad Slim 3i, Intel 4-Core CPU | 128GB SSD, Copilot AI, Ultra-Portable, Long Battery Life, Numeric Keypad, Office 365, Windows 11 for Students &amp; Office",349.98,649.99,USD,4.4,45.0,https://www.amazon.com/dp/B0H2DF5TJ1,https://m.media-amazon.com/images/I/81DWx6Wlc1L._AC_UY654_QL65_.jpg,1.0,349.98,False,False,False,False,200+ bought in past month,"FREE delivery Sat, Sep 12Or fastest delivery Tomorrow, Sep 11",False,Limited time deal,,,,,,,,False,True,US,,,
B0GRK41MM1,"Lenovo ThinkPad P16 Gen 3 w/Ultra 7 255HX, 64GB DDR5, NVIDIA RTX PRO 3000 | Blackwell 12GB GDDR7 GPU, 2TB Gen5 Performance SSD, 16&quot; WQUXGA 3840x2400 100%DCI-P3 800nits Non-Touch Display, Intel 20 Core",,,USD,5.0,1.0,https://www.amazon.com/dp/B0GRK41MM1,https://m.media-amazon.com/images/I/61P4fYkdDqL._AC_UY654_QL65_.jpg,1.0,,False,False,False,False,,"FREE delivery Tomorrow, Sep 11",False,,,,,,,,,True,False,US,,,
B087N73SHT,"HP 14 14&quot; HD SVA Anti-Glare Micro-Edge WLED-backlit Laptop for Students, AMD Athlon 3050U 2.3GHz up to 3.2GHz, 4GB DDR4, 128GB SSD, Wi-Fi 5, Bluetooth 4.2, HDMI, Webcam, Windows 10 S, Accessory Bundle",219.0,219.0,USD,4.4,417.0,https://www.amazon.com/dp/B087N73SHT,https://m.media-amazon.com/images/I/71ZGLRcKWxL._AC_UY654_QL65_.jpg,1.0,219.0,False,False,False,False,50+ bought in past month,"FREE delivery Wed, Sep 16Or fastest delivery Tomorrow, Sep 11Only 9 left in stock - order soon.",False,,Only 9 left in stock - order soon.,,,,,,,False,False,US,,,
B0DWMLHYJ5,"HP 15.6 inch Laptop, HD Touchscreen Display, AMD Ryzen 3 7320U, 8 GB RAM, 256 GB SSD, AMD Radeon Graphics, Windows 11 Home, Natural Silver, 15-fc0399nr Global Recycled Standard",499.98,499.98,USD,4.4,1599.0,https://www.amazon.com/dp/B0DWMLHYJ5,https://m.media-amazon.com/images/I/71XTCkgshfL._AC_UY654_QL65_.jpg,15.0,416.99,False,False,False,True,400+ bought in past month,"FREE delivery Tomorrow, Sep 11",False,,,,,,,,,False,False,US,,,
B0HC756KRF,Lenovo IdeaPad Slim 3 • 15.6&quot; FHD Business Laptop • AMD Ryzen 5 • 8GB RAM DDR5 • 256GB SSD • 2026 Edition • Windows 11,499.99,499.99,USD,4.6,289.0,https://www.amazon.com/dp/B0HC756KRF,https://m.media-amazon.com/images/I/715VmZCBJ9L._AC_UY654_QL65_.jpg,1.0,499.99,False,False,True,False,50+ bought in past month,"Join Prime to get FREE delivery Tomorrow, Sep 11Or Non-members get FREE delivery Fri, Sep 18",False,,,,,,,,,False,False,US,,,
B0GR1F53WV,"Apple 2026 MacBook Pro Laptop with Apple M5 Max chip with 18-core CPU and 32-core GPU: Built for AI, 16.2-inch Liquid Retina XDR Display, 36GB Unified Memory, 2TB SSD, Wi-Fi 7; Silver",,,USD,4.7,19.0,https://www.amazon.com/dp/B0GR1F53WV,https://m.media-amazon.com/images/I/61Ec63l+gmL._AC_UY654_QL65_.jpg,1.0,,False,False,True,False,,"Join Prime to get FREE delivery Tomorrow, Sep 11Or Non-members get FREE delivery Tue, Sep 15",False,,,,,,,,,True,False,US,,,
B0HDBYYGPJ,"HP Pavilion 15&quot; FHD Laptop 2026, Intel Processor, 16GB RAM, 512GB SSD | Long Battery Life, Portable Design, WiFi 6, Microsoft 365, Windows 11 for Students &amp; Office, Silver",549.97,899.0,USD,4.5,132.0,https://www.amazon.com/dp/B0HDBYYGPJ,https://m.media-amazon.com/images/I/717i+KAmzoL._AC_UY654_QL65_.jpg,1.0,549.97,False,False,False,False,50+ bought in past month,"FREE delivery Sat, Sep 12Or fastest delivery Tomorrow, Sep 11",False,Limited time deal,,,,,,,,False,True,US,,,
B0HG9P3CJT,"15.6&#x27;&#x27; AI Laptop with Office 365, 6GB RAM 128GB SSD | Win 11 Home Laptops Computer, IPS FHD, 180°Viewing, Quad-Core Processor, Type-C, Portable Thin Business Student Laptops",259.98,439.99,USD,5.0,9.0,https://www.amazon.com/dp/B0HG9P3CJT,https://m.media-amazon.com/images/I/711KQJBO1aL._AC_UY654_QL65_.jpg,1.0,259.98,False,False,True,False,New on Amazon in past month,"Join Prime to get FREE delivery Tomorrow, Sep 11Or Non-members get FREE delivery Tue, Sep 15",True,Limited time deal,,,,,,,,False,True,US,,,
B0H8BWQ2NW,Lenovo IdeaPad Slim 3i • 15.6&quot; FHD Laptop with Microsoft Office Included • Intel Core i3-N305 • 8GB DDR5 • 128GB SSD • Win 11,429.99,429.99,USD,4.6,713.0,https://www.amazon.com/dp/B0H8BWQ2NW,https://m.media-amazon.com/images/I/61EGQOMX0ML._AC_UY654_QL65_.jpg,1.0,429.99,False,False,True,False,100+ bought in past month,"Join Prime to get FREE delivery Tomorrow, Sep 11Or Non-members get FREE delivery Fri, Sep 18",False,,,,,,,,,False,False,US,,,
B0H941PVY6,"HP 14 Laptop, Intel N150, 4GB DDR5 RAM, 128GB SSD, Windows 11",299.99,699.99,USD,4.3,43.0,https://www.amazon.com/dp/B0H941PVY6,https://m.media-amazon.com/images/I/61ZSxwWToYL._AC_UY654_QL65_.jpg,2.0,259.99,False,False,False,False,50+ bought in past month,"FREE delivery Sat, Sep 12",False,Limited time deal,,,,,,,,False,True,US,,,
B0FQHZYDKT,"HP 17.3&quot; Touchscreen Business Copilot AI Laptop PC, Intel Ultra 5 225U, 64GB DDR5 RAM, 2TB SSD, Wi-Fi 6, Win11 Home, Backlit Keyboard, Webcam Shutter, Fingerprint Reader, Bundle with PCO Laptop Cooler",,,USD,5.0,1.0,https://www.amazon.com/dp/B0FQHZYDKT,https://m.media-amazon.com/images/I/71J9T7+GFBL._AC_UY654_QL65_.jpg,1.0,,False,False,True,False,,"Join Prime to get FREE delivery Tomorrow, Sep 11Or Non-members get FREE delivery Thu, Sep 17",False,,,,,,,,,True,False,US,,,
B0FKSF2ZHC,"Lenovo V15 G5 Next Gen Business Laptop, 15.6″ FHD Anti-Glare Display | Intel 8-Core i5-13420H (Beat i7-1355U), 16GB DDR5 RAM, 512GB SSD, WiFi 6, BT5.2, Windows 11 Pro- for Professional Workstation",749.99,749.99,USD,5.0,4.0,https://www.amazon.com/dp/B0FKSF2ZHC,https://m.media-amazon.com/images/I/71bGSlXvqrL._AC_UY654_QL65_.jpg,1.0,749.99,False,False,True,False,,"Join Prime to get FREE delivery Tomorrow, Sep 11Or Non-members get FREE delivery Tue, Sep 15",True,,,,,,,,,False,False,US,,,
B0H1ML78JK,"Lenovo ThinkBook 16 Gen 8 Laptop, Intel Core Ultra 7, 16GB DDR5, 512GB SSD | 16&quot; laptop, fingerprint security, Win 11 Pro, DDR5 memory, SSD storage, ideal for business professionals",,,USD,4.2,72.0,https://www.amazon.com/dp/B0H1ML78JK,https://m.media-amazon.com/images/I/81n-5oSQWvL._AC_UY654_QL65_.jpg,1.0,,False,False,False,False,100+ bought in past month,"FREE delivery Sat, Sep 12Or fastest delivery Tomorrow, Sep 11",False,Limited time deal,,,,,,,,True,False,US,,,
B09XN8VN9S,"HP 17 Laptop, 17.3&quot; HD+ Touchscreen, Intel Core i7-1255U Processor, 16GB RAM, 256GB SSD, Webcam, HDMI, Backlit Keyboard, Wi-Fi, Windows 11 Home, Silver",769.0,769.0,USD,4.7,14.0,https://www.amazon.com/dp/B09XN8VN9S,https://m.media-amazon.com/images/I/71MUhny6I0L._AC_UY654_QL65_.jpg,1.0,769.0,False,False,False,False,,"FREE delivery Tomorrow, Sep 11Only 18 left in stock - order soon.",False,,Only 18 left in stock - order soon.,,,,,,,False,False,US,,,
B0GWPBXX45,"Dell 16&quot; FHD+ Touchscreen Business Laptop, AMD Ryzen 7 250, 64GB DDR5, 5TB Storage(4TB SSD+1TB Docking Station Set), AMD Radeon Graphics, Backlit Keyboard, HD Webcam, Wi-Fi 6, Win11 Pro, Black",,,USD,,0.0,https://www.amazon.com/dp/B0GWPBXX45,https://m.media-amazon.com/images/I/91JxLBn720L._AC_UY654_QL65_.jpg,1.0,,False,False,False,False,,"FREE delivery Thu, Sep 17",False,,,,,,,,,True,False,US,,,
B0H6WRBSSQ,"Lenovo V14 14&quot; FHD 1920x1080 Laptop, 10-Core 13th Generation Intel i7-1355U, 16GB DDR4, 1TB SSD, Intel Iris Xe Graphics, Shared, Wi-Fi 6 720p HD Camera, Win11 Pro w/ONT 32GB USB",699.0,699.0,USD,,0.0,https://www.amazon.com/dp/B0H6WRBSSQ,https://m.media-amazon.com/images/I/61Vl7S70dfL._AC_UY654_QL65_.jpg,1.0,699.0,False,False,False,False,,"FREE delivery Sep 15 - 17Or fastest delivery Tomorrow, Sep 11",False,,,,,,,,,False,False,US,,,
B0FCTFGTPY,"Dell 15.6 Laptop, AMD Ryzen 5 7520U with Radeon 610M, Windows 11 Home | FHD 120Hz IPS, LPDDR5, 512GB SSD, Wi‑Fi 5, Bluetooth, Carbon Black, DC15255 ENERGY STAR EPEAT",459.99,499.99,USD,4.3,224.0,https://www.amazon.com/dp/B0FCTFGTPY,https://m.media-amazon.com/images/I/71jQbkYw5KL._AC_UY654_QL65_.jpg,12.0,216.2,False,False,True,True,100+ bought in past month,"Join Prime to get FREE delivery Today 5 PM - 10 PMOr Non-members get FREE delivery Tue, Sep 15",False,,,,,,,,,False,True,US,,,
B0D6PHQVSV,"ASUS Lightweight 15.5&quot; Full HD Laptop, Windows 11 Home OS, Intel Celeron Processor Up to 2.76GHz, 4GB LPDDR4, 128GB SSD, Backlit Keyboard, Star Black (Renewed)",256.99,256.99,USD,4.0,722.0,https://www.amazon.com/dp/B0D6PHQVSV,https://m.media-amazon.com/images/I/81iWt-wCcpL._AC_UY654_QL65_.jpg,7.0,226.0,False,False,True,False,100+ bought in past month,"Join Prime to get FREE delivery Today 5 PM - 10 PMOr Non-members get FREE delivery Tue, Sep 15",True,,,,,,,,,False,False,US,,,
B0HB34JGXB,"Dell 16 Laptop DC16255 Touchscreen, 16GB DDR5, 1TB SSD, AMD Ryzen 7 250 | 16 TOPS AI NPU, Up to 5.1GHz, DDR5 5600MT/s, 16&quot; FHD+ IPS 300 Nits, Wi-Fi 6, Bluetooth, Numeric Keypad, Windows 11 Pro",897.8,897.8,USD,5.0,4.0,https://www.amazon.com/dp/B0HB34JGXB,https://m.media-amazon.com/images/I/71AFFokAMBL._AC_UY654_QL65_.jpg,4.0,889.0,False,False,False,False,,"FREE delivery Tomorrow, Sep 11",False,,,,,,,,,False,False,US,,,
B0GXH4RJ37,"Dell Precision 7780 Mobile Workstation 17.3&quot; FHD Laptop, Intel Core i9-13950HX, 128GB RAM, 2TB NVMe SSD, NVIDIA RTX ADA 3500 12GB, HDMI, USB-C, Wi-Fi, BT - Windows 11 Pro - AI Copilot, Grey",,,USD,5.0,1.0,https://www.amazon.com/dp/B0GXH4RJ37,https://m.media-amazon.com/images/I/71XhHtKPP9L._AC_UY654_QL65_.jpg,2.0,,False,False,False,False,,"FREE delivery Fri, Sep 18",False,,,,,,,,,True,False,US,,,
B0B2FB1KN7,"Dell Latitude 5520 Business Laptop, 15.6&quot; FHD Display, Intel Core i5-1135G7 vPRO, 16GB RAM, 512GB SSD, IR Camera, HDMI, Backlit Keyboard, Wi-Fi 6, RJ-45, Thunderbolt 4, Windows 11 Pro",999.21,999.21,USD,4.3,22.0,https://www.amazon.com/dp/B0B2FB1KN7,https://m.media-amazon.com/images/I/71lq44Ru6dL._AC_UY654_QL65_.jpg,2.0,449.99,False,False,False,False,,FREE delivery Sep 24 - 30,False,,,,,,,,,False,False,US,,,
B0FDZ3XGXK,"Dell Alienware 18 Area-51 Gaming Laptop 18&quot; 2.5K WQXGA Anti-Glare Display (Intel Ultra 9 275HX, GeForce RTX 5090, 64GB DDR5, 2TB PCIe SSD, Wi-Fi 7, Backlit KYB, Bluetooth 5.4, Windows 11 Home)",,,USD,4.5,21.0,https://www.amazon.com/dp/B0FDZ3XGXK,https://m.media-amazon.com/images/I/61VUrc4sn7L._AC_UY654_QL65_.jpg,8.0,,False,False,False,False,,"FREE delivery Wed, Sep 16Or fastest delivery Tue, Sep 15Only 14 left in stock - order soon.",False,,Only 14 left in stock - order soon.,,,,,,,True,False,US,,,
B0HBB7W9JV,"15.6&quot; AI Laptop with Office 365, 6GB RAM 128GB SSD, Win 11 Laptops | 7000mAh Battery, IPS FHD, 180°Viewing, Quad-Core Processor, Type-C, WiFi 5, Portable Thin Business Student Laptops",233.99,259.99,USD,4.3,21.0,https://www.amazon.com/dp/B0HBB7W9JV,https://m.media-amazon.com/images/I/71rwy1fJgWL._AC_UY654_QL65_.jpg,1.0,233.99,False,False,True,False,300+ bought in past month,"Join Prime to get FREE delivery Sun, Sep 13Or Non-members get FREE delivery Tue, Sep 15Only 15 left in stock - order soon.",True,Limited time deal,Only 15 left in stock - order soon.,,,,,,,False,True,US,,,
B0BXRD41GM,"ASUS 2023 Vivobook Go 15 Laptop, 15.6&quot; FHD Display, AMD Ryzen 5 7520U Processor, 8GB RAM, 512GB SSD, Windows 11 Home, Mixed Black, E1504FA-AS52 ENERGY STAR",429.99,429.99,USD,4.3,148.0,https://www.amazon.com/dp/B0BXRD41GM,https://m.media-amazon.com/images/I/71tj1W5NoQL._AC_UY654_QL65_.jpg,1.0,429.99,False,False,True,True,400+ bought in past month,"Join Prime to get FREE delivery Tomorrow, Sep 11Or Non-members get FREE delivery Tue, Sep 15",False,,,,,,,,,False,False,US,,,
B0HBPN2HQ8,"HP 2026 Essential Laptop, Intel CPU, 128GB Storage, Copilot AI+Office 365 | LED Display, Longtime Battery Life, Portable Size &amp; Lightweight, Windows 11 Home for Students &amp; Business",319.99,549.98,USD,4.5,12.0,https://www.amazon.com/dp/B0HBPN2HQ8,https://m.media-amazon.com/images/I/81TbkxaNk1L._AC_UY654_QL65_.jpg,1.0,319.99,False,False,False,False,,"FREE delivery Sat, Sep 12Or fastest delivery Tomorrow, Sep 11",False,Limited time deal,,,,,,,,False,True,US,,,
B0GKFW8VCF,"Acer Aspire Laptop 2026, Touchscreen, Intel Ultra 7 258V, 32GB RAM+1TB SSD | Backlit KB, USB-C HUB, Lifetime Office 365, Long Battery Life, Windows 11 Home, Copilot AI for Business &amp; Creators, Gray",,,USD,4.8,42.0,https://www.amazon.com/dp/B0GKFW8VCF,https://m.media-amazon.com/images/I/81hTCEtkBmL._AC_UY654_QL65_.jpg,1.0,,False,False,False,False,50+ bought in past month,"FREE delivery Sat, Sep 12Or fastest delivery Tomorrow, Sep 11",False,Limited time deal,,,,,,,,True,False,US,,,
B0H5NRTQZV,"2026 Latest 15.6&#x27;&#x27; Laptop Win 11, 12th Gen Intel 3.4GHz Quad-Core Processor (Beat i7-7600U), 8GB RAM 256GB SSD, 1080p FHD Display, Backlit Keyboard, 8000mAh Battery, Mini-HDMI, WiFi5, TF Card Slot",279.99,449.99,USD,5.0,5.0,https://www.amazon.com/dp/B0H5NRTQZV,https://m.media-amazon.com/images/I/617uSTZGAnL._AC_UY654_QL65_.jpg,1.0,279.99,False,False,True,False,,"Join Prime to get FREE delivery Tomorrow, Sep 11Or Non-members get FREE delivery Tue, Sep 15",False,,,,,,,,,False,True,US,,,
B0H1DDM93V,"Lenovo ThinkPad E14 Gen 7 (14&quot;), Intel Core Ultra 7 258V, 32 GB LPDDR5X, 1 TB SSD, Intel Arc 140V GPU, Windows 11 Pro 64",,,USD,4.2,33.0,https://www.amazon.com/dp/B0H1DDM93V,https://m.media-amazon.com/images/I/61lTFYcJkQL._AC_UY654_QL65_.jpg,1.0,,False,False,False,False,,FREE delivery Sep 16 - 18Or fastest delivery Sep 16 - 17Only 4 left in stock - order soon.,False,,Only 4 left in stock - order soon.,,,,,,,True,False,US,,,
B0FK453MMS,"Lenovo Legion Pro 7i Gen 10 w/Ultra 9, RTX 5090, 64GB RAM, 2TB,16” OLED | Gaming Laptop w/ Intel Core Ultra 9 275HX 24C, NVIDIA GeForce RTX 5090 24GB, 2TB NVMe SSD, WQXGA 500 nits 240Hz, Win 11 Home",,,USD,4.6,36.0,https://www.amazon.com/dp/B0FK453MMS,https://m.media-amazon.com/images/I/515W50hwJmL._AC_UY500_QL65_.jpg,7.0,,False,False,False,False,,"FREE delivery Thu, Sep 17Or fastest delivery Sep 11 - 14Only 1 left in stock - order soon.",False,,Only 1 left in stock - order soon.,,,,,,,True,False,US,,,
B0H8SLBL9T,"HP 17.3&quot; FHD Laptop, 64GB RAM, 2TB SSD AMD Ryzen 5 7430U CPU | Fast Charge, AI Copilot Key, HDMI, Wi-Fi 6, Large Display, Windows 11 Pro Computer for Business &amp; Home w/Accessories",,,USD,4.7,48.0,https://www.amazon.com/dp/B0H8SLBL9T,https://m.media-amazon.com/images/I/71sAnZZGD6L._AC_UY654_QL65_.jpg,1.0,,False,False,False,False,100+ bought in past month,FREE delivery Sep 16 - 18Or fastest delivery Sep 15 - 16,False,Limited time deal,,,,,,,,True,False,US,,,
B0H1BHS63H,"Lenovo 2026 laptop, 15.6&quot; FHD, 16GB DDR5, 512GB SSD, Copilot AI+Intel CPU | WiFi 6 &amp; Bluetooth, Windows 11 Home, Office 365, Long Battery Life &amp; Portable Design, Ideal for for Business &amp; Students",649.98,819.99,USD,4.4,54.0,https://www.amazon.com/dp/B0H1BHS63H,https://m.media-amazon.com/images/I/71WMFnjA4hL._AC_UY654_QL65_.jpg,1.0,649.98,False,False,False,False,50+ bought in past month,"FREE delivery Sat, Sep 12Or fastest delivery Tomorrow, Sep 11",False,Limited time deal,,,,,,,,False,True,US,,,
B0HF3J55CY,"18.5 Inch Gaming Laptop with 7000 mAh Battery,AMD Ryzen 7430U UP to 4.3GHZ | AMD Radeon RX Vega 7,16GB DDR4 RAM 512GB SSD,WiFi 6,Type-C,2026 Windows 11 Laptops Computer for Business Office Student Global Recycled Standard",,,USD,4.6,12.0,https://www.amazon.com/dp/B0HF3J55CY,https://m.media-amazon.com/images/I/715V4VP-nfL._AC_UY654_QL65_.jpg,1.0,,False,False,False,True,New on Amazon in past month,"FREE delivery Sep 16 - 17Or fastest delivery Wed, Sep 16Only 19 left in stock - order soon.",True,,Only 19 left in stock - order soon.,You pay $919.99 with coupon,,,,,,True,False,US,,,
B0H82PWX5B,"HP Essential 17.3&quot; HD+ Touchscreen Laptop with i7-1355U, 64GB DDR4+ 1TB | HD Camera with Privacy Shutter, Wi-Fi 6, Fingerprint Reader, Full-size Backlit Keyboard, Windows 11 Home, Silver",,,USD,5.0,1.0,https://www.amazon.com/dp/B0H82PWX5B,https://m.media-amazon.com/images/I/71Jl-aMs8tL._AC_UY654_QL65_.jpg,1.0,,False,False,False,False,,"FREE delivery Tomorrow, Sep 11",False,Save 5%,,,,,,,,True,False,US,,,
B0H9XYGRW7,"Lenovo ThinkPad E16, Intel Ultra 5 225H, 64GB DDR5 &amp; 1TB SSD, Win 11 Pro | Laptop Computer for Business Daily Work, Fingerprint Reader, Backlit Keyboard, Long Battery Life &amp; Fast Charging, AI-Ready",,,USD,4.3,301.0,https://www.amazon.com/dp/B0H9XYGRW7,https://m.media-amazon.com/images/I/71XoySmzdWL._AC_UY654_QL65_.jpg,1.0,,False,False,False,False,,"FREE delivery Sat, Sep 12Or fastest delivery Tomorrow, Sep 11",False,,,,,,,,,True,False,US,,,
B0DW6D21ZB,"HP ProBook 465 G11 Business Laptop, 16&quot; WUXGA IPS Display, AMD Ryzen 7 7735U Processor, Windows 11 Pro, FP Reader, Backlit KB, Wi-Fi 6E, PLUSERA 8-in-1 Hub, Pike Silver (16GB RAM | 1TB SSD)",,,USD,4.3,142.0,https://www.amazon.com/dp/B0DW6D21ZB,https://m.media-amazon.com/images/I/51VpvSmjBQL._AC_UY654_QL65_.jpg,1.0,,False,False,False,False,,"FREE delivery Sat, Sep 12",False,Limited time deal,,,,,,,,True,False,US,,,
B0CNLX5Y8G,HP 15 Laptop in Silver Intel i3 8GB 256GB SSD 15.6in FHD W11 (DYS-Renewed),349.99,349.99,USD,4.5,50.0,https://www.amazon.com/dp/B0CNLX5Y8G,https://m.media-amazon.com/images/I/610nE-uYUEL._AC_UY654_QL65_.jpg,5.0,295.9,False,False,True,False,,"Join Prime to get FREE delivery Tomorrow, Sep 11Or Non-members get FREE delivery Tue, Sep 15",False,,,,,,,,,False,False,US,,,
B0FT7FKTKP,"Dell Inspiron 15 3530 Touchscreen Laptop Computer, Core i7-1355U (Up to 5.0GHz), 15.6&quot; LED FHD, 32 GB RAM, 1 TB SSD, Intel Iris Xe Graphics, Wi-Fi 6, Copilot-AI, Windows 11 Pro",932.05,932.05,USD,4.2,3.0,https://www.amazon.com/dp/B0FT7FKTKP,https://m.media-amazon.com/images/I/61dWlzpebyL._AC_UY654_QL65_.jpg,1.0,932.05,False,False,False,False,,"FREE delivery Thu, Sep 17Or fastest delivery Tomorrow, Sep 11Only 9 left in stock - order soon.",False,,Only 9 left in stock - order soon.,,,,,,,False,False,US,,,
B0G2T512W3,Lenovo Legion Pro 7i – AI-Powered Gaming Laptop – Intel® Core Ultra 7 255HX – 16&quot; WQXGA PureSight OLED Display – 240Hz – NVIDIA® GeForce RTX™ 5070 Ti – 32GB Memory – 2TB Storage – PC GamePass,,,USD,4.3,118.0,https://www.amazon.com/dp/B0G2T512W3,https://m.media-amazon.com/images/I/81SKqogPgCL._AC_UY654_QL65_.jpg,1.0,,False,False,False,False,,,False,,,,,,,,,True,False,US,,,
B0D6GQ4ZMQ,"Lenovo V-Series V15 Business Laptop, 15.6&quot; FHD Display, AMD Ryzen 7 7730U, 16GB RAM, 512GB SSD, Numeric Keypad, HDMI, RJ45, Webcam, Wi-Fi, Windows 11 Pro, Black Global Recycled Standard",709.99,709.99,USD,4.3,67.0,https://www.amazon.com/dp/B0D6GQ4ZMQ,https://m.media-amazon.com/images/I/71TN6dLVcsL._AC_UY654_QL65_.jpg,6.0,659.99,False,False,False,True,50+ bought in past month,"FREE delivery Fri, Sep 18Or fastest delivery Tomorrow, Sep 11",False,,,,,,,,,False,False,US,,,
B0G7J6X9X2,"HP Laptop 15&quot; FHD Computer 2026, Intel Processor, 16GB RAM, 256GB SSD | Long Battery Life, Lightweight Portable Design for Office, School &amp; Everyday Use, Microsoft 365, Windows 11 Home",549.99,549.99,USD,4.2,302.0,https://www.amazon.com/dp/B0G7J6X9X2,https://m.media-amazon.com/images/I/71-lP3fQRpL._AC_UY654_QL65_.jpg,1.0,549.99,False,False,False,False,100+ bought in past month,"FREE delivery Sat, Sep 12Or fastest delivery Tomorrow, Sep 11",False,Limited time deal,,,,,,,,False,False,US,,,
B0G2X81X3B,"HP Stream 14&quot; HD Laptop, Intel Processor N150, 4GB RAM, 128GB UFS, Intel Graphics, Webcam, Wi-Fi 6, Long Battery Life, Copilot, Windows 11 S, Gold (Renewed)",208.99,208.99,USD,4.1,173.0,https://www.amazon.com/dp/B0G2X81X3B,https://m.media-amazon.com/images/I/71oB83qB7gL._AC_UY654_QL65_.jpg,10.0,203.95,False,False,False,False,100+ bought in past month,"FREE delivery Sep 17 - 18Or fastest delivery Wed, Sep 16",True,,,,,,,,,False,False,US,,,
B0DZFVBQLK,"msi Katana 15 HX 15.6” 165Hz QHD+ Gaming Laptop: Intel Core i9-14900HX, NVIDIA Geforce RTX 5070, 32GB DDR5, 1TB NVMe SSD, RGB Keyboard, Win 11 Home: Black B14WGK-016US",,,USD,4.0,347.0,https://www.amazon.com/dp/B0DZFVBQLK,https://m.media-amazon.com/images/I/71TvKdAmIjL._AC_UY654_QL65_.jpg,3.0,,False,False,True,False,200+ bought in past month,"Join Prime to get FREE delivery Tomorrow, Sep 11Or Non-members get FREE delivery Tue, Sep 15",False,,,,,,,,,True,False,US,,,
B0F95LM6WT,"HP OmniBook 7 Flip 16 inch 2-in-1 Next Gen AI PC, 3K OLED 120Hz Touchscreen Display, Intel Core Ultra 7 258V, 32 GB RAM, 1TB SSD, Intel Arc 140V GPU, Pen, Windows 11 Home, Copilot+ PC, Glacier Silver",,,USD,4.2,10.0,https://www.amazon.com/dp/B0F95LM6WT,https://m.media-amazon.com/images/I/71gaAuXt21L._AC_UY654_QL65_.jpg,14.0,,False,False,False,False,,"FREE delivery Fri, Sep 18Or fastest delivery Tomorrow, Sep 11Only 1 left in stock - order soon.",False,,Only 1 left in stock - order soon.,,,,,,,True,False,US,,,
B0GX66CNNJ,"Lenovo 15.6&quot; Business Laptop, 2026 Edition, 8GB DDR5 128GB SSD, Win 11 | Intel 4-Core CPU, Copilot AI PC, WiFi 6, Fast DDR5 RAM, for Small Business, Students, Daily Office",399.99,459.99,USD,4.0,1567.0,https://www.amazon.com/dp/B0GX66CNNJ,https://m.media-amazon.com/images/I/71910zG0qmL._AC_UY654_QL65_.jpg,1.0,399.99,False,False,False,False,,"FREE delivery Sat, Sep 12Or fastest delivery Tomorrow, Sep 11",False,Limited time deal,,,,,,,,False,True,US,,,
B08YWLZ2TK,Microsoft Surface Laptop 4 13.5” Touch-Screen – Intel Core i7 - 32GB - 1TB Solid State Drive - Matte Black,,,USD,4.2,63.0,https://www.amazon.com/dp/B08YWLZ2TK,https://m.media-amazon.com/images/I/71BaUXbaXsL._AC_UY654_QL65_.jpg,3.0,699.0,False,False,False,False,,"FREE delivery Fri, Sep 18Only 2 left in stock - order soon.",True,,Only 2 left in stock - order soon.,,,,,,,True,False,US,,,
B0H2Y96D29,"NIMO 17.3&quot; AI Laptop, 12 Cores AMD Ryzen AI 9 HX 370 64GB RAM 4TB SSD | (Beat Ultra 9 285H Up to 5.1GHz), Radeon 890M, 100W Fast PD 144Hz FHD Backlit KB USB 4.0 for Gamer &amp; Business 2-Yr Warranty",,,USD,4.5,41.0,https://www.amazon.com/dp/B0H2Y96D29,https://m.media-amazon.com/images/I/71MA-m4YAuL._AC_UY654_QL65_.jpg,1.0,,False,False,True,False,,"Join Prime to get FREE delivery Tomorrow, Sep 11Or Non-members get FREE delivery Thu, Sep 17",True,Limited time deal,,,,,,,,True,False,US,,,
B0GVDHN2YL,"HP 15.6&quot; Touchscreen Ultra 7 155H 2026 Edition AI Laptop,32GB DDR5 1TB SSD | Intel AI Boost &amp; Arc graphics, Backlit Keyboard, Long Life Battery,Fast Charging Wi-Fi 6, Windows 11H, w/PCO Laptop Cooler",,,USD,4.4,20.0,https://www.amazon.com/dp/B0GVDHN2YL,https://m.media-amazon.com/images/I/71rPakACqQL._AC_UY654_QL65_.jpg,1.0,,False,False,True,False,,"Join Prime to get FREE delivery Tomorrow, Sep 11Or Non-members get FREE delivery Thu, Sep 17",False,Limited time deal,,,,,,,,True,False,US,,,
B0FCS9H2PN,ASUS Vivobook 14 2026 Business Laptop 14&quot; FHD 10-Core Intel i7-1355U 24GB DDR4 1TB SSD Intel Iris Xe Graphics Wi-Fi 5 Win11 Home w/ONT 32GB USB,768.0,768.0,USD,5.0,2.0,https://www.amazon.com/dp/B0FCS9H2PN,https://m.media-amazon.com/images/I/514F-bCZpLL._AC_UY654_QL65_.jpg,1.0,768.0,False,False,False,False,,"FREE delivery Thu, Sep 17Or fastest delivery Tomorrow, Sep 11Only 1 left in stock - order soon.",False,,Only 1 left in stock - order soon.,,,,,,,False,False,US,,,
B0FPWWP83J,"ASUS Vivobook 16 Flip, 16&quot; 2-in-1 Laptop, Ultra 7 258V, 32GB DDR5, 1TB SSD | FHD+ OLED Touchscreen, &gt; Intel Ultra 9 185H, Thunderbolt 4, Backlit KB, AI PC for Business, Creator, Designer, Windows 11",,,USD,4.2,24.0,https://www.amazon.com/dp/B0FPWWP83J,https://m.media-amazon.com/images/I/71d9S2gYzVL._AC_UY654_QL65_.jpg,1.0,,False,False,False,False,,"FREE delivery Sat, Sep 12Or fastest delivery Tomorrow, Sep 11",False,Limited time deal,,,,,,,,True,False,US,,,
B0GQXJNWWJ,"HP 17 Inch Laptop Touchscreen Computer, 17.3 HD+ Touch Screen Business Laptop PC, Intel 10-Core i7 Laptop Windows 11 Pro, 64GB RAM 2TB SSD, Backlit 10-Key Number Pad, Fingerprint, Wi-Fi 6",,,USD,4.7,10.0,https://www.amazon.com/dp/B0GQXJNWWJ,https://m.media-amazon.com/images/I/71SrN825y9L._AC_UY654_QL65_.jpg,1.0,,False,False,True,False,,"Join Prime to get FREE delivery Sat, Sep 12Or Non-members get FREE delivery Thu, Sep 17",False,,,,,,,,,True,False,US,,,
B0D843J7QY,"HP Victus 15.6 i5 Premium Gaming Laptop, 15.6&quot; FHD 1920*1080 144Hz, Intel Core i5-12450H, NVIDIA GeForce RTX 3050, 32GB RAM, 1TB SSD, Backlit KB, Touchpad, SD Card Reader, HDMI, Wi-Fi 6, W11 P, Blue",,,USD,5.0,10.0,https://www.amazon.com/dp/B0D843J7QY,https://m.media-amazon.com/images/I/61EOXPmIg8L._AC_UY654_QL65_.jpg,1.0,,False,False,False,False,,"FREE delivery Tomorrow, Sep 11Only 16 left in stock - order soon.",False,,Only 16 left in stock - order soon.,,,,,,,True,False,US,,,
B0G6Z22LWN,ASUS 2025 TUF Gaming A18 18” WUXGA 144Hz IPS Laptop 8-Core AMD Ryzen 7 260 NVIDIA GeForce RTX 5060 16GB DDR5 1TB NVMe SSD WiFi AX RJ-45 BT Webcam HDMI2.1 RGB Backlit KB Windows 11 Home w/RE USB,,,USD,4.3,3.0,https://www.amazon.com/dp/B0G6Z22LWN,https://m.media-amazon.com/images/I/51f9VGltdFL._AC_UY654_QL65_.jpg,10.0,,False,False,False,False,,FREE delivery Sep 15 - 17Only 1 left in stock - order soon.,False,,Only 1 left in stock - order soon.,,,,,,,True,False,US,,,
B0DJB25PF7,"msi Thin 15 15.6” 144Hz FHD Gaming Laptop: Intel Core i7-13620H, NVIDIA Geforce RTX 4050, 16GB DDR4, 512GB NVMe SSD, WiFi 6E, Win 11: Black B13VE-2678US",994.99,994.99,USD,4.4,179.0,https://www.amazon.com/dp/B0DJB25PF7,https://m.media-amazon.com/images/I/71MfZpnDWRL._AC_UY654_QL65_.jpg,7.0,994.98,False,False,False,False,50+ bought in past month,"FREE delivery Mon, Sep 14Or fastest delivery Tomorrow, Sep 11Only 1 left in stock - order soon.",False,,Only 1 left in stock - order soon.,,,,,,,False,False,US,,,
B0G4SW3XXP,"Samsung Galaxy S26 Ultra, Unlocked Android Smartphone, 512GB, Black | Privacy Display, Galaxy AI, AI Camera, Super Fast Charging 3.0, Durable Battery, 2026, US 1 Year Warranty",,,USD,4.6,1937.0,https://www.amazon.com/dp/B0G4SW3XXP,https://m.media-amazon.com/images/I/61UnzIc+97L._AC_UY654_QL65_.jpg,4.0,,False,False,True,False,1K+ bought in past month,"Join Prime to get FREE delivery Tomorrow, Sep 11Or Non-members get FREE delivery Tue, Sep 15",True,,,,,,,,,True,False,US,,,
B0CP6DDN1H,Motorola Moto G Play LTE | Unlocked | Made for US 4/64GB | 50MP Camera | Sapphire Blue,99.99,149.99,USD,4.2,2000.0,https://www.amazon.com/dp/B0CP6DDN1H,https://m.media-amazon.com/images/I/61xk4XNRktL._AC_UY654_QL65_.jpg,4.0,89.99,False,False,True,False,3K+ bought in past month,"Join Prime to get FREE delivery Today 7 AM - 11 AMOr Non-members get FREE delivery Tue, Sep 15",True,,,,,,,,,False,True,US,,,
B0DM1S54MZ,"Samsung Galaxy A16 4G LTE (128GB + 4GB) International Model SM-A165F/DS Factory Unlocked, 6.7&quot;, Dual SIM, 50MP Triple Camera (Case Bundle), Black",159.84,159.84,USD,4.3,5798.0,https://www.amazon.com/dp/B0DM1S54MZ,https://m.media-amazon.com/images/I/61Lp1UcxeLL._AC_UY654_QL65_.jpg,16.0,129.5,False,False,True,False,5K+ bought in past month,"Join Prime to get FREE delivery Today 5 PM - 10 PMOr Non-members get FREE delivery Tue, Sep 15",True,,,,,,,,,False,False,US,,,
B0GHRHXVN1,"Google Pixel 10a - 30+ Hours Battery, Camera Coach, Gemini - Obsidian 128GB | Gemini Live, durable design, 7 years of Pixel Drops, 30+ hour battery, Camera Coach, Call Screen, Car Crash Detection ECOLOGO",499.0,499.0,USD,4.4,843.0,https://www.amazon.com/dp/B0GHRHXVN1,https://m.media-amazon.com/images/I/61-Uqovhk0L._AC_UY654_QL65_.jpg,2.0,419.16,False,False,True,True,1K+ bought in past month,"Join Prime to get FREE delivery Today 7 AM - 11 AMOr Non-members get FREE delivery Tue, Sep 15",True,,,,,,,,,False,False,US,,,
B0FXY18C1J,"Samsung Galaxy A17 5G Smart Phone 128GB US 1 Yr Manufacturer Warranty Black | Large AMOLED, High-Res Camera, Durable Design, Super Fast Charging, Expandable Storage, Circle to Search, 2025",224.99,224.99,USD,4.0,1892.0,https://www.amazon.com/dp/B0FXY18C1J,https://m.media-amazon.com/images/I/71Ss7HzbhUL._AC_UY654_QL65_.jpg,2.0,162.03,False,False,True,False,2K+ bought in past month,"Join Prime to get FREE delivery Today 7 AM - 11 AMOr Non-members get FREE delivery Tue, Sep 15",True,,,,,,,,,False,False,US,,,
B0BN71VW28,"Apple iPhone 14, 128GB, Purple - Unlocked (Renewed)",300.21,300.21,USD,4.0,13577.0,https://www.amazon.com/dp/B0BN71VW28,https://m.media-amazon.com/images/I/61KXZ+vfu3L._AC_UY654_QL65_.jpg,29.0,277.66,False,False,False,False,2K+ bought in past month,"FREE delivery Sat, Sep 12",True,,,,,,,,,False,False,US,,,
B0FKKRW77S,BLU G35 | 2025 | Unlocked | 6.5” HD+ Infinity Display | Dual 8MP Camera + LED Flash 5MP Selfie Camera | 32GB/3GB I US Version | US Warranty | Grey,64.99,64.99,USD,3.1,464.0,https://www.amazon.com/dp/B0FKKRW77S,https://m.media-amazon.com/images/I/7124o-sbmzL._AC_UY654_QL65_.jpg,3.0,54.99,False,False,True,False,1K+ bought in past month,"Join Prime to get FREE delivery Today 5 PM - 10 PMOr Non-members get FREE delivery Tue, Sep 15",False,,,,,,,,,False,False,US,,,
B0FTG3Z4YT,Tracfone Moto g Play 2024 Prepaid Phone with a 1-Yr Plan Included | Prepaid Smartphone with Full YR Plan Included bundled with 1500 Min/Text/Data for365 days of service - Locked to Tracfone,49.99,49.99,USD,4.0,454.0,https://www.amazon.com/dp/B0FTG3Z4YT,https://m.media-amazon.com/images/I/710iglrpEkL._AC_UY654_QL65_.jpg,1.0,49.99,False,False,True,False,3K+ bought in past month,"Join Prime to get FREE delivery Today 7 AM - 11 AMOr Non-members get FREE delivery Tue, Sep 15",False,,,,,,,,,False,False,US,,,
B0FNS5XW5W,Motorola Moto G Stylus 5G | 2024 | Unlocked | Made for US 8/128GB | 50MP Camera | Caramel Latte,169.99,169.99,USD,4.4,3323.0,https://www.amazon.com/dp/B0FNS5XW5W,https://m.media-amazon.com/images/I/61LE9-6KxdL._AC_UY654_QL65_.jpg,2.0,146.18,False,False,True,False,1K+ bought in past month,"Join Prime to get FREE delivery Tomorrow, Sep 11Or Non-members get FREE delivery Tue, Sep 15",True,,,,,,,,,False,False,US,,,
B08PP5MSVB,"Apple iPhone 12, 64GB, Black - Unlocked (Renewed)",186.0,186.0,USD,4.0,36239.0,https://www.amazon.com/dp/B08PP5MSVB,https://m.media-amazon.com/images/I/51fYXSnSu9L._AC_UY654_QL65_.jpg,35.0,167.75,False,False,False,False,4K+ bought in past month,"FREE delivery Sat, Sep 12Only 20 left in stock - order soon.",True,,Only 20 left in stock - order soon.,,,,,,,False,False,US,,,
B0BZFXBS38,"Panasonic Cordless Phone with Answering Machine, Advanced Call Block, Bilingual Caller ID and High-Contrast Display, Expandable System with 3 Handset Cordless Telephones - KX-TGD833M (Metallic Black)",77.99,87.99,USD,4.3,11684.0,https://www.amazon.com/dp/B0BZFXBS38,https://m.media-amazon.com/images/I/71isTHvtYoL._AC_UY654_QL65_.jpg,2.0,45.62,False,False,True,False,3K+ bought in past month,Join Prime to get FREE delivery Today 7 AM - 11 AMOr Non-members get FREE delivery Sep 16 - 21,False,Limited time deal,,,,,,,,False,True,US,,,
B0GMKRFK8G,"Samsung Galaxy A37 5G (2026), Unlocked Android Smartphone, 128GB, AMOLED Display, Triple Camera, IP68, Slim Phone, 5000mAh Battery, US Version, US 1 Yr Warranty, Awesome Lavender",429.99,429.99,USD,4.5,327.0,https://www.amazon.com/dp/B0GMKRFK8G,https://m.media-amazon.com/images/I/51PfnB-QHxL._AC_UY654_QL65_.jpg,2.0,344.83,False,False,True,False,500+ bought in past month,"Join Prime to get FREE delivery Today 5 PM - 10 PMOr Non-members get FREE delivery Tue, Sep 15",True,,,,,,,,,False,False,US,,,
B0BZG14KFJ,"Panasonic Cordless Phone with Answering Machine, Advanced Call Block, Bilingual Caller ID and High-Contrast Display, Expandable System with 2 Handset Cordless Telephones - KX-TGD832M (Metallic Black)",67.99,67.99,USD,4.3,11684.0,https://www.amazon.com/dp/B0BZG14KFJ,https://m.media-amazon.com/images/I/81nkYlfA5ZL._AC_UY654_QL65_.jpg,2.0,31.96,False,False,True,False,6K+ bought in past month,"Join Prime to get FREE delivery Today 7 AM - 11 AMOr Non-members get FREE delivery Tue, Sep 15",False,,,,,,,,,False,False,US,,,
B00FRSYS12,"VTech CS6719-2 2-Handset Cordless Phone with Caller ID/Call Waiting, Handset Intercom &amp; Backlit Display/Keypad, Silver",39.58,39.58,USD,4.4,39501.0,https://www.amazon.com/dp/B00FRSYS12,https://m.media-amazon.com/images/I/71HLNfFVCcL._AC_UY654_QL65_.jpg,7.0,25.93,False,False,True,False,4K+ bought in past month,"Join Prime to get FREE delivery Today 7 AM - 11 AMOr Non-members get FREE delivery Tue, Sep 15",False,,,,,,,,,False,False,US,,,
B086QB7WZ1,"AT&amp;T BL102-2 DECT 6.0 2-Handset Cordless Phone for Home with Answering Machine, Call Blocking, Caller ID Announcer, Audio Assist, Intercom, and Unsurpassed Range, Silver/Black",55.99,64.95,USD,4.2,33658.0,https://www.amazon.com/dp/B086QB7WZ1,https://m.media-amazon.com/images/I/81vjTHTF9WL._AC_UY654_QL65_.jpg,3.0,26.32,False,False,True,False,4K+ bought in past month,"Join Prime to get FREE delivery Today 7 AM - 11 AMOr Non-members get FREE delivery Tue, Sep 15",False,Limited time deal,,,,,,,,False,True,US,,,
B0F4RM7Y2L,"Apple iPhone 16e, 128GB, Black - Unlocked (Renewed)",386.35,386.35,USD,4.3,2065.0,https://www.amazon.com/dp/B0F4RM7Y2L,https://m.media-amazon.com/images/I/51H8+zCj2cL._AC_UY654_QL65_.jpg,33.0,349.99,False,False,True,False,4K+ bought in past month,"Join Prime to get FREE delivery Today 5 PM - 10 PMOr Non-members get FREE delivery Tue, Sep 15",True,,,,,,,,,False,False,US,,,
B09LNP1ZHT,"Apple iPhone 13, 128GB, Pink - Unlocked (Renewed)",274.0,274.0,USD,4.0,27711.0,https://www.amazon.com/dp/B09LNP1ZHT,https://m.media-amazon.com/images/I/516QZcrv+dL._AC_UY654_QL65_.jpg,24.0,262.65,False,False,False,False,1K+ bought in past month,"FREE delivery Sat, Sep 12Only 1 left in stock - order soon.",True,,Only 1 left in stock - order soon.,,,,,,,False,False,US,,,
B0GFWNZFFD,"Nothing Phone (4a) Pro Cell Phone 2026 New, Unlocked Android 16 Smartphone, Triple-Lens Camera, AI Photo Edits, 6.83&quot; 144Hz AMOLED Display, 5080mAh Battery, Dual-SIM Glyph Matrix (Sliver, 8+128GB)",499.0,499.0,USD,4.4,86.0,https://www.amazon.com/dp/B0GFWNZFFD,https://m.media-amazon.com/images/I/81wZGJM0zEL._AC_UY654_QL65_.jpg,2.0,449.7,False,False,True,False,200+ bought in past month,"Join Prime to get FREE delivery Tomorrow, Sep 11Or Non-members get FREE delivery Tue, Sep 15",True,,,,,,,,,False,False,US,,,
B0FCJMPV9X,"Samsung Galaxy A16 5G 128GB Cell Phone, Unlocked Android Smartphone, Large AMOLED Display, Durable Design, Super Fast Charging, Expandable Storage, US Version, 2025, Blue Black (Renewed)",149.99,188.44,USD,3.8,842.0,https://www.amazon.com/dp/B0FCJMPV9X,https://m.media-amazon.com/images/I/71KGkQ+KOKL._AC_UY654_QL65_.jpg,15.0,119.99,False,False,False,False,2K+ bought in past month,"FREE delivery Sat, Sep 12Or fastest delivery Tomorrow, Sep 11",True,,,,,,,,,False,True,US,,,
B0DP5FW9QQ,Motorola Moto G Power - 2025 | Unlocked | Made for US 8/128GB | 50MP Camera | Slate Gray,199.99,299.99,USD,4.2,3679.0,https://www.amazon.com/dp/B0DP5FW9QQ,https://m.media-amazon.com/images/I/81wWRI0DmjL._AC_UY654_QL65_.jpg,6.0,162.11,False,False,False,False,1K+ bought in past month,FREE delivery Sep 16 - 21Or fastest delivery Sep 16 - 19,True,,,,,,,,,False,True,US,,,
B0DHJ896RY,"Apple iPhone 16 Pro Max, 256GB, Black Titanium - Unlocked (Renewed)",812.46,812.46,USD,4.2,3996.0,https://www.amazon.com/dp/B0DHJ896RY,https://m.media-amazon.com/images/I/51Vs7ZwpSpL._AC_UY654_QL65_.jpg,30.0,515.23,False,False,False,False,500+ bought in past month,"FREE delivery Sat, Sep 12Only 1 left in stock - order soon.",True,,Only 1 left in stock - order soon.,,,,,,,False,False,US,,,
B0FTC2PRVZ,"Apple iPhone 17 Pro Max, US Version, 256GB, eSIM, Cosmic Orange- Unlocked (Renewed)",,,USD,4.0,452.0,https://www.amazon.com/dp/B0FTC2PRVZ,https://m.media-amazon.com/images/I/61TiU+-lnBL._AC_UY654_QL65_.jpg,12.0,,False,False,False,False,300+ bought in past month,"FREE delivery Sat, Sep 12Or fastest delivery Tomorrow, Sep 11Only 2 left in stock - order soon.",True,,Only 2 left in stock - order soon.,,,,,,,True,False,US,,,
B0H12RV546,"Samsung Galaxy Z Fold8 Ultra Phone, 512GB, Graphite | Customized Processor, 5000 mAh Battery, Side-By-Side Multitasking, 12 GB Memory, 200MP Camera, Now Nudge, Photo Assist",,,USD,4.5,99.0,https://www.amazon.com/dp/B0H12RV546,https://m.media-amazon.com/images/I/518ueN+rmyL._AC_UY654_QL65_.jpg,1.0,,False,False,False,False,300+ bought in past month,"FREE delivery Tue, Sep 15Or fastest delivery Mon, Sep 14",True,Limited time deal,,,,,,,,True,False,US,,,
B0CTQDMHBH,"VTech Cordless Phone with DECT 6.0, Full-Duplex Speakerphone, Lighted Display, Backlit Keypad, Caller ID/Call Waiting, Volume Control, Hearing Aid Compatible, Wall Mount | VG131-11 (Black)",23.25,23.25,USD,4.3,2606.0,https://www.amazon.com/dp/B0CTQDMHBH,https://m.media-amazon.com/images/I/71nvHU94v5L._AC_UY654_QL65_.jpg,2.0,11.14,False,False,True,False,3K+ bought in past month,"Join Prime to get FREE delivery Today 7 AM - 11 AM on eligible ordersOr Non-members get FREE delivery Tue, Sep 15 on $35 of items shipped by Amazon",False,,,,,,,,,False,False,US,,,
B0C4Q796XC,"Samsung Galaxy S23+ Plus 5G, US Version, 256GB, Phantom Black - Unlocked (Renewed)",309.95,309.95,USD,4.1,2212.0,https://www.amazon.com/dp/B0C4Q796XC,https://m.media-amazon.com/images/I/51yz4TrDNdL._AC_UY654_QL65_.jpg,48.0,259.99,False,False,False,False,1K+ bought in past month,"FREE delivery Tomorrow, Sep 11",True,,,,,,,,,False,False,US,,,
B088NQXD8T,"Apple iPhone SE 2nd Generation, US Version, 64GB, Black - Unlocked (Renewed)",105.49,105.49,USD,4.2,22693.0,https://www.amazon.com/dp/B088NQXD8T,https://m.media-amazon.com/images/I/71Ta1OO00fL._AC_UY654_QL65_.jpg,32.0,84.99,False,False,True,False,2K+ bought in past month,"Join Prime to get FREE delivery Today 5 PM - 10 PMOr Non-members get FREE delivery Tue, Sep 15",True,,,,,,,,,False,False,US,,,
B09R1RKWPM,"AT&amp;T TRIMLINE 210 Corded Home Phone, No AC Power Required, Improved Easy-Wall-Mount, Lighted Big Button Keypad, 13 SpeedDial Keys, Last Number Redial, Mute, Flash, Volume Control, Beige",18.25,18.25,USD,4.2,23691.0,https://www.amazon.com/dp/B09R1RKWPM,https://m.media-amazon.com/images/I/513BOfWJrmL._AC_UY654_QL65_.jpg,2.0,14.52,False,False,True,False,1K+ bought in past month,"Join Prime to get FREE delivery Today 5 PM - 10 PM on eligible ordersOr Non-members get FREE delivery Tue, Sep 15 on $35 of items shipped by Amazon",False,,,,,,,,,False,False,US,,,
B0DPGBSKR2,"Samsung Galaxy S25+ Cell Phone, 256GB Smartphone, Unlocked Android, AI Night Mode Camera, Snapdragon 8 Elite Fast Processor, ProScaler Display, 4900mAh Battery, 2025, US 1 Yr Warranty, Navy ECOLOGO EPEAT",729.99,729.99,USD,4.6,958.0,https://www.amazon.com/dp/B0DPGBSKR2,https://m.media-amazon.com/images/I/61YvMOsT47L._AC_UY654_QL65_.jpg,1.0,729.99,False,False,False,True,2K+ bought in past month,"FREE delivery Sat, Sep 12Or fastest delivery Tomorrow, Sep 11",True,,,,,,,,,False,False,US,,,
B0C544TBQM,"Samsung Galaxy S23 Ultra 5G, US Version, 256GB, Phantom Black - Unlocked (Renewed)",423.99,423.99,USD,3.9,3496.0,https://www.amazon.com/dp/B0C544TBQM,https://m.media-amazon.com/images/I/71iBKcLHXFL._AC_UY654_QL65_.jpg,35.0,379.98,False,False,False,False,1K+ bought in past month,"FREE delivery Sat, Sep 12Or fastest delivery Tomorrow, Sep 11",True,,,,,,,,,False,False,US,,,
B0DHJCYNS7,"Apple iPhone 16, 128GB, Teal - Unlocked (Renewed)",558.25,558.25,USD,4.0,2587.0,https://www.amazon.com/dp/B0DHJCYNS7,https://m.media-amazon.com/images/I/71dAfxOFDuL._AC_UY654_QL65_.jpg,29.0,547.08,False,False,False,False,300+ bought in past month,"FREE delivery Sat, Sep 12Only 1 left in stock - order soon.",True,,Only 1 left in stock - order soon.,,,,,,,False,False,US,,,
B0DNRK51QQ,Moto G - 2025 | Unlocked | Made for US 4/128GB | 50MP Camera | Forest Gray,79.9,79.9,USD,4.3,1523.0,https://www.amazon.com/dp/B0DNRK51QQ,https://m.media-amazon.com/images/I/8160OiLlJEL._AC_UY654_QL65_.jpg,36.0,79.9,False,False,False,False,500+ bought in past month,,True,,,,,,,,,False,False,US,,,
B0F7K3TVTP,"Samsung Galaxy Zflip7 FE Cell Phone (2025), 256GB AI Smartphone, JetBlack | Unlocked Android, Large Display, 4900mAh Battery, High Res-Camera, AI Photo Edits, Durable, US 1 Yr Warranty",649.99,999.99,USD,4.4,271.0,https://www.amazon.com/dp/B0F7K3TVTP,https://m.media-amazon.com/images/I/61BxDsfgT0L._AC_UY654_QL65_.jpg,5.0,607.45,False,False,True,False,400+ bought in past month,"Join Prime to get FREE delivery Today 5 PM - 10 PMOr Non-members get FREE delivery Tue, Sep 15",True,,,,,,,,,False,True,US,,,
B086QCGQ8C,"AT&amp;T BL102-3 DECT 6.0 3-Handset Cordless Phone for Home with Answering Machine, Call Blocking, Caller ID Announcer, Audio Assist, Intercom, and Unsurpassed Range, Silver/Black",84.95,84.95,USD,4.2,33658.0,https://www.amazon.com/dp/B086QCGQ8C,https://m.media-amazon.com/images/I/81xDumBYGBL._AC_UY654_QL65_.jpg,2.0,39.06,False,False,True,False,1K+ bought in past month,"Join Prime to get FREE delivery Today 7 AM - 11 AMOr Non-members get FREE delivery Tue, Sep 15",False,,,,,,,,,False,False,US,,,
B0FXY1DZ78,"Samsung Galaxy A17 5G Smart Phone 128GB, US 1 Yr Manufacturer Warranty Blue | Large AMOLED, High-Res Camera, Durable Design, Super Fast Charging, Expandable Storage, Circle to Search, 2025",224.99,249.99,USD,4.0,1892.0,https://www.amazon.com/dp/B0FXY1DZ78,https://m.media-amazon.com/images/I/710u7UnAyWL._AC_UY654_QL65_.jpg,2.0,168.26,False,False,True,False,2K+ bought in past month,"Join Prime to get FREE delivery Tomorrow, Sep 11Or Non-members get FREE delivery Tue, Sep 15",True,,,,,,,,,False,True,US,,,
B0D6YNPWPM,White OF-990 Slimline Wall-Mountable Basic Corded Telephone No AC Power Required,11.0,11.0,USD,4.0,703.0,https://www.amazon.com/dp/B0D6YNPWPM,https://m.media-amazon.com/images/I/61KSOYQQfwL._AC_UY654_QL65_.jpg,1.0,11.0,False,False,True,False,1K+ bought in past month,"Join Prime to get FREE delivery Today 7 AM - 11 AM on eligible ordersOr Non-members get FREE delivery Tue, Sep 15 on $35 of items shipped by Amazon",False,,,,,,,,,False,False,US,,,
B09VD33WHW,"Samsung Galaxy S22 Ultra 5G, US Version, 128GB, Black - Unlocked (Renewed)",329.99,329.99,USD,3.8,10290.0,https://www.amazon.com/dp/B09VD33WHW,https://m.media-amazon.com/images/I/613Fp7fknhL._AC_UY654_QL65_.jpg,33.0,289.99,False,False,False,False,500+ bought in past month,"FREE delivery Sat, Sep 12",True,,,,,,,,,False,False,US,,,
B0FTG1LVZR,"Tracfone Motorola Moto G 2025, 64GB, Saphire Blue (Locked to | Prepaid Smartphone- 6.6&quot; 120Hz Display, 5G , 50MP Quad Pixel Camera, Long-Lasting Battery",49.88,49.88,USD,4.3,285.0,https://www.amazon.com/dp/B0FTG1LVZR,https://m.media-amazon.com/images/I/81RYmvqhYrL._AC_UY654_QL65_.jpg,1.0,49.88,False,False,True,False,2K+ bought in past month,"Join Prime to get FREE delivery Tomorrow, Sep 11Or Non-members get FREE delivery Tue, Sep 15",False,,,,,,,,,False,False,US,,,
B0FXBRKCGQ,"Motorola Moto G Power - 2026 | Unlocked | Made for US 8/128GB | 50MP Camera | Pantone Evening Blue | AI Camera System, Military Grade, Ram Boost",399.99,399.99,USD,4.2,3679.0,https://www.amazon.com/dp/B0FXBRKCGQ,https://m.media-amazon.com/images/I/61H10YOG9zL._AC_UY654_QL65_.jpg,2.0,315.95,False,False,True,False,200+ bought in past month,"Join Prime to get FREE delivery Tomorrow, Sep 11Or Non-members get FREE delivery Tue, Sep 15",True,,,,,,,,,False,False,US,,,
B0FSCRCDYC,"OnePlus 15, 16GB RAM + 512GB Storage, Dual-SIM, Unlocked Android Smartphone, Snapdragon 8 Elite Gen 5, 7300mAh Battery, Sand Storm",584.09,584.09,USD,4.6,327.0,https://www.amazon.com/dp/B0FSCRCDYC,https://m.media-amazon.com/images/I/61Dsln0iM0L._AC_UY654_QL65_.jpg,3.0,584.09,False,False,False,False,,,True,,,,,,,,,False,False,US,,,
B0F3DHRDGL,"Samsung Galaxy S25 5G, 128GB + 12GB RAM, Silver Shadow - Unlocked (Renewed)",431.89,739.99,USD,3.8,663.0,https://www.amazon.com/dp/B0F3DHRDGL,https://m.media-amazon.com/images/I/61AeV7RJgYL._AC_UY654_QL65_.jpg,16.0,384.98,False,False,False,False,400+ bought in past month,"FREE delivery Sat, Sep 12Or fastest delivery Tomorrow, Sep 11Only 6 left in stock - order soon.",True,,Only 6 left in stock - order soon.,,,,,,,False,True,US,,,
B07ZPKN6YR,"Apple iPhone 11, 64GB, Black - Unlocked (Renewed)",172.0,172.0,USD,4.2,60091.0,https://www.amazon.com/dp/B07ZPKN6YR,https://m.media-amazon.com/images/I/61MG3m5FhIL._AC_UY654_QL65_.jpg,32.0,141.99,False,False,False,False,1K+ bought in past month,"FREE delivery Sat, Sep 12",True,,,,,,,,,False,False,US,,,
B0F5ZH7CJS,"Motorola Moto G 2025, 128GB + 4GB RAM, Forest Gray - Unlocked (Renewed)",124.59,124.59,USD,3.7,353.0,https://www.amazon.com/dp/B0F5ZH7CJS,https://m.media-amazon.com/images/I/8160OiLlJEL._AC_UY654_QL65_.jpg,10.0,99.99,False,False,True,False,1K+ bought in past month,"Join Prime to get FREE delivery Tomorrow, Sep 11Or Non-members get FREE delivery Tue, Sep 15Only 6 left in stock - order soon.",False,,Only 6 left in stock - order soon.,,,,,,,False,False,US,,,
B0CNNNYPPR,KYOCERA NEW E4830 DuraXE Epic AT&amp;T/T-Mobile Flip Phone 16GB Rugged 4G LTE Black (2 Year Kyocera Warranty) Kosher NO Verizon,199.95,199.95,USD,3.7,151.0,https://www.amazon.com/dp/B0CNNNYPPR,https://m.media-amazon.com/images/I/415D7aY6OlL._AC_UY500_QL65_.jpg,4.0,129.99,False,False,False,False,100+ bought in past month,"FREE delivery Tue, Sep 15Or fastest delivery Mon, Sep 14",False,,,,,,,,,False,False,US,,,
B0FRKS39NK,"Apple iPhone 17, US Version, 256GB, eSIM, Mist Blue- Unlocked (Renewed) | eSIM",750.0,750.0,USD,4.2,351.0,https://www.amazon.com/dp/B0FRKS39NK,https://m.media-amazon.com/images/I/41jF6OMkD8L._AC_UY654_QL65_.jpg,7.0,728.97,False,False,False,False,100+ bought in past month,"FREE delivery Mon, Sep 14Or fastest delivery Tomorrow, Sep 11Only 2 left in stock - order soon.",True,,Only 2 left in stock - order soon.,,,,,,,False,False,US,,,
B08HBPXM97,Kyocera DuraXV Extreme E4810 Verizon Rugged LTE Flip Basic Cell Phone Camera GPS Black- (Renewed),141.95,275.99,USD,3.8,398.0,https://www.amazon.com/dp/B08HBPXM97,https://m.media-amazon.com/images/I/31AfWWG+jWL._AC_UY400_QL65_.jpg,4.0,109.0,False,False,False,False,200+ bought in past month,FREE delivery Sep 19 - 24Or fastest delivery Sep 19 - 22,False,,,,,,,,,False,True,US,,,
B0H6QZNRVM,"Samsung Galaxy A57 5G 2026 | 256GB, 8GB, Dual SIM | 6.7&quot; 120 Hz, Super AMOLED Plus, IP68 Water Resistant, Android 16 | International Model Factory Unlocked for Global",425.0,425.0,USD,4.9,15.0,https://www.amazon.com/dp/B0H6QZNRVM,https://m.media-amazon.com/images/I/41bnJK4NQcL._AC_UY654_QL65_.jpg,5.0,389.0,False,False,True,False,200+ bought in past month,"Join Prime to get FREE delivery Tomorrow, Sep 11Or Non-members get FREE delivery Tue, Sep 15",True,,,,,,,,,False,False,US,,,
B0C4XKNH7Q,Google Pixel 7 128GB 5G Smartphone - Unlocked for All Carriers - US Version - (Snow),279.0,279.0,USD,3.8,34.0,https://www.amazon.com/dp/B0C4XKNH7Q,https://m.media-amazon.com/images/I/61ELsg3LR3L._AC_UY654_QL65_.jpg,3.0,249.99,False,False,False,False,100+ bought in past month,"FREE delivery Sat, Sep 12Only 10 left in stock - order soon.",False,,Only 10 left in stock - order soon.,,,,,,,False,False,US,,,
B0C1Q3MVBP,"Samsung Galaxy A14 5G, 64GB, Black - Unlocked (Renewed)",104.44,104.44,USD,3.8,2437.0,https://www.amazon.com/dp/B0C1Q3MVBP,https://m.media-amazon.com/images/I/71L1ezoIH9L._AC_UY654_QL65_.jpg,13.0,83.11,False,False,False,False,1K+ bought in past month,"FREE delivery Tue, Sep 15Or fastest delivery Mon, Sep 14",False,,,,,,,,,False,False,US,,,
B0DFHRH11D,"Tracfone, TCL FLIP 3, SIM Card Included Flip Phone (Locked to | 16GB, Stone Gray, 5MP Video Capable Camera, Locked [Sim Card Included - Separate Purchase Not Necessary]",19.88,29.88,USD,3.9,1035.0,https://www.amazon.com/dp/B0DFHRH11D,https://m.media-amazon.com/images/I/71pHd1TnzWL._AC_UY654_QL65_.jpg,1.0,19.88,False,False,True,False,4K+ bought in past month,"Join Prime to get FREE delivery Today 7 AM - 11 AM on eligible ordersOr Non-members get FREE delivery Tue, Sep 15 on $35 of items shipped by Amazon",False,,,,,,,,,False,True,US,,,
B0DT9QDY82,"AT&amp;T 4-Handset DECT 6.0 Cordless Home and Business Phone with Answering Machine, 5&quot; Color Display, One-Touch Shortcut, Conference, Intercom, Smart Call Blocker, Bluetooth Connect to Cell: DLP73490",169.95,169.95,USD,4.2,4787.0,https://www.amazon.com/dp/B0DT9QDY82,https://m.media-amazon.com/images/I/81XZIN-8xhL._AC_UY654_QL65_.jpg,2.0,79.88,False,False,True,False,200+ bought in past month,"Join Prime to get FREE delivery Today 5 PM - 10 PMOr Non-members get FREE delivery Tue, Sep 15",False,,,,,,,,,False,False,US,,,
B0FWT2YZV7,"Motorola Moto g - 2026 | Unlocked | Made for US 4/128GB | 50MP Camera | Pantone Slipstream, Cellular_Phone",292.4,292.4,USD,4.3,1523.0,https://www.amazon.com/dp/B0FWT2YZV7,https://m.media-amazon.com/images/I/61tdTfBYahL._AC_UY654_QL65_.jpg,4.0,125.12,False,False,True,False,400+ bought in past month,"Join Prime to get FREE delivery Today 5 PM - 10 PMOr Non-members get FREE delivery Tue, Sep 15",True,,,,,,,,,False,False,US,,,
B09V9Z1WLN,"Samsung Galaxy S22 5G, US Version, 128GB, Pink Gold - Unlocked (Renewed)",202.0,202.0,USD,3.9,3711.0,https://www.amazon.com/dp/B09V9Z1WLN,https://m.media-amazon.com/images/I/61ED3+v4aLL._AC_UY654_QL65_.jpg,24.0,165.86,False,False,False,False,400+ bought in past month,"FREE delivery Tomorrow, Sep 11Only 18 left in stock - order soon.",True,,Only 18 left in stock - order soon.,,,,,,,False,False,US,,,
B0GQ8V12F1,"Mini Smartphone 3.0&quot; Android Mini Phone World&#x27;s Smallest Phone for Student | WiFi APP Download/GPS/Face ID/Expandable memory/Camera/Video Call,Phone for Travel Backup&amp;Digital Detox,Gift for Kid,Orange",38.99,38.99,USD,3.4,185.0,https://www.amazon.com/dp/B0GQ8V12F1,https://m.media-amazon.com/images/I/61EJTTW96yL._AC_UY654_QL65_.jpg,1.0,38.99,False,False,True,False,300+ bought in past month,"Join Prime to get FREE delivery Tomorrow, Sep 11Or Non-members get FREE delivery Tue, Sep 15",True,,,,,,,,,False,False,US,,,
B0FG1WDRTZ,"Samsung Galaxy S25 FE Cell Phone (2025), 128GB AI Smartphone, JetBlack | Unlocked Android, Large Display, 4900mAh Battery, High Res-Camera, AI Photo Edits, Durable, US 1 Yr Warranty",592.94,649.99,USD,4.6,1251.0,https://www.amazon.com/dp/B0FG1WDRTZ,https://m.media-amazon.com/images/I/61JvXODKxOL._AC_UY654_QL65_.jpg,4.0,293.51,False,False,False,False,300+ bought in past month,"FREE delivery Sat, Sep 12Only 1 left in stock - order soon.",True,,Only 1 left in stock - order soon.,,,,,,,False,True,US,,,
B0FMYX276H,BLU Bold N4 5G | Unlocked | 6.78” Curved Display + 1.74” Rear Display | 50MP + 16MP Selfie | 512/8GB I NFC I Android 15 | US Version | US Warranty | White,324.99,324.99,USD,4.4,228.0,https://www.amazon.com/dp/B0FMYX276H,https://m.media-amazon.com/images/I/71GqZQu4Z9L._AC_UY654_QL65_.jpg,2.0,244.99,False,False,True,False,100+ bought in past month,"Join Prime to get FREE delivery Today 5 PM - 10 PMOr Non-members get FREE delivery Tue, Sep 15",False,,,,,,,,,False,False,US,,,
B0D3JKR27K,Motorola razr | 2024 | Unlocked | Made for US 8/256GB | 50MP Camera | Spritz Orange,389.48,389.48,USD,4.3,568.0,https://www.amazon.com/dp/B0D3JKR27K,https://m.media-amazon.com/images/I/61-cT5bWFZL._AC_UY654_QL65_.jpg,3.0,299.3,False,False,True,False,200+ bought in past month,"Join Prime to get FREE delivery Tomorrow, Sep 11Or Non-members get FREE delivery Tue, Sep 15",True,,,,,,,,,False,False,US,,,
B0BDY71GRG,"Apple iPhone SE 3rd Gen, 64GB, Midnight - Unlocked (Renewed)",133.89,133.89,USD,3.9,5943.0,https://www.amazon.com/dp/B0BDY71GRG,https://m.media-amazon.com/images/I/61-wAIWB8NL._AC_UY654_QL65_.jpg,51.0,76.54,False,False,True,False,2K+ bought in past month,"Join Prime to get FREE delivery Today 5 PM - 10 PMOr Non-members get FREE delivery Tue, Sep 15",True,,,,,,,,,False,False,US,,,
B0GYPTN1ZF,"Rogue R67S Unlocked 4G LTE Smartphone for T-Mobile &amp; AT&amp;T Networks, Android 15 Go, 6.8-Inch HD+ Display, 3GB RAM + 3GB Extended Memory, 32GB Storage, 4,000mAh Removable Battery, Black",59.99,69.99,USD,3.1,45.0,https://www.amazon.com/dp/B0GYPTN1ZF,https://m.media-amazon.com/images/I/51CLLSav04L._AC_UY654_QL65_.jpg,1.0,59.99,False,False,True,False,500+ bought in past month,"Join Prime to get FREE delivery Tomorrow, Sep 11Or Non-members get FREE delivery Tue, Sep 15",False,,,,,,,,,False,True,US,,,
B0FMDDYZ1L,"Samsung Galaxy A17 5G A176 Dual Sim 4GB RAM 128GB - Black - 128, W129189135 (4GB RAM 128GB - Black - 128 GB)",204.5,204.5,USD,4.3,224.0,https://www.amazon.com/dp/B0FMDDYZ1L,https://m.media-amazon.com/images/I/51meMM2yYoL._AC_UY654_QL65_.jpg,1.0,204.5,False,False,True,False,100+ bought in past month,"Join Prime to get FREE delivery Tomorrow, Sep 11Or Non-members get FREE delivery Tue, Sep 15Only 8 left in stock - order soon.",False,,Only 8 left in stock - order soon.,,,,,,,False,False,US,,,
B0HJ1L51G7,"12x50 High Power HD Monocular Telescope with Phone Adapter &amp; Tripod, Waterproof Compact Monocular for Bird Watching, Hiking, Camping - Clear Low Light Vision",139.99,139.99,USD,5.0,5.0,https://www.amazon.com/dp/B0HJ1L51G7,https://m.media-amazon.com/images/I/712ZGRqWgSL._AC_UY654_QL65_.jpg,1.0,139.99,False,False,True,False,New on Amazon in past month,"Join Prime to get FREE delivery Today 5 PM - 10 PMOr Non-members get FREE delivery Tue, Sep 15",False,,,,,,,,,False,False,US,,,
B0CVYKL34H,"Google Pixel 8 5G,US Version, 128 GB Obsidian - Unlocked (Renewed)",288.96,684.75,USD,3.5,1023.0,https://www.amazon.com/dp/B0CVYKL34H,https://m.media-amazon.com/images/I/81Gn0pTWnBL._AC_UY654_QL65_.jpg,11.0,258.99,False,False,False,False,500+ bought in past month,"FREE delivery Tue, Sep 15Only 12 left in stock - order soon.",True,,Only 12 left in stock - order soon.,,,,,,,False,True,US,,,
B0B6D53G2V,"Samsung Galaxy S22+ Plus 5G, US Version, 256GB, Phantom Black - Unlocked (Renewed)",229.95,249.0,USD,4.2,1698.0,https://www.amazon.com/dp/B0B6D53G2V,https://m.media-amazon.com/images/I/61R5xNY4ZWL._AC_UY654_QL65_.jpg,22.0,194.89,False,False,False,False,300+ bought in past month,"FREE delivery Tomorrow, Sep 11Only 4 left in stock - order soon.",True,,Only 4 left in stock - order soon.,,,,,,,False,True,US,,,
B0F2G65NZP,Motorola Razr Ultra 2025 | Unlocked | Made for US 16/512GB | 50MP Camera | Pantone Cabaret,799.99,799.99,USD,4.1,214.0,https://www.amazon.com/dp/B0F2G65NZP,https://m.media-amazon.com/images/I/71EB7IonH8L._AC_UY654_QL65_.jpg,2.0,631.99,False,False,True,False,50+ bought in past month,"Join Prime to get FREE delivery Tomorrow, Sep 11Or Non-members get FREE delivery Tue, Sep 15",True,,,,,,,,,False,False,US,,,
B0F9XZD976,"Nothing Phone (3) Cell Phone, 5G Unlocked Phones 256GB, Android 15, Snapdragon 8s Gen4, AI Mobile Phones with Four 50MP Cameras &amp; AMOLED Display, 5150mAh, Glyph Interface, Smartphone White",699.0,799.0,USD,4.0,122.0,https://www.amazon.com/dp/B0F9XZD976,https://m.media-amazon.com/images/I/51xHUFqPx9L._AC_UY654_QL65_.jpg,2.0,569.05,False,False,False,False,100+ bought in past month,"FREE delivery Tue, Sep 15Only 1 left in stock (more on the way).",True,,Only 1 left in stock (more on the way).,,,,,,,False,True,US,,,
B0CSGK59ZB,"Panasonic Corded Phone/Cordless Phone with Answering Machine, Advanced Call Block and 2-Way Recording, 2 Handsets Expandable up to 6 Cordless Handsets, Landline Telephone - KX-TGF852B (Black)",134.99,134.99,USD,4.2,803.0,https://www.amazon.com/dp/B0CSGK59ZB,https://m.media-amazon.com/images/I/81ngV9Xg7hL._AC_UY654_QL65_.jpg,5.0,85.67,False,False,True,False,800+ bought in past month,"Join Prime to get FREE delivery Tomorrow, Sep 11Or Non-members get FREE delivery Tue, Sep 15",False,,,,,,,,,False,False,US,,,
B0CRPQ8W8X,"Samsung Galaxy S23 FE 5G, US Version, 128GB, Black - Unlocked (Renewed)",229.0,409.99,USD,4.2,1067.0,https://www.amazon.com/dp/B0CRPQ8W8X,https://m.media-amazon.com/images/I/71iQPXoiWYL._AC_UY654_QL65_.jpg,22.0,189.0,False,False,False,False,500+ bought in past month,"FREE delivery Sat, Sep 12Or fastest delivery Tomorrow, Sep 11",True,,,,,,,,,False,True,US,,,
B0B9M14Z1V,"Samsung Galaxy S21 FE 5G, 128GB, Graphite - Unlocked (Renewed) | 6.4&quot; Display",149.0,149.0,USD,4.1,228.0,https://www.amazon.com/dp/B0B9M14Z1V,https://m.media-amazon.com/images/I/61FzowS3k2L._AC_UY654_QL65_.jpg,12.0,137.95,False,False,False,False,100+ bought in past month,"FREE delivery Sat, Sep 12",False,,,,,,,,,False,False,US,,,
B0C8BW1P3Q,"Google Pixel 7a 5G, 128GB, Charcoal - Unlocked (Renewed)",179.95,179.95,USD,3.7,811.0,https://www.amazon.com/dp/B0C8BW1P3Q,https://m.media-amazon.com/images/I/61r7cCpQPlL._AC_UY654_QL65_.jpg,7.0,174.9,False,False,False,False,500+ bought in past month,"FREE delivery Wed, Sep 16Or fastest delivery Sat, Sep 12",True,,,,,,,,,False,False,US,,,
B007B5VH0E,"AT&amp;T CL4940 Corded Phone with Digital Answering System, Caller ID, Large Tilt Display",49.99,52.95,USD,4.4,14542.0,https://www.amazon.com/dp/B007B5VH0E,https://m.media-amazon.com/images/I/71IRO2MM2TL._AC_UY654_QL65_.jpg,42.0,31.79,False,False,True,False,1K+ bought in past month,"Join Prime to get FREE delivery Tomorrow, Sep 11Or Non-members get FREE delivery Tue, Sep 15",False,,,,,,,,,False,True,US,,,
B08VLMQ3KS,"Samsung Galaxy S21 5G, US Version, 128GB, Phantom Gray - Unlocked (Renewed) | Unlocked",183.57,289.88,USD,4.0,15766.0,https://www.amazon.com/dp/B08VLMQ3KS,https://m.media-amazon.com/images/I/61XyNdmvr6L._AC_UY654_QL65_.jpg,29.0,132.0,False,False,True,False,1K+ bought in past month,"Join Prime to get FREE delivery Tomorrow, Sep 11Or Non-members get FREE delivery Tue, Sep 15Only 5 left in stock - order soon.",True,,Only 5 left in stock - order soon.,,,,,,,False,True,US,,,
B0F49DQKT8,"SAMSUNG Galaxy A36 5G 2025 | 256GB, Dual SIM | 6.7&quot; 120Hz AMOLED, IP67 Water Resistant, Android 15 | International Model Factory Unlocked for T-Mobile &amp; Global | 25W Fast Charger Bundle (Black)",310.0,310.0,USD,4.3,473.0,https://www.amazon.com/dp/B0F49DQKT8,https://m.media-amazon.com/images/I/41CtyAEAmrL._AC_UY654_QL65_.jpg,1.0,310.0,False,False,False,False,400+ bought in past month,"FREE delivery Thu, Sep 17Only 2 left in stock - order soon.",True,,Only 2 left in stock - order soon.,,,,,,,False,False,US,,,
B0DNLLMVBX,Samsung Galaxy A06 4G LTE (64GB + 4GB) Latin Version SM-A065M/DS Factory Unlocked 6.7&quot; Dual Sim 50MP Dual Cam (Case Bundle) - (Black),115.73,115.73,USD,4.5,363.0,https://www.amazon.com/dp/B0DNLLMVBX,https://m.media-amazon.com/images/I/21Ccz1qMSWL._AC_UY256_QL65_.jpg,5.0,99.4,False,False,True,False,500+ bought in past month,"Join Prime to get FREE delivery Tomorrow, Sep 11Or Non-members get FREE delivery Tue, Sep 15Only 5 left in stock - order soon.",True,,Only 5 left in stock - order soon.,,,,,,,False,False,US,,,
B09V5LDZQ4,"Samsung Galaxy S22 5G, 128GB, Phantom Black - Unlocked (Renewed)",192.0,192.0,USD,3.9,2739.0,https://www.amazon.com/dp/B09V5LDZQ4,https://m.media-amazon.com/images/I/61M4ndNetDL._AC_UY654_QL65_.jpg,23.0,149.99,False,False,False,False,1K+ bought in past month,"FREE delivery Sat, Sep 12",False,,,,,,,,,False,False,US,,,
B0DRLMLMVX,"T-Mobile Revvl 7 Pro 5G Unlocked Smartphone, 256GB, Azurite Blue",126.99,126.99,USD,3.9,318.0,https://www.amazon.com/dp/B0DRLMLMVX,https://m.media-amazon.com/images/I/51Aux7GAksL._AC_UY654_QL65_.jpg,5.0,119.5,False,False,True,False,500+ bought in past month,"Join Prime to get FREE delivery Tomorrow, Sep 11Or Non-members get FREE delivery Tue, Sep 15Only 8 left in stock - order soon.",False,,Only 8 left in stock - order soon.,,,,,,,False,False,US,,,
B0CRWT7WF1,Samsung Galaxy A05 A065M 64GB Dual-SIM GSM Unlocked Android Smartphone (Latin America Version) - Black,124.5,124.5,USD,4.4,757.0,https://www.amazon.com/dp/B0CRWT7WF1,https://m.media-amazon.com/images/I/61UjBLFlH2L._AC_UY654_QL65_.jpg,2.0,75.0,False,False,True,False,300+ bought in past month,"Join Prime to get FREE delivery Tomorrow, Sep 11Or Non-members get FREE delivery Tue, Sep 15",False,,,,,,,,,False,False,US,,,
B00839N5O8,"VTech CS6649 DECT 6.0 Expandable Corded/Cordless Phone with Answering System and Caller ID/Call Waiting, Silver/Black with 1 Handset",69.95,69.95,USD,4.3,5503.0,https://www.amazon.com/dp/B00839N5O8,https://m.media-amazon.com/images/I/71F6JI1A5cL._AC_UY654_QL65_.jpg,4.0,45.89,False,False,True,False,200+ bought in past month,"Join Prime to get FREE delivery Tomorrow, Sep 11Or Non-members get FREE delivery Tue, Sep 15",False,,,,,,,,,False,False,US,,,
B0HJ68G37Q,"Dial Bop Phone, Phone Receiver for Cell Phone, Hand Held Receiver for Cell Phone, 3.5mm Type-C Wired Vintage Telephone Receiver (Pink, Type-C)",24.99,24.99,USD,,0.0,https://www.amazon.com/dp/B0HJ68G37Q,https://m.media-amazon.com/images/I/61igzPTt-uL._AC_UY654_QL65_.jpg,1.0,24.99,False,False,False,False,,FREE delivery Sep 25 - Oct 6,False,,,You pay $21.24 with coupon,,,,,,False,False,US,,,
B0BZG7N8LW,"Panasonic Cordless Phone with Answering Machine, Link2Cell Bluetooth Home Phones, Voice Assistant and Advanced Call Blocking, Expandable System with 3 Handsets - KX-TGD863W (White)",92.99,107.99,USD,4.3,11684.0,https://www.amazon.com/dp/B0BZG7N8LW,https://m.media-amazon.com/images/I/71u44G679tL._AC_UY654_QL65_.jpg,2.0,73.46,False,False,True,False,300+ bought in past month,"Join Prime to get FREE delivery Tomorrow, Sep 11Or Non-members get FREE delivery Tue, Sep 15",False,Limited time deal,,,,,,,,False,True,US,,,
B0H7STX68V,"Samsung Galaxy S26 FE, Unlocked Phone, Blueberry, 128GB | Galaxy AI, AI Photo Editor, 50MP Camera, Photo Assist, My FanCam, Super Steady Video, 4900 mAh Battery, 8 GB Memory",699.99,699.99,USD,,0.0,https://www.amazon.com/dp/B0H7STX68V,https://m.media-amazon.com/images/I/51bp8y5AwfL._AC_UY654_QL65_.jpg,1.0,699.99,False,False,True,False,New on Amazon in past month,"Join Prime to get FREE delivery Today 5 PM - 10 PMOr Non-members get FREE delivery Tue, Sep 15",False,,,,,,,,,False,False,US,,,
B08L9MY937,"Samsung Galaxy A71 5G, 128GB, Prism Cube Black - Unlocked (Renewed)",139.44,139.44,USD,4.0,2145.0,https://www.amazon.com/dp/B08L9MY937,https://m.media-amazon.com/images/I/61B8AZrmgjL._AC_UY654_QL65_.jpg,2.0,108.99,False,False,False,False,400+ bought in past month,"FREE delivery Tue, Sep 15Only 11 left in stock - order soon.",False,,Only 11 left in stock - order soon.,,,,,,,False,False,US,,,
B0GJ78T9CV,"Tracfone Samsung Galaxy A17 5G, 128GB, 50MP Camera (Locked to | Prepaid Smartphone - 6.7&quot; Super AMOLED 90Hz Display, 5000mAh Battery, 4GB RAM, Black",119.0,119.0,USD,4.2,50.0,https://www.amazon.com/dp/B0GJ78T9CV,https://m.media-amazon.com/images/I/81q8xB4Vt6L._AC_UY654_QL65_.jpg,1.0,119.0,False,False,True,False,100+ bought in past month,"Join Prime to get FREE delivery Today 5 PM - 10 PMOr Non-members get FREE delivery Tue, Sep 15",True,,,,,,,,,False,False,US,,,
B0F38VY33B,"Samsung Galaxy S25 Ultra, 256GB, Titanium Silverblue - Unlocked (Renewed)",709.97,709.97,USD,4.0,1108.0,https://www.amazon.com/dp/B0F38VY33B,https://m.media-amazon.com/images/I/71yUVEekQWL._AC_UY654_QL65_.jpg,24.0,649.99,False,False,False,False,400+ bought in past month,"FREE delivery Tomorrow, Sep 11Only 11 left in stock - order soon.",True,,Only 11 left in stock - order soon.,,,,,,,False,False,US,,,
B0F4QHQ83J,"Tracfone Samsung Galaxy A16 5G Phone - 128GB, 1-Yr Plan Included, Black | Prepaid Smartphone - AMOLED Display + 1-Yr Plan-Vivid 6.7&quot; AMOLED display backed by 365 days of service - Locked to Tracfone",79.99,79.99,USD,4.2,141.0,https://www.amazon.com/dp/B0F4QHQ83J,https://m.media-amazon.com/images/I/61S46I3pUKL._AC_UY654_QL65_.jpg,1.0,79.99,False,False,True,False,1K+ bought in past month,"Join Prime to get FREE delivery Tomorrow, Sep 11Or Non-members get FREE delivery Tue, Sep 15",False,,,,,,,,,False,False,US,,,
B0D33RXFVT,"Motorola Moto Razr 40 5G 2023, 128GB + 8GB RAM, Sage Green - Unlocked (Renewed)",224.97,224.97,USD,3.7,205.0,https://www.amazon.com/dp/B0D33RXFVT,https://m.media-amazon.com/images/I/51pD3ERTtkL._AC_UY654_QL65_.jpg,4.0,162.0,False,False,False,False,200+ bought in past month,"FREE delivery Tomorrow, Sep 11Only 10 left in stock - order soon.",False,,Only 10 left in stock - order soon.,,,,,,,False,False,US,,,
B0DKTRNCTN,"VTech IS8128-51 Super Long Range 5-Handset DECT 6.0 Cordless Phone for Home with Answering Machine, 2300 ft Range, Call Blocking, Bluetooth Connect to Cell, Intercom",164.95,164.95,USD,4.2,4829.0,https://www.amazon.com/dp/B0DKTRNCTN,https://m.media-amazon.com/images/I/81bTER-wsEL._AC_UY654_QL65_.jpg,3.0,104.53,False,False,True,False,400+ bought in past month,"Join Prime to get FREE delivery Tomorrow, Sep 11Or Non-members get FREE delivery Tue, Sep 15",False,,,,,,,,,False,False,US,,,
B097C3TS3Q,"Samsung Galaxy A42 5G, 128GB, Black - Unlocked (Renewed)",120.92,120.92,USD,4.1,1418.0,https://www.amazon.com/dp/B097C3TS3Q,https://m.media-amazon.com/images/I/61+1P+zaZTS._AC_UY654_QL65_.jpg,7.0,91.0,False,False,False,False,200+ bought in past month,"FREE delivery Sat, Sep 12Only 1 left in stock - order soon.",False,,Only 1 left in stock - order soon.,,,,,,,False,False,US,,,
B09W3PK64J,"Samsung Galaxy S22+ Plus 5G, US Version, 128GB, Green - Unlocked (Renewed)",208.95,208.95,USD,4.2,548.0,https://www.amazon.com/dp/B09W3PK64J,https://m.media-amazon.com/images/I/71GFJM41gKL._AC_UY654_QL65_.jpg,19.0,159.99,False,False,False,False,500+ bought in past month,"FREE delivery Sat, Sep 12Or fastest delivery Tomorrow, Sep 11",False,,,,,,,,,False,False,US,,,
B0DMCTB8GK,"Samsung Galaxy A15 5G, 128GB, Blue Black - Locked to T-Mobile (Renewed)",98.44,98.44,USD,3.9,1024.0,https://www.amazon.com/dp/B0DMCTB8GK,https://m.media-amazon.com/images/I/51mRnMaCDpL._AC_UY654_QL65_.jpg,27.0,98.42,False,False,True,False,200+ bought in past month,"Join Prime to get FREE delivery Sat, Sep 12Or Non-members get FREE delivery Tue, Sep 15Only 7 left in stock - order soon.",False,,Only 7 left in stock - order soon.,,,,,,,False,False,US,,,
B0HB4VG4YN,Mkeke for iPhone Duo Case Techwoven Black | [Compatible with MagSafe] [Premium Tech Woven Fabric] [Drop Protection] Shockproof Skin-Friendly,35.99,35.99,USD,4.6,447.0,https://www.amazon.com/dp/B0HB4VG4YN,https://m.media-amazon.com/images/I/81xfPeU3hSL._AC_UY654_QL65_.jpg,1.0,35.99,False,False,True,False,,"Join Prime to get FREE delivery Today 5 PM - 10 PMOr Non-members get FREE delivery Tue, Sep 15",True,,,,,,,,,False,False,US,,,
B09P147NYF,"VTech VG208 DECT 6.0 Corded/Cordless Phone with Answering Machine, Call Blocking, Caller ID, Large Backlit Display, Full-Duplex Speakerphone - Silver/Black",72.95,72.95,USD,4.2,2299.0,https://www.amazon.com/dp/B09P147NYF,https://m.media-amazon.com/images/I/719VUBk0ygL._AC_UY654_QL65_.jpg,2.0,38.8,False,False,True,False,300+ bought in past month,"Join Prime to get FREE delivery Today 5 PM - 10 PMOr Non-members get FREE delivery Tue, Sep 15",False,,,,,,,,,False,False,US,,,
B08PNN2SKF,"Apple iPhone 12 Mini, 64GB, Blue - Unlocked (Renewed)",168.92,168.92,USD,4.0,19519.0,https://www.amazon.com/dp/B08PNN2SKF,https://m.media-amazon.com/images/I/51-ZD+JBZ7L._AC_UY654_QL65_.jpg,10.0,154.99,False,False,False,False,500+ bought in past month,"FREE delivery Sat, Sep 12",True,,,,,,,,,False,False,US,,,
B084KS5WYC,Samsung Galaxy A10e 32GB A102U GSM Unlocked Phone - Black (Renewed),76.44,76.44,USD,4.0,4344.0,https://www.amazon.com/dp/B084KS5WYC,https://m.media-amazon.com/images/I/71Eh6YWqqyL._AC_UY654_QL65_.jpg,9.0,72.0,False,False,True,False,500+ bought in past month,"Join Prime to get FREE delivery Tomorrow, Sep 11Or Non-members get FREE delivery Tue, Sep 15",False,,,,,,,,,False,False,US,,,
B00F9Z3RX8,"Panasonic Cordless Phone System, 2 Line with 2 Handsets - Answering Machine, Link2Cell, 3-Way Conference, Call Block, Long Range DECT 6.0, Bluetooth - KX-TG9542B (Black)",173.99,193.99,USD,4.1,1067.0,https://www.amazon.com/dp/B00F9Z3RX8,https://m.media-amazon.com/images/I/61cQFNH+d9L._AC_UY654_QL65_.jpg,4.0,137.45,False,False,True,False,100+ bought in past month,"Join Prime to get FREE delivery Today 5 PM - 10 PMOr Non-members get FREE delivery Tue, Sep 15",False,Limited time deal,,,,,,,,False,True,US,,,
B0DYV232GT,"AT&amp;T DECT 6.0 Cordless Phone, 4-Handset – Smart Call Blocker, Bluetooth Connect to Cell, Answering Machine, 1.8&quot; Backlit Display | DL72419",86.96,96.95,USD,4.2,15271.0,https://www.amazon.com/dp/B0DYV232GT,https://m.media-amazon.com/images/I/81wvcExy7DL._AC_UY654_QL65_.jpg,2.0,42.61,False,False,True,False,500+ bought in past month,"Join Prime to get FREE delivery Today 5 PM - 10 PMOr Non-members get FREE delivery Tue, Sep 15",False,Limited time deal,,,,,,,,False,True,US,,,
B0CK5T84WJ,"Samsung Galaxy Z Flip 5 5G, US Version, 512GB, Graphite - Unlocked (Renewed)",338.44,338.44,USD,4.0,451.0,https://www.amazon.com/dp/B0CK5T84WJ,https://m.media-amazon.com/images/I/51kso67o64L._AC_UY654_QL65_.jpg,2.0,289.99,False,False,False,False,50+ bought in past month,FREE delivery Sep 18 - 24Or fastest delivery Sep 18 - 22,True,,,,,,,,,False,False,US,,,
B0GW9TVHJB,"Samsung Galaxy A57 5G (2026), Unlocked Android Smartphone, 128GB, AMOLED Display, Triple Camera, IP68, 5000mAh Battery, US Version, US 1 Yr Warranty, Awesome Gray",549.99,549.99,USD,4.4,126.0,https://www.amazon.com/dp/B0GW9TVHJB,https://m.media-amazon.com/images/I/51mD59m3QKL._AC_UY654_QL65_.jpg,5.0,438.45,False,False,True,False,500+ bought in past month,"Join Prime to get FREE delivery Today 5 PM - 10 PMOr Non-members get FREE delivery Tue, Sep 15",False,,,,,,,,,False,False,US,,,
B0FQZRXX2R,Samsung Galaxy A07 4G Ai (Compatible only with T-Mobile Mint Tello &amp; Global) (64GB + 4GB) Unlocked SM-A075/DS Dual Sim Warranty Latin America 6.7&quot; 50MP Dual Cam (Black SM-A075MZKGGTO),124.7,124.7,USD,4.3,169.0,https://www.amazon.com/dp/B0FQZRXX2R,https://m.media-amazon.com/images/I/41BeV0vmH3L._AC_UY654_QL65_.jpg,7.0,79.6,False,False,True,False,200+ bought in past month,"Join Prime to get FREE delivery Tomorrow, Sep 11Or Non-members get FREE delivery Tue, Sep 15",True,,,,,,,,,False,False,US,,,
B0F493SPV4,"Samsung Galaxy A56 5G 2025 | 256GB, 12GB, Dual SIM | 6.7&quot; 120Hz AMOLED, IP67 Water Resistant, Android 15 | International Model Factory Unlocked for T-Mobile &amp; Global | 25W Charger Bundle (Graphite)",399.0,399.0,USD,4.4,512.0,https://www.amazon.com/dp/B0F493SPV4,https://m.media-amazon.com/images/I/413rgp6fc1L._AC_UY654_QL65_.jpg,1.0,399.0,False,False,True,False,100+ bought in past month,"Join Prime to get FREE delivery Tomorrow, Sep 11Or Non-members get FREE delivery Tue, Sep 15Only 20 left in stock - order soon.",True,,Only 20 left in stock - order soon.,,,,,,,False,False,US,,,
B0C5B736X3,"SAMSUNG Galaxy S23 5G, US Version, 128GB, Phantom Black - Unlocked (Renewed)",255.0,255.0,USD,4.1,2109.0,https://www.amazon.com/dp/B0C5B736X3,https://m.media-amazon.com/images/I/51yz4TrDNdL._AC_UY654_QL65_.jpg,35.0,209.95,False,False,False,False,1K+ bought in past month,"FREE delivery Sat, Sep 12Only 14 left in stock - order soon.",True,,Only 14 left in stock - order soon.,,,,,,,False,False,US,,,
B09Z8P34NM,"Samsung Galaxy A13, 32GB, Black - Unlocked (Renewed)",92.44,92.44,USD,4.1,1738.0,https://www.amazon.com/dp/B09Z8P34NM,https://m.media-amazon.com/images/I/61IX+1qw35L._AC_UY654_QL65_.jpg,11.0,74.49,False,False,True,False,400+ bought in past month,"Join Prime to get FREE delivery Tomorrow, Sep 11Or Non-members get FREE delivery Tue, Sep 15Only 10 left in stock - order soon.",False,,Only 10 left in stock - order soon.,,,,,,,False,False,US,,,
B09LN7CB6H,T-Mobile REVVL V+ 5G Android 64GB Smartphone - Nebula Black (Renewed) (T-Mobile Unlocked),98.44,98.44,USD,4.0,641.0,https://www.amazon.com/dp/B09LN7CB6H,https://m.media-amazon.com/images/I/51Da6-PelKL._AC_UY654_QL65_.jpg,4.0,92.35,False,False,True,False,100+ bought in past month,"Join Prime to get FREE delivery Today 5 PM - 10 PMOr Non-members get FREE delivery Tue, Sep 15",False,,,,,,,,,False,False,US,,,
B09SM24S8C,"Samsung Galaxy A03s, 32GB, Black - Unlocked (GSM Only) (Renewed)",76.9,76.9,USD,4.0,2064.0,https://www.amazon.com/dp/B09SM24S8C,https://m.media-amazon.com/images/I/51m45B3Yy+L._AC_UY654_QL65_.jpg,1.0,76.9,False,False,False,False,200+ bought in past month,"FREE delivery Sep 15 - 18Or fastest delivery Wed, Sep 16Only 2 left in stock - order soon.",True,,Only 2 left in stock - order soon.,,,,,,,False,False,US,,,
B0F9QP41SS,Samsung Straight Talk Galaxy A16 5G SM-S166V 128GB 4GB RAM Blue 6.7&quot; FHD+ Super AMOLED Android 14 Triple Rear Camera 5G Smartphone,95.0,109.98,USD,4.2,13.0,https://www.amazon.com/dp/B0F9QP41SS,https://m.media-amazon.com/images/I/41F-hpXqr0L._AC_UY654_QL65_.jpg,1.0,95.0,False,False,False,False,100+ bought in past month,"FREE delivery Thu, Sep 17Or fastest delivery Sep 14 - 15",False,,,,,,,,,False,True,US,,,
B09X3YNV4N,"Motorola Moto G Power 2022, 64GB + 4GB RAM, Dark Grove - Unlocked (Renewed)",83.99,83.99,USD,4.1,284.0,https://www.amazon.com/dp/B09X3YNV4N,https://m.media-amazon.com/images/I/61Oy3MBSjlL._AC_UY654_QL65_.jpg,5.0,78.0,False,False,True,False,200+ bought in past month,"Join Prime to get FREE delivery Today 5 PM - 10 PMOr Non-members get FREE delivery Tue, Sep 15Only 1 left in stock - order soon.",False,,Only 1 left in stock - order soon.,,,,,,,False,False,US,,,
B0G2PST2HJ,"AT&amp;T 3-Handsets Landline Home Phone with Call Blocker, Caller ID/Call Waiting, Full-Duplex Handset Speakerphone, Backlit Keypad &amp; Display, Rechargeable Battery, ECO Mode, DECT 6.0: GL2101-31",67.95,67.95,USD,4.4,2732.0,https://www.amazon.com/dp/B0G2PST2HJ,https://m.media-amazon.com/images/I/81KaO5cLiBL._AC_UY654_QL65_.jpg,2.0,31.94,False,False,True,False,100+ bought in past month,"Join Prime to get FREE delivery Tomorrow, Sep 11Or Non-members get FREE delivery Tue, Sep 15",False,,,,,,,,,False,False,US,,,
B0B8F1S1XG,"AT&amp;T CL82219 DECT 6.0 2-Handset Cordless Phone for Home, Black | Answering Machine, Call Blocking, Caller ID Announcer, Intercom, Long Range",64.95,64.95,USD,4.3,1195.0,https://www.amazon.com/dp/B0B8F1S1XG,https://m.media-amazon.com/images/I/71fPZrfv6aL._AC_UY654_QL65_.jpg,2.0,43.88,False,False,True,False,200+ bought in past month,"Join Prime to get FREE delivery Today 5 PM - 10 PMOr Non-members get FREE delivery Tue, Sep 15",False,,,,,,,,,False,False,US,,,
B0DJVSFQKD,"8849 Tank 2 Pro Phone, Rugged Android Smartphone with 23800mAh Big Battery | 6.79’’, Built-in Projector, Android 15, 512GB Unlocked 4G Heavy Duty Cell Phone OTG for Construction Survey Outdoor Camping",439.99,439.99,USD,3.9,153.0,https://www.amazon.com/dp/B0DJVSFQKD,https://m.media-amazon.com/images/I/71vdA1mdewL._AC_UY654_QL65_.jpg,1.0,439.99,False,False,True,False,,"Join Prime to get FREE delivery Today 5 PM - 10 PMOr Non-members get FREE delivery Tue, Sep 15",False,,,,,,,,,False,False,US,,,
B0DLHNWHRF,"Samsung Galaxy A16 5G A Series, Unlocked Android Smartphone, Large AMOLED Display, Durable Design, Super Fast Charging, Expandable Storage, 5G Connectivity, US Version, 2025, Blue Black ECOLOGO EPEAT",188.44,188.44,USD,4.2,3844.0,https://www.amazon.com/dp/B0DLHNWHRF,https://m.media-amazon.com/images/I/71KGkQ+KOKL._AC_UY654_QL65_.jpg,4.0,154.44,False,False,False,True,400+ bought in past month,FREE delivery Sep 16 - 19Or fastest delivery Sep 16 - 17,True,,,,,,,,,False,False,US,,,
B0FMY6ZSF1,"4G Smartphone Unlocked, Android 12.0 Mobile Phones 6.6&#x27;&#x27; HD+ Display, 4GB RAM 32GB ROM/256GB SD, 4G Dual SIM Dual Camera, Face ID+WiFi+BT+FM+GPS+OTG (Pink)",79.99,79.99,USD,3.4,157.0,https://www.amazon.com/dp/B0FMY6ZSF1,https://m.media-amazon.com/images/I/61SQ5G+Ma5L._AC_UY654_QL65_.jpg,1.0,79.99,False,False,False,False,100+ bought in past month,FREE delivery Sep 26 - Oct 13Or fastest delivery Sep 26 - Oct 11,True,,,,,,,,,False,False,US,,,
B0DXR5FH9C,"SAMSUNG Galaxy A56 5G 2025 with AI | 256GB, 8GB, Dual SIM | 6.7&quot; 120Hz AMOLED, Water Resistant, Android 15 | International Model Factory Unlocked for T-Mobile, Global | 25W Charger Bundle (Graphite)",383.47,383.47,USD,4.3,1053.0,https://www.amazon.com/dp/B0DXR5FH9C,https://m.media-amazon.com/images/I/51xoyKNLBvL._AC_UY654_QL65_.jpg,9.0,383.46,False,False,True,False,400+ bought in past month,"Join Prime to get FREE delivery Tomorrow, Sep 11Or Non-members get FREE delivery Tue, Sep 15",True,,,,,,,,,False,False,US,,,
B08HC5GMK2,"Samsung Galaxy A11, 32GB - Unlocked (Renewed)",74.44,74.44,USD,4.1,1436.0,https://www.amazon.com/dp/B08HC5GMK2,https://m.media-amazon.com/images/I/51y-JGU66-L._AC_UY654_QL65_.jpg,6.0,69.9,False,False,True,False,300+ bought in past month,"Join Prime to get FREE delivery Sun, Sep 13Or Non-members get FREE delivery Tue, Sep 15",False,,,,,,,,,False,False,US,,,
B09Q1J6JHG,"Motorola Moto G Pure 2021, 32GB + 3GB RAM, Deep Indigo - Unlocked (Renewed)",74.62,129.99,USD,4.0,932.0,https://www.amazon.com/dp/B09Q1J6JHG,https://m.media-amazon.com/images/I/51k3jIwmjyL._AC_UY654_QL65_.jpg,5.0,69.99,False,False,True,False,50+ bought in past month,"Join Prime to get FREE delivery Today 5 PM - 10 PMOr Non-members get FREE delivery Tue, Sep 15Only 2 left in stock - order soon.",False,,Only 2 left in stock - order soon.,,,,,,,False,True,US,,,
B0GK8P87M6,"8849 Tank 5 eSIM Rugged Phone 5G, 6.73’’ 3K AMOLED Smartphone Android 16 | With 220LM/2K Projector, Waterproof Heavy Duty Industrial Work Cell Phone Unlocked,Large Battery OTG for Construction Camping",981.99,981.99,USD,4.2,13.0,https://www.amazon.com/dp/B0GK8P87M6,https://m.media-amazon.com/images/I/81ti3hSd4fL._AC_UY654_QL65_.jpg,1.0,981.99,False,False,True,False,50+ bought in past month,"Join Prime to get FREE delivery Today 5 PM - 10 PMOr Non-members get FREE delivery Tue, Sep 15",False,,,,,,,,,False,False,US,,,
B0BZK2FCJ8,"Panasonic Cordless Phone with Advanced Call Block, Bilingual Caller ID, Easy to Read Large High-Contrast Display, Expandable System with 1 Handset, KX-TGD810B (Black)",37.99,42.99,USD,4.3,1194.0,https://www.amazon.com/dp/B0BZK2FCJ8,https://m.media-amazon.com/images/I/71qcUNnQYDL._AC_UY654_QL65_.jpg,3.0,18.89,False,False,True,False,300+ bought in past month,"Join Prime to get FREE delivery Today 5 PM - 10 PMOr Non-members get FREE delivery Tue, Sep 15",False,Limited time deal,,,,,,,,False,True,US,,,
B09SHJGLNN,"Samsung Galaxy S21 FE 5G, US Version, 128GB, Gray - Unlocked (Renewed)",149.0,159.0,USD,3.7,3489.0,https://www.amazon.com/dp/B09SHJGLNN,https://m.media-amazon.com/images/I/616kK0b+d+L._AC_UY654_QL65_.jpg,25.0,137.99,False,False,False,False,500+ bought in past month,"FREE delivery Sat, Sep 12",True,,,,,,,,,False,True,US,,,
B0GH2N9S35,BLU Bold K12 | 2025 | Unlocked | 6.8” HD+ 120Hz Infinity Display | 50MP Main + 8MP Selfie Cameras | 128GB Internal Storage | US Version | US Warranty | Champagne Gold,99.99,99.99,USD,3.9,77.0,https://www.amazon.com/dp/B0GH2N9S35,https://m.media-amazon.com/images/I/81JrCHzrZlL._AC_UY654_QL65_.jpg,3.0,86.99,False,False,True,False,100+ bought in past month,"Join Prime to get FREE delivery Tomorrow, Sep 11Or Non-members get FREE delivery Tue, Sep 15",True,,,,,,,,,False,False,US,,,
B0GYQGF7CD,Moto G Stylus 2026 | Unlocked | 8/128GB | 50MP | Coal Smoke | SGS-Tested Toughness + Active Stylus Pen,499.99,499.99,USD,4.4,31.0,https://www.amazon.com/dp/B0GYQGF7CD,https://m.media-amazon.com/images/I/615t3AnKr0L._AC_UY654_QL65_.jpg,1.0,499.99,False,False,True,False,50+ bought in past month,"Join Prime to get FREE delivery Today 5 PM - 10 PMOr Non-members get FREE delivery Tue, Sep 15",False,,,,,,,,,False,False,US,,,
B0HCNQ13KM,"TCL 60 XE NXTPAPER 5G Unlocked Android Phone, 6.8&quot; 120Hz Display, 8+256GB | NXTPAPER 3.0, Octa-core CPU, AI Tools, 50MP Main Camera, 5010mAh Battery, Cell Phone for Daily Use &amp; Entertainment",229.99,284.99,USD,4.3,29.0,https://www.amazon.com/dp/B0HCNQ13KM,https://m.media-amazon.com/images/I/81IrxvqffWL._AC_UY654_QL65_.jpg,1.0,229.99,False,False,True,False,200+ bought in past month,"Join Prime to get FREE delivery Today 5 PM - 10 PMOr Non-members get FREE delivery Tue, Sep 15",False,,,,,,,,,False,True,US,,,
B0FHCSFMY4,"Samsung Galaxy A15 5G, 64GB, Blue Black - Locked to T-Mobile (Renewed)",96.44,119.99,USD,4.1,43.0,https://www.amazon.com/dp/B0FHCSFMY4,https://m.media-amazon.com/images/I/41WLCJ94JqL._AC_UY653_QL65_.jpg,12.0,84.99,False,False,True,False,200+ bought in past month,"Join Prime to get FREE delivery Tomorrow, Sep 11Or Non-members get FREE delivery Tue, Sep 15",False,,,,,,,,,False,True,US,,,
B0C8FR2XHJ,"Samsung Galaxy A14 5G, 64GB + 4GB RAM, Black - Unlocked (GSM Only) (Renewed)",104.44,104.44,USD,4.0,1015.0,https://www.amazon.com/dp/B0C8FR2XHJ,https://m.media-amazon.com/images/I/71vkaWmpemL._AC_UY654_QL65_.jpg,9.0,82.31,False,False,True,False,500+ bought in past month,"Join Prime to get FREE delivery Tomorrow, Sep 11Or Non-members get FREE delivery Tue, Sep 15",False,,,,,,,,,False,False,US,,,
B073FLYQZ5,Panasonic KX-TGM420W + (1) KX-TGMA44W Amplified Cordless Phone with Digital Answering Machine and Voice Volume Booster upto 40 dB (2 Handsets),219.98,219.98,USD,4.3,1078.0,https://www.amazon.com/dp/B073FLYQZ5,https://m.media-amazon.com/images/I/61JaEG8qGJS._AC_UY654_QL65_.jpg,1.0,219.98,False,False,True,False,200+ bought in past month,"Join Prime to get FREE delivery Tomorrow, Sep 11Or Non-members get FREE delivery Tue, Sep 15",False,,,,,,,,,False,False,US,,,
B0DCGQJ6ZC,"Motorola Moto G 5G 2024, 128GB + 4GB RAM, Sage Green - Unlocked (Renewed)",117.99,117.99,USD,3.9,945.0,https://www.amazon.com/dp/B0DCGQJ6ZC,https://m.media-amazon.com/images/I/51iFMfKzTvL._AC_UY654_QL65_.jpg,5.0,94.99,False,False,False,False,300+ bought in past month,"FREE delivery Sep 11 - 14Or fastest delivery Tomorrow, Sep 11",False,,,,,,,,,False,False,US,,,
B0BTTQQ5PR,Yealink T54W IP Phone - Power Adapters Included,173.0,173.0,USD,4.4,99.0,https://www.amazon.com/dp/B0BTTQQ5PR,https://m.media-amazon.com/images/I/416yxqanq6L._AC_UY600_QL65_.jpg,5.0,115.0,False,False,False,False,300+ bought in past month,"FREE delivery Sep 14 - 16Or fastest delivery Tomorrow, Sep 11",False,,,,,,,,,False,False,US,,,
B0C6FN388N,"Light Phone II [Black] 4G Volte Phone, Minimalist Phone for Calling &amp; Texting, Bluetooth, WiFi, Personal Hotspot…",299.0,299.0,USD,3.4,17.0,https://www.amazon.com/dp/B0C6FN388N,https://m.media-amazon.com/images/I/51D1IibyZuL._AC_UY654_QL65_.jpg,2.0,284.05,False,False,True,False,100+ bought in past month,"Join Prime to get FREE delivery Tomorrow, Sep 11Or Non-members get FREE delivery Tue, Sep 15",False,,,,,,,,,False,False,US,,,
B08C6YB4LY,Kyocera DuraXV Extreme E4810 16GB Verizon | Ultra-Rugged Flip Phone IP68 Rated | 4G LTE HD Voice| 5MP Camera | 1770mAh Battery,275.99,275.99,USD,4.1,598.0,https://www.amazon.com/dp/B08C6YB4LY,https://m.media-amazon.com/images/I/41RxBfb4zqL._AC_UY520_QL65_.jpg,3.0,119.99,False,False,False,False,100+ bought in past month,"FREE delivery Mon, Sep 21Or fastest delivery Sep 15 - 16Only 2 left in stock - order soon.",False,,Only 2 left in stock - order soon.,,,,,,,False,False,US,,,
B00IXWW4W4,"Panasonic Cordless Phone with Answering Machine DECT 6.0 Expandable, Call Block and Caller ID - 2 Cordless Handsets - KX-TGC222S (Silver)",62.99,62.99,USD,4.2,2950.0,https://www.amazon.com/dp/B00IXWW4W4,https://m.media-amazon.com/images/I/71XN6Olp2tL._AC_UY654_QL65_.jpg,5.0,41.8,False,False,True,False,100+ bought in past month,"Join Prime to get FREE delivery Today 5 PM - 10 PMOr Non-members get FREE delivery Tue, Sep 15",False,,,,,,,,,False,False,US,,,
B09GBLFSB2,"Samsung Galaxy Z Flip 3 5G, US Version, 128GB, Phantom Black - Unlocked (Renewed)",197.99,197.99,USD,3.9,2195.0,https://www.amazon.com/dp/B09GBLFSB2,https://m.media-amazon.com/images/I/61hdrl3iMXL._AC_UY654_QL65_.jpg,6.0,189.92,False,False,False,False,50+ bought in past month,"FREE delivery Sat, Sep 12Or fastest delivery Tomorrow, Sep 11Only 11 left in stock - order soon.",True,,Only 11 left in stock - order soon.,,,,,,,False,False,US,,,
B08VWGN1N2,"Samsung Galaxy S21+ Plus 5G, US Version, 128GB, Phantom Violet - Unlocked (Renewed)",200.0,899.22,USD,4.2,2543.0,https://www.amazon.com/dp/B08VWGN1N2,https://m.media-amazon.com/images/I/517TFlcl9nS._AC_UY654_QL65_.jpg,5.0,167.95,False,False,False,False,100+ bought in past month,"FREE delivery Sat, Sep 12Or fastest delivery Tomorrow, Sep 11Only 18 left in stock - order soon.",True,,Only 18 left in stock - order soon.,,,,,,,False,True,US,,,
B0DNRGQRB4,"Samsung Galaxy A16 4G Dual SIM (128GB, 2025) 6.7&quot; 90Hz AMOLED, Splash Resistant, 8Core, 50MP Camera (Factory Unlocked International Model for GSM, Global) A165M/DS (25W Fast Charger Bundle, Grey)",154.87,154.87,USD,4.2,3322.0,https://www.amazon.com/dp/B0DNRGQRB4,https://m.media-amazon.com/images/I/51KDdahh9DL._AC_UY654_QL65_.jpg,15.0,125.0,False,False,True,False,500+ bought in past month,"Join Prime to get FREE delivery Tomorrow, Sep 11Or Non-members get FREE delivery Tue, Sep 15",True,,,,,,,,,False,False,US,,,
B0C9LP8D22,"Nothing Phone (2) 5G Unlocked Smartphone 256GB + 12GB RAM, Dark Grey | Flagship Snapdragon 8+ Gen 1, 50MP Dual Camera, 6.7&quot; 120Hz LTPO AMOLED, 4700mAh Battery, Fast Charging, Glyph Interface",429.0,429.0,USD,4.5,503.0,https://www.amazon.com/dp/B0C9LP8D22,https://m.media-amazon.com/images/I/71x5ntU43-L._AC_UY654_QL65_.jpg,1.0,429.0,False,False,True,False,,"Join Prime to get FREE delivery Tomorrow, Sep 11Or Non-members get FREE delivery Tue, Sep 15Only 10 left in stock - order soon.",True,,Only 10 left in stock - order soon.,,,,,,,False,False,US,,,
B0GV51GDHF,"Spigen Tough Armor Pro MagFit for iPhone Duo Case, Black | Full Hinge Protection, Air Cushion Tech, Camera Plateau Protection, Compatible with MagSafe, Military Grade Drop Protection ClimatePartner certified",39.99,39.99,USD,,0.0,https://www.amazon.com/dp/B0GV51GDHF,https://m.media-amazon.com/images/I/61NfsyxfoiL._AC_UY654_QL65_.jpg,1.0,39.99,False,False,True,True,,"Join Prime to get FREE delivery Sat, Sep 12Or Non-members get FREE delivery Tue, Sep 15",False,,,,,,,,,False,False,US,,,
B09B1NY84G,"Samsung Galaxy A32 5G, 64GB, Black - Unlocked (GSM Only) (Renewed)",99.0,174.24,USD,3.8,1609.0,https://www.amazon.com/dp/B09B1NY84G,https://m.media-amazon.com/images/I/61wXWc-NAmL._AC_UY654_QL65_.jpg,5.0,98.99,False,False,True,False,500+ bought in past month,"Join Prime to get FREE delivery Tomorrow, Sep 11Or Non-members get FREE delivery Tue, Sep 15",False,,,,,,,,,False,True,US,,,
B0BJY35SQ2,"weBoost Drive Reach Overland - Cell Phone Signal Booster for Off Road Vehicles | Boosts 5G &amp; 4G LTE for All U.S. Carriers - Verizon, AT&amp;T, T-Mobile &amp; More | Made in The U.S. | FCC Approved",549.99,549.99,USD,4.2,403.0,https://www.amazon.com/dp/B0BJY35SQ2,https://m.media-amazon.com/images/I/617UM7V2uQL._AC_UY654_QL65_.jpg,1.0,549.99,False,False,True,False,400+ bought in past month,"Join Prime to get FREE delivery Today 5 PM - 10 PMOr Non-members get FREE delivery Tue, Sep 15",False,,,,,,,,,False,False,US,,,
B00N22M0XS,"AT&amp;T EL51203 DECT 6.0 2-Handset Cordless Phone with Full-Duplex Speakerphone, Backlit Display &amp; Lighted Keypad, Caller ID/Call Waiting, Intercom, ECO Mode",43.63,51.95,USD,4.3,18691.0,https://www.amazon.com/dp/B00N22M0XS,https://m.media-amazon.com/images/I/71yY8CDrnxL._AC_UY654_QL65_.jpg,4.0,20.5,False,False,True,False,400+ bought in past month,"Join Prime to get FREE delivery Tomorrow, Sep 11Or Non-members get FREE delivery Tue, Sep 15",False,,,,,,,,,False,True,US,,,
B0DN8WC75Y,HMD Barbie Phone | Flip | Unlocked | International Version | Pink,99.99,99.99,USD,3.2,109.0,https://www.amazon.com/dp/B0DN8WC75Y,https://m.media-amazon.com/images/I/61ADjrD1XZL._AC_UY654_QL65_.jpg,3.0,78.99,False,False,True,False,300+ bought in past month,"Join Prime to get FREE delivery Tomorrow, Sep 11Or Non-members get FREE delivery Tue, Sep 15",False,,,,,,,,,False,False,US,,,
B0F19KLHG3,"INSIGNIA 50&quot; Class F50 Series LED 4K UHD Smart Fire TV, Voice Remote with Alexa, Stream Live TV Without Cable",179.99,299.99,USD,4.3,12145.0,https://www.amazon.com/dp/B0F19KLHG3,https://m.media-amazon.com/images/I/81jLRWNrTXL._AC_UY654_QL65_.jpg,1.0,179.99,False,False,False,False,8K+ bought in past month,FREE delivery Sep 15 - 17Or FREE pickup Today ready by 12 PM,False,,,,,,,,,False,True,US,,,
B0FV57TPWT,"Roku 40-Inch Select Series Smart TV 2026-1080p Full HD TV - RokuTV | Flat Screen LED Television with Voice Remote, Wi-Fi &amp; Bluetooth Headphone Mode - Streaming Live Local News Sports &amp; Movies",149.99,169.99,USD,4.5,1746.0,https://www.amazon.com/dp/B0FV57TPWT,https://m.media-amazon.com/images/I/81K7IVumGWL._AC_UY654_QL65_.jpg,9.0,139.99,False,False,True,True,10K+ bought in past month,"Join Prime to get FREE delivery Tomorrow, Sep 11Or Non-members get FREE delivery Tue, Sep 15",False,,,,,,,,,False,True,US,,,
B0FXZ21F3X,"Roku 55-Inch Select Series Smart TV 2026-4K QLED TV - Roku TV | Flat Screen QLED Television with Voice Remote, Wi-Fi &amp; Bluetooth Headphone Mode - Streaming Live Local News, Sports, &amp; Movies",269.99,269.99,USD,4.4,1304.0,https://www.amazon.com/dp/B0FXZ21F3X,https://m.media-amazon.com/images/I/81+lkZSpzAL._AC_UY654_QL65_.jpg,7.0,237.58,False,False,False,True,10K+ bought in past month,FREE delivery Tomorrow 8 AM - 8 PM,False,,,,,,,,,False,False,US,,,
B0DYVMZ4TV,"Samsung 32-Inch Class HD H5000F Smart TV (2025 Model) HDR, Object Tracking Sound Lite, Knox Security, One UI Tizen",97.96,147.99,USD,4.1,691.0,https://www.amazon.com/dp/B0DYVMZ4TV,https://m.media-amazon.com/images/I/71LWAGz2uTL._AC_UY654_QL65_.jpg,1.0,97.96,False,False,True,False,8K+ bought in past month,"Join Prime to get FREE delivery Tomorrow, Sep 11Or Non-members get FREE delivery Tue, Sep 15",False,Limited time deal,,,,,,,,False,True,US,,,
B0H3L589W7,"Samsung 65-Inch Class Crystal UHD U8000H Series Samsung Vision AI Smart TV (2026 Model, 65U8000H) Processor 4K, Endless Free Content, Motion Xcelerator, Color Booster, Alexa Built-in",377.99,398.0,USD,4.2,929.0,https://www.amazon.com/dp/B0H3L589W7,https://m.media-amazon.com/images/I/61GSarr1eSL._AC_UY654_QL65_.jpg,1.0,377.99,False,False,False,False,4K+ bought in past month,"FREE delivery as soon as Sat, Sep 12, 10 AM - 3 PMOr fastest delivery Tomorrow, Sep 11",False,,,,,,,,,False,True,US,,,
B0F1C232S8,INSIGNIA 70-inch Class F50 Series LED 4K UHD Smart Fire TV with Alexa Voice Remote (NS-70F501NA26),349.99,499.99,USD,4.3,12145.0,https://www.amazon.com/dp/B0F1C232S8,https://m.media-amazon.com/images/I/81jLRWNrTXL._AC_UY654_QL65_.jpg,1.0,349.99,False,False,False,False,2K+ bought in past month,FREE delivery Sep 17 - 25Or FREE pickup Today ready by 12 PM,False,,,,,,,,,False,True,US,,,
B0GP9QN5SN,"Samsung 65-Inch Class M70H Series, Mini LED, 4K, Smart TV, 2026 Model | Samsung Vision AI Companion, Mini LED Processor 4K, Pure Spectrum Color, Endless Free Content, Motion Xcelerator + DLG 120Hz",427.99,477.99,USD,4.2,638.0,https://www.amazon.com/dp/B0GP9QN5SN,https://m.media-amazon.com/images/I/71xA+n+szIL._AC_UY654_QL65_.jpg,6.0,397.17,False,False,False,False,4K+ bought in past month,FREE delivery Tomorrow 8 AM - 8 PM,False,,,,,,,,,False,True,US,,,
B0F257L7JF,"INSIGNIA 43&quot; Class F50 Series LED 4K UHD Smart Fire TV, Voice Remote with Alexa, Stream Live TV Without Cable",149.99,199.99,USD,4.3,12145.0,https://www.amazon.com/dp/B0F257L7JF,https://m.media-amazon.com/images/I/8107AeAPxhL._AC_UY654_QL65_.jpg,1.0,149.99,False,False,False,False,6K+ bought in past month,FREE delivery Sep 15 - 17Or FREE pickup Today ready by 12 PM,False,,,,,,,,,False,True,US,,,
B0GWFB34TC,"INSIGNIA 75&quot; Class F50 Series LED 4K UHD Smart Fire TV, Voice Remote with Alexa, Stream Live TV Without Cable",399.99,599.99,USD,3.9,17.0,https://www.amazon.com/dp/B0GWFB34TC,https://m.media-amazon.com/images/I/81JtVdt2xiL._AC_UY654_QL65_.jpg,1.0,399.99,False,False,False,False,1K+ bought in past month,FREE delivery Sep 17 - 25Or FREE pickup Today ready by 12 PM,False,,,,,,,,,False,True,US,,,
B0FH7PVQ9N,"INSIGNIA 32&quot; Class FE Series LED Full HD Smart Fire TV, Voice Remote with Alexa, Stream Live TV Without Cable",99.99,129.99,USD,4.4,3378.0,https://www.amazon.com/dp/B0FH7PVQ9N,https://m.media-amazon.com/images/I/818UQMCc3fL._AC_UY654_QL65_.jpg,1.0,99.99,False,False,False,False,8K+ bought in past month,FREE delivery Sep 15 - 17Or FREE pickup Today ready by 12 PM,False,,,,,,,,,False,True,US,,,
B0FV57SCBF,"Roku 24-Inch Select Series Smart TV 2026-720p HD TV - RokuTV | Flat Screen LED Television with Voice Remote, Wi-Fi &amp; Bluetooth Headphone Mode - Streaming Live Local News Sports &amp; Movies",99.99,99.99,USD,4.3,561.0,https://www.amazon.com/dp/B0FV57SCBF,https://m.media-amazon.com/images/I/81PdlpLrTbL._AC_UY654_QL65_.jpg,2.0,72.94,False,False,True,True,10K+ bought in past month,"Join Prime to get FREE delivery Today 7 AM - 11 AMOr Non-members get FREE delivery Tue, Sep 15",False,,,,,,,,,False,False,US,,,
B0FZF9BG95,"Roku 43-Inch Select Series Smart TV 2026-4K HDR TV - RokuTV | Flat Screen LED Television with Voice Remote, Wi-Fi &amp; Bluetooth Headphone Mode - Streaming Live Local News Sports &amp; Movies",179.99,249.99,USD,4.5,209.0,https://www.amazon.com/dp/B0FZF9BG95,https://m.media-amazon.com/images/I/81yHdzpK1qL._AC_UY654_QL65_.jpg,7.0,169.98,False,False,False,True,5K+ bought in past month,"FREE delivery as soon as Sat, Sep 12, 10 AM - 3 PM",False,,,,,,,,,False,True,US,,,
B0GP9TN5KF,"Samsung 55-Inch Class M70H Series, Mini LED, 4K, Smart TV, 2026 Model | Samsung Vision AI Companion, Mini LED Processor 4K, Pure Spectrum Color, Endless Free Content, Motion Xcelerator + DLG 120Hz",347.99,347.99,USD,4.2,638.0,https://www.amazon.com/dp/B0GP9TN5KF,https://m.media-amazon.com/images/I/71xA+n+szIL._AC_UY654_QL65_.jpg,5.0,330.59,False,False,False,False,5K+ bought in past month,FREE delivery Tomorrow 8 AM - 8 PM,False,,,,,,,,,False,False,US,,,
B0GP8W22HL,"Samsung 75-Inch Class M70H Series, Mini LED, 4K, Smart TV, 2026 Model | Samsung Vision AI Companion, Mini LED Processor 4K, Pure Spectrum Color, Endless Free Content, Motion Xcelerator + DLG 120Hz",547.99,597.99,USD,4.2,638.0,https://www.amazon.com/dp/B0GP8W22HL,https://m.media-amazon.com/images/I/71xA+n+szIL._AC_UY654_QL65_.jpg,1.0,547.99,False,False,False,False,3K+ bought in past month,"FREE delivery Tomorrow, Sep 11",False,,,,,,,,,False,True,US,,,
B0FV42FCHD,"Roku 32-Inch Select Series Smart TV 2026-1080p Full HD TV - RokuTV | Flat Screen LED Television with Voice Remote, Wi-Fi &amp; Bluetooth Headphone Mode - Streaming Live Local News Sports &amp; Movies",129.99,179.99,USD,4.5,1746.0,https://www.amazon.com/dp/B0FV42FCHD,https://m.media-amazon.com/images/I/81B4263QWpL._AC_UY654_QL65_.jpg,6.0,109.78,False,False,True,True,10K+ bought in past month,"Join Prime to get FREE delivery Tomorrow, Sep 11Or Non-members get FREE delivery Tue, Sep 15",False,,,,,,,,,False,True,US,,,
B0DXN1CFFR,"SAMSUNG 40-Inch Class Full HD F6000 Smart TV (2025 Model) HDR, Object Tracking Sound Lite, Knox Security, One UI Tizen, Smart TV",197.99,197.99,USD,4.1,3207.0,https://www.amazon.com/dp/B0DXN1CFFR,https://m.media-amazon.com/images/I/71mXcPOmS4L._AC_UY654_QL65_.jpg,1.0,197.99,False,False,True,False,3K+ bought in past month,"Join Prime to get FREE delivery Tomorrow, Sep 11Or Non-members get FREE delivery Tue, Sep 15",False,,,,,,,,,False,False,US,,,
B0F7RZ1MS9,"INSIGNIA 32&quot; Class F20 Series LED HD Smart Fire TV, Voice Remote with Alexa, Free &amp; Live TV",79.99,129.99,USD,4.1,7182.0,https://www.amazon.com/dp/B0F7RZ1MS9,https://m.media-amazon.com/images/I/81aMpnqJftL._AC_UY654_QL65_.jpg,1.0,79.99,False,False,False,False,10K+ bought in past month,FREE delivery Sep 15 - 17Or FREE pickup Today ready by 12 PM,False,,,,,,,,,False,True,US,,,
B0DW9JZKWK,INSIGNIA 55-inch Class QF Series LED 4K UHD QLED Smart Fire TV with Alexa Voice Remote (NS55-UQFL26),239.99,399.99,USD,4.4,1159.0,https://www.amazon.com/dp/B0DW9JZKWK,https://m.media-amazon.com/images/I/815Qli0AKJL._AC_UY654_QL65_.jpg,1.0,239.99,False,False,False,False,1K+ bought in past month,FREE delivery Sep 17 - 25Or FREE pickup Today ready by 12 PM,False,,,,,,,,,False,True,US,,,
B0FXZ5GVBB,"Roku 50-Inch Select Series Smart TV 2026-4K QLED TV - Roku TV | Flat Screen QLED Television with Voice Remote, Wi-Fi &amp; Bluetooth Headphone Mode - Streaming Live Local News, Sports, &amp; Movies",229.99,299.99,USD,4.4,1304.0,https://www.amazon.com/dp/B0FXZ5GVBB,https://m.media-amazon.com/images/I/81BF4gEXhhL._AC_UY654_QL65_.jpg,5.0,218.49,False,False,False,True,7K+ bought in past month,"FREE delivery as soon as Wed, Sep 23, 10 AM - 3 PM",False,,,,,,,,,False,True,US,,,
B0F7RXTN1Y,"INSIGNIA 40&quot; Class F40 Series LED Full HD Smart Fire TV, Voice Remote with Alexa, Free &amp; Live TV",119.99,149.99,USD,4.0,5458.0,https://www.amazon.com/dp/B0F7RXTN1Y,https://m.media-amazon.com/images/I/81spJCljSqL._AC_UY654_QL65_.jpg,1.0,119.99,False,False,False,False,8K+ bought in past month,FREE delivery Sep 15 - 17Or FREE pickup Today ready by 12 PM,False,,,,,,,,,False,True,US,,,
B09N6ZRH6C,"Amazon Fire TV 55&quot; Omni QLED Series 4K UHD smart TV, Dolby Vision IQ, Fire TV Ambient Experience, local dimming, hands-free with Alexa",309.99,499.99,USD,4.0,6074.0,https://www.amazon.com/dp/B09N6ZRH6C,https://m.media-amazon.com/images/I/719SpNEn7-L._AC_UY654_QL65_.jpg,1.0,309.99,False,False,False,False,1K+ bought in past month,FREE delivery Tomorrow 8 AM - 8 PM,False,Ends in,,,,,,,,False,True,US,,,
B09N6TPZ1K,"Amazon Fire TV 50&quot; Omni QLED Series 4K UHD smart TV, Dolby Vision IQ, Fire TV Ambient Experience, local dimming, hands-free with Alexa",259.99,469.99,USD,4.0,6074.0,https://www.amazon.com/dp/B09N6TPZ1K,https://m.media-amazon.com/images/I/71eUn+ZeFsL._AC_UY654_QL65_.jpg,1.0,259.99,False,False,False,False,2K+ bought in past month,"FREE delivery Thu, Sep 17",False,Ends in,,,,,,,,False,True,US,,,
B0GWDM9CNG,"Hisense 40-Inch Class QD4SR Series Hi-QLED FHD Smart Roku TV (40QD4SR, 2026 Model) – Hi-QLED Color, Dolby Audio, Compatible with Alexa, Full Array LED, Slim Bezel Design",159.99,249.99,USD,4.3,319.0,https://www.amazon.com/dp/B0GWDM9CNG,https://m.media-amazon.com/images/I/81ELMxsAgIL._AC_UY654_QL65_.jpg,1.0,159.99,False,False,True,False,1K+ bought in past month,"Join Prime to get FREE delivery Tomorrow, Sep 11Or Non-members get FREE delivery Tue, Sep 15",False,,,,,,,,,False,True,US,,,
B0FJ2KQ8FJ,"Samsung 98-Inch Class QLED Q7F Series Samsung Vision AI Smart TV (2025 Model, 98Q7F) Quantum HDR, Object Tracking Sound Lite, Q4 AI Gen1 Processor, 4K upscaling, Gaming Hub w/Alexa Built-in",,,USD,4.3,2753.0,https://www.amazon.com/dp/B0FJ2KQ8FJ,https://m.media-amazon.com/images/I/819bhy3GpbL._AC_UY654_QL65_.jpg,3.0,,False,False,False,False,,"FREE delivery Tomorrow, Sep 11",False,,,,,,,,,True,False,US,,,
B0DXMR856R,"Samsung 65-Inch Class The Frame LS03F 4K QLED Smart TV (2025 Model) Slim Fit Wall Mount, Modern Frame Design, NQ4 AI Gen2 Processor, Art Mode, Artful Picture Quality, Samsung Vision AI, Alexa Built-in",947.99,947.99,USD,4.1,116.0,https://www.amazon.com/dp/B0DXMR856R,https://m.media-amazon.com/images/I/81nS2uICI9L._AC_UY654_QL65_.jpg,11.0,839.0,False,False,False,False,1K+ bought in past month,FREE delivery Tomorrow 8 AM - 8 PM,False,Limited time deal,,,,,,,,False,False,US,,,
B0H859NKTH,"Insignia 65&quot; Class F50 Series LED 4K UHD Smart Fire TV, Voice Remote with Alexa, Stream Live TV Without Cable",299.99,449.99,USD,,0.0,https://www.amazon.com/dp/B0H859NKTH,https://m.media-amazon.com/images/I/81A8FbNM6iL._AC_UY654_QL65_.jpg,1.0,299.99,False,False,False,False,,FREE delivery Sep 17 - 25Or FREE pickup Today ready by 12 PM,False,,,,,,,,,False,True,US,,,
B0FV4TYGH9,"Roku 32-Inch Select Series Smart TV 2026-720p HD TV - RokuTV | Flat Screen LED Television with Voice Remote, Wi-Fi &amp; Bluetooth Headphone Mode - Streaming Live Local News Sports &amp; Movies",119.99,119.99,USD,4.3,561.0,https://www.amazon.com/dp/B0FV4TYGH9,https://m.media-amazon.com/images/I/81Lt-RKE2WL._AC_UY654_QL65_.jpg,5.0,109.8,False,False,True,True,3K+ bought in past month,"Join Prime to get FREE delivery Sun, Sep 13Or Non-members get FREE delivery Tue, Sep 15",False,,,,,,,,,False,False,US,,,
B0GTX3J6NS,"LG 85-Inch Class Nano AI 4K NU85 Series Smart TV w/Sound Pro, HDR10, Super Upscaling, Filmmaker Mode, Wow Orchestra, Compatible with Alexa, 85NU850BPUA, 2026",799.99,799.99,USD,4.0,109.0,https://www.amazon.com/dp/B0GTX3J6NS,https://m.media-amazon.com/images/I/819lE4qkpYL._AC_UY654_QL65_.jpg,3.0,735.99,False,False,False,False,300+ bought in past month,"FREE delivery Tomorrow, Sep 11",False,,,,,,,,,False,False,US,,,
B0GPY4Y2VF,"Samsung 65-Inch Class S90H Series, OLED, 4K, Smart TV, 2026 Model | Samsung Vision AI, Glare Free with Real Black &amp; Real Color, OLED HDR+, NQ4 AI Gen3 Processor, Alexa Built-in",,,USD,4.4,104.0,https://www.amazon.com/dp/B0GPY4Y2VF,https://m.media-amazon.com/images/I/81hYTMYzlrL._AC_UY654_QL65_.jpg,10.0,,False,False,False,False,500+ bought in past month,"FREE delivery as soon as Sat, Sep 12, 10 AM - 3 PMOr fastest delivery Tomorrow, Sep 11Only 8 left in stock - order soon.",False,,Only 8 left in stock - order soon.,,,,,,,True,False,US,,,
B0GP9XS93W,"Samsung 65-Inch Class QN80H Series, Neo QLED Mini LED, 4K, Smart TV, 2026 | Samsung Vision AI, Quantum Mini LED Full Array, Motion Xcelerator 144Hz, 4K AI Upscaling, Color Booster Pro, Alexa Built-in",,,USD,4.2,44.0,https://www.amazon.com/dp/B0GP9XS93W,https://m.media-amazon.com/images/I/71vjIUUqmCL._AC_UY654_QL65_.jpg,6.0,,False,False,False,False,50+ bought in past month,FREE delivery Tomorrow 10 AM - 7 PMOnly 1 left in stock - order soon.,False,,Only 1 left in stock - order soon.,,,,,,,True,False,US,,,
B0FHL66FPY,"Hisense 43&quot; E6 Cinema Series Hi-QLED 4K UHD Smart Fire TV (43E6QF) - AI Light Sensor, Dolby Vision · Atmos, Voice Remote with Alexa, Motion Rate 120, HDR 10+ Adaptive, Game Mode Plus",209.99,209.99,USD,4.0,2706.0,https://www.amazon.com/dp/B0FHL66FPY,https://m.media-amazon.com/images/I/71dEzZA0lJL._AC_UY654_QL65_.jpg,1.0,209.99,False,False,False,False,1K+ bought in past month,"FREE delivery as soon as Sat, Sep 12, 10 AM - 3 PMOr fastest delivery Tomorrow, Sep 11",False,,,,,,,,,False,False,US,,,
B0GH76WGS3,"Hisense 75&quot; E7 Cinema Series Hi-QLED Mini-LED 4K UHD Smart Fire TV (75E7SF, 2026 NEW) - Native 144Hz, AI Picture, Dolby Vision IQ · Atmos, FALD, HDR10+ Adaptive, MEMC, Alexa+",697.99,799.99,USD,4.4,322.0,https://www.amazon.com/dp/B0GH76WGS3,https://m.media-amazon.com/images/I/81LymFdfiLL._AC_UY654_QL65_.jpg,1.0,697.99,False,False,False,False,400+ bought in past month,"FREE delivery Tomorrow, Sep 11",False,Limited time deal,,,,,,,,False,True,US,,,
B0DZ85VYD5,"TOSHIBA 43&quot; Class C350 Series LED 4K UHD Smart Fire TV, Voice Remote with Alexa, Free &amp; Live TV",159.99,299.99,USD,4.3,4431.0,https://www.amazon.com/dp/B0DZ85VYD5,https://m.media-amazon.com/images/I/81GTMnklZQL._AC_UY654_QL65_.jpg,1.0,159.99,False,False,False,False,500+ bought in past month,FREE delivery Sep 15 - 17Or FREE pickup Today ready by 12 PM,False,,,,,,,,,False,True,US,,,
B0CVRZZ1DD,"Samsung 98-Inch Class 4K Crystal UHD DU9000 Series HDR Smart TV, Object Tracking Sound Lite, Motion Xcelerator 120Hz, Supersize Picture Enhancer, Mega Contrast, Alexa Built-In (UN98DU9000, 2024 Model)",,,USD,4.0,152.0,https://www.amazon.com/dp/B0CVRZZ1DD,https://m.media-amazon.com/images/I/51S7joHQDfL._AC_UY654_QL65_.jpg,1.0,,False,False,False,True,100+ bought in past month,"FREE delivery Wed, Sep 16",False,,,,,,,,,True,False,US,,,
B0GZP14LBM,"Portable TV,Small TV with Touchscreen LCD Monitor,Built in Apps,Support SD,WiFi,Bluetooth,USB, HDMI Input,Mini Smart TV Design for Home, Kitchen, RV, and Travel Use（Not Battery-Operated.）",99.99,99.99,USD,5.0,4.0,https://www.amazon.com/dp/B0GZP14LBM,https://m.media-amazon.com/images/I/71ST73WfddL._AC_UY654_QL65_.jpg,1.0,99.99,False,False,True,False,New on Amazon in past month,"Join Prime to get FREE delivery Today 5 PM - 10 PMOr Non-members get FREE delivery Tue, Sep 15",False,,,,,,,,,False,False,US,,,
B0GM21NGKM,"Sony 100 Inch BRAVIA 3 II LED 4K HDR Smart Google TV with Gemini K100XR30M2 | XR Processor with AI Technology, Dolby Vision/Atmos, 120Hz Refresh Rate, 4K movie credits included, 4xHDMI 2.1, PS5 Features",,,USD,4.1,162.0,https://www.amazon.com/dp/B0GM21NGKM,https://m.media-amazon.com/images/I/816yJLfD2DL._AC_UY654_QL65_.jpg,1.0,,False,False,True,False,50+ bought in past month,"Join Prime to get FREE delivery as soon as Sat, Sep 12, 12 PM - 5 PMOr Non-members get FREE delivery Sep 16 - 18Only 1 left in stock - order soon.",False,Limited time deal,Only 1 left in stock - order soon.,,,,,,,True,False,US,,,
B0GP9GBB58,"Samsung 55-Inch Class M80H Series, Mini LED, 4K, Smart TV, 2026 Model | Samsung Vision AI, Mini LED with AI Mode, Motion Xcelerator 144Hz, Pure Spectrum Color, Auto HDR Remastering, Alexa Built-in",497.99,697.99,USD,4.2,219.0,https://www.amazon.com/dp/B0GP9GBB58,https://m.media-amazon.com/images/I/71RPWUbbhKL._AC_UY654_QL65_.jpg,1.0,497.99,False,False,False,False,500+ bought in past month,FREE delivery Tomorrow 8 AM - 8 PM,False,Limited time deal,,,,,,,,False,True,US,,,
B0GZWMH7RC,"TCL 50 Inch Class QM6K Series | Mini LED QLED 4K HDR | 50QM6K, Latest Model | 120HZ-144HZ High Brightness Smart Google TV Dolby Atmos Onkyo Audio | Voice Remote Alexa Gaming Streaming Television",477.99,599.99,USD,4.3,1924.0,https://www.amazon.com/dp/B0GZWMH7RC,https://m.media-amazon.com/images/I/81Z1DI9wzcL._AC_UY654_QL65_.jpg,3.0,449.55,False,False,False,False,500+ bought in past month,FREE delivery Tomorrow 8 AM - 8 PM,False,Limited time deal,,,,,,,,False,True,US,,,
B0DYVQGMS9,"Samsung 85-Inch Class QLED Q8F 4K UHD Smart TV (2025 Model) Q4 AI Processor, 100% Color Volume with Quantum Dot, AirSlim Design, Endless Free Content, Samsung Vision AI, Alexa Built-in",,,USD,4.3,1082.0,https://www.amazon.com/dp/B0DYVQGMS9,https://m.media-amazon.com/images/I/81mcuYT6QLL._AC_UY654_QL65_.jpg,1.0,,False,False,False,False,,,False,,,,,,,,,True,False,US,,,
B0CVPL6G6S,"Sony 50 Inch BRAVIA 3 LED 4K HDR Smart Google TV (K-50S30) | Dolby Vision/Atmos, Exclusive Features for PlayStation®5, 4K Processor X1, Triluminos Pro, 4K movie credits included",598.0,598.0,USD,4.2,1561.0,https://www.amazon.com/dp/B0CVPL6G6S,https://m.media-amazon.com/images/I/81V8cp87XGL._AC_UY654_QL65_.jpg,2.0,519.99,False,False,False,False,100+ bought in past month,FREE delivery Tomorrow 8 AM - 8 PM,False,,,,,,,,,False,False,US,,,
B0GR9C4H3H,"Hisense 85&quot; U7 Mini-LED ULED 4K UHD Best Premium Gaming Smart Google TV (85U7SG, 2026 New) - Hi-QLED, Native 165Hz, VRR 330, HDR10+, Dolby Vision IQ·Atmos, IMAX Enhanced, Anti-Reflection, 2.1.2 Ch",,,USD,4.4,228.0,https://www.amazon.com/dp/B0GR9C4H3H,https://m.media-amazon.com/images/I/81GgRgUpP1L._AC_UY654_QL65_.jpg,1.0,,False,False,False,False,400+ bought in past month,"FREE delivery Tomorrow, Sep 11",False,Limited time deal,,,,,,,,True,False,US,,,
B0DFNFX2K7,"Amazon Ember 55&quot; 4-Series with Fire TV (newest model), 4K Ultra HD smart TV with Alexa Remote, HDR10+, fast processor, Dolby Audio, Ambient Experience, free and live TV, find shows faster with Alexa+ Reducing CO2",459.99,459.99,USD,4.2,1744.0,https://www.amazon.com/dp/B0DFNFX2K7,https://m.media-amazon.com/images/I/61BTOo8tvCL._AC_UY654_QL65_.jpg,2.0,404.79,False,False,False,True,400+ bought in past month,FREE delivery Tomorrow 8 AM - 8 PM,False,,,,,,,,,False,False,US,,,
B0GRK64F4C,"LG 75-Inch Class QNED AI QNED75B Series Mini LED 4K Smart TV w/HDR10, AI Super Upscaling 4K, Filmmaker Mode, Wow Orchestra, Compatible with Alexa (75QNED75BUA, 2026)",649.99,649.99,USD,3.9,23.0,https://www.amazon.com/dp/B0GRK64F4C,https://m.media-amazon.com/images/I/81GimeDY31L._AC_UY654_QL65_.jpg,2.0,597.99,False,False,False,False,200+ bought in past month,"FREE delivery Tomorrow, Sep 11Only 11 left in stock (more on the way).",False,,Only 11 left in stock (more on the way).,,,,,,,False,False,US,,,
B09X12GMCH,"SAMSUNG 115-Inch Class Neo QLED 4K QN90F Series, Vision AI, Mini LED Smart TV (2025 Model, 115QN90F) Neo Quantum HDR+, Object Tracking Sound+ w/Dolby Atmos, Glare Free, Gaming Hub, Alexa Built-in",,,USD,5.0,3.0,https://www.amazon.com/dp/B09X12GMCH,https://m.media-amazon.com/images/I/81FNpMW57wL._AC_UY654_QL65_.jpg,3.0,,False,False,False,False,,FREE delivery Sep 16 - 24Only 2 left in stock - order soon.,False,,Only 2 left in stock - order soon.,,,,,,,True,False,US,,,
B0GTWS2JNF,"TOSHIBA 50&quot; Class M450 Series QLED 4K UHD Smart Fire TV, Voice Remote with Alexa, Stream Live TV Without Cable",279.99,369.99,USD,4.3,189.0,https://www.amazon.com/dp/B0GTWS2JNF,https://m.media-amazon.com/images/I/81wSyG-AgdL._AC_UY654_QL65_.jpg,1.0,279.99,False,False,False,False,1K+ bought in past month,FREE delivery Sep 15 - 17Or FREE pickup Today ready by 12 PM,False,,,,,,,,,False,True,US,,,
B0FTT4GXK4,TCL 55&quot; T7 4K QLED Google TV with 144Hz Gaming (55T7) | Smooth Motion for Sports &amp; Gaming,399.99,449.99,USD,4.4,672.0,https://www.amazon.com/dp/B0FTT4GXK4,https://m.media-amazon.com/images/I/81CjqG2iNsL._AC_UY654_QL65_.jpg,1.0,399.99,False,False,False,False,300+ bought in past month,FREE delivery Tomorrow 8 AM - 8 PM,False,Limited time deal,,,,,,,,False,True,US,,,
B0HBWF1WWH,"Hisense 65&quot; Class E6SR Series Hi-QLED 4K UHD Smart Roku TV (65E6SR, 2026 Model) - Dolby Vision, Game Mode Plus, VRR, ALLM, DTS Virtual:X, Apple AirPlay, Compatible with Alexa and Google Assistant",429.99,549.99,USD,4.4,4.0,https://www.amazon.com/dp/B0HBWF1WWH,https://m.media-amazon.com/images/I/81tmleZBvAL._AC_UY654_QL65_.jpg,1.0,429.99,False,False,False,False,New on Amazon in past month,FREE delivery Tomorrow 8 AM - 8 PM,False,,,,,,,,,False,True,US,,,
B0GT4Q3LCV,"Hisense 75&quot; U6 Pro Series Mini‑LED ULED 4K UHD HDR Gaming AI Smart Fire TV (75U6SF Pro, 2026 New) – Hi-QLED, Native 144Hz, Motion Rate 480, Dolby Vision IQ · Atmos, HDR10+, Glare-Free, Alexa+",797.97,797.97,USD,4.3,279.0,https://www.amazon.com/dp/B0GT4Q3LCV,https://m.media-amazon.com/images/I/81BvDpVJFDL._AC_UY654_QL65_.jpg,1.0,797.97,False,False,False,False,500+ bought in past month,"FREE delivery Tomorrow, Sep 11Only 2 left in stock - order soon.",False,Limited time deal,Only 2 left in stock - order soon.,,,,,,,False,False,US,,,
B0F34L9MZB,"Hisense 32-Inch Class A4 Series HD 1080p Smart VIDAA TV (32A4NV, 2026 Model) - DTS Virtual: X, Noise Reduction, AI Sports Mode, Apple Airplay &amp; Apple Home, Alexa Built in",172.36,172.36,USD,3.7,268.0,https://www.amazon.com/dp/B0F34L9MZB,https://m.media-amazon.com/images/I/81Nj1Nu1alL._AC_UY654_QL65_.jpg,1.0,172.36,False,False,True,False,500+ bought in past month,"Join Prime to get FREE delivery Tomorrow, Sep 11Or Non-members get FREE delivery Tue, Sep 15",False,,,,,,,,,False,False,US,,,
B0DWHFWT5C,"Roku 65-Inch Plus Series Smart TV - 4K QLED Mini-LED TV - RokuTV | Flat Screen Television with Dolby Vision &amp; Wi-Fi for Streaming Live Local News, Sports - Enhanced Voice Remote",478.99,649.99,USD,4.5,701.0,https://www.amazon.com/dp/B0DWHFWT5C,https://m.media-amazon.com/images/I/81zzTIk65AL._AC_UY654_QL65_.jpg,1.0,478.99,False,False,False,True,500+ bought in past month,"FREE delivery as soon as Fri, Oct 2, 10 AM - 3 PM",False,,,,,,,,,False,True,US,,,
B0GPY9WJV2,"Samsung 43-Inch Class QN70H Series, Neo QLED Mini LED, 4K, Smart TV, 2026 | Samsung Vision AI, Quantum Mini LED, 100% Color Volume with Quantum Dot, NQ4 AI Processor, 4K Upscaling, Alexa Built-in",497.99,597.99,USD,4.2,109.0,https://www.amazon.com/dp/B0GPY9WJV2,https://m.media-amazon.com/images/I/81gLF+2beLL._AC_UY654_QL65_.jpg,6.0,455.53,False,False,False,False,300+ bought in past month,FREE delivery Tomorrow 8 AM - 8 PMOnly 8 left in stock - order soon.,False,Limited time deal,Only 8 left in stock - order soon.,,,,,,,False,True,US,,,
B0FC32CQBY,"Westinghouse 40-inch Smart TV, FHD 1080P Xumo TV w/Voice Remote, Flat Screen Television w/Dolby Atmos, Bluetooth, Apple AirPlay, Wi-Fi &amp; Mobile Connectivity",154.99,154.99,USD,4.1,129.0,https://www.amazon.com/dp/B0FC32CQBY,https://m.media-amazon.com/images/I/81A9KAs-tML._AC_UY654_QL65_.jpg,2.0,139.49,False,False,True,False,200+ bought in past month,"Join Prime to get FREE delivery Tomorrow, Sep 11Or Non-members get FREE delivery Tue, Sep 15",False,,,,,,,,,False,False,US,,,
B0H32XXXPG,"NORTHING 17.2&quot; Portable TV with Antenna, 7000mAh Rechargeable Kitchen TV | Support USB/HDMI/AV Input, 12V Small TV for Camping Kitchen Bedroom Patio RV Car Power Outage",129.99,189.99,USD,5.0,3.0,https://www.amazon.com/dp/B0H32XXXPG,https://m.media-amazon.com/images/I/71ZJtzSj-CL._AC_UY654_QL65_.jpg,1.0,129.99,False,False,True,False,,"Join Prime to get FREE delivery Tomorrow, Sep 11Or Non-members get FREE delivery Tue, Sep 15Only 10 left in stock - order soon.",False,,Only 10 left in stock - order soon.,,,,,,,False,True,US,,,
B0FJ2KBSSV,"Samsung 77-Inch Class OLED S84F Series Samsung Vision AI Smart TV (2025 Model, 77S84F) NQ4 AI Gen2 Processor, 4K AI Upscaling, OLED HDR, Pantone Validated, Motion Xcelerator 120Hz",,,USD,4.4,56.0,https://www.amazon.com/dp/B0FJ2KBSSV,https://m.media-amazon.com/images/I/61gmUmKS-UL._AC_UY654_QL65_.jpg,1.0,,False,False,False,False,100+ bought in past month,"FREE delivery Tomorrow, Sep 11",False,,,,,,,,,True,False,US,,,
B0GRK8B8BG,"LG 43-Inch QNED AI 4K QNED73B Series Mini LED Smart TV, 2026 Model | Amazon Exclusive, Sound Pro, HDR10, Super Upscaling, Filmmaker Mode",359.99,359.99,USD,3.7,145.0,https://www.amazon.com/dp/B0GRK8B8BG,https://m.media-amazon.com/images/I/71GjSERs4PL._AC_UY654_QL65_.jpg,2.0,310.19,False,False,False,False,500+ bought in past month,"FREE delivery as soon as Sat, Sep 12, 10 AM - 3 PMOr fastest delivery Tomorrow, Sep 11",False,,,,,,,,,False,False,US,,,
B0H41K75DS,"HORION Roku TV 32&quot; QLED Smart HD Television with Quantum Dot Color | Built-in Dolby Audio, 500+ Free Live Channels, Apple AirPlay, Voice Control with Alexa &amp; Google Assistant",149.99,149.99,USD,4.3,209.0,https://www.amazon.com/dp/B0H41K75DS,https://m.media-amazon.com/images/I/61-9jdZK-JL._AC_UY654_QL65_.jpg,1.0,149.99,False,False,True,False,,"Join Prime to get FREE delivery Sat, Sep 12Or Non-members get FREE delivery Tue, Sep 15",False,,,You pay $119.99 with coupon,,,,,,False,False,US,,,
B0F758GJFX,"Amazon Ember 32&quot; 2-Series with Fire TV (newest model), HD smart TV with Alexa Remote, fast streaming, Dolby Audio, Ambient Experience, free and live TV, find shows faster with Alexa+ Reducing CO2",143.99,159.99,USD,4.4,890.0,https://www.amazon.com/dp/B0F758GJFX,https://m.media-amazon.com/images/I/617Q6kvnGfL._AC_UY654_QL65_.jpg,2.0,126.71,False,False,True,True,2K+ bought in past month,"Join Prime to get FREE delivery Tomorrow, Sep 11Or Non-members get FREE delivery Tue, Sep 15",False,Ends in,,,,,,,,False,True,US,,,
B0GRGTZKHT,"Hisense 50“ Hi-QLED S7 CanvasTV Series 4K UHD Google Smart Art TV (50S7SG, 2026 New) - Art Mode, Anti-Glare Panel, Dolby Vision HDR, Hi-Matte Display, Frame &amp; UltraSlim Wall Mount Included",747.99,747.99,USD,4.4,206.0,https://www.amazon.com/dp/B0GRGTZKHT,https://m.media-amazon.com/images/I/81kMTBNYTOL._AC_UY654_QL65_.jpg,1.0,747.99,False,False,False,False,400+ bought in past month,FREE delivery Tomorrow 8 AM - 8 PM,False,Limited time deal,,,,,,,,False,False,US,,,
B0GT72ZQLQ,"VIZIO Onn 24S2V1 24&quot; Class (720P) HD Powered Smart TV, Seamless Streaming, &amp; Compatible with Apple AirPlay, Google Home, and Alexa (Renewed)",98.0,98.0,USD,3.6,24.0,https://www.amazon.com/dp/B0GT72ZQLQ,https://m.media-amazon.com/images/I/71NtXAqC2HL._AC_UY654_QL65_.jpg,1.0,98.0,False,False,True,False,100+ bought in past month,"Join Prime to get FREE delivery Tomorrow, Sep 11Or Non-members get FREE delivery Tue, Sep 15",False,,,,,,,,,False,False,US,,,
B0DYQRL1YX,"LG 97-Inch OLED evo AI 4K G5 Series Smart TV (OLED97G5WUA, 2025) | Dolby Atmos, Dolby Vision, HDR10, AI Super Upscaling 4K, FILMMAKER Mode",,,USD,4.4,332.0,https://www.amazon.com/dp/B0DYQRL1YX,https://m.media-amazon.com/images/I/91521kFoIJL._AC_UY654_QL65_.jpg,2.0,,False,False,False,False,,"FREE delivery Sat, Sep 19Only 1 left in stock - order soon.",False,,Only 1 left in stock - order soon.,,,,,,,True,False,US,,,
B0G4XGX4SW,"TCL 65-Inch F7D Series QLED 4K UHD Smart TV (65F7D, 2026 Model) | Dolby Vision &amp; Dolby Atmos, DTS | Voice Remote with Alexa | Motion Rate 240, Game Accelerator 120, Auto Game Mode",499.99,599.99,USD,3.9,208.0,https://www.amazon.com/dp/B0G4XGX4SW,https://m.media-amazon.com/images/I/71LEhKZwHCL._AC_UY654_QL65_.jpg,2.0,474.99,False,False,False,False,300+ bought in past month,FREE delivery Tomorrow 8 AM - 8 PM,False,,,,,,,,,False,True,US,,,
B0DVX9GCC4,TCL 115QM7K 115 inch Class QM7K Series 4K UHD QD-Mini LED Smart Google TV,,,USD,4.3,787.0,https://www.amazon.com/dp/B0DVX9GCC4,https://m.media-amazon.com/images/I/81wiCi23N4L._AC_UY654_QL65_.jpg,4.0,,False,False,False,False,,"FREE delivery as soon as Wed, Sep 16, 7 AM - 7 PMOnly 1 left in stock - order soon.",False,,Only 1 left in stock - order soon.,,,,,,,True,False,US,,,
B0GPSFJ5Q4,"Roku Hiro 24&quot; 720p HD Smart Flat Screen LED TV with Dolby Audio for Streaming, with Wi-Fi, Bluetooth, 60Hz, 3X HDMI Ports - H24C2C4 (Renewed)",72.99,72.99,USD,4.6,74.0,https://www.amazon.com/dp/B0GPSFJ5Q4,https://m.media-amazon.com/images/I/613MpXsV7sL._AC_UY654_QL65_.jpg,1.0,72.99,False,False,False,False,500+ bought in past month,"FREE delivery Mon, Sep 21",False,,,,,,,,,False,False,US,,,
B0GTWZV1XB,"LG 115-Inch Class QNED evo AI QNED92B Series Mini LED 4K Smart TV w/Dolby Atmos, Dolby Vision, HDR10, AI Super Upscaling 4K, Filmmaker Mode, Wow Orchestra, Compatible with Alexa (115QNED92BU, 2026)",,,USD,,0.0,https://www.amazon.com/dp/B0GTWZV1XB,https://m.media-amazon.com/images/I/81rAF+G4x6L._AC_UY654_QL65_.jpg,1.0,,False,False,False,False,,"FREE delivery Tomorrow, Sep 11Only 9 left in stock - order soon.",False,,Only 9 left in stock - order soon.,,,,,,,True,False,US,,,
B0DXMY88NL,"Samsung 98-Inch Class Neo QLED 4K QN90F Series, Vision AI, Mini LED Smart TV (2025 Model, 98QN90F) Neo Quantum HDR+, Object Tracking Sound+ w/Dolby Atmos, Glare Free, Gaming Hub, Alexa Built-in",,,USD,4.5,353.0,https://www.amazon.com/dp/B0DXMY88NL,https://m.media-amazon.com/images/I/910NixB4QyL._AC_UY654_QL65_.jpg,1.0,,False,False,False,False,,"FREE delivery Tomorrow, Sep 11Only 1 left in stock - order soon.",False,,Only 1 left in stock - order soon.,,,,,,,True,False,US,,,
B0D3H8QXJK,"SYLVOX Outdoor TV, 65 inch Smart Waterproof Outdoor TV, 4K UHD Weatherproof | IP56, Support Dolby Vision Atmos, Google Cast, 1000 nit Brightness for Outside Partial Sun &amp; Full Shade (Deck Pro 3.0 /2026) ISCC PLUS",,,USD,4.4,322.0,https://www.amazon.com/dp/B0D3H8QXJK,https://m.media-amazon.com/images/I/71Dk3kRsJqL._AC_UY654_QL65_.jpg,1.0,,False,False,True,True,100+ bought in past month,"Join Prime to get FREE delivery Tomorrow, Sep 11Or Non-members get FREE delivery Tue, Sep 15",False,,,,,,,,,True,False,US,,,
B0F2QKW7PX,"SAMSUNG 98 Inch QN990F Neo QLED 8K Smart TV, Graphite Black (Renewed)",,,USD,,0.0,https://www.amazon.com/dp/B0F2QKW7PX,https://m.media-amazon.com/images/I/71TsjgQAWPL._AC_UY654_QL65_.jpg,1.0,,False,False,False,False,,"FREE delivery Sep 16 - 18Or fastest delivery Sat, Sep 12Only 6 left in stock - order soon.",False,,Only 6 left in stock - order soon.,,,,,,,True,False,US,,,
B0GNTK419D,"Toshiba 85&quot; Z670R Series Mini-LED 4K UHD Smart Fire TV (85Z670R, 2026 New) - QLED, Native 144Hz, HDR10+, Dolby Vision IQ, REGZA Engine Zri, Dolby Atmos, Game Mode Pro, Alexa Built-in, Japan Quality",,,USD,4.3,132.0,https://www.amazon.com/dp/B0GNTK419D,https://m.media-amazon.com/images/I/81dh36jMgJL._AC_UY654_QL65_.jpg,1.0,,False,False,False,False,,"FREE delivery Tomorrow, Sep 11",False,,,,,,,,,True,False,US,,,
B0GPSLXZN5,"TCL 85 Inch Class QM8L Series | SQD-Mini-LED QLED Smart TV | 85QM8L, 2026 Model | 144Hz | Ultimate Color Brightness &amp; Contrast | Google AI Bang &amp; Olufsen | Voice Control Gaming Streaming Television",,,USD,4.3,88.0,https://www.amazon.com/dp/B0GPSLXZN5,https://m.media-amazon.com/images/I/81j1sN9S3EL._AC_UY654_QL65_.jpg,1.0,,False,False,False,False,50+ bought in past month,"FREE delivery Tomorrow, Sep 11",False,Limited time deal,,,,,,,,True,False,US,,,
B0DWHGPJFG,"Roku 75-Inch Pro Series Smart TV - 4K QLED Mini-LED TV - RokuTV | Flat Screen Television with 120Hz Refresh Rate &amp; Dolby Vision IQ, Live News, Sports, Entertainment - Backlit Voice Remote Pro",,,USD,4.4,295.0,https://www.amazon.com/dp/B0DWHGPJFG,https://m.media-amazon.com/images/I/81QZgyjurrL._AC_UY654_QL65_.jpg,1.0,,False,False,False,True,100+ bought in past month,"FREE delivery Tomorrow, Sep 11",False,,,,,,,,,True,False,US,,,
B0D2W1WSRK,"Hisense 110&quot; Mini-LED Premium Flagship ULED X Series 4K UHD Google Smart TV (110UX) - MiniLED X, Up to 10k Brightness, QLED, 144Hz, Dolby Vision Atmos, HDR10+, 4.2.2 Ch Audio, Voice Control, Alexa",,,USD,4.3,4.0,https://www.amazon.com/dp/B0D2W1WSRK,https://m.media-amazon.com/images/I/71kGWHlRlOL._AC_UY654_QL65_.jpg,1.0,,False,False,False,False,,"FREE delivery as soon as Wed, Sep 16, 7 AM - 7 PMOnly 1 left in stock - order soon.",False,,Only 1 left in stock - order soon.,,,,,,,True,False,US,,,
B0DK2HKXLT,"Samsung 75-Inch Class Neo QLED 4K The Terrace Partial Sun, Quantum HDR+, Dolby Atmos, Wide Viewing Angle, Weather Resistant, Anti-Glare Outdoor Smart TV w/Alexa Built-in, (QN75LST7DAFXZA, 2024 Model)",,,USD,4.7,46.0,https://www.amazon.com/dp/B0DK2HKXLT,https://m.media-amazon.com/images/I/71+aS4LBpxL._AC_UY654_QL65_.jpg,6.0,,False,False,False,False,,"FREE delivery Tomorrow, Sep 11Only 7 left in stock (more on the way).",False,,Only 7 left in stock (more on the way).,,,,,,,True,False,US,,,
B0GHQTL5P5,"SYLVOX Outdoor TV, 85&#x27;&#x27; Mini LED QLED, 3500 Nits Extreme Brightness, 120Hz | Matte Display, Clear in Any Light, IP56 Waterproof, Dolby Vision Atmos, 30W×2 Audio, Google TV, Ultimate Viewing (Cinema Pro)",,,USD,,0.0,https://www.amazon.com/dp/B0GHQTL5P5,https://m.media-amazon.com/images/I/61vsRuNeYnL._AC_UY654_QL65_.jpg,1.0,,False,False,False,False,,"FREE delivery Wed, Sep 23Only 3 left in stock - order soon.",False,,Only 3 left in stock - order soon.,,,,,,,True,False,US,,,
B089PXD1QG,SunBrite 55-inch Outdoor Television 4K with HDR - Pro 2 Series - for Full Sun SB-P2-55-4K-BL,,,USD,,0.0,https://www.amazon.com/dp/B089PXD1QG,https://m.media-amazon.com/images/I/7154O-6KLjL._AC_UY654_QL65_.jpg,1.0,,False,False,False,False,,FREE delivery Sep 21 - 29,False,,,,,,,,,True,False,US,,,
B0H82KVT8W,"360SPB 55 Inch Outdoor TV, 1000 Nits 4K Smart TV, IP65 Waterproof | Licensed Google TV Outdoor Smart Television with HDR10+ &amp; Dolby Atmos, Weatherproof Patio TV with High Brightness Screen",,,USD,5.0,3.0,https://www.amazon.com/dp/B0H82KVT8W,https://m.media-amazon.com/images/I/71La6QEEgiL._AC_UY654_QL65_.jpg,1.0,,False,False,False,False,,"FREE delivery Mon, Sep 21",False,,,"You pay $1,099.00 with coupon",,,,,,True,False,US,,,
B0G6JSXMNS,"85&quot; Outdoor Commercial TV, 4K 2500 Nits Business Display | Commercial Outdoor TV for Restaurants, Retail &amp; Hospitality, Android, WiFi &amp; HDMI, 7x24 Operation (Non-Waterproof)",,,USD,5.0,2.0,https://www.amazon.com/dp/B0G6JSXMNS,https://m.media-amazon.com/images/I/71f32A6mp4L._AC_UY654_QL65_.jpg,1.0,,False,False,False,False,,"FREE delivery Wed, Oct 14",False,,,,,,,,,True,False,US,,,
B0G2CVD9R2,"Titan G100 Mini 98 Inch Covered Patio Outdoor TV – 4K UHD QLED IP65 - Google OS, Dolby Vision &amp; Atmos, Onkyo Speakers - Thin Bezel - Weather Resistant - 2-Year Warranty &amp; USA Assembled",,,USD,4.0,5.0,https://www.amazon.com/dp/B0G2CVD9R2,https://m.media-amazon.com/images/I/81trbhXzY7L._AC_UY654_QL65_.jpg,1.0,,False,False,False,True,,"FREE delivery Mon, Sep 21Only 9 left in stock - order soon.",False,,Only 9 left in stock - order soon.,"You pay $8,549.99 with coupon",,,,,,True,False,US,,,
B09R8WQ1YV,"Sony 75 Inch 8K Ultra HD TV Z9K Series: BRAVIA XR 8K Mini LED Smart Google TV with Dolby Vision HDR and Exclusive Features for The Playstation® 5 XR75Z9K- Latest Model,Black",,,USD,3.8,17.0,https://www.amazon.com/dp/B09R8WQ1YV,https://m.media-amazon.com/images/I/619sGZ1DWwL._AC_UY654_QL65_.jpg,2.0,,False,False,False,False,,"FREE delivery Tomorrow, Sep 11",False,,,,,,,,,True,False,US,,,
B0CV9N2M3H,"Samsung 65-Inch Class QLED 8K QN800D Series Mini LED, Neo Quantum HDR Smart TV w/Dolby Atmos, Object Tracking Sound+, AI Motion Enhancer, Real Depth Enhancer Pro, Alexa Built-in (QN65QN800D, 2024)",,,USD,3.4,53.0,https://www.amazon.com/dp/B0CV9N2M3H,https://m.media-amazon.com/images/I/71L6YdiNyLL._AC_UY654_QL65_.jpg,1.0,,False,False,False,True,,FREE delivery Sep 16 - 24Only 14 left in stock - order soon.,False,,Only 14 left in stock - order soon.,,,,,,,True,False,US,,,
B0CV9GM5L3,"Samsung 98-Inch Class Neo QLED 4K QN90D Series Mini LED, Neo Quantum HDR+ Smart TV w/Dolby Atmos, Object Tracking Sound+, Motion Xcelerator, Real Depth Enhancer Pro, Alexa Built-in (QN98QN90D, 2024)",,,USD,4.4,512.0,https://www.amazon.com/dp/B0CV9GM5L3,https://m.media-amazon.com/images/I/71+ODv9V5nL._AC_UY654_QL65_.jpg,2.0,,False,False,False,True,,FREE delivery Sep 15 - 18Only 10 left in stock - order soon.,False,,Only 10 left in stock - order soon.,,,,,,,True,False,US,,,
B0CZMLJNCQ,"TCL 115-Inch QM89 QLED 4K Smart QD-Mini LED TV with Google TV (115QM891G, 2024 Model) Dolby Vision HDR, Dolby Atmos, Game Accelerator up to 240Hz, Voice Remote, Works with Alexa, Streaming Television",,,USD,4.3,357.0,https://www.amazon.com/dp/B0CZMLJNCQ,https://m.media-amazon.com/images/I/81-vZudvc1L._AC_UY654_QL65_.jpg,1.0,,False,False,False,False,,"FREE delivery as soon as Tue, Sep 15, 7 AM - 7 PMOnly 7 left in stock - order soon.",False,,Only 7 left in stock - order soon.,,,,,,,True,False,US,,,
B0H3XTVBK5,"LG 100-Inch QNED evo AI Mini LED 4K Smart TV with a8 Gen3 Processor, Quantum Color, Dolby Vision, Dolby Atmos &amp; 144Hz VRR Gaming Bundle with Deco Essentials 1-Year Extended Protection and HDMI Cables",,,USD,4.5,57.0,https://www.amazon.com/dp/B0H3XTVBK5,https://m.media-amazon.com/images/I/81r-5zfDYcL._AC_UY654_QL65_.jpg,1.0,,False,False,False,False,,FREE delivery Sep 16 - 24Only 2 left in stock - order soon.,False,,Only 2 left in stock - order soon.,"You pay $3,279.99 with coupon",,,,,,True,False,US,,,
B0FQX7T7CZ,"Titan L300 Mini 98 Inch QNED Full Sun LED Outdoor TV – 4K UHD, 120Hz – Weatherproof IP65 &amp; WebOS Smart OS – Up to 1520 Nits – Dolby Vision &amp; Atmos – Bonus Cover – USA Assembled with 2-Year Warranty",,,USD,2.0,1.0,https://www.amazon.com/dp/B0FQX7T7CZ,https://m.media-amazon.com/images/I/81Lo1JbaszL._AC_UY654_QL65_.jpg,1.0,,False,False,False,True,,"FREE delivery Mon, Sep 28",False,,,,,,,,,True,False,US,,,
B0GJ1DBYHB,"Hisense 65&quot; U7 Mini-LED ULED 4K UHD Best Premium Gaming HDR Smart Fire TV (65U7SF, 2026 New) - Hi-QLED, Native 165Hz, VRR 330, Dolby Vision IQ · Atmos, IMAX Enhanced, Anti-Reflection, 2.1.2 Ch, Alexa+",847.99,998.99,USD,4.4,99.0,https://www.amazon.com/dp/B0GJ1DBYHB,https://m.media-amazon.com/images/I/8125gE7k8KL._AC_UY654_QL65_.jpg,1.0,847.99,False,False,False,False,50+ bought in past month,FREE delivery Tomorrow 8 AM - 8 PM,False,Limited time deal,,,,,,,,False,True,US,,,
B0GK1JVC73,"43 Inch Outdoor TV, 1500 Nits Hight Brightness, IP66 Waterproof TV | 4K UHD Smart Google TV, Anti-Glare Screen, Temperature Resistant, Outside Television for Partial Sun (Outdoor &amp; Indoor)",,,USD,5.0,14.0,https://www.amazon.com/dp/B0GK1JVC73,https://m.media-amazon.com/images/I/71pG9mcITSL._AC_UY654_QL65_.jpg,1.0,,False,False,False,False,,"FREE delivery as soon as Sat, Sep 12, 10 AM - 3 PMOnly 19 left in stock - order soon.",False,,Only 19 left in stock - order soon.,"You pay $1,099.00 with coupon",,,,,,True,False,US,,,
B0GRKCRCHG,"LG 83-Inch Class OLED AI 4K B6 Series Smart TV w/Dolby Atmos, Dolby Vision, HDR10, AI Super Upscaling 4K, Filmmaker Mode, Wow Orchestra, Compatible with Alexa (OLED83B6GUA, 2026)",,,USD,5.0,1.0,https://www.amazon.com/dp/B0GRKCRCHG,https://m.media-amazon.com/images/I/71hmqNxJKXL._AC_UY654_QL65_.jpg,5.0,,False,False,False,False,,"FREE delivery as soon as Sat, Sep 12, 10 AM - 3 PMOnly 18 left in stock (more on the way).",False,,Only 18 left in stock (more on the way).,,,,,,,True,False,US,,,
B0H3M6SZPH,Samsung QN85QN80HAFXZA Neo QLED 4K TV with 6 Year Amber Protection (2026),,,USD,5.0,1.0,https://www.amazon.com/dp/B0H3M6SZPH,https://m.media-amazon.com/images/I/71xceD0pzHL._AC_UY654_QL65_.jpg,1.0,,False,False,False,False,,"FREE delivery as soon as Wed, Sep 16, 7 AM - 7 PMOnly 5 left in stock - order soon.",False,,Only 5 left in stock - order soon.,,,,,,,True,False,US,,,
B0GRK93DCP,"LG 83-Inch Class OLED evo AI 4K W6 Wallpaper Series Smart TV w/Dolby Atmos, Dolby Vision, HDR10, AI Super Upscaling 4K, Filmmaker Mode, Wow Orchestra, Compatible with Alexa (OLED83W6PUA, 2026)",,,USD,,0.0,https://www.amazon.com/dp/B0GRK93DCP,https://m.media-amazon.com/images/I/71AV2nMcTeL._AC_UY654_QL65_.jpg,1.0,,False,False,False,False,,FREE delivery Sep 16 - 17Only 2 left in stock - order soon.,False,,Only 2 left in stock - order soon.,,,,,,,True,False,US,,,
B0H2BPVN7W,"Samsung 115&quot; Class Neo QLED 4K QN90F Series, Vision AI, Mini LED Smart TV (2025 Model, 115QN90F) Neo Quantum HDR+, Object Tracking Sound+ w/Dolby Atmos, Alexa Built-in (Renewed)",,,USD,,0.0,https://www.amazon.com/dp/B0H2BPVN7W,https://m.media-amazon.com/images/I/81FNpMW57wL._AC_UY654_QL65_.jpg,1.0,,False,False,False,False,,"FREE delivery Sep 16 - 18Or fastest delivery Sat, Sep 12Only 1 left in stock - order soon.",False,,Only 1 left in stock - order soon.,,,,,,,True,False,US,,,
B0FBMNLZL3,"Sony K98XR50 BRAVIA 5 98 inch Mini LED 4K HDR TV (2025) Bundle with CPS Exclusive 2 YR Protection, 2X 4K HDMI Cable &amp; Deco Gear Complete Home Theater Beginner&#x27;s Guidebook",,,USD,,0.0,https://www.amazon.com/dp/B0FBMNLZL3,https://m.media-amazon.com/images/I/61sMvP5tmYL._AC_UY654_QL65_.jpg,1.0,,False,False,False,False,,FREE delivery Sep 16 - 24Only 2 left in stock - order soon.,False,,Only 2 left in stock - order soon.,,,,,,,True,False,US,,,
B0H8J7J46N,"iFFALCON 65-Inch Class QLED 4K F75 Smart TV, Ultra-Slim 1.1&#x27;&#x27; Floating Picture Frame TV, Seamless Wall-Mount Installation | Dolby Vision IQ, 144Hz, Google TV, Alexa | Works w/Legacy Devices",699.99,885.99,USD,4.6,35.0,https://www.amazon.com/dp/B0H8J7J46N,https://m.media-amazon.com/images/I/71ftAVpL2jL._AC_UY654_QL65_.jpg,1.0,699.99,False,False,True,False,,"Join Prime to get FREE delivery Tomorrow, Sep 11Or Non-members get FREE delivery Tue, Sep 15",False,,,,,,,,,False,True,US,,,
B0GYRL2938,"55 inch Outdoor TV 4K UHD Smart Google TV, 1500 Nits IP55 Waterproof, HDR10, Dolby Vision &amp; Atmos, 178° Wide Viewing Angle, Anti Glare, Partial Sun, WiFi &amp; Bluetooth, Patio Backyard Poolside",,,USD,5.0,2.0,https://www.amazon.com/dp/B0GYRL2938,https://m.media-amazon.com/images/I/61QYrjCGNkL._AC_UY654_QL65_.jpg,2.0,,False,False,False,False,,"FREE delivery as soon as Sat, Sep 12, 10 AM - 3 PMOr fastest delivery Tomorrow, Sep 11",False,,,,,,,,,True,False,US,,,
B0G2CZQXQ6,"Titan G100 Mini 115 Inch Covered Patio Outdoor TV – 4K UHD QLED IP65 - Google OS, Dolby Vision &amp; Atmos, Onkyo Speakers - Thin Bezel - Weather Resistant - 2-Year Warranty &amp; USA Assembled",,,USD,4.0,5.0,https://www.amazon.com/dp/B0G2CZQXQ6,https://m.media-amazon.com/images/I/81trbhXzY7L._AC_UY654_QL65_.jpg,1.0,,False,False,False,True,,"FREE delivery Thu, Sep 24",False,,,"You pay $21,339.89 with coupon",,,,,,True,False,US,,,
B0FCMBVG12,Sony BRAVIA 8 II 65-Inch 4K QD OLED Smart TV (K-65XR80M2) with BRAVIA Theater Quad 16-Speaker Home Audio System (HT-A9M2),,,USD,,0.0,https://www.amazon.com/dp/B0FCMBVG12,https://m.media-amazon.com/images/I/71HtdojS+HL._AC_UY654_QL65_.jpg,1.0,,False,False,False,False,,Delivery Tomorrow by 8 PM,False,,,,,,,,,True,False,US,,,
B0CRGYSXHT,Elite Outdoor Movies | Bright Outdoor TV | All Weather (202&quot; Outdoor TV),,,USD,,0.0,https://www.amazon.com/dp/B0CRGYSXHT,https://m.media-amazon.com/images/I/41Dxr9Jv+EL._AC_UY624_QL65_.jpg,1.0,,False,False,False,True,,"FREE delivery Wed, Sep 16Or fastest delivery Mon, Sep 14Only 1 left in stock - order soon.",False,,Only 1 left in stock - order soon.,,,,,,,True,False,US,,,
B0GPLLZM6N,LED-E012i-108,,,USD,,0.0,https://www.amazon.com/dp/B0GPLLZM6N,https://m.media-amazon.com/images/I/51hcLMfqWNL._AC_UY654_QL65_.jpg,1.0,,False,False,False,False,,,False,,,,,,,,,True,False,US,,,
B0GPLGDPD4,LED-E018i-162,,,USD,,0.0,https://www.amazon.com/dp/B0GPLGDPD4,https://m.media-amazon.com/images/I/51hcLMfqWNL._AC_UY654_QL65_.jpg,1.0,,False,False,False,False,,FREE delivery Oct 19 - 21,False,,,,,,,,,True,False,US,,,
B0H8SLF22Q,"55 Inch Smart Mirror TV, 4K UHD Waterproof LED TV for Bathrooms and Hotels | webOS Televsion ATSC Tunner, Built-in Alexa, Bluetooth &amp; Wi-Fi, Magic Remote with Voice Control",,,USD,4.4,14.0,https://www.amazon.com/dp/B0H8SLF22Q,https://m.media-amazon.com/images/I/71XJw5Db1WL._AC_UY654_QL65_.jpg,1.0,,False,False,False,False,,FREE delivery Sep 22 - Oct 2Or fastest delivery Sep 17 - 21Only 9 left in stock - order soon.,False,,Only 9 left in stock - order soon.,"You pay $2,159.10 with coupon",,,,,,True,False,US,,,
B0FYFWNVKV,"55-in Outdoor TV, 4K Ultra HD Sunlight Display | IP65 Waterproof &amp; Dustproof | for Dolby Surround Sound | Includes Voice Magic Cursor Remote, Designed for Patios &amp; Terraces",,,USD,3.5,8.0,https://www.amazon.com/dp/B0FYFWNVKV,https://m.media-amazon.com/images/I/71i1LQVN9lL._AC_UY654_QL65_.jpg,1.0,,False,False,False,False,,FREE delivery Tomorrow 8 AM - 8 PM,False,,,"You pay $1,199.00 with coupon",,,,,,True,False,US,,,
B0CV9Q7C6W,"SAMSUNG 85-Inch Class QLED 8K QN800D Series Mini LED, Neo Quantum HDR Smart TV w/Dolby Atmos, Object Tracking Sound+, AI Motion Enhancer, Real Depth Enhancer Pro, Alexa Built-in (QN85QN800D, 2024)",,,USD,3.4,53.0,https://www.amazon.com/dp/B0CV9Q7C6W,https://m.media-amazon.com/images/I/71L6YdiNyLL._AC_UY654_QL65_.jpg,2.0,,False,False,False,True,,"FREE delivery as soon as Mon, Sep 14, 12 PM - 5 PMOnly 1 left in stock - order soon.",False,,Only 1 left in stock - order soon.,,,,,,,True,False,US,,,
B0H7T8MW18,"LG 83 Inch C6H Series 4K OLED evo AI Smart webOS TV Bundle | HDMI Cable, Streaming Bundle &amp; 24 Month CPS Warranty | OLED evo | AI Processor | Dolby Vision | 144Hz Gaming",,,USD,,0.0,https://www.amazon.com/dp/B0H7T8MW18,https://m.media-amazon.com/images/I/71FKJwfxs2L._AC_UY654_QL65_.jpg,1.0,,False,False,False,False,,FREE delivery Sep 17 - 22,False,,,,,,,,,True,False,US,,,
B0FCMNG4M3,"Samsung 85 inch Neo QLED 8K QN900F Vision AI Smart TV (2025) Bundle with CPS Exclusive 1-Year Protection, 2X 6Ft 4K HDMI Cable &amp; Deco Gear Complete Home Theater Beginner&#x27;s Guidebook",,,,2.8,6.0,https://www.amazon.com/dp/B0FCMNG4M3,https://m.media-amazon.com/images/I/619zwrSJb3L._AC_UY654_QL65_.jpg,1.0,,False,False,False,False,,,False,,,,,,,,,True,False,US,,,
B0HCZRLC8T,"TCL 65&quot; Designer Series Picture Frame Google Smart Art TV QLED 4K, 65A300L | Free Curated Art Library &amp; AI Art, Matte Screen, UltraSlim 1.1&quot; Depth, 144Hz, Dolby Vision, HDR, Frame &amp; Flush Mount Included",999.99,999.99,USD,4.5,2675.0,https://www.amazon.com/dp/B0HCZRLC8T,https://m.media-amazon.com/images/I/81V0W1ZvnkL._AC_UY654_QL65_.jpg,1.0,999.99,False,False,False,False,,"FREE delivery as soon as Mon, Sep 14, 12 PM - 5 PMOnly 10 left in stock - order soon.",False,,Only 10 left in stock - order soon.,,,,,,,False,False,US,,,
B0H96FNNBP,"TCL 75-Inch Designer Series QD-Mini LED TV, 4K Google Smart TV, 75A400U | Ultra-Slim Art TV with 0.12-Inch Wall Gap, 836 Dimming Zones, HDR 2500 Nits, QLED Color, 144Hz Gaming &amp; ONKYO 2.0 Audio",,,USD,4.5,1963.0,https://www.amazon.com/dp/B0H96FNNBP,https://m.media-amazon.com/images/I/71EyWFJuC+L._AC_UY654_QL65_.jpg,1.0,,False,False,False,False,,"FREE delivery as soon as Sat, Sep 12, 10 AM - 3 PMOnly 3 left in stock - order soon.",False,,Only 3 left in stock - order soon.,,,,,,,True,False,US,,,
B0FCPJWTXQ,Samsung QN75QN90FAFXZA 75 Inch Neo QLED 4K QN90F Vision AI Smart TV with a HW-Q990F Q Series Soundbar 11.1.4 Ch Subwoofer with Rear Speakers (2025),,,USD,5.0,1.0,https://www.amazon.com/dp/B0FCPJWTXQ,https://m.media-amazon.com/images/I/91oEMaB6GVL._AC_UY654_QL65_.jpg,1.0,,False,False,False,False,,,False,,,,,,,,,True,False,US,,,
B0GXZCHXJX,"HORION 32&quot; Portable Google TV with Wheels, Voice Remote, Mobile Smart TV | Portable Rollable Display with Built-in 5000mAh Battery, Voice Remote Control, Wireless Casting &amp; Height/Rotation Adjustment",559.05,599.0,USD,4.7,14.0,https://www.amazon.com/dp/B0GXZCHXJX,https://m.media-amazon.com/images/I/61VPttyjMyL._AC_UY654_QL65_.jpg,1.0,559.05,False,False,True,False,,"Join Prime to get FREE delivery Tomorrow, Sep 11Or Non-members get FREE delivery Tue, Sep 15",False,,,,,,,,,False,True,US,,,
B0DWMH8828,"TCL 85-Inch QM6K QLED 4K Smart QD-Mini LED TV with Google TV (85QM6K, 2025 Model) + S55H S Class 2.1 Channel Sound Bar with Dolby Atmos",,,USD,,0.0,https://www.amazon.com/dp/B0DWMH8828,https://m.media-amazon.com/images/I/51AWz4FRmaL._AC_UY654_QL65_.jpg,1.0,,False,False,False,False,,"Delivery Tomorrow, Sep 11",False,,,,,,,,,True,False,US,,,
B0DZ75TN5F,"Apple iPad 11-inch: A16 chip, 11-inch Model, Liquid Retina Display, 128GB, Wi-Fi 6, 12MP Front/12MP Back Camera, Touch ID, All-Day Battery Life — Blue EPEAT",427.0,449.0,USD,4.7,28421.0,https://www.amazon.com/dp/B0DZ75TN5F,https://m.media-amazon.com/images/I/61aPY8odPSL._AC_UY654_QL65_.jpg,7.0,389.93,False,False,True,True,10K+ bought in past month,"Join Prime to get FREE delivery Today 7 AM - 11 AMOr Non-members get FREE delivery Tue, Sep 15",True,,,,,,,,,False,True,US,,,
B0DZ77D5HL,"Apple iPad 11-inch: A16 chip, 11-inch Model, Liquid Retina Display, 128GB, Wi-Fi 6, 12MP Front/12MP Back Camera, Touch ID, All-Day Battery Life — Silver EPEAT",427.0,449.0,USD,4.7,28421.0,https://www.amazon.com/dp/B0DZ77D5HL,https://m.media-amazon.com/images/I/61Q-vahOT9L._AC_UY654_QL65_.jpg,1.0,427.0,False,False,True,True,10K+ bought in past month,"Join Prime to get FREE delivery Today 7 AM - 11 AMOr Non-members get FREE delivery Tue, Sep 15",True,,,,,,,,,False,True,US,,,
B0DZ7871B8,"Apple iPad 11-inch: A16 chip, 11-inch Model, Liquid Retina Display, 128GB, Wi-Fi 6, 12MP Front/12MP Back Camera, Touch ID, All-Day Battery Life — Pink EPEAT",427.0,449.0,USD,4.7,28421.0,https://www.amazon.com/dp/B0DZ7871B8,https://m.media-amazon.com/images/I/61F0JkimwfL._AC_UY654_QL65_.jpg,6.0,401.84,False,False,True,True,10K+ bought in past month,"Join Prime to get FREE delivery Today 7 AM - 11 AMOr Non-members get FREE delivery Tue, Sep 15",True,,,,,,,,,False,True,US,,,
B0DZ751XN6,"Apple iPad 11-inch: A16 chip, 11-inch Model, Liquid Retina Display, 128GB, Wi-Fi 6, 12MP Front/12MP Back Camera, Touch ID, All-Day Battery Life — Yellow EPEAT",427.0,449.0,USD,4.7,28421.0,https://www.amazon.com/dp/B0DZ751XN6,https://m.media-amazon.com/images/I/61TKpa5A6EL._AC_UY654_QL65_.jpg,7.0,401.38,False,False,True,True,7K+ bought in past month,"Join Prime to get FREE delivery Today 7 AM - 11 AMOr Non-members get FREE delivery Tue, Sep 15",True,,,,,,,,,False,True,US,,,
B0FWD1MS82,"Apple iPad Pro 13-inch (M5): Ultra Retina XDR Display, 256GB, Landscape 12MP Front Camera/12MP Back Camera, LiDAR Scanner, Wi-Fi 7 with Apple N1, Face ID, All-Day Battery Life — Space Black EPEAT",,,USD,4.7,772.0,https://www.amazon.com/dp/B0FWD1MS82,https://m.media-amazon.com/images/I/71W1m-Bj9sL._AC_UY654_QL65_.jpg,5.0,,False,False,True,True,1K+ bought in past month,"Join Prime to get FREE delivery Tomorrow, Sep 11Or Non-members get FREE delivery Tue, Sep 15",True,,,,,,,,,True,False,US,,,
B0FWD1K669,"Apple iPad Pro 11-inch (M5): Ultra Retina XDR Display, 256GB, Landscape 12MP Front Camera/12MP Back Camera, LiDAR Scanner, Wi-Fi 7 with Apple N1, Face ID, All-Day Battery Life — Silver EPEAT",,,USD,4.7,654.0,https://www.amazon.com/dp/B0FWD1K669,https://m.media-amazon.com/images/I/61OExjvn1+L._AC_UY654_QL65_.jpg,1.0,,False,False,True,True,500+ bought in past month,"Join Prime to get FREE delivery Today 5 PM - 10 PMOr Non-members get FREE delivery Tue, Sep 15",True,,,,,,,,,True,False,US,,,
B09HK12K5M,"Apple iPad 2021 (10.2-inch, Wi-Fi, 64GB) - Space Gray (Renewed)",175.0,175.0,USD,4.3,4777.0,https://www.amazon.com/dp/B09HK12K5M,https://m.media-amazon.com/images/I/51xY8slj3XL._AC_UY654_QL65_.jpg,65.0,149.0,False,False,True,False,10K+ bought in past month,"Join Prime to get FREE delivery Today 5 PM - 10 PMOr Non-members get FREE delivery Tue, Sep 15",True,,,,,,,,,False,False,US,,,
B0DZ773FRV,"Apple iPad 11-inch: A16 chip, 11-inch Model, Liquid Retina Display, 256GB, Wi-Fi 6, 12MP Front/12MP Back Camera, Touch ID, All-Day Battery Life — Silver EPEAT",522.0,549.0,USD,4.7,28421.0,https://www.amazon.com/dp/B0DZ773FRV,https://m.media-amazon.com/images/I/61Q-vahOT9L._AC_UY654_QL65_.jpg,6.0,495.9,False,False,True,True,4K+ bought in past month,"Join Prime to get FREE delivery Tomorrow, Sep 11Or Non-members get FREE delivery Tue, Sep 15",True,,,,,,,,,False,True,US,,,
B0GQVFP39T,"Apple iPad Air 13-inch (M4): Liquid Retina Display, 128GB, 12MP Front/Back Camera, Wi-Fi 7 with Apple N1, Touch ID, All-Day Battery Life — Starlight",902.0,949.0,USD,4.6,398.0,https://www.amazon.com/dp/B0GQVFP39T,https://m.media-amazon.com/images/I/71aBVV+i+nL._AC_UY654_QL65_.jpg,1.0,902.0,False,False,True,False,300+ bought in past month,"Join Prime to get FREE delivery Today 7 AM - 11 AMOr Non-members get FREE delivery Tue, Sep 15",True,,,,,,,,,False,True,US,,,
B083C567C3,"Apple 2019 iPad 7th Gen (10.2-inch, Wi-Fi, 32GB) Silver (Renewed)",101.97,101.97,USD,4.1,15930.0,https://www.amazon.com/dp/B083C567C3,https://m.media-amazon.com/images/I/511H3wbgsYL._AC_UY654_QL65_.jpg,64.0,81.0,False,False,True,False,6K+ bought in past month,"Join Prime to get FREE delivery Today 5 PM - 10 PMOr Non-members get FREE delivery Tue, Sep 15",True,,,,,,,,,False,False,US,,,
B0GQV9W97Q,"Apple iPad Air 11-inch (M4): Liquid Retina Display, 128GB, 12MP Front/Back Camera, Wi-Fi 7 with Apple N1, Touch ID, All-Day Battery Life — Purple",729.0,729.0,USD,4.8,748.0,https://www.amazon.com/dp/B0GQV9W97Q,https://m.media-amazon.com/images/I/71hEv3IJm4L._AC_UY654_QL65_.jpg,7.0,670.68,False,False,True,False,1K+ bought in past month,"Join Prime to get FREE delivery Tomorrow, Sep 11Or Non-members get FREE delivery Tue, Sep 15Only 18 left in stock - order soon.",True,,Only 18 left in stock - order soon.,,,,,,,False,False,US,,,
B0DK3YF38G,"Apple iPad mini (A17 Pro): Apple Intelligence, 8.3-inch Liquid Retina Display, 128GB, Wi-Fi 6E, 12MP Front/12MP Back Camera, Touch ID, All-Day Battery Life — Blue EPEAT",574.0,574.0,USD,4.7,3338.0,https://www.amazon.com/dp/B0DK3YF38G,https://m.media-amazon.com/images/I/71yhrd0k2UL._AC_UY654_QL65_.jpg,7.0,281.26,False,False,True,True,300+ bought in past month,"Join Prime to get FREE delivery Today 7 AM - 11 AMOr Non-members get FREE delivery Tue, Sep 15",True,,,,,,,,,False,False,US,,,
B08KWJW3DV,"Apple iPad 2020 (10.2-inch, Wi-Fi, 32GB) - Space Gray (Renewed)",119.0,119.0,USD,4.2,9279.0,https://www.amazon.com/dp/B08KWJW3DV,https://m.media-amazon.com/images/I/71KlwCsb7nL._AC_UY654_QL65_.jpg,66.0,95.79,False,False,True,False,2K+ bought in past month,"Join Prime to get FREE delivery Today 5 PM - 10 PMOr Non-members get FREE delivery Tue, Sep 15",True,,,,,,,,,False,False,US,,,
B0B542Y6R1,"Apple Early 2022 iPad Air, 10.9-inch, Wi Fi, 64GB, Purple (Renewed)",328.57,328.57,USD,4.1,1233.0,https://www.amazon.com/dp/B0B542Y6R1,https://m.media-amazon.com/images/I/61r4e3+GL6L._AC_UY654_QL65_.jpg,5.0,295.17,False,False,True,False,300+ bought in past month,"Join Prime to get FREE delivery Today 5 PM - 10 PMOr Non-members get FREE delivery Tue, Sep 15",True,,,,,,,,,False,False,US,,,
B0B3W115RT,"Apple 2022 iPad Air (10.9-inch, Wi-Fi, 64GB) - Starlight (Renewed)",314.19,314.19,USD,4.1,1233.0,https://www.amazon.com/dp/B0B3W115RT,https://m.media-amazon.com/images/I/61-3k7FKQRL._AC_UY654_QL65_.jpg,4.0,311.0,False,False,True,False,300+ bought in past month,"Join Prime to get FREE delivery Today 5 PM - 10 PMOr Non-members get FREE delivery Tue, Sep 15",True,,,,,,,,,False,False,US,,,
B0BS79FN1M,"Apple 2022 iPad Air 10.9-inch, Wi-Fi, 64GB - Pink (Renewed)",349.0,349.0,USD,4.1,1233.0,https://www.amazon.com/dp/B0BS79FN1M,https://m.media-amazon.com/images/I/61lv79X8rsL._AC_UY654_QL65_.jpg,1.0,349.0,False,False,True,False,100+ bought in past month,"Join Prime to get FREE delivery Today 5 PM - 10 PMOr Non-members get FREE delivery Tue, Sep 15",True,,,,,,,,,False,False,US,,,
B08KZ8GXK8,"Apple iPad (10.2-inch, Wi-Fi, 32GB) - Silver (Latest Model, 8th Generation) (Renewed)",119.97,119.97,USD,4.2,9279.0,https://www.amazon.com/dp/B08KZ8GXK8,https://m.media-amazon.com/images/I/71iCq-5H5OL._AC_UY654_QL65_.jpg,58.0,101.5,False,False,True,False,5K+ bought in past month,"Join Prime to get FREE delivery Today 5 PM - 10 PMOr Non-members get FREE delivery Tue, Sep 15",True,,,,,,,,,False,False,US,,,
B08264XHCZ,"Apple iPad, 10.2-Inch, Wi-Fi, 32GB, Space Gray (Renewed)",99.0,99.0,USD,4.1,15930.0,https://www.amazon.com/dp/B08264XHCZ,https://m.media-amazon.com/images/I/81IjVvOXGdL._AC_UY654_QL65_.jpg,87.0,85.0,False,False,True,False,5K+ bought in past month,"Join Prime to get FREE delivery Tomorrow, Sep 11Or Non-members get FREE delivery Tue, Sep 15",True,,,,,,,,,False,False,US,,,
B09HV3D2SX,"Apple 2021 iPad 10.2-inch, Wi-Fi, 64GB, Silver (Renewed)",177.0,177.0,USD,4.3,4777.0,https://www.amazon.com/dp/B09HV3D2SX,https://m.media-amazon.com/images/I/61tKLo7VjQL._AC_UY654_QL65_.jpg,36.0,136.0,False,False,False,False,2K+ bought in past month,"FREE delivery Sat, Sep 12",True,,,,,,,,,False,False,US,,,
B0C21T1P58,"Apple 2021 iPad (10.2 inch, Wi-Fi, 64GB) - Space Gray (Renewed Premium)",199.0,199.0,USD,4.2,777.0,https://www.amazon.com/dp/B0C21T1P58,https://m.media-amazon.com/images/I/51sFFn27oVL._AC_UY654_QL65_.jpg,8.0,189.05,False,False,True,False,1K+ bought in past month,"Join Prime to get FREE delivery Tomorrow, Sep 11Or Non-members get FREE delivery Tue, Sep 15",True,,,,,,,,,False,False,US,,,
B09J41TQT7,"Apple 2021 iPad (10.2-inch, Wi-Fi, 256GB) - Space Gray (Renewed)",272.0,272.0,USD,4.3,4777.0,https://www.amazon.com/dp/B09J41TQT7,https://m.media-amazon.com/images/I/51xY8slj3XL._AC_UY654_QL65_.jpg,10.0,199.99,False,False,True,False,1K+ bought in past month,"Join Prime to get FREE delivery Tomorrow, Sep 11Or Non-members get FREE delivery Tue, Sep 15",True,,,,,,,,,False,False,US,,,
B08264XDKC,"Apple 2019 iPad 10.2-inch, Wi-Fi, 128GB - Space Gray (Renewed)",145.0,145.0,USD,4.1,15930.0,https://www.amazon.com/dp/B08264XDKC,https://m.media-amazon.com/images/I/81IjVvOXGdL._AC_UY654_QL65_.jpg,37.0,114.0,False,False,True,False,2K+ bought in past month,"Join Prime to get FREE delivery Today 5 PM - 10 PMOr Non-members get FREE delivery Tue, Sep 15",True,,,,,,,,,False,False,US,,,
B0BTRBB1DP,"Apple 2022 iPad 10.9-inch, Wi-Fi, 64GB - Blue (Renewed)",325.99,325.99,USD,4.5,1272.0,https://www.amazon.com/dp/B0BTRBB1DP,https://m.media-amazon.com/images/I/61uA2UVnYWL._AC_UY654_QL65_.jpg,9.0,254.0,False,False,False,False,500+ bought in past month,"FREE delivery Tomorrow, Sep 11Only 18 left in stock - order soon.",True,,Only 18 left in stock - order soon.,,,,,,,False,False,US,,,
B0BNCKSJVY,"Apple 2022 iPad Pro (12.9-inch, Wi-Fi, 256GB) - Space Gray (Renewed)",621.35,621.35,USD,4.0,324.0,https://www.amazon.com/dp/B0BNCKSJVY,https://m.media-amazon.com/images/I/71S8HejJlQL._AC_UY654_QL65_.jpg,6.0,559.85,False,False,False,False,200+ bought in past month,"FREE delivery Sep 14 - 16Or fastest delivery Tomorrow, Sep 11Only 1 left in stock - order soon.",True,,Only 1 left in stock - order soon.,,,,,,,False,False,US,,,
B0F4ZST2QT,"Apple 2025 iPad 11-inch (Wi-Fi, 128GB) - Silver (Renewed)",385.25,427.0,USD,4.7,282.0,https://www.amazon.com/dp/B0F4ZST2QT,https://m.media-amazon.com/images/I/51Qwz7CNMqL._AC_UY654_QL65_.jpg,16.0,367.68,False,False,False,False,200+ bought in past month,"FREE delivery Tomorrow, Sep 11",True,,,,,,,,,False,True,US,,,
B07G9MSGML,"Apple 9.7in iPad (Early 2018, 32GB, Wi-Fi Only, Silver) MR7G2LL/A (Renewed)",80.0,84.0,USD,4.3,12643.0,https://www.amazon.com/dp/B07G9MSGML,https://m.media-amazon.com/images/I/71wFzXmkGpL._AC_UY654_QL65_.jpg,32.0,78.19,False,False,False,False,1K+ bought in past month,"FREE delivery Sat, Sep 12Or fastest delivery Tomorrow, Sep 11",True,,,,,,,,,False,True,US,,,
B0D3J7314P,"Apple iPad Air 11-inch (M2): Built for Apple Intelligence, Liquid Retina Display, 512GB, 12MP Front/Back Camera, Wi-Fi 6E + 5G Cellular, Touch ID, All-Day Battery Life — Starlight EPEAT",749.0,749.0,USD,4.6,229.0,https://www.amazon.com/dp/B0D3J7314P,https://m.media-amazon.com/images/I/71YQ09IrbeL._AC_UY654_QL65_.jpg,1.0,749.0,False,False,True,True,,"Join Prime to get FREE delivery Tomorrow, Sep 11Or Non-members get FREE delivery Tue, Sep 15",True,,,,,,,,,False,False,US,,,
B096R8S5L4,"Apple 2021 iPad Pro (12.9-inch, Wi‐Fi, 128GB) - Space Gray (Renewed)",472.0,499.0,USD,4.2,1508.0,https://www.amazon.com/dp/B096R8S5L4,https://m.media-amazon.com/images/I/81nmWyBkKhL._AC_UY654_QL65_.jpg,7.0,434.99,False,False,False,False,50+ bought in past month,"FREE delivery Sat, Sep 12Or fastest delivery Tomorrow, Sep 11",True,,,,,,,,,False,True,US,,,
B0D4XN4BSJ,"Apple 2024 iPad Air, 11-inch, Wi-Fi, 128GB - Starlight (Renewed)",459.95,459.95,USD,4.3,208.0,https://www.amazon.com/dp/B0D4XN4BSJ,https://m.media-amazon.com/images/I/71YQ09IrbeL._AC_UY654_QL65_.jpg,4.0,458.95,False,False,False,False,100+ bought in past month,"FREE delivery Tomorrow, Sep 11",True,,,,,,,,,False,False,US,,,
B0GHL72XBM,"Apple iPad Pro (M5, 13-inch, 2025), 512GB, Wi-Fi + Cellular, Silver (Renewed Premium)",,,USD,3.4,8.0,https://www.amazon.com/dp/B0GHL72XBM,https://m.media-amazon.com/images/I/61opnmA1EnL._AC_UY654_QL65_.jpg,1.0,,False,False,False,False,,"FREE delivery Sat, Sep 12Or fastest delivery Tomorrow, Sep 11Only 13 left in stock - order soon.",True,,Only 13 left in stock - order soon.,Save 5% with coupon,,,,,,True,False,US,,,
B0GVTPKJVT,"Amazon Fire HD 10 tablet, built for relaxation, 10.1&quot; vibrant Full HD screen, octa-core processor, 4 GB RAM, 32 GB, Black",76.99,154.99,USD,4.5,44201.0,https://www.amazon.com/dp/B0GVTPKJVT,https://m.media-amazon.com/images/I/71ZvPIpKktL._AC_UY654_QL65_.jpg,1.0,76.99,False,False,True,False,10K+ bought in past month,"Join Prime to get FREE delivery Today 7 AM - 11 AMOr Non-members get FREE delivery Tue, Sep 15",True,Limited time deal,,,,,,,,False,True,US,,,
B0D3J776JL,"Apple iPad Pro 13-Inch (M4): Built for Apple Intelligence, Ultra Retina XDR Display, 512GB, 12MP Front/Back Camera, LiDAR Scanner, Wi-Fi 6E, Face ID, All-Day Battery Life — Space Black EPEAT",,,USD,4.8,1415.0,https://www.amazon.com/dp/B0D3J776JL,https://m.media-amazon.com/images/I/7147JzEtrqL._AC_UY654_QL65_.jpg,1.0,,False,False,True,True,100+ bought in past month,"Join Prime to get FREE delivery Tomorrow, Sep 11Or Non-members get FREE delivery Tue, Sep 15",True,Save 13%,,,,,,,,True,False,US,,,
B09MJDRH88,"Apple 2021 iPad Mini 6 (8.3 inch, Wi-Fi + Cellular, 64GB) Space Gray (Renewed)",335.0,507.13,USD,4.3,585.0,https://www.amazon.com/dp/B09MJDRH88,https://m.media-amazon.com/images/I/61hsZOUQ3NL._AC_UY654_QL65_.jpg,15.0,283.2,False,False,False,False,200+ bought in past month,"FREE delivery Sat, Sep 12Only 7 left in stock - order soon.",True,,Only 7 left in stock - order soon.,,,,,,,False,True,US,,,
B0BJLCWFNM,"Apple iPad (10th Generation): with A14 Bionic chip, 10.9-inch Liquid Retina Display, 64GB, Wi-Fi 6, 12MP front/12MP Back Camera, Touch ID, All-Day Battery Life – Silver EPEAT",449.0,449.0,USD,4.8,34499.0,https://www.amazon.com/dp/B0BJLCWFNM,https://m.media-amazon.com/images/I/61goypdjAYL._AC_UY654_QL65_.jpg,3.0,349.52,False,False,False,True,100+ bought in past month,"FREE delivery Sat, Sep 12Or fastest delivery Tomorrow, Sep 11",True,,,,,,,,,False,False,US,,,
B08NQ1S3BY,"Apple iPad Air (10.9-inch, Wi-Fi + Cellular, 64GB) - Space Gray (Latest Model, 4th Generation) (Renewed)",279.0,279.0,USD,4.2,912.0,https://www.amazon.com/dp/B08NQ1S3BY,https://m.media-amazon.com/images/I/71CgkgmhotL._AC_UY654_QL65_.jpg,2.0,267.27,False,False,False,False,200+ bought in past month,FREE delivery Sep 27 - Oct 13Or fastest delivery Sep 27 - Oct 11,True,,,,,,,,,False,False,US,,,
B0F63BHVWS,"Apple iPad Air, 2025 with M3 Chip (11-inch, Wi-Fi, 128GB) - Purple (Renewed)",589.0,589.0,USD,4.5,154.0,https://www.amazon.com/dp/B0F63BHVWS,https://m.media-amazon.com/images/I/71b-vc2xzlL._AC_UY654_QL65_.jpg,1.0,589.0,False,False,False,False,100+ bought in past month,"FREE delivery Tue, Sep 15",True,,,,,,,,,False,False,US,,,
B0D4XCLY9X,"Apple iPad Pro 2024 (13-inch, Wi-Fi, 256GB) - Space Black (Renewed)",989.01,989.01,USD,4.5,257.0,https://www.amazon.com/dp/B0D4XCLY9X,https://m.media-amazon.com/images/I/713PFZlYruL._AC_UY654_QL65_.jpg,1.0,940.49,False,False,False,False,50+ bought in past month,"FREE delivery Thu, Sep 17Only 2 left in stock - order soon.",True,,Only 2 left in stock - order soon.,,,,,,,False,False,US,,,
B0F76MTKYK,"2025 Apple iPad, (11-inch, Wi-Fi, 128GB) Silver (Renewed Premium)",409.99,409.99,USD,4.7,312.0,https://www.amazon.com/dp/B0F76MTKYK,https://m.media-amazon.com/images/I/515bENrrk-L._AC_UY654_QL65_.jpg,1.0,409.99,False,False,True,False,100+ bought in past month,"Join Prime to get FREE delivery Tomorrow, Sep 11Or Non-members get FREE delivery Tue, Sep 15",True,,,,,,,,,False,False,US,,,
B08FMRY1S5,"Apple 2020 iPad Pro 12.9-inch, Wi-Fi + Cellular, 128GB - Space Gray (Renewed)",429.95,429.95,USD,4.4,929.0,https://www.amazon.com/dp/B08FMRY1S5,https://m.media-amazon.com/images/I/715JrwmEuOL._AC_UY654_QL65_.jpg,1.0,429.95,False,False,False,False,,"FREE delivery Mon, Sep 14Only 1 left in stock - order soon.",True,,Only 1 left in stock - order soon.,,,,,,,False,False,US,,,
B0BTRKG8YT,"2022 Apple iPad Pro (11-inch, Wi-Fi + Cellular, 256GB) - Space Gray (Renewed)",643.0,643.0,USD,4.5,28.0,https://www.amazon.com/dp/B0BTRKG8YT,https://m.media-amazon.com/images/I/61d5vYSlbIL._AC_UY654_QL65_.jpg,7.0,586.95,False,False,False,False,,"FREE delivery Sat, Sep 12Or fastest delivery Tomorrow, Sep 11Only 1 left in stock - order soon.",False,,Only 1 left in stock - order soon.,,,,,,,False,False,US,,,
B0D4XCZZ5B,"Apple iPad Pro 2024 (11-inch, Wi-Fi, 256GB) - Space Black (Renewed)",849.0,849.0,USD,4.4,110.0,https://www.amazon.com/dp/B0D4XCZZ5B,https://m.media-amazon.com/images/I/61QJt-l5vgL._AC_UY654_QL65_.jpg,3.0,749.99,False,False,False,False,50+ bought in past month,"FREE delivery Sat, Sep 12Or fastest delivery Tomorrow, Sep 11Only 4 left in stock - order soon.",True,,Only 4 left in stock - order soon.,,,,,,,False,False,US,,,
B08C1C6S5K,"2020 Apple iPad Pro (12.9-inch, Wi-Fi, 256GB) - Space Gray (Renewed)",434.95,434.95,USD,4.4,783.0,https://www.amazon.com/dp/B08C1C6S5K,https://m.media-amazon.com/images/I/81SGb5l+lZL._AC_UY654_QL65_.jpg,3.0,399.99,False,False,False,False,200+ bought in past month,"FREE delivery Tomorrow, Sep 11Only 13 left in stock - order soon.",True,,Only 13 left in stock - order soon.,,,,,,,False,False,US,,,
B0D3J71MS9,"Apple iPad Pro 13-Inch (M4): Built for Apple Intelligence, Ultra Retina XDR Display, 1TB, 12MP Front/Back Camera, LiDAR Scanner, Wi-Fi 6E, Face ID, All-Day Battery Life — Silver EPEAT",,,USD,4.5,52.0,https://www.amazon.com/dp/B0D3J71MS9,https://m.media-amazon.com/images/I/71YbWlh0P8L._AC_UY654_QL65_.jpg,1.0,,False,False,True,True,,"Join Prime to get FREE delivery Tomorrow, Sep 11Or Non-members get FREE delivery Tue, Sep 15",False,Save 11%,,,,,,,,True,False,US,,,
B07Q4F7Q9C,"Apple 2018 iPad Pro 12.9-inch, Wi-Fi, 64GB - Space Gray (Renewed)",298.68,298.68,USD,4.4,2410.0,https://www.amazon.com/dp/B07Q4F7Q9C,https://m.media-amazon.com/images/I/61V2Jf5q2RL._AC_UY654_QL65_.jpg,6.0,269.85,False,False,False,False,100+ bought in past month,"FREE delivery Tomorrow, Sep 11Only 8 left in stock - order soon.",True,,Only 8 left in stock - order soon.,,,,,,,False,False,US,,,
B0D3J9KW8F,"Apple iPad Pro 13-Inch (M4): Built for Apple Intelligence, Ultra Retina XDR Display - Nano-Texture Glass, 2TB, 12MP Front/Back Camera, LiDAR Scanner, Wi-Fi 6E + 5G Cellular, Face ID — Space Black EPEAT",,,USD,4.4,25.0,https://www.amazon.com/dp/B0D3J9KW8F,https://m.media-amazon.com/images/I/719U7raGViL._AC_UY654_QL65_.jpg,1.0,,False,False,True,True,,"Join Prime to get FREE delivery Tomorrow, Sep 11Or Non-members get FREE delivery Tue, Sep 15",False,Save 9%,,,,,,,,True,False,US,,,
B0BTRXGMBN,"Apple 2022 iPad Pro 11-inch, Wi-Fi, 256GB, Space Gray (Renewed)",606.0,606.0,USD,4.3,261.0,https://www.amazon.com/dp/B0BTRXGMBN,https://m.media-amazon.com/images/I/71kLI2J16IL._AC_UY654_QL65_.jpg,4.0,539.99,False,False,False,False,50+ bought in past month,"FREE delivery Sat, Sep 12Or fastest delivery Tomorrow, Sep 11Only 2 left in stock - order soon.",True,,Only 2 left in stock - order soon.,,,,,,,False,False,US,,,
B084BWX2SF,"Apple 2019 iPad 7th Gen (10.2-inch, Wi-Fi + Cellular, 128GB) Space Gray (Renewed)",159.0,159.0,USD,4.2,499.0,https://www.amazon.com/dp/B084BWX2SF,https://m.media-amazon.com/images/I/41Uj2NomCRL._AC_UY654_QL65_.jpg,24.0,115.2,False,False,True,False,200+ bought in past month,"Join Prime to get FREE delivery Tomorrow, Sep 11Or Non-members get FREE delivery Tue, Sep 15",False,,,,,,,,,False,False,US,,,
B07QT8RTV2,"Apple iPad Pro (11-inch, Wi-Fi, 64GB) - Space Gray (2018) (Renewed)",265.0,265.0,USD,4.3,3054.0,https://www.amazon.com/dp/B07QT8RTV2,https://m.media-amazon.com/images/I/613kDELM0LL._AC_UY654_QL65_.jpg,2.0,234.99,False,False,False,False,100+ bought in past month,"FREE delivery Sat, Sep 12",True,,,,,,,,,False,False,US,,,
B0CGZ43JM3,"Apple 2022 iPad Pro, 12.9-inch, Wi-Fi + Cellular, 256GB, Space Gray (Renewed Premium)",615.87,649.0,USD,4.0,33.0,https://www.amazon.com/dp/B0CGZ43JM3,https://m.media-amazon.com/images/I/71v4vbZo5yL._AC_UY654_QL65_.jpg,1.0,615.87,False,False,False,False,,"FREE delivery Sat, Sep 12Or fastest delivery Tomorrow, Sep 11Only 1 left in stock - order soon.",True,,Only 1 left in stock - order soon.,,,,,,,False,True,US,,,
B0BFC5BF8H,"Apple 2020 iPad 10.2-inch, WiFi, 32GB - Silver (Renewed Premium)",135.99,135.99,USD,4.3,384.0,https://www.amazon.com/dp/B0BFC5BF8H,https://m.media-amazon.com/images/I/71TfIH7I1oL._AC_UY654_QL65_.jpg,7.0,132.05,False,False,True,False,500+ bought in past month,"Join Prime to get FREE delivery Sat, Sep 12Or Non-members get FREE delivery Tue, Sep 15",True,,,,,,,,,False,False,US,,,
B0D3J85MZM,"Apple iPad Pro 13-Inch (M4): Built for Apple Intelligence, Ultra Retina XDR Display - Nano-Texture Glass, 2TB, 12MP Front/Back Camera, LiDAR Scanner, Wi-Fi 6E, Face ID, All-Day Battery Life — Silver EPEAT",,,,5.0,12.0,https://www.amazon.com/dp/B0D3J85MZM,https://m.media-amazon.com/images/I/71YbWlh0P8L._AC_UY654_QL65_.jpg,1.0,,False,False,False,True,,,False,,,,,,,,,True,False,US,,,
B0CMYVHC7D,"Apple 2022 iPad Pro 6th Gen (12.9-inch, Wi-Fi, 256GB) - Space Gray (Renewed Premium)",780.43,780.43,USD,4.3,107.0,https://www.amazon.com/dp/B0CMYVHC7D,https://m.media-amazon.com/images/I/718rVBWPPoL._AC_UY654_QL65_.jpg,2.0,545.0,False,False,False,False,,FREE delivery Sep 25 - Oct 10Or fastest delivery Sep 25 - Oct 8,True,,,,,,,,,False,False,US,,,
B0BFC1JQX9,"Apple 2019 iPad (10.2-inch, Wi-Fi, 32GB) - Space Gray (Renewed Premium)",104.0,104.0,USD,4.2,667.0,https://www.amazon.com/dp/B0BFC1JQX9,https://m.media-amazon.com/images/I/61m8rRc8RfL._AC_UY654_QL65_.jpg,11.0,95.76,False,False,True,False,500+ bought in past month,"Join Prime to get FREE delivery Tomorrow, Sep 11Or Non-members get FREE delivery Tue, Sep 15",True,,,,,,,,,False,False,US,,,
B07VMB5L3C,"Apple iPad Air (10.5-inch, Wi-Fi, 64GB) Space Gray (Renewed)",159.0,159.0,USD,4.3,3007.0,https://www.amazon.com/dp/B07VMB5L3C,https://m.media-amazon.com/images/I/61ndZOFr+uL._AC_UY654_QL65_.jpg,5.0,117.99,False,False,False,False,200+ bought in past month,"FREE delivery Tomorrow, Sep 11",True,,,,,,,,,False,False,US,,,
B0BFC24JZC,"Apple 2020 iPad Air (10.9-inch, Wi-Fi, 64GB) Green (Renewed Premium)",269.0,269.0,USD,4.4,249.0,https://www.amazon.com/dp/B0BFC24JZC,https://m.media-amazon.com/images/I/714ottwzRWL._AC_UY654_QL65_.jpg,1.0,269.0,False,False,False,False,,"FREE delivery Sat, Sep 12Only 2 left in stock - order soon.",True,,Only 2 left in stock - order soon.,,,,,,,False,False,US,,,
B09G9FPHY6,"Apple iPad (9th Generation): with A13 Bionic chip, 10.2-inch Retina Display, 64GB, Wi-Fi, 12MP front/8MP Back Camera, Touch ID, All-Day Battery Life – Space Gray EPEAT",256.74,256.74,USD,4.8,75680.0,https://www.amazon.com/dp/B09G9FPHY6,https://m.media-amazon.com/images/I/61NGnpjoRDL._AC_UY654_QL65_.jpg,7.0,256.74,False,False,False,True,100+ bought in past month,,True,,,,,,,,,False,False,US,,,
B0F52SK1SH,"Apple 2025 iPad Air 13-inch, Wi-Fi, 128GB - Space Gray (Renewed)",659.99,659.99,USD,4.6,91.0,https://www.amazon.com/dp/B0F52SK1SH,https://m.media-amazon.com/images/I/71H57HJ9k8L._AC_UY654_QL65_.jpg,1.0,659.99,False,False,False,False,,"FREE delivery Sep 17 - 23Or fastest delivery Fri, Sep 18Only 1 left in stock - order soon.",True,,Only 1 left in stock - order soon.,,,,,,,False,False,US,,,
B078J5K6MD,"Apple 2017 iPad (9.7-inch, WiFi + Cellular, 32GB) - Space Gray (Renewed)",88.8,88.8,USD,4.4,1886.0,https://www.amazon.com/dp/B078J5K6MD,https://m.media-amazon.com/images/I/61zX6N-icvL._AC_UY654_QL65_.jpg,13.0,72.0,False,False,True,False,100+ bought in past month,"Join Prime to get FREE delivery Today 5 PM - 10 PMOr Non-members get FREE delivery Tue, Sep 15",False,,,,,,,,,False,False,US,,,
B08B2VRMGY,"Apple 2020 iPad Pro 2nd Gen 11 inch, Wi-Fi, 128GB Silver (Renewed)",379.95,379.95,USD,4.4,1908.0,https://www.amazon.com/dp/B08B2VRMGY,https://m.media-amazon.com/images/I/71FmP3hAiuL._AC_UY654_QL65_.jpg,7.0,340.0,False,False,False,False,,"FREE delivery Tomorrow, Sep 11",True,,,,,,,,,False,False,US,,,
B07BKBB4N5,"Apple iPad (5thGEneration) Wi-Fi, 128GB - Space Gray (Renewed)",104.68,110.0,USD,4.4,4201.0,https://www.amazon.com/dp/B07BKBB4N5,https://m.media-amazon.com/images/I/61tXGDBq-VL._AC_UY654_QL65_.jpg,14.0,88.0,False,False,False,False,200+ bought in past month,"FREE delivery Tue, Sep 15Only 1 left in stock - order soon.",False,,Only 1 left in stock - order soon.,,,,,,,False,True,US,,,
B0CKS7LD9N,"Apple 2022 iPad Pro, 11-inch, WiFi, 128GB, Space Gray (Renewed Premium)",702.47,702.47,USD,4.4,58.0,https://www.amazon.com/dp/B0CKS7LD9N,https://m.media-amazon.com/images/I/81gC7frRJyL._AC_UY654_QL65_.jpg,1.0,702.47,False,False,True,False,,"Join Prime to get FREE delivery Today 5 PM - 10 PMOr Non-members get FREE delivery Tue, Sep 15",True,,,,,,,,,False,False,US,,,
B0D3J6RTCT,"Apple iPad Air 13-inch (M2): Built for Apple Intelligence, Liquid Retina Display, 128GB, 12MP Front/Back Camera, Wi-Fi 6E, Touch ID, All-Day Battery Life — Starlight EPEAT",749.0,749.0,USD,4.7,1222.0,https://www.amazon.com/dp/B0D3J6RTCT,https://m.media-amazon.com/images/I/71uujdOqQeL._AC_UY654_QL65_.jpg,1.0,749.0,False,False,False,True,50+ bought in past month,FREE delivery Sep 20 - 23Or fastest delivery Sep 20 - 21,True,,,,,,,,,False,False,US,,,
B0BTV82GVD,"Apple 2022 iPad Pro, 12.9-inch, 128GB - Space Gray (Renewed)",609.95,609.95,USD,4.5,140.0,https://www.amazon.com/dp/B0BTV82GVD,https://m.media-amazon.com/images/I/81c+9BOQNWL._AC_UY654_QL65_.jpg,4.0,509.85,False,False,False,False,200+ bought in past month,"FREE delivery Fri, Sep 18Or fastest delivery Tomorrow, Sep 11",False,,,,,,,,,False,False,US,,,
B07XZJW2Z6,"Apple iPad mini 5th Generation (Wi-Fi + Cellular, 64GB) - Silver (Renewed)",183.99,199.99,USD,4.2,979.0,https://www.amazon.com/dp/B07XZJW2Z6,https://m.media-amazon.com/images/I/71zAbaUBNgL._AC_UY654_QL65_.jpg,16.0,179.94,False,False,True,False,400+ bought in past month,"Join Prime to get FREE delivery Tomorrow, Sep 11Or Non-members get FREE delivery Tue, Sep 15",True,,,,,,,,,False,True,US,,,
B0GRC7S9BX,"Apple iPad Pro 11-inch (M5): Ultra Retina XDR Display, 512GB, 12MP Front/Back Camera, LiDAR Scanner, Wi-Fi 7 with Apple N1 + 5G Cellular with C1X chip — Silver (Renewed)",,,USD,5.0,1.0,https://www.amazon.com/dp/B0GRC7S9BX,https://m.media-amazon.com/images/I/61bl5I+xxAL._AC_UY654_QL65_.jpg,1.0,,False,False,False,False,,"FREE delivery Thu, Sep 17Only 1 left in stock - order soon.",False,,Only 1 left in stock - order soon.,,,,,,,True,False,US,,,
B0GGJK9QJS,"2025 Apple iPad Pro (11-inch, Wi-Fi 7 with Apple N1 + 5G Cellular with C1X chip, 256GB) - Silver (Renewed)",,,USD,,0.0,https://www.amazon.com/dp/B0GGJK9QJS,https://m.media-amazon.com/images/I/61bl5I+xxAL._AC_UY654_QL65_.jpg,2.0,939.97,False,False,False,False,,"FREE delivery Tomorrow, Sep 11Only 8 left in stock - order soon.",False,,Only 8 left in stock - order soon.,,,,,,,True,False,US,,,
B0CFGG18Y4,"Apple 2022 iPad (10.9-inch, Wi-Fi, 64GB) - Silver (Renewed Premium)",339.21,339.21,USD,4.5,306.0,https://www.amazon.com/dp/B0CFGG18Y4,https://m.media-amazon.com/images/I/61A9uyV2HZL._AC_UY654_QL65_.jpg,1.0,339.21,False,False,False,False,200+ bought in past month,"FREE delivery Sat, Sep 12",True,,,,,,,,,False,False,US,,,
B01C131J58,"Apple iPad Pro (32GB, Wi-Fi, Space Gray) 12.9in Tablet (Renewed)",239.0,239.0,USD,4.2,530.0,https://www.amazon.com/dp/B01C131J58,https://m.media-amazon.com/images/I/81Wkd5lwDBL._AC_UY654_QL65_.jpg,4.0,192.0,False,False,False,False,50+ bought in past month,"FREE delivery Sat, Sep 12Or fastest delivery Tomorrow, Sep 11Only 6 left in stock - order soon.",False,,Only 6 left in stock - order soon.,,,,,,,False,False,US,,,
B0G7VB5BX8,"2025 Apple iPad Pro (13-inch, M5 chip, Wi-Fi, 256GB) - Space Black (Renewed)",,,USD,4.4,12.0,https://www.amazon.com/dp/B0G7VB5BX8,https://m.media-amazon.com/images/I/71W1m-Bj9sL._AC_UY654_QL65_.jpg,6.0,,False,False,False,False,,"FREE delivery Thu, Sep 17Only 1 left in stock - order soon.",True,,Only 1 left in stock - order soon.,,,,,,,True,False,US,,,
B07GSL21XV,Apple IPad Air 2 WI-FI 64GB Space Gray (Renewed),91.73,91.73,USD,4.2,3667.0,https://www.amazon.com/dp/B07GSL21XV,https://m.media-amazon.com/images/I/61N8VrVeFWL._AC_UY654_QL65_.jpg,11.0,61.0,False,False,False,False,100+ bought in past month,"FREE delivery Sat, Sep 12Only 16 left in stock - order soon.",False,,Only 16 left in stock - order soon.,,,,,,,False,False,US,,,
B075WXP4BN,"Apple iPad with WiFi, 32GB, Silver (2017 Model) (Renewed)",76.0,76.0,USD,3.9,597.0,https://www.amazon.com/dp/B075WXP4BN,https://m.media-amazon.com/images/I/61xjxjB23VL._AC_UY654_QL65_.jpg,22.0,74.0,False,False,True,False,300+ bought in past month,"Join Prime to get FREE delivery Tomorrow, Sep 11Or Non-members get FREE delivery Tue, Sep 15",False,,,,,,,,,False,False,US,,,
B01KAKS84E,"Apple iPad Pro 12.9in Tablet (256GB Wi-FI, Space Gray) (Renewed)",399.0,399.0,USD,4.1,2102.0,https://www.amazon.com/dp/B01KAKS84E,https://m.media-amazon.com/images/I/612-sy7INyL._AC_UY654_QL65_.jpg,2.0,172.96,False,False,False,False,,"FREE delivery Mon, Sep 14Or fastest delivery Tomorrow, Sep 11Only 7 left in stock - order soon.",True,,Only 7 left in stock - order soon.,,,,,,,False,False,US,,,
B0GR2TN9NW,"Apple iPad Pro (M5, 11-inch, 2025), 512GB, Wi-Fi + Cellular, Space Black (Renewed Premium)",,,USD,4.0,1.0,https://www.amazon.com/dp/B0GR2TN9NW,https://m.media-amazon.com/images/I/61MuRiWjWvL._AC_UY654_QL65_.jpg,1.0,,False,False,False,False,,"FREE delivery Sat, Sep 12Or fastest delivery Tomorrow, Sep 11",True,,,Save 5% with coupon,,,,,,True,False,US,,,
B0BJLBKMV8,"Apple iPad Pro 11-inch (4th Generation): with M2 chip, Liquid Retina Display, 128GB, Wi-Fi 6E, 12MP front/12MP and 10MP Back Cameras, Face ID, All-Day Battery Life – Space Gray EPEAT",,,,4.8,1616.0,https://www.amazon.com/dp/B0BJLBKMV8,https://m.media-amazon.com/images/I/81gC7frRJyL._AC_UY654_QL65_.jpg,1.0,,False,False,False,True,,,False,,,,,,,,,True,False,US,,,
B074PWW6NS,Apple iPad 9.7inch with WiFi 32GB- Space Gray (2017 Model) (Renewed),81.99,81.99,USD,4.5,12016.0,https://www.amazon.com/dp/B074PWW6NS,https://m.media-amazon.com/images/I/61eT9rYxfSL._AC_UY654_QL65_.jpg,22.0,67.0,False,False,False,False,500+ bought in past month,"FREE delivery Wed, Sep 16",False,,,,,,,,,False,False,US,,,
B0DZ8MGFHG,"Apple 2024 iPad Air, 11-inch, WiFi + Cellular, 256GB, Space Gray (Renewed Premium)",586.0,696.47,USD,5.0,1.0,https://www.amazon.com/dp/B0DZ8MGFHG,https://m.media-amazon.com/images/I/41xT5b6oaCL._AC_UY500_QL65_.jpg,1.0,586.0,False,False,True,False,,"Join Prime to get FREE delivery Sat, Sep 12Or Non-members get FREE delivery Tue, Sep 15",False,,,,,,,,,False,True,US,,,
B095S3PRGV,"Apple 2021 iPad 11-inch, Wi-Fi, 128GB - Silver (Renewed)",449.0,449.0,USD,4.4,1135.0,https://www.amazon.com/dp/B095S3PRGV,https://m.media-amazon.com/images/I/81BoZnnIE8L._AC_UY654_QL65_.jpg,4.0,419.84,False,False,False,False,,"FREE delivery Sat, Sep 12Or fastest delivery Tomorrow, Sep 11Only 1 left in stock - order soon.",True,,Only 1 left in stock - order soon.,,,,,,,False,False,US,,,
B0D4XG7DVX,"Apple iPad Pro 2024 (13-inch, Wi-Fi, 1TB) Nano-Texture Glass- Space Black (Renewed)",,,USD,4.1,7.0,https://www.amazon.com/dp/B0D4XG7DVX,https://m.media-amazon.com/images/I/61-UG67gNaL._AC_UY654_QL65_.jpg,1.0,,False,False,False,False,,"FREE delivery Mon, Sep 14Only 13 left in stock - order soon.",False,,Only 13 left in stock - order soon.,,,,,,,True,False,US,,,
B0F639ZJKV,"Apple iPad, 2025 with A16 Chip (11-inch, Wi-Fi + Cellular, 128GB) - Silver (Renewed)",449.99,449.99,USD,4.2,54.0,https://www.amazon.com/dp/B0F639ZJKV,https://m.media-amazon.com/images/I/51Qwz7CNMqL._AC_UY654_QL65_.jpg,5.0,393.0,False,False,False,False,,"FREE delivery Tue, Sep 15Only 7 left in stock - order soon.",False,,Only 7 left in stock - order soon.,,,,,,,False,False,US,,,
B07Q6VVDK1,"Apple iPad Pro (12.9-inch, Wi-Fi, 64GB) - Silver (2018) (Renewed)",309.95,309.95,USD,4.4,150.0,https://www.amazon.com/dp/B07Q6VVDK1,https://m.media-amazon.com/images/I/514bS4zwEwL._AC_UY654_QL65_.jpg,1.0,309.95,False,False,False,False,,"FREE delivery Tomorrow, Sep 11Only 1 left in stock - order soon.",False,,Only 1 left in stock - order soon.,,,,,,,False,False,US,,,
B0725LCLYQ,"Apple iPad 9.7&#x27; with WiFi, 32GB, Space Gray - MP2F2LL/A (Renewed)",87.99,87.99,USD,4.2,1385.0,https://www.amazon.com/dp/B0725LCLYQ,https://m.media-amazon.com/images/I/61eT9rYxfSL._AC_UY654_QL65_.jpg,17.0,69.0,False,False,True,False,500+ bought in past month,"Join Prime to get FREE delivery Tomorrow, Sep 11Or Non-members get FREE delivery Tue, Sep 15",False,,,,,,,,,False,False,US,,,
B0F5CJD5DZ,"Apple 2024 iPad Air 11-inch, Wi-Fi, 128GB - Space Gray (Renewed Premium)",475.0,475.0,USD,4.5,102.0,https://www.amazon.com/dp/B0F5CJD5DZ,https://m.media-amazon.com/images/I/71fqqBfJCIL._AC_UY654_QL65_.jpg,2.0,432.25,False,False,True,False,50+ bought in past month,"Join Prime to get FREE delivery Tomorrow, Sep 11Or Non-members get FREE delivery Tue, Sep 15",True,,,,,,,,,False,False,US,,,
B07VN8KXSQ,"2019 Apple iPad Air (10.5-inch, WiFi, 256GB) - Gold (Renewed)",249.0,249.0,USD,4.3,221.0,https://www.amazon.com/dp/B07VN8KXSQ,https://m.media-amazon.com/images/I/71TRlNPprvL._AC_UY654_QL65_.jpg,1.0,249.0,False,False,False,False,,"FREE delivery Sat, Sep 12Only 1 left in stock - order soon.",False,,Only 1 left in stock - order soon.,,,,,,,False,False,US,,,
B00OMS8NMI,Apple iPad Air 2 16GB Gold Wi-Fi MH0W2HC/A (Refurbished),79.0,79.0,USD,3.7,85.0,https://www.amazon.com/dp/B00OMS8NMI,https://m.media-amazon.com/images/I/61AK3IeXApL._AC_UY654_QL65_.jpg,8.0,68.0,False,False,False,False,100+ bought in past month,"FREE delivery Sat, Sep 12Only 3 left in stock - order soon.",False,,Only 3 left in stock - order soon.,,,,,,,False,False,US,,,
B078J5RGN4,"Apple 2017 iPad 9.7-inch, WiFi + Cellular, 32GB - Silver (Renewed)",86.99,86.99,USD,3.9,941.0,https://www.amazon.com/dp/B078J5RGN4,https://m.media-amazon.com/images/I/617WNjzQHsL._AC_UY654_QL65_.jpg,14.0,84.99,False,False,True,False,100+ bought in past month,"Join Prime to get FREE delivery Today 5 PM - 10 PMOr Non-members get FREE delivery Tue, Sep 15",False,,,,,,,,,False,False,US,,,
B07PZF2PKZ,"2019 Apple iPad Air (10.5- inch, WiFi + Cellular, 64GB) - Gold (Renewed Premium)",159.0,159.0,USD,3.9,35.0,https://www.amazon.com/dp/B07PZF2PKZ,https://m.media-amazon.com/images/I/61C-IrRLOEL._AC_UY654_QL65_.jpg,1.0,159.0,False,False,True,False,100+ bought in past month,"Join Prime to get FREE delivery Sat, Sep 12Or Non-members get FREE delivery Tue, Sep 15",True,,,,,,,,,False,False,US,,,
B0DYPX3LJ6,"Samsung Galaxy Tab S10 FE w/S-Pen | 128GB, 8GB RAM, Wi-Fi Only | 10.9” LCD, WiFi 6E Android 15 Tablet, 4K Camera | International Model X520 | 25W Fast Charger Bundle (Gray)",379.99,379.99,USD,4.3,767.0,https://www.amazon.com/dp/B0DYPX3LJ6,https://m.media-amazon.com/images/I/51GqAG8s7iL._AC_UY654_QL65_.jpg,11.0,379.0,False,False,True,False,400+ bought in past month,"Join Prime to get FREE delivery Today 5 PM - 10 PMOr Non-members get FREE delivery Tue, Sep 15",True,,,,,,,,,False,False,US,,,
B07CJWXRP1,"Apple iPad with WiFi, 128GB, Silver (2017 Model) (Renewed)",104.0,109.0,USD,4.4,93.0,https://www.amazon.com/dp/B07CJWXRP1,https://m.media-amazon.com/images/I/61l2e3wkx8L._AC_UY654_QL65_.jpg,1.0,104.0,False,False,False,False,50+ bought in past month,FREE delivery Sep 14 - 16Only 4 left in stock - order soon.,False,,Only 4 left in stock - order soon.,,,,,,,False,True,US,,,
B0B61S81VX,"Apple iPad Air 10.9-inch, Wi-Fi + Cellular, 256GB - Starlight (Renewed)",384.99,384.99,USD,4.4,29.0,https://www.amazon.com/dp/B0B61S81VX,https://m.media-amazon.com/images/I/616KvV02-YL._AC_UY654_QL65_.jpg,1.0,384.99,False,False,False,False,,FREE delivery Sep 21 - 24Or fastest delivery Sep 21 - 22,False,,,,,,,,,False,False,US,,,
B0GJ4ZP1P9,"Apple iPad Pro with Apple M5 Chip (11-inch, Wi-Fi + Cellular, 1TB Storage) - Nano-Texture Glass, Space Black (Renewed)",,,USD,,0.0,https://www.amazon.com/dp/B0GJ4ZP1P9,https://m.media-amazon.com/images/I/61M8XbRoU3L._AC_UY654_QL65_.jpg,1.0,,False,False,False,False,,"FREE delivery Sat, Sep 12Or fastest delivery Tomorrow, Sep 11",True,,,Save 5% with coupon,,,,,,True,False,US,,,
B00TREI0D4,"Apple iPad Air 2, 16 GB, Space Gray (Renewed)",71.0,75.0,USD,4.2,3639.0,https://www.amazon.com/dp/B00TREI0D4,https://m.media-amazon.com/images/I/61ufQeEma5L._AC_UY654_QL65_.jpg,8.0,63.0,False,False,False,False,300+ bought in past month,"FREE delivery Fri, Sep 18Or fastest delivery Tomorrow, Sep 11Only 6 left in stock - order soon.",False,,Only 6 left in stock - order soon.,,,,,,,False,True,US,,,
B0D4XCJPY2,"Apple 2024 iPad Air (11-inch, Wi-Fi, 256GB) - Blue (Renewed)",509.95,509.95,USD,4.0,12.0,https://www.amazon.com/dp/B0D4XCJPY2,https://m.media-amazon.com/images/I/713PztTk0dL._AC_UY654_QL65_.jpg,5.0,479.0,False,False,True,False,,"Join Prime to get FREE delivery Today 5 PM - 10 PMOr Non-members get FREE delivery Tue, Sep 15",False,,,,,,,,,False,False,US,,,
B07DW3W64Y,"Apple MGKL2LL/A iPad Air 2 64GB, Wi-Fi, (Space Gray) (Renewed)",97.99,97.99,USD,4.2,1958.0,https://www.amazon.com/dp/B07DW3W64Y,https://m.media-amazon.com/images/I/61Z2ju7qZjL._AC_UY654_QL65_.jpg,7.0,79.99,False,False,False,False,100+ bought in past month,"FREE delivery Sat, Sep 12Only 3 left in stock - order soon.",False,,Only 3 left in stock - order soon.,,,,,,,False,False,US,,,
B0H7LNKQ37,"Apple iPad Air 2026 with Apple M4 Chip (11-inch, Wi-Fi, 128GB) - Space Gray (Renewed)",619.0,729.0,USD,,0.0,https://www.amazon.com/dp/B0H7LNKQ37,https://m.media-amazon.com/images/I/71oepHm9ALL._AC_UY654_QL65_.jpg,1.0,619.0,False,False,False,False,,FREE delivery Sep 15 - 16,True,,,,,,,,,False,True,US,,,
B0DZ76BN5D,"Apple iPad Air 11-inch with M3 chip Built for Apple Intelligence, Liquid Retina Display, 128GB, 12MP Front/Back Camera, Wi-Fi 6E, Touch ID, All-Day Battery Life — Space Gray EPEAT",,,,4.8,4739.0,https://www.amazon.com/dp/B0DZ76BN5D,https://m.media-amazon.com/images/I/710GQJJHx2L._AC_UY654_QL65_.jpg,1.0,,False,False,False,True,,,True,,,,,,,,,True,False,US,,,
B07F93611L,"Apple iPad 9.7-inch Retina Display with WIFI, 32GB, Touch ID, 2017 Mode - Space Gray (Renewed)",86.0,86.0,USD,4.4,2731.0,https://www.amazon.com/dp/B07F93611L,https://m.media-amazon.com/images/I/61eT9rYxfSL._AC_UY654_QL65_.jpg,21.0,77.9,False,False,False,False,200+ bought in past month,"FREE delivery Sat, Sep 12",False,,,,,,,,,False,False,US,,,
B07SZRHG1T,"Apple iPad Pro (12.9-inch, Wi-Fi, 256GB) - Space Gray (Renewed)",439.04,439.04,USD,4.5,432.0,https://www.amazon.com/dp/B07SZRHG1T,https://m.media-amazon.com/images/I/61sb3nDVwJL._AC_UY654_QL65_.jpg,1.0,439.04,False,False,False,False,,"FREE delivery Sat, Sep 12",False,,,,,,,,,False,False,US,,,
B0797XXJ1L,"Apple iPad with WiFi, 128GB, Gold (2017 Model) (Renewed)",104.99,120.85,USD,3.8,18.0,https://www.amazon.com/dp/B0797XXJ1L,https://m.media-amazon.com/images/I/71eypQDLFjL._AC_UY654_QL65_.jpg,4.0,79.0,False,False,False,False,,"FREE delivery Sep 17 - 23Or fastest delivery Fri, Sep 18Only 1 left in stock - order soon.",False,,Only 1 left in stock - order soon.,,,,,,,False,True,US,,,
B078D6S5PX,"Apple 2017 iPad Pro (10.5-inch, Wi-Fi, 64GB) - Space Gray (Renewed)",191.62,191.62,USD,4.2,3172.0,https://www.amazon.com/dp/B078D6S5PX,https://m.media-amazon.com/images/I/71-VvaNc1ML._AC_UY654_QL65_.jpg,4.0,95.0,False,False,False,False,,"FREE delivery Sat, Sep 12Or fastest delivery Tomorrow, Sep 11Only 1 left in stock - order soon.",True,,Only 1 left in stock - order soon.,,,,,,,False,False,US,,,
B0BGMRVGVC,Apple iPad Pro 11-inch (3nd Gen.) - 128GB - WiFi - Space Gray (Renewed Premium),699.0,699.0,USD,4.1,84.0,https://www.amazon.com/dp/B0BGMRVGVC,https://m.media-amazon.com/images/I/817ASgABwHS._AC_UY654_QL65_.jpg,2.0,432.14,False,False,False,False,,"FREE delivery Sat, Sep 12Only 1 left in stock - order soon.",True,,Only 1 left in stock - order soon.,,,,,,,False,False,US,,,
B078D6JNGB,"Apple iPad Pro 12.9in 64GB WiFi Only, Space Grey (Renewed)",209.99,209.99,USD,4.4,1104.0,https://www.amazon.com/dp/B078D6JNGB,https://m.media-amazon.com/images/I/61dVFfAPoyL._AC_UY654_QL65_.jpg,5.0,204.0,False,False,False,False,,"FREE delivery Wed, Sep 16Only 1 left in stock - order soon.",True,,Only 1 left in stock - order soon.,,,,,,,False,False,US,,,
B01C131M6E,"Apple iPad Pro (128GB, Wi-Fi, Space Gray) 12.9in Tablet (Renewed)",299.0,299.0,USD,4.1,1520.0,https://www.amazon.com/dp/B01C131M6E,https://m.media-amazon.com/images/I/71GbIAqFpWL._AC_UY654_QL65_.jpg,3.0,189.0,False,False,False,False,,"FREE delivery Sat, Sep 12Or fastest delivery Tomorrow, Sep 11",False,,,,,,,,,False,False,US,,,
B09G9FW785,"Apple iPad mini (6th Generation): A15 Bionic, 8.3-inch Liquid Retina Display, 64GB, Wi-Fi 6, 12MP front/12MP Back Camera, Touch ID, All-Day Battery Life – Purple EPEAT",469.09,499.0,USD,4.8,10487.0,https://www.amazon.com/dp/B09G9FW785,https://m.media-amazon.com/images/I/71xAVVHscdL._AC_UY654_QL65_.jpg,1.0,469.09,False,False,False,True,,"FREE delivery Tomorrow, Sep 11Only 1 left in stock - order soon.",True,,Only 1 left in stock - order soon.,,,,,,,False,True,US,,,
B06XRTYRKM,"Apple iPad Air 2 9.7-Inch, 32GB Tablet (Gold) (Renewed)",87.18,87.18,USD,4.4,429.0,https://www.amazon.com/dp/B06XRTYRKM,https://m.media-amazon.com/images/I/61AK3IeXApL._AC_UY654_QL65_.jpg,8.0,74.99,False,False,False,False,,"FREE delivery Sat, Sep 12Only 3 left in stock - order soon.",False,,Only 3 left in stock - order soon.,,,,,,,False,False,US,,,
B07VFKM28L,"Apple iPad Pro 3rd Gen (12.9-inch, Wi-Fi + Cellular, 1TB) - Space Gray (Renewed)",439.85,439.85,USD,4.5,154.0,https://www.amazon.com/dp/B07VFKM28L,https://m.media-amazon.com/images/I/61ZYtF-byGL._AC_UY654_QL65_.jpg,1.0,439.85,False,False,False,False,,FREE delivery Sep 14 - 16Only 1 left in stock - order soon.,False,,Only 1 left in stock - order soon.,,,,,,,False,False,US,,,
B078HZKF9Y,Apple iPad Pro 2 10.5 512GB WiFi MPGH2LL/A Space Gray A1701 (Renewed),289.0,289.0,USD,4.3,154.0,https://www.amazon.com/dp/B078HZKF9Y,https://m.media-amazon.com/images/I/51oP7rWVsML._AC_UY654_QL65_.jpg,1.0,289.0,False,False,False,False,,"FREE delivery Sat, Sep 12Or fastest delivery Tomorrow, Sep 11",False,,,,,,,,,False,False,US,,,
B07G3FQKQN,Apple Renewed iPad Air 2 - 128GB - Space Grey (Renewed),118.0,118.0,USD,4.1,1293.0,https://www.amazon.com/dp/B07G3FQKQN,https://m.media-amazon.com/images/I/61XbcZWxKAL._AC_UY654_QL65_.jpg,3.0,75.0,False,False,False,False,,FREE delivery Sep 21 - 25Or fastest delivery Sep 21 - 23,True,,,,,,,,,False,False,US,,,
B0GFQ8K1X8,"Apple iPad (6th Generation, 9.7-inch, 2018), 32GB, Wi-Fi + Cellular, Silver (Renewed)",87.99,87.99,USD,4.4,102.0,https://www.amazon.com/dp/B0GFQ8K1X8,https://m.media-amazon.com/images/I/611t8KTCFeL._AC_UY654_QL65_.jpg,7.0,84.99,False,False,False,False,50+ bought in past month,"FREE delivery Sat, Sep 12Or fastest delivery Tomorrow, Sep 11",False,,,,,,,,,False,False,US,,,
B0BJLFH8RC,"Apple Magic Keyboard Folio: iPad Keyboard and case for iPad (A16 and 10th Generation), Detachable Two-Piece Design that attaches magnetically, Built-in trackpad, US English – White",175.0,249.0,USD,4.4,1322.0,https://www.amazon.com/dp/B0BJLFH8RC,https://m.media-amazon.com/images/I/71++yARjN+L._AC_UY654_QL65_.jpg,5.0,150.61,False,False,True,False,2K+ bought in past month,"Join Prime to get FREE delivery Tomorrow, Sep 11Or Non-members get FREE delivery Tue, Sep 15",False,,,,,,,,,False,True,US,,,
B0DZJ6W3Y1,"Apple 2024 iPad Air (13-inch, Wi-Fi, 128GB) - Space Gray (Renewed Premium)",730.63,730.63,USD,4.5,40.0,https://www.amazon.com/dp/B0DZJ6W3Y1,https://m.media-amazon.com/images/I/71E02TiM94L._AC_UY654_QL65_.jpg,1.0,730.63,False,False,False,False,50+ bought in past month,"FREE delivery Tue, Sep 15Or fastest delivery Mon, Sep 14",True,,,,,,,,,False,False,US,,,
B0GR6F3NC9,"Apple 2026 MacBook Neo 13-inch Laptop with A18 Pro chip: Built for AI and Apple Intelligence, Liquid Retina Display, 8GB Unified Memory, 512GB SSD Storage, 1080p FaceTime HD Camera, Touch ID; Citrus",789.0,789.0,USD,4.8,1300.0,https://www.amazon.com/dp/B0GR6F3NC9,https://m.media-amazon.com/images/I/61yHzuw8VBL._AC_UY654_QL65_.jpg,1.0,789.0,False,False,True,False,2K+ bought in past month,"Join Prime to get FREE delivery Sat, Sep 12Or Non-members get FREE delivery Tue, Sep 15",True,,,,,,,,,False,False,US,,,
B07H8RB4ZY,"Apple iPad Air 2 16GB Wi-Fi 9.7in, Silver (Renewed) (Renewed)",69.99,84.0,USD,4.1,324.0,https://www.amazon.com/dp/B07H8RB4ZY,https://m.media-amazon.com/images/I/61KCj7ZjbgL._AC_UY654_QL65_.jpg,1.0,69.99,False,False,False,False,,"FREE delivery Thu, Sep 17Or fastest delivery Tomorrow, Sep 11Only 2 left in stock - order soon.",False,,Only 2 left in stock - order soon.,,,,,,,False,True,US,,,
B07DRNB5R2,"Apple 10.5in iPad Pro 256GB, Wi-Fi, Space Gray MPDY2LL/A (Renewed)",197.0,197.0,USD,4.2,721.0,https://www.amazon.com/dp/B07DRNB5R2,https://m.media-amazon.com/images/I/618n+P-ZuTL._AC_UY654_QL65_.jpg,2.0,176.0,False,False,False,False,,"FREE delivery Sat, Sep 12Only 4 left in stock - order soon.",False,,Only 4 left in stock - order soon.,,,,,,,False,False,US,,,
B08J5Q255V,"2020 Apple iPad (10.2-inch, Wi-Fi, 32GB) - Silver (8th Generation) EPEAT",,,,4.8,63034.0,https://www.amazon.com/dp/B08J5Q255V,https://m.media-amazon.com/images/I/71GsWDM8sPL._AC_UY654_QL65_.jpg,1.0,,False,False,False,True,,,True,,,,,,,,,True,False,US,,,
B0BFC5JT2C,Apple iPad mini 6-256GB - WiFi + Cellular - Space Gray (Renewed Premium),489.0,489.0,USD,4.3,45.0,https://www.amazon.com/dp/B0BFC5JT2C,https://m.media-amazon.com/images/I/71hM0QvGshL._AC_UY654_QL65_.jpg,1.0,489.0,False,False,True,False,100+ bought in past month,"Join Prime to get FREE delivery Tomorrow, Sep 11Or Non-members get FREE delivery Tue, Sep 15",True,,,Save 5% with coupon,,,,,,False,False,US,,,
B074PXS24F,"Apple iPad 9.7 with WiFi, 128GB- Space Gray (2017 Model) - (Renewed)",104.99,104.99,USD,4.5,2915.0,https://www.amazon.com/dp/B074PXS24F,https://m.media-amazon.com/images/I/61g2VZBU88L._AC_UY654_QL65_.jpg,8.0,75.1,False,False,False,False,,"FREE delivery Thu, Sep 17Only 3 left in stock - order soon.",False,,Only 3 left in stock - order soon.,,,,,,,False,False,US,,,
B0CGLG2RVT,"ECOPAD 10.1 Inch Tablet, Android 15 Tablets 12GB(4+8) RAM / 64GB ROM / 1TB SD Card Expansion, 1280x800 IPS HD Touchscreen, 6000mAh Battery, Bluetooth 5.0, Dual Cameras, GMS, Dual Band WiFi, Black",65.99,65.99,USD,3.8,2915.0,https://www.amazon.com/dp/B0CGLG2RVT,https://m.media-amazon.com/images/I/61VLJD2RPgL._AC_UY654_QL65_.jpg,1.0,65.99,False,False,True,False,1K+ bought in past month,"Join Prime to get FREE delivery Today 7 AM - 11 AMOr Non-members get FREE delivery Tue, Sep 15",True,,,You pay $62.69 with coupon,,,,,,False,False,US,,,
B0GHKV7ZFX,"Apple iPad Pro (M5, 13-inch, 2025), 1TB, Wi-Fi, Silver (Renewed Premium)",,,USD,5.0,1.0,https://www.amazon.com/dp/B0GHKV7ZFX,https://m.media-amazon.com/images/I/61w7qQujEcL._AC_UY654_QL65_.jpg,1.0,,False,False,False,False,,"FREE delivery Sat, Sep 12Or fastest delivery Tomorrow, Sep 11",False,,,Save 5% with coupon,,,,,,True,False,US,,,
B0D3JBSPXF,"Apple iPad Pro 11-Inch (M4): Built for Apple Intelligence, Ultra Retina XDR Display, 2TB, 12MP Front/Back Camera, LiDAR Scanner, Wi-Fi 6E + 5G Cellular, Face ID, All-Day Battery Life — Silver EPEAT",,,USD,4.5,192.0,https://www.amazon.com/dp/B0D3JBSPXF,https://m.media-amazon.com/images/I/61vNHGxWNHL._AC_UY654_QL65_.jpg,3.0,,False,False,True,True,,"Join Prime to get FREE delivery Sat, Sep 12Or Non-members get FREE delivery Tue, Sep 15Only 4 left in stock - order soon.",True,,Only 4 left in stock - order soon.,,,,,,,True,False,US,,,
B07XL7G4H6,"Apple iPad (10.2-inch, Wi-Fi, 32GB) - Space Gray (Previous Model) EPEAT",,,,4.8,61479.0,https://www.amazon.com/dp/B07XL7G4H6,https://m.media-amazon.com/images/I/6162WMQWhVL._AC_UY654_QL65_.jpg,1.0,,False,False,False,True,,,True,,,,,,,,,True,False,US,,,
B06XT8K96M,"Apple iPad Air 2 9.7-Inch, 32GB Tablet (Space Gray) (Renewed)",79.0,83.99,USD,4.4,1997.0,https://www.amazon.com/dp/B06XT8K96M,https://m.media-amazon.com/images/I/61oVLSb3M2L._AC_UY654_QL65_.jpg,17.0,69.0,False,False,False,False,50+ bought in past month,"FREE delivery Sat, Sep 12",False,,,,,,,,,False,True,US,,,
B0D3NMYBHR,"Logitech Combo Touch iPad Air 11 inch Keyboard Case - Midnight Black | Fits M2 M3 &amp; M4 models, compatible with 5th gen, features backlit keys, built-in kickstand for flexible viewing",199.99,199.99,USD,4.0,513.0,https://www.amazon.com/dp/B0D3NMYBHR,https://m.media-amazon.com/images/I/61Fs3YQssfL._AC_UY654_QL65_.jpg,2.0,136.82,False,False,True,False,1K+ bought in past month,"Join Prime to get FREE delivery Today 5 PM - 10 PMOr Non-members get FREE delivery Tue, Sep 15",False,,,,,,,,,False,False,US,,,
B0D3J83FNT,"Apple iPad Pro 11-Inch (M4): Built for Apple Intelligence, Ultra Retina XDR Display - Nano-Texture Glass, 2TB, 12MP Front/Back Camera, LiDAR Scanner, Wi-Fi 6E + 5G Cellular, Face ID — Silver EPEAT",,,USD,5.0,1.0,https://www.amazon.com/dp/B0D3J83FNT,https://m.media-amazon.com/images/I/61vNHGxWNHL._AC_UY654_QL65_.jpg,3.0,,False,False,True,True,,"Join Prime to get FREE delivery Tomorrow, Sep 11Or Non-members get FREE delivery Tue, Sep 15Only 20 left in stock - order soon.",False,,Only 20 left in stock - order soon.,,,,,,,True,False,US,,,
B0CMWPDGZH,"Harvopu for iPad A16 11th/10th Generation Case with Keyboard, Folio Cover | Multi-Touch Trackpad, 7 Colors Backlit, Detachable Keyboard for iPad A16 11 inch/10th Gen with Pencil Holder, Navy Blue",25.98,25.98,USD,4.3,6767.0,https://www.amazon.com/dp/B0CMWPDGZH,https://m.media-amazon.com/images/I/71Gf93EDYML._AC_UY654_QL65_.jpg,1.0,25.98,False,False,True,False,10K+ bought in past month,"Join Prime to get FREE delivery Today 7 AM - 11 AMOr Non-members get FREE delivery Tue, Sep 15 on $35 of items shipped by Amazon",True,,,,,,,,,False,False,US,,,
B0CBLPQ4V3,"2 in 1 Tablet 10 Inch Android 15 Tableta, Tablets with Keyboard Mouse Case Stylus, 8GB RAM 32GB ROM Supports 1TB Expansion, 2MP+8MP Dual Camera Quad Core Processor 6000mAh Battery 10.1 IN FHD Tab Pink",64.99,64.99,USD,3.9,1035.0,https://www.amazon.com/dp/B0CBLPQ4V3,https://m.media-amazon.com/images/I/71t51vC0XWL._AC_UY654_QL65_.jpg,1.0,64.99,False,False,True,False,100+ bought in past month,"Join Prime to get FREE delivery Sat, Sep 12Or Non-members get FREE delivery Tue, Sep 15",True,,,,,,,,,False,False,US,,,
B097Z8D329,"Apple 2020 iPad Air (10.9-inch, Wi-Fi + Cellular, 256GB) - Green (Renewed)",343.0,343.0,USD,4.1,90.0,https://www.amazon.com/dp/B097Z8D329,https://m.media-amazon.com/images/I/610jMlRTdSL._AC_UY654_QL65_.jpg,1.0,343.0,False,False,False,False,,"FREE delivery Sat, Sep 12Only 2 left in stock - order soon.",False,,Only 2 left in stock - order soon.,,,,,,,False,False,US,,,
B071GGB84Y,"Apple iPad Pro (10.5-inch, Wi-Fi + Cellular, 64GB) - Rose Gold (Previous Model) EPEAT",814.58,814.58,USD,4.6,922.0,https://www.amazon.com/dp/B071GGB84Y,https://m.media-amazon.com/images/I/71hA1Sf1TnL._AC_UY654_QL65_.jpg,1.0,814.58,False,False,True,True,,"Join Prime to get FREE delivery Tomorrow, Sep 11Or Non-members get FREE delivery Tue, Sep 15Only 2 left in stock - order soon.",True,,Only 2 left in stock - order soon.,,,,,,,False,False,US,,,
B0D3J8S6RX,"Apple iPad Pro 11-Inch (M4): Built for Apple Intelligence, Ultra Retina XDR Display - Nano-Texture Glass, 1TB, 12MP Front/Back Camera, LiDAR Scanner, Wi-Fi 6E, Face ID, All-Day Battery Life — Silver EPEAT",,,USD,4.8,14.0,https://www.amazon.com/dp/B0D3J8S6RX,https://m.media-amazon.com/images/I/61eoFTuljuL._AC_UY654_QL65_.jpg,2.0,,False,False,True,True,,"Join Prime to get FREE delivery Tomorrow, Sep 11Or Non-members get FREE delivery Tue, Sep 15Only 3 left in stock - order soon.",False,Save 12%,Only 3 left in stock - order soon.,,,,,,,True,False,US,,,
B0D3J63BWD,"Apple iPad Magic Keyboard Case for iPad Pro 13-inch (M4 and M5), Great Typing Experience, Built-in Trackpad, Function Row, US English - Black",329.0,349.0,USD,4.3,1567.0,https://www.amazon.com/dp/B0D3J63BWD,https://m.media-amazon.com/images/I/71YMMFyaCPL._AC_UY654_QL65_.jpg,5.0,256.64,False,False,True,False,2K+ bought in past month,"Join Prime to get FREE delivery Today 7 AM - 11 AMOr Non-members get FREE delivery Tue, Sep 15",False,,,,,,,,,False,True,US,,,
B0FZDXL3V3,"Apple iPad Air, 2025 with M3 Chip (11-inch, Wi-Fi, 256GB) - Space Gray (Renewed Premium)",640.0,640.0,USD,4.4,47.0,https://www.amazon.com/dp/B0FZDXL3V3,https://m.media-amazon.com/images/I/61eGgvmroyL._AC_UY654_QL65_.jpg,1.0,640.0,False,False,True,False,50+ bought in past month,"Join Prime to get FREE delivery Tomorrow, Sep 11Or Non-members get FREE delivery Tue, Sep 15Only 6 left in stock - order soon.",True,,Only 6 left in stock - order soon.,,,,,,,False,False,US,,,
B0B5BDZ6K5,"Apple 2022 iPad Air (10.9-inch, Wi-Fi + Cellular, 64GB) - Pink (Renewed)",327.95,348.45,USD,3.6,7.0,https://www.amazon.com/dp/B0B5BDZ6K5,https://m.media-amazon.com/images/I/61ULwAcGldL._AC_UY654_QL65_.jpg,5.0,308.85,False,False,False,False,,"FREE delivery Thu, Sep 17Only 2 left in stock - order soon.",False,,Only 2 left in stock - order soon.,,,,,,,False,True,US,,,
B0F8NVBRQ5,"aiprotablet Tablet 10 inch Android 15 Tablets, 12GB RAM 64GB ROM 1TB Expand, Quad-Core Processor, 1280x800 LCD Touch Screen, WiFi 5, Dual Camera, BT5.0, 6000mAh Battery (Blue)",57.94,60.99,USD,4.0,1240.0,https://www.amazon.com/dp/B0F8NVBRQ5,https://m.media-amazon.com/images/I/61CNa2q2C6L._AC_UY654_QL65_.jpg,1.0,57.94,False,False,True,False,300+ bought in past month,"Join Prime to get FREE delivery Today 5 PM - 10 PMOr Non-members get FREE delivery Tue, Sep 15",True,Save 5%,,,,,,,,False,True,US,,,
B0FVXMHHRP,"Samsung Galaxy Tab A11+ 6GB RAM, 128GB Storage, Expandable Storage, Gray | Optimized Performance, Long Lasting Battery, Large Display, Dolby Atmos Speakers, AI Assist, Slim, Light, 2 Year Warranty",299.99,299.99,USD,4.6,2410.0,https://www.amazon.com/dp/B0FVXMHHRP,https://m.media-amazon.com/images/I/61NlIpbonCL._AC_UY654_QL65_.jpg,2.0,214.99,False,False,True,False,5K+ bought in past month,"Join Prime to get FREE delivery Today 7 AM - 11 AMOr Non-members get FREE delivery Tue, Sep 15",True,,,,,,,,,False,False,US,,,
B0FQFB8FMG,"Apple AirPods Pro 3 Wireless Earbuds with Active Noise Cancellation | Live Translation, Heart Rate Sensing, Hearing Aid Feature, Bluetooth Headphones, Spatial Audio, USB-C Charging",199.0,249.0,USD,4.4,14953.0,https://www.amazon.com/dp/B0FQFB8FMG,https://m.media-amazon.com/images/I/61solmQSSlL._AC_UY654_QL65_.jpg,7.0,183.44,False,False,True,False,10K+ bought in past month,"Join Prime to get FREE delivery Today 5 PM - 10 PMOr Non-members get FREE delivery Tue, Sep 15",False,,,,,,,,,False,True,US,,,
B0BL8WSCH3,"Amazon Fire 7 Kids tablet (newest model) ages 3-7. Top-selling 7&quot; kids tablet on Amazon. Includes ad-free and exclusive content, easy parental controls, 10-hr battery, 16 GB, Purple",109.99,109.99,USD,4.3,20024.0,https://www.amazon.com/dp/B0BL8WSCH3,https://m.media-amazon.com/images/I/61Z6cryinCL._AC_UY654_QL65_.jpg,1.0,109.99,False,False,True,False,2K+ bought in past month,Join Prime to get FREE delivery Today 7 AM - 11 AMOr Non-members get FREE delivery Sep 17 - 24,True,,,,,,,,,False,False,US,,,
B0H131PT6W,"2025 Apple iPad Pro with Apple M5 Chip, Nano-Texture Glass (11-inch, Wi-Fi, 1TB) Silver (Renewed)",,,USD,,0.0,https://www.amazon.com/dp/B0H131PT6W,https://m.media-amazon.com/images/I/61fpCltt1kL._AC_UY654_QL65_.jpg,1.0,,False,False,False,False,,"FREE delivery Sat, Sep 12Or fastest delivery Tomorrow, Sep 11",False,,,Save 5% with coupon,,,,,,True,False,US,,,
B0BK8RFV57,"SEYMAC stock Case for iPad (A16) 11th/10th Generation 11&#x27;&#x27;/10.9&#x27;&#x27; 2025/2022, Full-Body Drop Protection Case with Screen Protector &amp;360° Rotate Hand Strap/Stand, Black",27.99,39.99,USD,4.5,11437.0,https://www.amazon.com/dp/B0BK8RFV57,https://m.media-amazon.com/images/I/71ZoOL+C0zL._AC_UY654_QL65_.jpg,1.0,27.99,False,False,True,False,8K+ bought in past month,"Join Prime to get FREE delivery Today 7 AM - 11 AMOr Non-members get FREE delivery Tue, Sep 15",True,,,,,,,,,False,True,US,,,
B0GHL2XPZS,"Apple iPad Pro (M5, 13-inch, 2025), 2TB, Wi-Fi, Space Black (Renewed Premium)",,,USD,,0.0,https://www.amazon.com/dp/B0GHL2XPZS,https://m.media-amazon.com/images/I/71g7SN0HljL._AC_UY654_QL65_.jpg,1.0,,False,False,False,False,,"FREE delivery Sat, Sep 12Or fastest delivery Tomorrow, Sep 11Only 8 left in stock - order soon.",False,,Only 8 left in stock - order soon.,,,,,,,True,False,US,,,
B0DCH8VDXF,"Apple EarPods Headphones with USB-C Plug, Wired Ear Buds with Built-in Remote to Control Music, Phone Calls, and Volume",19.0,19.0,USD,4.5,17687.0,https://www.amazon.com/dp/B0DCH8VDXF,https://m.media-amazon.com/images/I/513OSdW4elL._AC_UY654_QL65_.jpg,4.0,17.87,False,False,True,False,10K+ bought in past month,"Join Prime to get FREE delivery Today 7 AM - 11 AM on eligible ordersOr Non-members get FREE delivery Tue, Sep 15 on $35 of items shipped by Amazon",False,,,,,,,,,False,False,US,,,
B0DS2Z8YVT,"Apple 2024 iPad Mini, 8.3-inch, Wi-Fi, 128GB, Space Gray (Renewed)",447.21,569.0,USD,4.5,52.0,https://www.amazon.com/dp/B0DS2Z8YVT,https://m.media-amazon.com/images/I/61Tix2-t7iL._AC_UY654_QL65_.jpg,11.0,434.99,False,False,False,False,50+ bought in past month,"FREE delivery Sat, Sep 12",False,,,,,,,,,False,True,US,,,
B0D4XF6G72,"Apple 2024 iPad Air (11-inch, Wi-Fi, 256GB) - Starlight (Renewed)",499.95,499.95,USD,3.4,6.0,https://www.amazon.com/dp/B0D4XF6G72,https://m.media-amazon.com/images/I/71tnm359YZL._AC_UY654_QL65_.jpg,4.0,452.15,False,False,False,False,100+ bought in past month,"FREE delivery Tomorrow, Sep 11Only 1 left in stock - order soon.",False,,Only 1 left in stock - order soon.,,,,,,,False,False,US,,,
B0DTCL2C2D,"2024 Apple iPad Mini with A17 Pro Chip (8.3-inch, Wi-Fi + Cellular, 128GB) - Blue (Renewed)",588.65,741.0,USD,4.5,83.0,https://www.amazon.com/dp/B0DTCL2C2D,https://m.media-amazon.com/images/I/61GaU32UmjL._AC_UY654_QL65_.jpg,1.0,588.65,False,False,False,False,,"FREE delivery Sat, Sep 12Or fastest delivery Tomorrow, Sep 11Only 7 left in stock - order soon.",True,,Only 7 left in stock - order soon.,,,,,,,False,True,US,,,
B0FVWT1G62,"Tablet Android 16 10 Inch 12GB RAM+64GB ROM/ 1TB Expandable, 1280 * 800 HD Touch Screen, 5G WiFi6 BT 5.0, 2 in 1 Tab with Keyboard Case Mouse Stylus (Pink)",62.99,62.99,USD,3.9,250.0,https://www.amazon.com/dp/B0FVWT1G62,https://m.media-amazon.com/images/I/71QnfcsatFL._AC_UY654_QL65_.jpg,1.0,62.99,False,False,True,False,500+ bought in past month,"Join Prime to get FREE delivery Today 5 PM - 10 PMOr Non-members get FREE delivery Tue, Sep 15",True,,,,,,,,,False,False,US,,,
B0DGHMNQ5Z,"Apple AirPods 4 Wireless Earbuds | Bluetooth Headphones, Personalized Spatial Audio, Sweat &amp; Water Resistant, USB-C Charging Case, H2 Chip",99.0,129.0,USD,4.5,34543.0,https://www.amazon.com/dp/B0DGHMNQ5Z,https://m.media-amazon.com/images/I/61iBtxCUabL._AC_UY654_QL65_.jpg,6.0,91.26,False,False,False,False,10K+ bought in past month,"FREE delivery Sep 15 - 18Or fastest delivery Wed, Sep 16",False,,,,,,,,,False,True,US,,,
B0GJTXVN9Z,"Apple AirTag (2nd Generation) - 4 Pack: Tracker for Keychain, Wallet, and More; Locator with Sound; Simple One-Tap Setup with iPhone or iPad; Key Finder with up to 1.5X Precision Finding Range*",89.0,99.0,USD,4.5,10300.0,https://www.amazon.com/dp/B0GJTXVN9Z,https://m.media-amazon.com/images/I/611DjYhflAL._AC_UY654_QL65_.jpg,1.0,89.0,False,False,True,False,10K+ bought in past month,"Join Prime to get FREE delivery Tomorrow, Sep 11Or Non-members get FREE delivery Tue, Sep 15",False,,,,,,,,,False,True,US,,,
B0G7TL38H7,"2025 Apple iPad Pro (11-inch, M5 chip, Wi-Fi, 256GB) - Silver (Renewed)",989.0,989.0,USD,4.5,5.0,https://www.amazon.com/dp/B0G7TL38H7,https://m.media-amazon.com/images/I/61OExjvn1+L._AC_UY654_QL65_.jpg,3.0,939.97,False,False,False,False,,"FREE delivery Thu, Sep 17Or fastest delivery Sep 14 - 15Only 1 left in stock - order soon.",False,,Only 1 left in stock - order soon.,,,,,,,False,False,US,,,
B0DZJ7CNCG,"Apple 2024 iPad Air (13-inch, Wi-Fi, 128GB) - Starlight (Renewed Premium)",733.54,733.54,USD,4.5,40.0,https://www.amazon.com/dp/B0DZJ7CNCG,https://m.media-amazon.com/images/I/71uujdOqQeL._AC_UY654_QL65_.jpg,1.0,733.54,False,False,False,False,,"FREE delivery Tue, Sep 15Or fastest delivery Mon, Sep 14",True,,,,,,,,,False,False,US,,,
B09V3HN1KC,"Apple iPad Air (5th Generation): with M1 chip, 10.9-inch Liquid Retina Display, 64GB, Wi-Fi 6, 12MP front/12MP Back Camera, Touch ID, All-Day Battery Life – Space Gray EPEAT",,,,4.8,13467.0,https://www.amazon.com/dp/B09V3HN1KC,https://m.media-amazon.com/images/I/61XZQXFQeVL._AC_UY654_QL65_.jpg,1.0,,False,False,False,True,,,True,,,,,,,,,True,False,US,,,
B0D3JBCRYW,"Apple iPad Pro 11-Inch (M4): Built for Apple Intelligence, Ultra Retina XDR Display - Nano-Texture Glass, 2TB, 12MP Front/Back Camera, LiDAR Scanner, Wi-Fi 6E, Face ID — Space Black EPEAT",,,USD,4.8,7.0,https://www.amazon.com/dp/B0D3JBCRYW,https://m.media-amazon.com/images/I/61IsQRFoxJL._AC_UY654_QL65_.jpg,1.0,,False,False,True,True,,"Join Prime to get FREE delivery Tomorrow, Sep 11Or Non-members get FREE delivery Tue, Sep 15",False,,,,,,,,,True,False,US,,,
B0B8STRJYJ,"MoKo for iPad (A16) 11th Generation Case, iPad 10th Gen Case, Navy Blue | For iPad 11/10.9 Inch Case 2025/2022, Slim Stand Hard PC Translucent Back Shell Smart Cover,Support Touch ID,Auto Wake/Sleep ClimatePartner certified",9.95,9.95,USD,4.6,43397.0,https://www.amazon.com/dp/B0B8STRJYJ,https://m.media-amazon.com/images/I/51IFiSD+kCL._AC_UY654_QL65_.jpg,6.0,9.75,False,False,True,True,10K+ bought in past month,"Join Prime to get FREE delivery Today 7 AM - 11 AM on eligible ordersOr Non-members get FREE delivery Tue, Sep 15 on $35 of items shipped by Amazon",True,,,,,,,,,False,False,US,,,
B0D3JB59ZT,"Apple iPad Pro 11-Inch (M4): Built for Apple Intelligence, Ultra Retina XDR Display - Nano-Texture Glass, 2TB, 12MP Front/Back Camera, LiDAR Scanner, Wi-Fi 6E + 5G Cellular, Face ID — Space Black EPEAT",,,USD,4.1,8.0,https://www.amazon.com/dp/B0D3JB59ZT,https://m.media-amazon.com/images/I/61I7xveZKhL._AC_UY654_QL65_.jpg,1.0,,False,False,True,True,,"Join Prime to get FREE delivery Tomorrow, Sep 11Or Non-members get FREE delivery Tue, Sep 15Only 3 left in stock - order soon.",False,,Only 3 left in stock - order soon.,,,,,,,True,False,US,,,
B0BTRLY3PY,"Apple 2022 iPad Pro 11-inch, Wi-Fi + Cellular, 128GB - Silver (Renewed)",599.95,599.95,USD,4.1,22.0,https://www.amazon.com/dp/B0BTRLY3PY,https://m.media-amazon.com/images/I/71KZGj+T8yL._AC_UY654_QL65_.jpg,4.0,539.85,False,False,False,False,,"FREE delivery Tomorrow, Sep 11Only 2 left in stock - order soon.",False,,Only 2 left in stock - order soon.,,,,,,,False,False,US,,,
B0CVDZ7WYW,"Amazon Fire HD 8 tablet (newest model), 8” HD Display, 4GB memory, 64GB, responsive and vibrant, designed for portable entertainment, Black",84.99,129.99,USD,4.5,10441.0,https://www.amazon.com/dp/B0CVDZ7WYW,https://m.media-amazon.com/images/I/717z5zjuBWL._AC_UY654_QL65_.jpg,1.0,84.99,False,False,True,False,10K+ bought in past month,"Join Prime to get FREE delivery Today 7 AM - 11 AMOr Non-members get FREE delivery Tue, Sep 15",False,Limited time deal,,,,,,,,False,True,US,,,
B0D4XS1115,"Apple 2024 iPad Air 13-inch, Wi-Fi, 256GB - Purple (Renewed)",771.4,771.4,USD,4.2,242.0,https://www.amazon.com/dp/B0D4XS1115,https://m.media-amazon.com/images/I/71aqwVDcCaL._AC_UY654_QL65_.jpg,1.0,771.4,False,False,False,False,,FREE delivery Sep 27 - Oct 8Or fastest delivery Sep 27 - Oct 6,True,,,,,,,,,False,False,US,,,
B0D3NGN3K1,"Logitech Combo Touch iPad Air 13 inch M2 M3 &amp; M4 - Midnight Black | Detachable keyboard, kickstand, comfortable typing, multi-use mode, compatible with 2024, 2025 and 2026 iPad Air",229.99,229.99,USD,3.8,350.0,https://www.amazon.com/dp/B0D3NGN3K1,https://m.media-amazon.com/images/I/61oiT2XEjfL._AC_UY654_QL65_.jpg,2.0,181.99,False,False,True,False,500+ bought in past month,"Join Prime to get FREE delivery Today 5 PM - 10 PMOr Non-members get FREE delivery Tue, Sep 15",False,,,,,,,,,False,False,US,,,
B0F1FQCL1R,"Tablet 11 inch Android 16 Tablet 2026 Latest Update Octa-Core 128GB+20GB | 4G LTE Tablets, 5G WiFi+Cellular, T-Mobile SIM Card Support, 13+8MP Dual Camera Support, 1TB Expansion HD Touchscreen Tableta",125.98,139.99,USD,4.2,1352.0,https://www.amazon.com/dp/B0F1FQCL1R,https://m.media-amazon.com/images/I/61d0nRJ7UJL._AC_UY654_QL65_.jpg,4.0,99.99,False,False,True,False,500+ bought in past month,"Join Prime to get FREE delivery Today 5 PM - 10 PMOr Non-members get FREE delivery Tue, Sep 15",True,Limited time deal,,,,,,,,False,True,US,,,
B0HF89GGQG,"Android 16 Tablet 10 Inch, 24GB RAM 64GB ROM 1TB,HD IPS,Fast WiFi 6, BT 5.4 | Electronics Tablets with HD IPS Touchscreen, 6000mAh 12H Battery, 2*Cameras Tablets for Kids &amp; Adults, Gifts, Streaming, Work",79.99,133.99,USD,4.4,506.0,https://www.amazon.com/dp/B0HF89GGQG,https://m.media-amazon.com/images/I/71bv3j7wXTL._AC_UY654_QL65_.jpg,1.0,79.99,False,False,True,False,,"Join Prime to get FREE delivery Today 5 PM - 10 PMOr Non-members get FREE delivery Tue, Sep 15",True,,,,,,,,,False,True,US,,,
B0DWJXGM7Q,Android Tablet 10 Inch Tablet With Case Stylus Android 15 Tablets 8GB RAM 32GB ROM Support 1TB Expansion 6000mah Battery 10.1&quot; IPS HD Touchscreen 2MP+8MP Dual Camera WIFI-6 Bluetooth5.0 Tablets,59.99,59.99,USD,4.1,489.0,https://www.amazon.com/dp/B0DWJXGM7Q,https://m.media-amazon.com/images/I/616aoT4YybL._AC_UY654_QL65_.jpg,1.0,59.99,False,False,True,False,500+ bought in past month,"Join Prime to get FREE delivery Today 5 PM - 10 PMOr Non-members get FREE delivery Tue, Sep 15",True,,,,,,,,,False,False,US,,,
B0HGXS9F3P,"URAO Tablet,10.1&quot; Android 16 Tablet Octa-core 36GB+128GB Dual Camera | 1280x800 IPS HD Touchscreen 6000mAh Battery Wi-Fi 6,BT 5.4 GMS 36GB(6+30) RAM 128GB ROM Support 1TB Expansion 5MP+8MP cameras",89.99,149.99,USD,4.8,58.0,https://www.amazon.com/dp/B0HGXS9F3P,https://m.media-amazon.com/images/I/71MLHY2qL2L._AC_UY654_QL65_.jpg,1.0,89.99,False,False,True,False,,"Join Prime to get FREE delivery Today 5 PM - 10 PMOr Non-members get FREE delivery Tue, Sep 15",False,Limited time deal,,,,,,,,False,True,US,,,
B0DWJSPYKG,Android Tablet 10 Inch Tablet With Case Screen Stylus Android 15 Tablets 8GB RAM 32GB ROM Support 1TB Expansion 6000mah Battery 10.1&quot; IPS HD Touchscreen 2MP+8MP Dual Camera WIFI-6 Bluetooth5.0 Tablets,59.99,59.99,USD,4.1,489.0,https://www.amazon.com/dp/B0DWJSPYKG,https://m.media-amazon.com/images/I/61RvIqHGeUL._AC_UY654_QL65_.jpg,1.0,59.99,False,False,True,False,500+ bought in past month,"Join Prime to get FREE delivery Today 5 PM - 10 PMOr Non-members get FREE delivery Tue, Sep 15",True,,,,,,,,,False,False,US,,,
B0FXBPWCQY,"Samsung Galaxy Tab A11 WiFi Model (International Version), 8.7 inches, 64GB + 4GB with Model Number SM-X133 (Gray)",136.99,149.99,USD,4.2,329.0,https://www.amazon.com/dp/B0FXBPWCQY,https://m.media-amazon.com/images/I/41lskqHmqNL._AC_UY500_QL65_.jpg,20.0,128.47,False,False,True,False,3K+ bought in past month,"Join Prime to get FREE delivery Today 5 PM - 10 PMOr Non-members get FREE delivery Tue, Sep 15",True,,,,,,,,,False,True,US,,,
B0D38GBHCS,"Amazon Fire HD 8 Kids Pro tablet, ages 6-12. Bright 8&quot; HD screen, includes ad-free content, parental controls, 13-hr battery, slim case for older kids, 64GB, Hello Teal, (2024 release)",94.99,169.99,USD,4.6,5763.0,https://www.amazon.com/dp/B0D38GBHCS,https://m.media-amazon.com/images/I/61iYPiatV9L._AC_UY654_QL65_.jpg,1.0,94.99,False,False,True,False,2K+ bought in past month,"Join Prime to get FREE delivery Tomorrow, Sep 11Or Non-members get FREE delivery Tue, Sep 15",False,Limited time deal,,,,,,,,False,True,US,,,
B0FXBT9CYP,"Samsung Galaxy Tab A11+ Plus 2026 (128GB, 6GB, Wi-Fi Only) 11.0&quot; 90Hz Android 16 Tablet, All Day Battery, Octa-Core (4nm), 4-Speakers, International Model X230 | Fast Charge Cube Bundle | Gray",239.44,239.44,USD,4.4,486.0,https://www.amazon.com/dp/B0FXBT9CYP,https://m.media-amazon.com/images/I/51+q6NLJjqL._AC_UY654_QL65_.jpg,12.0,231.07,False,False,True,False,2K+ bought in past month,"Join Prime to get FREE delivery Today 5 PM - 10 PMOr Non-members get FREE delivery Tue, Sep 15Only 3 left in stock - order soon.",True,,Only 3 left in stock - order soon.,,,,,,,False,False,US,,,
B0FVXRG5W9,"Samsung Galaxy Tab A11+ 8GB RAM, 256GB Storage, AI Assist, Slim Light, Gray | Optimized Performance, Long Lasting Battery, Expandable Storage, Large Display, Dolby Atmos Speakers, 2 Year Warranty",379.99,379.99,USD,4.6,2410.0,https://www.amazon.com/dp/B0FVXRG5W9,https://m.media-amazon.com/images/I/61J95lO0oLL._AC_UY654_QL65_.jpg,2.0,300.29,False,False,True,False,1K+ bought in past month,"Join Prime to get FREE delivery Today 7 AM - 11 AMOr Non-members get FREE delivery Tue, Sep 15",True,,,,,,,,,False,False,US,,,
B0HGXNYTPX,"Jeazans Android 16 Tablet 10.1 Inch, 2-in-1 Tablet Bundle with Keyboard, Wireless Mouse, Stylus, Leather Case, Dual Camera, 64GB Storage+1TB Expansion, Portable Laptop for Students &amp; Business",89.99,139.99,USD,4.8,135.0,https://www.amazon.com/dp/B0HGXNYTPX,https://m.media-amazon.com/images/I/81SJqudddPL._AC_UY654_QL65_.jpg,3.0,82.79,False,False,True,False,,"Join Prime to get FREE delivery Today 5 PM - 10 PMOr Non-members get FREE delivery Tue, Sep 15",False,Limited time deal,,,,,,,,False,True,US,,,
B0H3KSYGSJ,"10 inch Tablet with Keyboard - Android 16 Tablet with 24GB+256GB+2TB Expand | 2026 Gemini AI Tablet PC with 8-Core, 5G WiFi, 8000mAh, GMS, GPS, 2-in-1 Electronic Tablet with Case, Mouse, Stylus (Black)",129.99,129.99,USD,4.1,74.0,https://www.amazon.com/dp/B0H3KSYGSJ,https://m.media-amazon.com/images/I/81f+go2-WiL._AC_UY654_QL65_.jpg,1.0,129.99,False,False,True,False,500+ bought in past month,"Join Prime to get FREE delivery Today 5 PM - 10 PMOr Non-members get FREE delivery Tue, Sep 15",True,,,,,,,,,False,False,US,,,
B0DWJSBBCD,"10 Inch Tablet With Tablet protective Case and Stylus, Android 15 Tablets, 8GB RAM 32GB ROM/1TB Expansion, 8H 6000mah Battery Wifi Bluetooth 10.1&quot; IPS HD Touchscreen 2MP+8MP Dual Camera Tablets Blue.",59.99,59.99,USD,4.1,489.0,https://www.amazon.com/dp/B0DWJSBBCD,https://m.media-amazon.com/images/I/51oQbVSs9XL._AC_UY654_QL65_.jpg,1.0,59.99,False,False,True,False,300+ bought in past month,"Join Prime to get FREE delivery Today 5 PM - 10 PMOr Non-members get FREE delivery Tue, Sep 15",True,,,,,,,,,False,False,US,,,
B0H7HXHCJ7,"Tablet 10 Inch, Android 16 Tablet with Keyboard, 16GB RAM + 32GB, Pink | 1280 x 800 HD IPS, 6000mAh, WiFi 6, BT 5.4, Dual Camera, Mouse, Stylus, 2-in-1 for Study and Travel",74.99,99.99,USD,4.9,18.0,https://www.amazon.com/dp/B0H7HXHCJ7,https://m.media-amazon.com/images/I/71yPQxMSMGL._AC_UY654_QL65_.jpg,1.0,74.99,False,False,True,False,400+ bought in past month,"Join Prime to get FREE delivery Today 5 PM - 10 PMOr Non-members get FREE delivery Tue, Sep 15",False,,,,,,,,,False,True,US,,,
B0H8D7XTWC,"Gleeso Tablet, 2026 Latest 10 Inch Android 16 Tablet, 24GB+64GB+1TB TF, 6000mAh Battery, Fast Charging, HD Display, Widevine L1, Dual Camera, Face ID, Split Screen, Light, Portable",79.98,129.99,USD,4.6,34.0,https://www.amazon.com/dp/B0H8D7XTWC,https://m.media-amazon.com/images/I/71SeqMNRLKL._AC_UY654_QL65_.jpg,1.0,79.98,False,False,True,False,500+ bought in past month,"Join Prime to get FREE delivery Tomorrow, Sep 11Or Non-members get FREE delivery Tue, Sep 15",False,Limited time deal,,,,,,,,False,True,US,,,
B0F1NHSFMF,Lenovo Tab One - Lightweight Tablet - up to 12.5 Hours of YouTube Streaming - 8.7&quot; HD Display - 4 GB Memory - 64 GB Storage - MediaTek Helio G85 - Includes Folio Case ENERGY STAR,139.99,139.99,USD,4.2,783.0,https://www.amazon.com/dp/B0F1NHSFMF,https://m.media-amazon.com/images/I/713r2sAaC+L._AC_UY654_QL65_.jpg,7.0,116.7,False,False,True,True,3K+ bought in past month,"Join Prime to get FREE delivery Today 7 AM - 11 AMOr Non-members get FREE delivery Tue, Sep 15",False,,,,,,,,,False,False,US,,,
B0GGMRFPZM,"Tablet 11 Inch, Android 16 Tablet, Gray | Octa-Core, 20GB RAM + 128GB ROM, 1TB Expandable, 90Hz IPS Touchscreen, 8800mAh, WiFi 6, BT 5.2, GPS, Dual Camera",74.79,99.99,USD,4.2,161.0,https://www.amazon.com/dp/B0GGMRFPZM,https://m.media-amazon.com/images/I/71HHfHOKOvL._AC_UY654_QL65_.jpg,1.0,74.79,False,False,True,False,200+ bought in past month,"Join Prime to get FREE delivery Today 5 PM - 10 PMOr Non-members get FREE delivery Tue, Sep 15",True,Limited time deal,,,,,,,,False,True,US,,,
B0GDFT3NNH,"Android 15 Tablet 10 Inch, 2026 Tablet with Keyboard, 24GB+256GB+2TB Expand | Tablets PC with Gemini AI, Octa-Core, 8000mAh, 5G WiFi, Widevine L1, GMS, 2 in 1 AI Tablets with Case, Mouse, Stylus(Pink)",80.18,89.09,USD,4.0,770.0,https://www.amazon.com/dp/B0GDFT3NNH,https://m.media-amazon.com/images/I/81CSvIp4mYL._AC_UY654_QL65_.jpg,1.0,80.18,False,False,True,False,100+ bought in past month,"Join Prime to get FREE delivery Today 5 PM - 10 PMOr Non-members get FREE delivery Tue, Sep 15",True,Limited time deal,,,,,,,,False,True,US,,,
B0HFZXXWQV,"Android Tablet 11 inch with Octa-Core Processor, 36GBRAM+128GB Storage, 7800mAh Large Battery, Gemini AI, 1TB Expandable, 5G/2.4G WiFi, BT 5.4,Dual Camera, Tablet for Study, Business&amp;Entertainment",109.99,159.99,USD,4.6,154.0,https://www.amazon.com/dp/B0HFZXXWQV,https://m.media-amazon.com/images/I/71e66CiggwL._AC_UY654_QL65_.jpg,1.0,109.99,False,False,True,False,,"Join Prime to get FREE delivery Tomorrow, Sep 11Or Non-members get FREE delivery Tue, Sep 15",False,,,,,,,,,False,True,US,,,
B0H44CG2FC,"Jeazans 2026 Upgraded Android 16 Tablet with 64GB+1TB Expand, 10.1 inch Tablet with 8-Core, Dock Station, Gemini Ai, WiFi 6, Bluetooth 5.4, 3-Year Protection, Tablet for Students, Kids&amp; Adults",109.99,159.99,USD,4.7,215.0,https://www.amazon.com/dp/B0H44CG2FC,https://m.media-amazon.com/images/I/71igAoq-i0L._AC_UY654_QL65_.jpg,1.0,109.99,False,False,True,False,300+ bought in past month,"Join Prime to get FREE delivery Today 5 PM - 10 PMOr Non-members get FREE delivery Tue, Sep 15",False,Limited time deal,,,,,,,,False,True,US,,,
B0C77HFG3F,"COOPERS Tablet 10 inch, Android 15 Tablet, 32GB ROM 1TB Expand Computer Tablets, Quad Core Processor 6000mAh Battery, 1280x800 IPS Touch Screen, 2+8MP Dual HD Camera, Bluetooth WiFi Tablets PC",54.99,54.99,USD,3.8,7077.0,https://www.amazon.com/dp/B0C77HFG3F,https://m.media-amazon.com/images/I/619LZNjQAGL._AC_UY654_QL65_.jpg,1.0,54.99,False,False,True,False,500+ bought in past month,"Join Prime to get FREE delivery Today 5 PM - 10 PMOr Non-members get FREE delivery Tue, Sep 15",True,,,,,,,,,False,False,US,,,
B0GQVPX1PJ,"Apple iPad Air 11-inch (M4): Liquid Retina Display, 128GB, 12MP Front/Back Camera, Wi-Fi 7 with Apple N1, Touch ID, All-Day Battery Life — Space Gray",729.0,729.0,USD,4.8,748.0,https://www.amazon.com/dp/B0GQVPX1PJ,https://m.media-amazon.com/images/I/71oepHm9ALL._AC_UY654_QL65_.jpg,1.0,729.0,False,False,True,False,4K+ bought in past month,"Join Prime to get FREE delivery Today 7 AM - 11 AMOr Non-members get FREE delivery Tue, Sep 15",True,,,,,,,,,False,False,US,,,
B0H1HVBWR6,"URAO Tablet｜14 inch Android 16 Tablet｜30GB RAM 256GB ROM ｜1920 * 1200 IPS FHD｜10000mAh 30W Fast Charging｜Octa-core Processor｜Wi-Fi 6, BT 5.4｜Dual Camera with Gemini AI｜Keyboard｜Stylus｜Case｜Headphone",239.99,239.99,USD,4.4,87.0,https://www.amazon.com/dp/B0H1HVBWR6,https://m.media-amazon.com/images/I/71Mqa7DNMeL._AC_UY654_QL65_.jpg,1.0,239.99,False,False,True,False,400+ bought in past month,"Join Prime to get FREE delivery Today 5 PM - 10 PMOr Non-members get FREE delivery Tue, Sep 15",False,,,,,,,,,False,False,US,,,
B0H4LKYKCG,"13 inch Tablet with Keyboard - 2026 Gemini AI Android 16 Tablet,Silver Case | 32GB+256GB+2TB Expand, 2K Tablets PC with 8-Core, 10000mAh, 120Hz 1920x1200 Display, 2 in 1 Large Tablets with Mouse, Stylus",189.98,299.99,USD,4.0,27.0,https://www.amazon.com/dp/B0H4LKYKCG,https://m.media-amazon.com/images/I/71UHC9VndlL._AC_UY654_QL65_.jpg,1.0,189.98,False,False,True,False,200+ bought in past month,"Join Prime to get FREE delivery Today 5 PM - 10 PMOr Non-members get FREE delivery Tue, Sep 15",True,,,,,,,,,False,True,US,,,
B0FF5JJ3CP,"Samsung Galaxy Tab S10 Lite, 6GB RAM, 128GB, 2TB Expand, 10.9” LCD, Gray | Long Battery Life, S Pen for Note-Taking, Exynos 1380, Circle to Search, AI Tools",399.99,399.99,USD,4.6,1276.0,https://www.amazon.com/dp/B0FF5JJ3CP,https://m.media-amazon.com/images/I/61jwusQUP2L._AC_UY654_QL65_.jpg,2.0,306.59,False,False,True,False,500+ bought in past month,"Join Prime to get FREE delivery Today 5 PM - 10 PMOr Non-members get FREE delivery Tue, Sep 15",True,,,,,,,,,False,False,US,,,
B0F3XD9M6C,"HOTTABLET Tablet 7Inch Android 14.0 with Protective Case, 8GB(3+5GB Expand) RAM+ 32GB ROM, IPS Screen, Dual Camera, Bluetooth 5.0 WiFi Tab (Black)",40.99,40.99,USD,3.8,1001.0,https://www.amazon.com/dp/B0F3XD9M6C,https://m.media-amazon.com/images/I/713kqvNOS3L._AC_UY654_QL65_.jpg,1.0,40.99,False,False,True,False,500+ bought in past month,"Join Prime to get FREE delivery Today 5 PM - 10 PMOr Non-members get FREE delivery Tue, Sep 15",True,,,,,,,,,False,False,US,,,
B0HB44HB7L,"Gleeso Tablet, Android 16 Tablet, 36GB RAM 128GB ROM 1TB TF, 10 Inch Tablet, 8 core, 6000mAh Battery, Fast Charging, HD Display, Dual Camera, Face Unlock, Widevine L1, WiFi 6 BT5.4",99.99,139.99,USD,5.0,16.0,https://www.amazon.com/dp/B0HB44HB7L,https://m.media-amazon.com/images/I/81utaw-VYEL._AC_UY654_QL65_.jpg,1.0,99.99,False,False,True,False,New on Amazon in past month,"Join Prime to get FREE delivery Today 5 PM - 10 PMOr Non-members get FREE delivery Tue, Sep 15",False,Limited time deal,,,,,,,,False,True,US,,,
B0BLBLRLJB,"Amazon Fire 7 Kids tablet, ages 3-7. Top-selling 7&quot; kids tablet on Amazon. Includes ad-free and exclusive content, easy parental controls, 10-hr battery, 16 GB, Blue",109.99,109.99,USD,4.3,20024.0,https://www.amazon.com/dp/B0BLBLRLJB,https://m.media-amazon.com/images/I/61q87hzafQL._AC_UY654_QL65_.jpg,1.0,109.99,False,False,True,False,7K+ bought in past month,"Join Prime to get FREE delivery Today 7 AM - 11 AMOr Non-members get FREE delivery Tue, Sep 15",True,,,,,,,,,False,False,US,,,
B0F1NGFSNY,Lenovo Idea Tab Pro with Google Gemini - Student Tablet - 12.7” 3K LCD Display - 8 GB Memory - 128 GB Storage - MediaTek Dimensity 8300 - Includes Pen and Folio Case ENERGY STAR,339.99,339.99,USD,4.6,539.0,https://www.amazon.com/dp/B0F1NGFSNY,https://m.media-amazon.com/images/I/71bDdiCbWmL._AC_UY654_QL65_.jpg,7.0,298.32,False,False,True,True,1K+ bought in past month,"Join Prime to get FREE delivery Today 5 PM - 10 PMOr Non-members get FREE delivery Tue, Sep 15",False,,,,,,,,,False,False,US,,,
B0FVXLPWHM,"Samsung Galaxy Tab A11+ 8GB RAM, 256GB Storage, Large Display, Silver | Optimized Performance Long Lasting Battery, Expandable Storage, Dolby Atmos Speakers, AI Assist, Slim, Light, 2 Year Warranty",379.99,379.99,USD,4.6,2410.0,https://www.amazon.com/dp/B0FVXLPWHM,https://m.media-amazon.com/images/I/61Bv03XCIIL._AC_UY654_QL65_.jpg,2.0,305.03,False,False,True,False,500+ bought in past month,"Join Prime to get FREE delivery Today 7 AM - 11 AMOr Non-members get FREE delivery Tue, Sep 15",True,,,,,,,,,False,False,US,,,
B0D1BTG3RK,"COLORROOM 2026 Upgraded Android 15 Tablet, 10inch Kids Tablet, Octa-core CPU, 10GB+64GB+1TB Expand Tablets for Kids with Kids Space, Parental Control, 6000mAh Big Battery,Touchscreen Tableta,Blue",84.99,89.99,USD,4.2,2627.0,https://www.amazon.com/dp/B0D1BTG3RK,https://m.media-amazon.com/images/I/71Mw9L1ay1L._AC_UY654_QL65_.jpg,2.0,77.99,False,False,True,False,1K+ bought in past month,"Join Prime to get FREE delivery Today 5 PM - 10 PMOr Non-members get FREE delivery Tue, Sep 15",True,,,,,,,,,False,True,US,,,
B0FWCXJVHN,"Apple iPad Pro 11-inch (M5): Ultra Retina XDR Display, 256GB, Landscape 12MP Front Camera/12MP Back Camera, LiDAR Scanner, Wi-Fi 7 with Apple N1, Face ID, All-Day Battery Life — Space Black EPEAT",,,USD,4.7,654.0,https://www.amazon.com/dp/B0FWCXJVHN,https://m.media-amazon.com/images/I/61sP8Xzu-JL._AC_UY654_QL65_.jpg,5.0,,False,False,True,True,1K+ bought in past month,"Join Prime to get FREE delivery Today 5 PM - 10 PMOr Non-members get FREE delivery Tue, Sep 15",True,,,,,,,,,True,False,US,,,
B0FT89SMDS,Samsung Galaxy Tab Active5 Pro 10.1&quot; SM-X356B 128GB 6GB Factory Unlocked WiFi + 5G LTE Cellular Rugged Tablet - International Version (Green),699.5,699.5,USD,2.9,2.0,https://www.amazon.com/dp/B0FT89SMDS,https://m.media-amazon.com/images/I/51HAeTOtXxL._AC_UY654_QL65_.jpg,3.0,644.99,False,False,False,False,100+ bought in past month,"FREE delivery Tue, Sep 15Only 12 left in stock - order soon.",False,,Only 12 left in stock - order soon.,,,,,,,False,False,US,,,
B0CTQGMC9M,"HOTTABLET Kids Tablet 7 inch Android, 4GB RAM 32GB ROM, 1TB Expandsion, with Parental Control, WiFi, Bluetooth, Dual Camera with Silicone Case, 1PCS (Blue)",40.99,40.99,USD,4.0,1531.0,https://www.amazon.com/dp/B0CTQGMC9M,https://m.media-amazon.com/images/I/61Ba19KWxLL._AC_UY654_QL65_.jpg,1.0,40.99,False,False,True,False,1K+ bought in past month,"Join Prime to get FREE delivery Today 5 PM - 10 PMOr Non-members get FREE delivery Tue, Sep 15",True,,,,,,,,,False,False,US,,,
B0HH8F945G,"Jeazans Tablet, 10.1&quot; Android 16 Tablet, 24GB RAM 64GB ROM 1TB Expand, 6000mAh Battery, Dual 5MP+8MP Camera, 1280x800 IPS HD Touchscreen, Widevine L1, Wi-Fi 6 BT 5.4 GMS Certified, Face Unlock",79.99,119.99,USD,5.0,18.0,https://www.amazon.com/dp/B0HH8F945G,https://m.media-amazon.com/images/I/71OgaT1JB5L._AC_UY654_QL65_.jpg,1.0,79.99,False,False,True,False,New on Amazon in past month,"Join Prime to get FREE delivery Tomorrow, Sep 11Or Non-members get FREE delivery Tue, Sep 15",False,Limited time deal,,,,,,,,False,True,US,,,
14670569720637338315,"Lenovo IdeaPad Slim 3 Chromebook 14"" 2K Touchscreen Laptop",199.0,,,4.5,64.0,"https://www.google.com/search?ibp=oshop&q=Laptop&prds=localAnnotatedOfferId:1,catalogid:14670569720637338315,pvo:2,pvt:hg,rds:PC_6027158597472037202%7CPROD_PC_6027158597472037202&gl=us&udm=28&pvorigin=2",https://encrypted-tbn3.gstatic.com/shopping?q=tbn:ANd9GcRn7pHSQMH1Q0mMxXKUf9VZPXt8XhReZkffQxFSeZ4gVwBhmXV9BN9bJR2AblYax3cFNjmMmVRjThOClNgTYZATl_6lmMzmne35--_64lGcZFgaljbqvpshiA,,,,,,,,,,,,,,,,,,False,False,US,Best Buy,1.0,laptops
14491102001796196403,Dell Inspiron 15.6 FHD Touch Screen Laptop Intel Core i5-1334U Intel UHD Graphics,379.0,,,3.8,11.0,"https://www.google.com/search?ibp=oshop&q=Laptop&prds=localAnnotatedOfferId:1,catalogid:14491102001796196403,pvo:2,pvt:hg,rds:PC_6027158597472037202%7CPROD_PC_6027158597472037202&gl=us&udm=28&pvorigin=2",https://encrypted-tbn2.gstatic.com/shopping?q=tbn:ANd9GcR4ATJVEhuXbquRWq-y8wxt-4UWBvHtQLEe6K7TqdcGtRbIqTmXEZifTUtYZl29jhyUd-qfDVwdM8kjJ7NpMQkL6leovbX8iUYnrL7LSHDjQpV8wl3gV7okMw,,,,,,,,,,,,,,,,,,False,False,US,Walmart,2.0,laptops
8071037808297078357,Apple MacBook Neo 13-inch A18 Pro chip,699.99,,,4.8,5400.0,"https://www.google.com/search?ibp=oshop&q=Laptop&prds=localAnnotatedOfferId:1,catalogid:8071037808297078357,pvo:2,pvt:hg,rds:PC_6027158597472037202%7CPROD_PC_6027158597472037202&gl=us&udm=28&pvorigin=2",https://encrypted-tbn1.gstatic.com/shopping?q=tbn:ANd9GcRQzGk0Ga4U-Tpx1R2_pg5ua3eUxzlsGuJQQqjdzZyzcm96lTVLAJ3VhQ0AJ8uh0bKS6VrmR4N8MiayiP3bNR4VkH3WgeXVPg,,,,,,,,,,,,,,,,,,False,False,US,Target,3.0,laptops
7730384411543890453,"HP OmniBook 3 14"" Laptop Copilot+ PC Snapdragon X",599.99,,,4.7,24.0,"https://www.google.com/search?ibp=oshop&q=Laptop&prds=localAnnotatedOfferId:1,catalogid:7730384411543890453,pvo:2,pvt:hg,rds:PC_6027158597472037202%7CPROD_PC_6027158597472037202&gl=us&udm=28&pvorigin=2",https://encrypted-tbn2.gstatic.com/shopping?q=tbn:ANd9GcTvOW8yRj2BzC5_xTLYgjQ3Qg-4-XYd9m8fmmv8okS-FLaROwJ5Nd7_HF1CMhyTuDAPr2G7SfSN8rdSqWUA1srQlpO5P9fGI7TVB8Kfwy1b2vIrec2M7bwn,,,,,,,,,,,,,,,,,,False,False,US,Best Buy,4.0,laptops
14640552118530053526,"HP 14-dq6101dx 14"" Laptop Intel Core N150 4GB RAM",239.97,,,4.4,136.0,"https://www.google.com/search?ibp=oshop&q=Laptop&prds=localAnnotatedOfferId:1,catalogid:14640552118530053526,pvo:2,pvt:hg,rds:PC_6027158597472037202%7CPROD_PC_6027158597472037202&gl=us&udm=28&pvorigin=2",https://encrypted-tbn0.gstatic.com/shopping?q=tbn:ANd9GcR8YIlf2tzhEYnB18MSSMi7oykUDYm0hoBpeZZMvxs65EUh0tUzTpafsQTBjjkxBdbbx3iR8SEPgAfw8XEXmEdAqCDpN2TnRvFvFWnLG0USIgdu3lAyN6gC,,,,,,,,,,,,,,,,,,False,False,US,Walmart - Premium Electronics Shop,5.0,laptops
12331601033613628286,Razer Blade 16 Ultra-thin 16-inch AMD gaming laptop,,,,,,"https://www.google.com/search?ibp=oshop&q=Laptop&prds=localAnnotatedOfferId:1,catalogid:12331601033613628286,pvo:2,pvt:hg,rds:PC_6027158597472037202%7CPROD_PC_6027158597472037202&gl=us&udm=28&pvorigin=2",https://encrypted-tbn2.gstatic.com/shopping?q=tbn:ANd9GcSUDbvbM42OFfXOHoBCIRDi6Yu5fRg4CIlL2p2u9K5CoYFOisMz1E8Vj651bFGXuysDy1FRlqz813a7HcwPqaJmEAIai11-Jj4SCtFiaCJ3h_tCfGi9Kx5Hmg,,,,,,,,,,,,,,,,,,True,False,US,Razer.com,6.0,laptops
14669235653150624691,"ASUS ROG Zephyrus G16 16"" 2.5K OLED 240Hz Gaming Laptop Intel Core Ultra 9 285H",,,,4.6,252.0,"https://www.google.com/search?ibp=oshop&q=Laptop&prds=localAnnotatedOfferId:1,catalogid:14669235653150624691,pvo:2,pvt:hg,rds:PC_6027158597472037202%7CPROD_PC_6027158597472037202&gl=us&udm=28&pvorigin=2",https://encrypted-tbn3.gstatic.com/shopping?q=tbn:ANd9GcRWZfX89sBsbqfVNZbmfEUrSnPGlrF5891114CZXaCRde6_m1mtgyUohnAcsv6jUsDFE0mEfyPuRLYbO9dN82pAUn1SsrbmpgRuY0FbpG5S,,,,,,,,,,,,,,,,,,True,False,US,Best Buy,7.0,laptops
11016576585520376434,HP OmniBook 3 17.3' FHD Laptop Intel N150 4GB RAM 128GB UFS 2-Year HP Care Pack with Accidental Damage Protection,471.9,,,3.5,11.0,"https://www.google.com/search?ibp=oshop&q=Laptop&prds=localAnnotatedOfferId:1,catalogid:11016576585520376434,pvo:2,pvt:hg,rds:PC_6027158597472037202%7CPROD_PC_6027158597472037202&gl=us&udm=28&pvorigin=2",https://encrypted-tbn2.gstatic.com/shopping?q=tbn:ANd9GcQ2v7Kmy7B8UL2hdcMVS0gHSbc1EJ87UhdTIlTYKkh-ty5VtwOD1jIlX-RlW2RPXg3lHAqbhyYKLkeciL3ZS5cmSnz31nHeqn2Jb2Mw9B8yZXmSR5cWpVjdJg,,,,,,,,,,,,,,,,,,False,False,US,Sam's Club,8.0,laptops
5912188204364081584,"New Lenovo Ideapad Slim 3 15itn9 15.6"" N150 1.0ghz 8GB RAM 128GB SSD",349.99,,,4.7,19.0,"https://www.google.com/search?ibp=oshop&q=Laptop&prds=localAnnotatedOfferId:1,catalogid:5912188204364081584,pvo:2,pvt:hg,rds:PC_6027158597472037202%7CPROD_PC_6027158597472037202&gl=us&udm=28&pvorigin=2",https://encrypted-tbn0.gstatic.com/shopping?q=tbn:ANd9GcQ44ja5bfvhmbmV13xecyFaf-mrplNphq2AbtRBBf24EObZB7e5lon82CZ2FFMvGf7vUJYp64goMN9OKLtJgnwfzC8XEP3ZkGneEMTzWX0_MpugQpA8obnh,,,,,,,,,,,,,,,,,,False,False,US,Best Buy,9.0,laptops
134410787128582895,New Asus Rog Strix G16 g614fm Ryzen 9 9955hx 2.5ghz 16gb RAM 1tb Ssd Rtx 5060,,,,4.3,92.0,"https://www.google.com/search?ibp=oshop&q=Laptop&prds=localAnnotatedOfferId:1,catalogid:134410787128582895,pvo:2,pvt:hg,rds:PC_6027158597472037202%7CPROD_PC_6027158597472037202&gl=us&udm=28&pvorigin=2",https://encrypted-tbn0.gstatic.com/shopping?q=tbn:ANd9GcRLRfAItRqPnhyd-GNTN86oOuehTLpGVNDlZGUlzQNcnI_g8GVQ1iZCfBcXzhgCTkzJnkaSMEh7Uh6bkhIAbOmm__fKn58w0ZziE8DjE-oUfy3RIq9nABnk,,,,,,,,,,,,,,,,,,True,False,US,Walmart,10.0,laptops
7433602620420982143,15-inch Apple MacBook Air M5,,,,4.9,1500.0,"https://www.google.com/search?ibp=oshop&q=Laptop&prds=localAnnotatedOfferId:1,catalogid:7433602620420982143,pvo:2,pvt:hg,rds:PC_6027158597472037202%7CPROD_PC_6027158597472037202&gl=us&udm=28&pvorigin=2",https://encrypted-tbn0.gstatic.com/shopping?q=tbn:ANd9GcS2EFjlIkAhlRW5sEMIAQboFPfaFvZjL0r-4KPm3jMKrRrPu_BlaWZFc9c9h5rgLqmQkw7VUwD17HET5t6FSZ1CL7r_AXPzGb2TOF8Yhi89PwNIRIjTOKe2zg,,,,,,,,,,,,,,,,,,True,False,US,Apple,11.0,laptops
4209086973145175067,"Acer Chromebook Plus 516 Laptop – 16"" WUXGA Display Intel i3-1315U – 8GB LPDDR5 – 128GB Storage– Wi-Fi 6E",549.0,,,4.5,176.0,"https://www.google.com/search?ibp=oshop&q=Laptop&prds=localAnnotatedOfferId:1,catalogid:4209086973145175067,pvo:2,pvt:hg,rds:PC_6027158597472037202%7CPROD_PC_6027158597472037202&gl=us&udm=28&pvorigin=2",https://encrypted-tbn3.gstatic.com/shopping?q=tbn:ANd9GcSggNAF5Q_vmKnLOZdW5VeN__DpiWOjrW2bmmPve2pMDr0CSeBt8rDzw39P00pTDlSV1APzR_CAjd1zKYRyAG3EEXMlhErSGJk2Nixw1m0E,,,,,,,,,,,,,,,,,,False,False,US,Best Buy,12.0,laptops
10618966046197843753,"Lenovo IdeaPad Slim 3i 156"" Full HD Laptop Intel Core i5",549.99,,,4.8,158.0,"https://www.google.com/search?ibp=oshop&q=Laptop&prds=localAnnotatedOfferId:1,catalogid:10618966046197843753,pvo:2,pvt:hg,rds:PC_6027158597472037202%7CPROD_PC_6027158597472037202&gl=us&udm=28&pvorigin=2",https://encrypted-tbn3.gstatic.com/shopping?q=tbn:ANd9GcTG-AuCW1LtsaSjuk58qJnWNJaYTqYtT1leHvEiHYNzhz7GWzzhoQvLRBfpd3-Wj3T736dhY5KD1My8GdjouQfISKBJ-xVhanZxvoGUlMn32hQZoMTLqHuE,,,,,,,,,,,,,,,,,,False,False,US,BJ's Wholesale Club,13.0,laptops
1949575411386417208,New Lenovo Chromebook m Cosmic Blue Laptop MediaTek,299.0,,,,,"https://www.google.com/search?ibp=oshop&q=Laptop&prds=localAnnotatedOfferId:1,catalogid:1949575411386417208,pvo:2,pvt:hg,rds:PC_6027158597472037202%7CPROD_PC_6027158597472037202&gl=us&udm=28&pvorigin=2",https://encrypted-tbn1.gstatic.com/shopping?q=tbn:ANd9GcRvcT4ucS02jiBnSFwiURbbRfaJZ9JDNbn5QAQPIt_cXedXt11q_5mXtNcI-bMSHd6MNIuCzWeDIZe5KrJ5n_aIF3FG2rFz7PRdOqXmGa8fhGnx_HFeQkp_0A,,,,,,,,,,,,,,,,,,False,False,US,Best Buy,14.0,laptops
16454815401739215347,13-inch Apple MacBook Air M5,,,,4.9,3000.0,"https://www.google.com/search?ibp=oshop&q=Laptop&prds=localAnnotatedOfferId:1,catalogid:16454815401739215347,pvo:2,pvt:hg,rds:PC_6027158597472037202%7CPROD_PC_6027158597472037202&gl=us&udm=28&pvorigin=2",https://encrypted-tbn1.gstatic.com/shopping?q=tbn:ANd9GcQDjijUdkewC1uwmcxlgI0gGYrzuPta2O_4pwxdjXAE4fKzuQwPaoa1R0DIFDmd60wAppeWh_p-zkdh6muxOJxEtZQpZ3Jj-m5wjZACO0wtxeEcgWXgmoe6Xw,,,,,,,,,,,,,,,,,,True,False,US,Apple,15.0,laptops
15099909030512845773,"Microsoft Surface Laptop 13.8"" 2K Touchscreen Snapdragon X2 Elite 2026",,,,4.8,39.0,"https://www.google.com/search?ibp=oshop&q=Laptop&prds=localAnnotatedOfferId:1,catalogid:15099909030512845773,pvo:2,pvt:hg,rds:PC_6027158597472037202%7CPROD_PC_6027158597472037202&gl=us&udm=28&pvorigin=2",https://encrypted-tbn2.gstatic.com/shopping?q=tbn:ANd9GcRJwWNfbEq3j6-cE2As-V_X_wTbWvlNMH_AZtCqxp-0JHKNUEWQMEyFacC4AtnU2vKot6KNabCI_WhUWZTo7Rx6wYlO6cOv,,,,,,,,,,,,,,,,,,True,False,US,Microsoft Store,16.0,laptops
5027405378717285458,"HP 14"" HD Laptop Intel Processor N150 4GB RAM",258.22,,,4.6,47.0,"https://www.google.com/search?ibp=oshop&q=Laptop&prds=localAnnotatedOfferId:1,catalogid:5027405378717285458,pvo:2,pvt:hg,rds:PC_6027158597472037202%7CPROD_PC_6027158597472037202&gl=us&udm=28&pvorigin=2",https://encrypted-tbn0.gstatic.com/shopping?q=tbn:ANd9GcQDxJmx7VqVRPOTSZc8X6zSkmvm7uiLQry_-OvikvVavAiX1jjGmW3WgQ8n179HuJk_H8m5lpzmCsA86R9je1OdIpfyZ98f5CujHq0WIbI,,,,,,,,,,,,,,,,,,False,False,US,Best Buy,17.0,laptops
11255658841595285652,"Lenovo IdeaPad 3 15IJL6 15.6"" Chromebook Intel Celeron N4500",85.2,,,4.5,1100.0,"https://www.google.com/search?ibp=oshop&q=Laptop&prds=localAnnotatedOfferId:1,catalogid:11255658841595285652,pvo:2,pvt:hg,rds:PC_6027158597472037202%7CPROD_PC_6027158597472037202&gl=us&udm=28&pvorigin=2",https://encrypted-tbn3.gstatic.com/shopping?q=tbn:ANd9GcRfj6PsYiRilm6p7TCiBmHvdKh1w_U6s0c6WzW9ylHKu-6jM7LZ-LntTi1YRBESmiRzRsIUKZTeJqDNs-ZHPibcuIC4lWJwxjGJ3ALhgkO2wpLDdJChhqKs,,,,,,,,,,,,,,,,,,False,False,US,Rothirsch Getränke,18.0,laptops
15424173900504232508,"HP Stream 14"" Laptop Intel Celeron N4120 4GB RAM 64GB eMMC",259.9,,,3.6,2100.0,"https://www.google.com/search?ibp=oshop&q=Laptop&prds=localAnnotatedOfferId:1,catalogid:15424173900504232508,pvo:2,pvt:hg,rds:PC_6027158597472037202%7CPROD_PC_6027158597472037202&gl=us&udm=28&pvorigin=2",https://encrypted-tbn3.gstatic.com/shopping?q=tbn:ANd9GcRHkCEWTX-PLv7j-_TBJNixQ-wArMwgKL5VyA_taqqUXZVf-xo-NEB3vvDsNVm68z-gxikYiYumpitKjcMlN2MSqAnYx1PlekVL3QuESXppGAsoRO9LXSoo,,,,,,,,,,,,,,,,,,False,False,US,Walmart,19.0,laptops
1924962078384589088,"Acer Chromebook 315 – 15.6"" FHD Laptop with Google AI MediaTek Kompanio 540 – 4GB Memory – 128GB Storage – Wi-Fi 6E",379.0,,,4.6,60.0,"https://www.google.com/search?ibp=oshop&q=Laptop&prds=localAnnotatedOfferId:1,catalogid:1924962078384589088,pvo:2,pvt:hg,rds:PC_6027158597472037202%7CPROD_PC_6027158597472037202&gl=us&udm=28&pvorigin=2",https://encrypted-tbn1.gstatic.com/shopping?q=tbn:ANd9GcRNr5gx7XS03rsbKYU-mzcmy-_m4EFWp0FmwcdiWyFjDTs65PoAkj_6PziKqdGC5JBwLNMHhAPFrNZcgj6zy9Z_hIAdvu8lwOW3EzaNkvw,,,,,,,,,,,,,,,,,,False,False,US,Best Buy,20.0,laptops
9098167747416348725,16-inch Apple MacBook Pro M5 18 CPU GPU,,,,4.8,376.0,"https://www.google.com/search?ibp=oshop&q=Laptop&prds=localAnnotatedOfferId:1,catalogid:9098167747416348725,pvo:2,pvt:hg,rds:PC_6027158597472037202%7CPROD_PC_6027158597472037202&gl=us&udm=28&pvorigin=2",https://encrypted-tbn3.gstatic.com/shopping?q=tbn:ANd9GcTLTQeOgPioekJw18Ad1I0YnBSv-jvFXUqL6EiXKJPJDE9zGObiTVFQQK3DBeMecNiA-xckt_U3z1eKcHGVPCZRmQNI_E8b_QQfarjXB0axO4sqHwozJwbC,,,,,,,,,,,,,,,,,,True,False,US,Apple,21.0,laptops
9242172225912223662,GeekBook X14 Pro best Laptop Ultra 9-185H 32GB RAM 1TB SSD,,,,,,"https://www.google.com/search?ibp=oshop&q=Laptop&prds=localAnnotatedOfferId:1,catalogid:9242172225912223662,pvo:2,pvt:hg,rds:PC_6027158597472037202%7CPROD_PC_6027158597472037202&gl=us&udm=28&pvorigin=2",https://encrypted-tbn3.gstatic.com/shopping?q=tbn:ANd9GcQdQbPEMKtkiBU_PTRtHN3v0whS8Sc8EKdFJL5l_jJsupYrac2UYCAWrdLLCuQsyofbyVZyM1CFjgRdxugcXlmzaG55ieIDzlcscliGqu7Q7RbhG_l--b2vTQ,,,,,,,,,,,,,,,,,,True,False,US,geekompc.com,22.0,laptops
16847741063537408590,"HP 14"" Chromebook MediaTek Kompanio 540",249.0,,,,,"https://www.google.com/search?ibp=oshop&q=Laptop&prds=localAnnotatedOfferId:1,catalogid:16847741063537408590,pvo:2,pvt:hg,rds:PC_6027158597472037202%7CPROD_PC_6027158597472037202&gl=us&udm=28&pvorigin=2",https://encrypted-tbn1.gstatic.com/shopping?q=tbn:ANd9GcR2B8ZDZWh5AsjQL2ncFidGVDjxg7OoYsYYZX3spEhSemXsXHOQrVE-rVC_gABGNf2uxb-8JNp6BArSJdS8bcBlXeHUzRcfdxEU6vyHOP5EppwAxuAI9C0ddA,,,,,,,,,,,,,,,,,,False,False,US,Best Buy,23.0,laptops
12457295813772879444,Dell 14 Plus Laptop 2.5k Intel Core Ultra,,,,4.3,994.0,"https://www.google.com/search?ibp=oshop&q=Laptop&prds=localAnnotatedOfferId:1,catalogid:12457295813772879444,pvo:2,pvt:hg,rds:PC_6027158597472037202%7CPROD_PC_6027158597472037202&gl=us&udm=28&pvorigin=2",https://encrypted-tbn1.gstatic.com/shopping?q=tbn:ANd9GcQTW9FQ3TLBOY0UXuQVkGlARN-BEftW_r9FY6cdaUfHp8hZSKIgjGAlQkwB9DoK8tGMhC3V1-GWicokKl1gfW5u8x6InCRod5Et-Eka8DYp-HCBlWZQJeueKw,,,,,,,,,,,,,,,,,,True,False,US,Dell,24.0,laptops
4573826728765819774,"NIMO 17.3"" AI Laptop AMD Ryzen AI 9 HX 370 Radeon 890m",,,,4.2,64.0,"https://www.google.com/search?ibp=oshop&q=Laptop&prds=localAnnotatedOfferId:1,catalogid:4573826728765819774,pvo:2,pvt:hg,rds:PC_6027158597472037202%7CPROD_PC_6027158597472037202&gl=us&udm=28&pvorigin=2",https://encrypted-tbn1.gstatic.com/shopping?q=tbn:ANd9GcQdOdAhcsNwUkM8m5J3gWPVIyeUiDY75-Gm8q-_szZbWlIiuWT98znlXFsRdwa6UMcNTjQx3vKdt27KtNJVQ2vqqM-Q2mRX_39kOtCF5Arr2LQXs4Q2W5o,,,,,,,,,,,,,,,,,,True,False,US,Nimo,25.0,laptops
2437913428791008818,"Microsoft Surface Pro 13"" Snapdragon X2 Plus",,,,4.7,32.0,"https://www.google.com/search?ibp=oshop&q=Laptop&prds=localAnnotatedOfferId:1,catalogid:2437913428791008818,pvo:2,pvt:hg,rds:PC_6027158597472037202%7CPROD_PC_6027158597472037202&gl=us&udm=28&pvorigin=2",https://encrypted-tbn0.gstatic.com/shopping?q=tbn:ANd9GcRkxNX79ZeJFSMRh3Gcrt2woQRV5hbcIOjxWYmX8v2I7rSHeSZ01YAH36GUhB7TeEO9bHoTtdlj9jIwjUROAJ-Rc1LwwrGo7cQFFOJzgLCl,,,,,,,,,,,,,,,,,,True,False,US,B&H Photo-Video-Audio,26.0,laptops
1423559857574834948,"ASUS ROG Strix G16 G615JMR-DS94 16"" Gaming Laptop Intel Core i9-14900HX",,,,5.0,9.0,"https://www.google.com/search?ibp=oshop&q=Laptop&prds=localAnnotatedOfferId:1,catalogid:1423559857574834948,pvo:2,pvt:hg,rds:PC_6027158597472037202%7CPROD_PC_6027158597472037202&gl=us&udm=28&pvorigin=2",https://encrypted-tbn3.gstatic.com/shopping?q=tbn:ANd9GcTEbXp_P_Iyh47RKd8DygyB32EVco6vL1iZ0oj6P2QPd98TeonGg-n8U5BZlGUCSJx_t2E7r0P71DcQhRTEUl9wWbnyJ1urfzAeMmpMRYfN,,,,,,,,,,,,,,,,,,True,False,US,Best Buy,27.0,laptops
10815630347374396202,"MSI 16"" Vector 16 HX AI Gaming Laptop",,,,4.0,1.0,"https://www.google.com/search?ibp=oshop&q=Laptop&prds=localAnnotatedOfferId:1,catalogid:10815630347374396202,pvo:2,pvt:hg,rds:PC_6027158597472037202%7CPROD_PC_6027158597472037202&gl=us&udm=28&pvorigin=2",https://encrypted-tbn1.gstatic.com/shopping?q=tbn:ANd9GcTzRv9Uschtzh9SLSqxHZoYo0ChSUxPYAr_brbFQCrBUdcJ8GXt7LTNiPNHL4vd5LDlA-KfKvckeW9WnjkHHiKwQt_W8ypNMpNs0YHqcpw,,,,,,,,,,,,,,,,,,True,False,US,Walmart - Newegg Inc.,28.0,laptops
13586081502780729506,"Dell Plus 16 2-in-1 16"" Touchscreen Laptop",909.99,,,4.7,1600.0,"https://www.google.com/search?ibp=oshop&q=Laptop&prds=localAnnotatedOfferId:1,catalogid:13586081502780729506,pvo:2,pvt:hg,rds:PC_6027158597472037202%7CPROD_PC_6027158597472037202&gl=us&udm=28&pvorigin=2",https://encrypted-tbn0.gstatic.com/shopping?q=tbn:ANd9GcSZJ7s-hMu4KMZ2gbmnq1Rbhj7O4N_dyaznPyS85jkCPP1L7xC_o6CMjGMdoir5oJ_dAltuQWFMRdaY6lYQoBiaRvVb-lzDR8kstUXfwYTZ,,,,,,,,,,,,,,,,,,False,False,US,Newegg.com - Rockystone,29.0,laptops
12518739463406099133,"Lenovo IdeaPad Slim 3x 15.3"" Touchscreen Copilot+ PC Laptop",799.99,,,4.6,462.0,"https://www.google.com/search?ibp=oshop&q=Laptop&prds=localAnnotatedOfferId:1,catalogid:12518739463406099133,pvo:2,pvt:hg,rds:PC_6027158597472037202%7CPROD_PC_6027158597472037202&gl=us&udm=28&pvorigin=2",https://encrypted-tbn3.gstatic.com/shopping?q=tbn:ANd9GcScofkWzlr3C5XHL3Hb2OhurA9Dc4U30ZlD9MUqBcdQju3rPeQ1EyIjcD_ltG7hRfcBXtQMoipCa72HKu355hhBUh10in718vG53cjVRK3g-eVmGCSq1X8P,,,,,,,,,,,,,,,,,,False,False,US,Lenovo,30.0,laptops
9410546541077549107,Dell XPS 14 Laptop w/ Windows 11 OS & Intel Core Ultra,,,,3.9,158.0,"https://www.google.com/search?ibp=oshop&q=Laptop&prds=localAnnotatedOfferId:1,catalogid:9410546541077549107,pvo:2,pvt:hg,rds:PC_6027158597472037202%7CPROD_PC_6027158597472037202&gl=us&udm=28&pvorigin=2",https://encrypted-tbn1.gstatic.com/shopping?q=tbn:ANd9GcSawiSAMxw4_s9BexM53hl8BdFrYtkaDA6vppgarrHxBBSr6F31OLd7PWIAfirvkDgrufPcmQFmAPk-Bo8Tsx21xIOakZiSbd6RIKVurgtlzpGJ5RxqdKjk,,,,,,,,,,,,,,,,,,True,False,US,Dell,31.0,laptops
12318146257178197663,"Lenovo IdeaPad Slim 3i 15.6"" Full HD Laptop",455.13,,,4.5,219.0,"https://www.google.com/search?ibp=oshop&q=Laptop&prds=localAnnotatedOfferId:1,catalogid:12318146257178197663,pvo:2,pvt:hg,rds:PC_6027158597472037202%7CPROD_PC_6027158597472037202&gl=us&udm=28&pvorigin=2",https://encrypted-tbn0.gstatic.com/shopping?q=tbn:ANd9GcSXvfvFMRxCgMLt7BEGXCRiTiPcDJ2WSdKq01eVIUSJnnV0UsBDU96o6Bwci2ddQ6SEMpkBEv3WMxtPhn-xDm6z32QFKkIloPti8w8qthGEdOXIMrk2wVvQZg,,,,,,,,,,,,,,,,,,False,False,US,Best Buy,32.0,laptops
4062295366683575699,GeekBook X14 Pro Laptop Ultra 9 185H 32GB,,,,,,"https://www.google.com/search?ibp=oshop&q=Laptop&prds=localAnnotatedOfferId:1,catalogid:4062295366683575699,pvo:2,pvt:hg,rds:PC_6027158597472037202%7CPROD_PC_6027158597472037202&gl=us&udm=28&pvorigin=2",https://encrypted-tbn1.gstatic.com/shopping?q=tbn:ANd9GcQTYSiBi45wlAqCTn59Ea2fBiUCYJQdI1rwazqvN8ITJ6TcKgH3OgKH8HKQbhZPxPi7XURLqBBBQJJQCU197QnPoo4xB6W7vdX4gh8Tc5jp,,,,,,,,,,,,,,,,,,True,False,US,geekompc.com,33.0,laptops
8557001650358756300,"Dell 156"" 2K Touchscreen Laptop Intel Core i5 1334U 2023",539.99,,,4.5,221.0,"https://www.google.com/search?ibp=oshop&q=Laptop&prds=localAnnotatedOfferId:1,catalogid:8557001650358756300,pvo:2,pvt:hg,rds:PC_6027158597472037202%7CPROD_PC_6027158597472037202&gl=us&udm=28&pvorigin=2",https://encrypted-tbn0.gstatic.com/shopping?q=tbn:ANd9GcS31to1EBiuhnT7l6YDwS1lhemDZ2vrE7lZp4Ss6TXj2NX2nRnW-3p6OwaHk7UpiYad0gdo4njuRSuNVxmYJKOjoI_s580Wf5-AlMduY6Nl0LyUzZRZbTjyrA,,,,,,,,,,,,,,,,,,False,False,US,Lowe's,34.0,laptops
18272568980748411070,"HP Stream 14-CB174 14"" 64GB Intel Celeron N4000 Win10",77.6,,,3.6,241.0,"https://www.google.com/search?ibp=oshop&q=Laptop&prds=localAnnotatedOfferId:1,catalogid:18272568980748411070,pvo:2,pvt:hg,rds:PC_6027158597472037202%7CPROD_PC_6027158597472037202&gl=us&udm=28&pvorigin=2",https://encrypted-tbn0.gstatic.com/shopping?q=tbn:ANd9GcRXDEeFXd94iRJVM4eMXxby5bPU6T-PGegE5GSb_Skmi4DW1dkMuUXtC344encnE9hotf4sgt08Ysn0Kv_qg-7fHAhFNe8AsiiErWugnWCFZQSoTeW9r9fA,,,,,,,,,,,,,,,,,,False,False,US,Serigrafia.eus,35.0,laptops
13876713090270243083,Dell Pro 14 Plus PB14250,,,,4.2,343.0,"https://www.google.com/search?ibp=oshop&q=Laptop&prds=localAnnotatedOfferId:1,catalogid:13876713090270243083,pvo:2,pvt:hg,rds:PC_6027158597472037202%7CPROD_PC_6027158597472037202&gl=us&udm=28&pvorigin=2",https://encrypted-tbn0.gstatic.com/shopping?q=tbn:ANd9GcRbvrMcLZZ5uV4u-IIyGiTKmfOHih6j_BSUF6uzWCHZzJCDOzEQk7UMmnXqF7nGwoYEQ1SIGrIQLd0VbmxF_DfGiwig5cU-JA,,,,,,,,,,,,,,,,,,True,False,US,Best Buy,36.0,laptops
2159576157976835165,Alienware 15 Gaming Laptop AMD Ryzen 7 260 64 GB Ddr5 Ram PCIe Ssd,,,,4.7,130.0,"https://www.google.com/search?ibp=oshop&q=Laptop&prds=localAnnotatedOfferId:1,catalogid:2159576157976835165,pvo:2,pvt:hg,rds:PC_6027158597472037202%7CPROD_PC_6027158597472037202&gl=us&udm=28&pvorigin=2",https://encrypted-tbn3.gstatic.com/shopping?q=tbn:ANd9GcQRs-ZJdq_-u4h71vGgeeMA3Ht13lUogqwh5LPJW2lrvHjZWeCUmfPyYi4Ulw9XDEA5KYO3s8NyMf2rFyA1Se5pJql7QwfmieD5dX07uLc7RCTMpyAKeDon,,,,,,,,,,,,,,,,,,True,False,US,Walmart - Teknoraks,37.0,laptops
7239989741764472044,"Dell 15 dc15250 15.6"" Laptop Computer",,,,4.0,183.0,"https://www.google.com/search?ibp=oshop&q=Laptop&prds=localAnnotatedOfferId:1,catalogid:7239989741764472044,pvo:2,pvt:hg,rds:PC_6027158597472037202%7CPROD_PC_6027158597472037202&gl=us&udm=28&pvorigin=2",https://encrypted-tbn2.gstatic.com/shopping?q=tbn:ANd9GcSjtc6yAZH_6HtvAVAA9UNuN93_Tzw6UF91hg2lk9uBaxLqDNSG6Sgx36ByKZEKan_UbbcSC5aBw3uH94PURMXQOGD6RiqWG1QNcw0hCJ7cix4ETVJdHhd9SA,,,,,,,,,,,,,,,,,,True,False,US,Dell,38.0,laptops
13696032732944368415,GeekBook M16 Laptop Intel Ultra,849.0,,,4.5,139.0,"https://www.google.com/search?ibp=oshop&q=Laptop&prds=localAnnotatedOfferId:1,catalogid:13696032732944368415,pvo:2,pvt:hg,rds:PC_6027158597472037202%7CPROD_PC_6027158597472037202&gl=us&udm=28&pvorigin=2",https://encrypted-tbn2.gstatic.com/shopping?q=tbn:ANd9GcTlS8lveb-gArrZheQj7Cba4I7YbudcbtDSTjMfLJiNC3uYkjOhuCdkspZhZZcARl-xezaI6JdjhUrYxp0TYYq4hnPoQeaNtkRNqphxvtxXD6GtgSwQ6y_E_A,,,,,,,,,,,,,,,,,,False,False,US,geekompc.com,39.0,laptops
8178283564976582269,Hp 15.6 inch Win 11 Laptop Intel Processor N200 4GB RAM 128gb UFS,313.51,,,3.7,370.0,"https://www.google.com/search?ibp=oshop&q=Laptop&prds=localAnnotatedOfferId:1,catalogid:8178283564976582269,pvo:2,pvt:hg,rds:PC_6027158597472037202%7CPROD_PC_6027158597472037202&gl=us&udm=28&pvorigin=2",https://encrypted-tbn1.gstatic.com/shopping?q=tbn:ANd9GcRDsJvflcov2f6Xu_S6_jn37l5vFmjMQHrQQn8jNbW1-Zrn4ZvFmh5YPoBvOmPedKOIAdh7nK07NnpjgCxcx0gHsvyWD6zTBjGZrYbCVSRm58PO0enkZXQvKzM,,,,,,,,,,,,,,,,,,False,False,US,Best Buy,40.0,laptops
15107307090703907908,"Lenovo - IdeaPad Slim 3 14"" 2K Touch Chromebook,MediaTek Kompanio 540,4GB RAM,64GB eMMC+160GB Dock,Chrome OS - Cosmic Blue",339.0,,,,,"https://www.google.com/search?ibp=oshop&q=Laptop&prds=localAnnotatedOfferId:1,productid:15107307090703907908,pvo:2,pvt:hg,rds:PC_6027158597472037202%7CPROD_PC_6027158597472037202&gl=us&udm=28&pvorigin=2",https://encrypted-tbn3.gstatic.com/shopping?q=tbn:ANd9GcSr0R7NCbokmyZMEXNGlZ1YJNe-17yi5DZutGg54Qu_e-7A8SsHBf89WuTyW1BeVRwTdBOOF-oebPrs2-wR425bVWje5F6dH1r9YSjQJ2h9,,,,,,,,,,,,,,,,,,False,False,US,Best Buy,1.0,laptops
8370809050086857407,IdeaPad Slim 3 Chromebook,229.99,,,5.0,1.0,"https://www.google.com/search?ibp=oshop&q=Laptop&prds=localAnnotatedOfferId:1,catalogid:8370809050086857407,pvo:2,pvt:hg,rds:PC_6027158597472037202%7CPROD_PC_6027158597472037202&gl=us&udm=28&pvorigin=2",https://encrypted-tbn3.gstatic.com/shopping?q=tbn:ANd9GcQ41I1E20_Er-ZIqrDDA13VPKNFToeUPrDNyGJQi-vrp6e3O7_rC-s1KDHWBds3r43vkAHB0RXTyklMg0FHF8VABHsyRrqN8DwgYVGijWY,,,,,,,,,,,,,,,,,,False,False,US,BrandsMart USA,2.0,laptops
7983544864151519147,GeekBook M16 Laptop Intel Ultra,849.0,,,4.5,139.0,"https://www.google.com/search?ibp=oshop&q=Laptop&prds=localAnnotatedOfferId:1,catalogid:7983544864151519147,pvo:2,pvt:hg,rds:PC_6027158597472037202%7CPROD_PC_6027158597472037202&gl=us&udm=28&pvorigin=2",https://encrypted-tbn3.gstatic.com/shopping?q=tbn:ANd9GcTIunt2oTizj7PI26-MBaDkhjC2nC7O6bkRCEdcBBFJQtwaBh-_Bgu3P0Vppl7VdorqsUy_w0Eto34ihF0D-_VmUzZdXebUHQMK7FZXrPnNIvkemeSsHcay,,,,,,,,,,,,,,,,,,False,False,US,geekompc.com,3.0,laptops
9459135200318888128,"17.3 inch FHD Gaming Laptop AMD R7 7735hs 64gb Ddr5 RAM 1TB SSD (8-Core, Beats i7-12650H) with Radeon 680m 100w Type-C Wi-Fi 6E Backlit Keyboard",,,,,,"https://www.google.com/search?ibp=oshop&q=Laptop&prds=localAnnotatedOfferId:1,catalogid:9459135200318888128,pvo:2,pvt:hg,rds:PC_6027158597472037202%7CPROD_PC_6027158597472037202&gl=us&udm=28&pvorigin=2",https://encrypted-tbn0.gstatic.com/shopping?q=tbn:ANd9GcSy6KrlLZ4U352QtnHk7YSa-4kSpB78p0qqPBJUDgjix31aipv-RjeMeo1z1O5ADmcWVh-ASM_99RS58hSV8w_SM-JPzaN_L_aXeTKLKGXCbNApSxmu_pEG,,,,,,,,,,,,,,,,,,True,False,US,Walmart - UHIPPO Laptops,5.0,laptops
2024078265595152919,MSI Thin A15 B7UC-473US Gaming Laptop,899.99,,,4.5,6.0,"https://www.google.com/search?ibp=oshop&q=Laptop&prds=localAnnotatedOfferId:1,catalogid:2024078265595152919,pvo:2,pvt:hg,rds:PC_6027158597472037202%7CPROD_PC_6027158597472037202&gl=us&udm=28&pvorigin=2",https://encrypted-tbn3.gstatic.com/shopping?q=tbn:ANd9GcR05tvyx-pdXlQWaCAXB5g4xm4WOZyFx_EPZQ64PFoGzeumw05s04Q-6Z6bmxT8r64YcxZSUmbH17fGtojfLhQeno6kumrwqXEl9eDt73aAB-5A2HaoxsJfLPg,,,,,,,,,,,,,,,,,,False,False,US,Newegg.com,6.0,laptops
11884767840559964803,Dell Pro 16 PC16250 Core,869.99,,,4.4,748.0,"https://www.google.com/search?ibp=oshop&q=Laptop&prds=localAnnotatedOfferId:1,catalogid:11884767840559964803,pvo:2,pvt:hg,rds:PC_6027158597472037202%7CPROD_PC_6027158597472037202&gl=us&udm=28&pvorigin=2",https://encrypted-tbn3.gstatic.com/shopping?q=tbn:ANd9GcQeat0xIlaTFCCYkltoE43ms_cR1qvpoAZE0AyGVi-Z1UAao9ZTTyt8Lw3LIf9G2qbv8IfIbBCtmHP5Nv4EqtCrI8UtmqSjXVqLEkV905Fa,,,,,,,,,,,,,,,,,,False,False,US,Small Dog Electronics,7.0,laptops
13877707833401943540,Microsoft Surface Laptop for Business,,,,,,"https://www.google.com/search?ibp=oshop&q=Laptop&prds=localAnnotatedOfferId:1,catalogid:13877707833401943540,pvo:2,pvt:hg,rds:PC_6027158597472037202%7CPROD_PC_6027158597472037202&gl=us&udm=28&pvorigin=2",https://encrypted-tbn1.gstatic.com/shopping?q=tbn:ANd9GcSlXWfOchO7JAbSnWARli4MUZUYQgA95T0pXQa1SbFNXk3SCFQxHK2dFvqzsBXupfmk-APKy956q4LRSwG8Dhy4qIF_bNLAj2P2XQFC3r2CUyLzrUuEnYOa0g,,,,,,,,,,,,,,,,,,True,False,US,buyitsolutions.com,9.0,laptops
14383187555557075674,HP Chromebook 14a-nf0131,230.98,,,4.1,1300.0,"https://www.google.com/search?ibp=oshop&q=Laptop&prds=localAnnotatedOfferId:1,catalogid:14383187555557075674,pvo:2,pvt:hg,rds:PC_6027158597472037202%7CPROD_PC_6027158597472037202&gl=us&udm=28&pvorigin=2",https://encrypted-tbn1.gstatic.com/shopping?q=tbn:ANd9GcS11zEXOBoZyLcMSAaHoFNdmsNRXN1uvMTVF0e3hUjnVxIyIyezCQrOkfrkA51uWPLjDGPZ0rayq5Ab1FriV-6RVtMTS_o5mVGvBIr-enhn6RgmXsulE5s9,,,,,,,,,,,,,,,,,,False,False,US,Walmart - NHD-Direct,10.0,laptops
341421286774647836,LG gram Intel Core i7 17Z90R,,,,5.0,1.0,"https://www.google.com/search?ibp=oshop&q=Laptop&prds=localAnnotatedOfferId:1,catalogid:341421286774647836,pvo:2,pvt:hg,rds:PC_6027158597472037202%7CPROD_PC_6027158597472037202&gl=us&udm=28&pvorigin=2",https://encrypted-tbn3.gstatic.com/shopping?q=tbn:ANd9GcQDyaU8n7e8D1iB91Kn-BRcOltvWkf47dmwWeEQTAMZmHM1zwr5V8ySbvnj-ZuPt5Hd-5317VDwhCbz9A9s0FI4DRBj2qxnG9guvxUb6ya1p2qohPt4QHoA,,,,,,,,,,,,,,,,,,True,False,US,Avendor,11.0,laptops
1546070647947704160,ASUS Zenbook A14 OLED Snapdragon X2 Elite,,,,4.6,40.0,"https://www.google.com/search?ibp=oshop&q=Laptop&prds=localAnnotatedOfferId:1,catalogid:1546070647947704160,pvo:2,pvt:hg,rds:PC_6027158597472037202%7CPROD_PC_6027158597472037202&gl=us&udm=28&pvorigin=2",https://encrypted-tbn2.gstatic.com/shopping?q=tbn:ANd9GcTjHEGHf9NOQujVMxb9N6TKGXt2clQyPnFLuUstV90b5FEbzRpzKFq-6V53ADL8N29xwszIj8b_dD-cQ7VX-5K8tnU9nhvIKvAcsat-e6GKhDj66wTMpRan,,,,,,,,,,,,,,,,,,True,False,US,Best Buy,12.0,laptops
9870616904063726251,GeekBook X14 Pro High Speed Laptop with 16GB RAM 512GB SSD Windows 11 Pro,849.0,,,4.5,127.0,"https://www.google.com/search?ibp=oshop&q=Laptop&prds=localAnnotatedOfferId:1,productid:9870616904063726251,pvo:2,pvt:hg,rds:PC_6027158597472037202%7CPROD_PC_6027158597472037202&gl=us&udm=28&pvorigin=2",https://encrypted-tbn1.gstatic.com/shopping?q=tbn:ANd9GcT3liPzad5FmNrdmqTFgG8DPa8V8BeEpmNg3UfHTrJSZrz762uHOJJaZ538CINJ9owxdinZY4UR1DRkX5BdwAHFn2IgqQ0Axuc0FYWDQ8RWw8mm3v4GqAOK,,,,,,,,,,,,,,,,,,False,False,US,geekompc.com,13.0,laptops
3940868292054008729,"Dell Inspiron 3535 Laptop 15.6"" Ryzen 3 7320u 8GB 512gb Windows 11 Home Carbon",,,,4.4,442.0,"https://www.google.com/search?ibp=oshop&q=Laptop&prds=localAnnotatedOfferId:1,catalogid:3940868292054008729,pvo:2,pvt:hg,rds:PC_6027158597472037202%7CPROD_PC_6027158597472037202&gl=us&udm=28&pvorigin=2",https://encrypted-tbn1.gstatic.com/shopping?q=tbn:ANd9GcQAehquAIb3oyeDJqZCpuB0Z5PYBqpS7MQ7C8KGKHN7lKvwTNtPzieDaoJnYkFuHB8sSSjV2YUdxGLunFqBst21Zwf7PeicGLSqBZkLsbue3Fboicm-589Z_w,,,,,,,,,,,,,,,,,,True,False,US,Dell,14.0,laptops
142729172977442951,"Lenovo IdeaPad 14"" Laptop Intel Pentium Silver N6000 82LV003WUS",359.99,,,4.1,81.0,"https://www.google.com/search?ibp=oshop&q=Laptop&prds=localAnnotatedOfferId:1,catalogid:142729172977442951,pvo:2,pvt:hg,rds:PC_6027158597472037202%7CPROD_PC_6027158597472037202&gl=us&udm=28&pvorigin=2",https://encrypted-tbn1.gstatic.com/shopping?q=tbn:ANd9GcTkS5r7lWvPQZJMs6r2_54qryMoRzRgM9BbjpWP9444VEWWQpFUCYBOxUSRaUfEFIh4HHuSa9htRPAM_U-vG_3uFx65QQUzX04WzbRR3JLtLbyZOK1N6XPrxA,,,,,,,,,,,,,,,,,,False,False,US,Walmart,15.0,laptops
15836060721986761268,"ASUS Vivobook 15 15.6"" FHD Laptop Intel Core 3 100U",397.0,,,5.0,2.0,"https://www.google.com/search?ibp=oshop&q=Laptop&prds=localAnnotatedOfferId:1,catalogid:15836060721986761268,pvo:2,pvt:hg,rds:PC_6027158597472037202%7CPROD_PC_6027158597472037202&gl=us&udm=28&pvorigin=2",https://encrypted-tbn1.gstatic.com/shopping?q=tbn:ANd9GcTOT_IDSzW6_FJaknd1eOcILfGsS85-UL0XgTKt7HpTa4DwnHX5HiD7Q9_VU63ZL9-D8zV-1EDNmX1DzDbH6x9UcLNNwBChkQtEYMbpB-JBQDmCIwkIibIRoQ,,,,,,,,,,,,,,,,,,False,False,US,Best Buy,16.0,laptops
4420155563389954075,"Lenovo Legion 5 16"" WQXGA 240Hz Gaming Laptop Intel Ultra 9 275HX",,,,,,"https://www.google.com/search?ibp=oshop&q=Laptop&prds=localAnnotatedOfferId:1,catalogid:4420155563389954075,pvo:2,pvt:hg,rds:PC_6027158597472037202%7CPROD_PC_6027158597472037202&gl=us&udm=28&pvorigin=2",https://encrypted-tbn0.gstatic.com/shopping?q=tbn:ANd9GcTbp6y1regCZ20EdkmjewWOpPL8o6-rx9G37xKd0eIae5XoLxD0YRtU7Mn_RBsadklyUQ6EiI5RlyY1ilyHQ0xHZ67KNqSTfAKNYyOq-_tzYOMNaW7zm3T9,,,,,,,,,,,,,,,,,,True,False,US,Newegg.com - Snow Bell,17.0,laptops
2410172903491955892,"HP OmniBook X Laptop Computer 17.3"" FHD Touch Screen Intel Core Ultra 7 16 GB",,,,4.0,147.0,"https://www.google.com/search?ibp=oshop&q=Laptop&prds=localAnnotatedOfferId:1,catalogid:2410172903491955892,pvo:2,pvt:hg,rds:PC_6027158597472037202%7CPROD_PC_6027158597472037202&gl=us&udm=28&pvorigin=2",https://encrypted-tbn1.gstatic.com/shopping?q=tbn:ANd9GcSuAg1NQbzo_4k0kNWMg-wiWViRSgDA2torODitwkVB24mYJoec2USHaJ1_7K3Gm93MTkYtErseeyKbZivrlMKQ4ErV3l_rg_670PH-XIsf39FQ4zD0lBwFyg,,,,,,,,,,,,,,,,,,True,False,US,961souq.com,18.0,laptops
16165649090256043091,"Microsoft Surface Laptop Copilot+ PC 13.8"" Snapdragon X",,,,4.5,528.0,"https://www.google.com/search?ibp=oshop&q=Laptop&prds=localAnnotatedOfferId:1,catalogid:16165649090256043091,pvo:2,pvt:hg,rds:PC_6027158597472037202%7CPROD_PC_6027158597472037202&gl=us&udm=28&pvorigin=2",https://encrypted-tbn0.gstatic.com/shopping?q=tbn:ANd9GcR27R5LkuwCOYFPU2FvmvJTCbD2hFecluMayU2QK4GboDhT8dcmhp-WVq_aHBMq3u0NBeHGvC6cA9aK1TrvyiRMLF1-Z-XLTQ,,,,,,,,,,,,,,,,,,True,False,US,Microsoft Store,19.0,laptops
8406677897104811931,"Hp Victus Gaming Laptop15.6 inch FHD 144Hz Display, AMD Ryzen 7 7445hs, 32gb Ram, 1TB Ssd, Nvidia GeForce RTX 4050, Full-size Backlit KB, Wi-Fi 6,",,,,4.7,1400.0,"https://www.google.com/search?ibp=oshop&q=Laptop&prds=localAnnotatedOfferId:1,catalogid:8406677897104811931,pvo:2,pvt:hg,rds:PC_6027158597472037202%7CPROD_PC_6027158597472037202&gl=us&udm=28&pvorigin=2",https://encrypted-tbn2.gstatic.com/shopping?q=tbn:ANd9GcTcJ_KT7Yrf8gs295-upH_CunjOxO-DjV3Sm0b3ooGOX6fYNeF__o703lUJOQZBj5RRgLB5qVWqJRMSqgD898Uk3bPLYtMIYDtsPKh3N_r09w-uLTEdS7RXhA,,,,,,,,,,,,,,,,,,True,False,US,Walmart - Southbay Electronics,20.0,laptops
5781528739132555101,"Samsung - Galaxy Chromebook Go - 14"" LED Laptop - Intel Celeron- 4GB Memory - 128GB + 128GB SD Card - Silver",329.99,,,,,"https://www.google.com/search?ibp=oshop&q=Laptop&prds=localAnnotatedOfferId:1,productid:5781528739132555101,pvo:2,pvt:hg,rds:PC_6027158597472037202%7CPROD_PC_6027158597472037202&gl=us&udm=28&pvorigin=2",https://encrypted-tbn3.gstatic.com/shopping?q=tbn:ANd9GcQRLAboPALdVYJt1V_AdUbDrQGREQ_MiZTkxiRgizL3ZDuQRA1maY6JnWmQTN3s2ItAoggPDl5ezqYO0BqdiE5IVS-QcHL5QKUb1k28eZFB55UuYuUZTUcsgw,,,,,,,,,,,,,,,,,,False,False,US,Best Buy,21.0,laptops
16318428786724711993,GeekBook X14 Pro Laptop 32GB RAM 1TB SSD Ultra 9 Windows 11 Pro,,,,4.6,34.0,"https://www.google.com/search?ibp=oshop&q=Laptop&prds=localAnnotatedOfferId:1,productid:16318428786724711993,pvo:2,pvt:hg,rds:PC_6027158597472037202%7CPROD_PC_6027158597472037202&gl=us&udm=28&pvorigin=2",https://encrypted-tbn0.gstatic.com/shopping?q=tbn:ANd9GcQAQr5X4pxk0E8Ed1SYQ08MggdIh1XsJ_CZfillWFwTMIjY5BBH0bozaY9QGbTSDzpUJ-wF9iqnTjrAaxUlD_GWmNYk2HI3-jIUDE7wR0r-d82AHrHhJLioYA,,,,,,,,,,,,,,,,,,True,False,US,geekompc.com,22.0,laptops
16364735507705024412,14-inch Apple MacBook Pro M5 CPU GPU,,,,4.8,542.0,"https://www.google.com/search?ibp=oshop&q=Laptop&prds=localAnnotatedOfferId:1,catalogid:16364735507705024412,pvo:2,pvt:hg,rds:PC_6027158597472037202%7CPROD_PC_6027158597472037202&gl=us&udm=28&pvorigin=2",https://encrypted-tbn0.gstatic.com/shopping?q=tbn:ANd9GcQdPpWUK7xQXcG9ULPWs9uZVU8e7NnLuc_ZWIKbTT1AtT7FULzqX0SuXn1Yl4l9HpfL0MaqQs3jEcny5x9Le0-um83a1EQ3qZ7yQ_qEePnIX3RkNpc8XfbeRFA,,,,,,,,,,,,,,,,,,True,False,US,Expercom - Apple Premier Partner,23.0,laptops
2767946648670388244,"MSI Thin 15 16 in. Gaming Laptop with Intel Core i7-13620H, 13 Gen, 2.4 GHz, 10-Core CPU, NVIDIA GeForce RTX 4050, 6GB VRAM GPU, 16GB RAM, 1TB SSD &",949.99,,,5.0,1.0,"https://www.google.com/search?ibp=oshop&q=Laptop&prds=localAnnotatedOfferId:1,productid:2767946648670388244,pvo:2,pvt:hg,rds:PC_6027158597472037202%7CPROD_PC_6027158597472037202&gl=us&udm=28&pvorigin=2",https://encrypted-tbn2.gstatic.com/shopping?q=tbn:ANd9GcQqc9MDV1w4nl5mTugoxTeDY5s8c9XmOAfL3yI1x8YjY36NwCEQ_TXdgl6fO8fJ4C3bUzKP4cxoQ8en4cNLJ5GzQDj8tZIwXvr6Grs1jxKNhyGKz4Mm-xDiiA,,,,,,,,,,,,,,,,,,False,False,US,PC Richard,24.0,laptops
8934847462454191826,"ASUS 18"" TUF Gaming A18 Gaming Laptop",,,,2.8,9.0,"https://www.google.com/search?ibp=oshop&q=Laptop&prds=localAnnotatedOfferId:1,catalogid:8934847462454191826,pvo:2,pvt:hg,rds:PC_6027158597472037202%7CPROD_PC_6027158597472037202&gl=us&udm=28&pvorigin=2",https://encrypted-tbn0.gstatic.com/shopping?q=tbn:ANd9GcSJD102C7xFGqe9SqV-J7NYlL3GIK5lZhTzQIurS3qACpFVxdmk2z-_XP3QrU0CJvMvDThuIucJGAbaNFd05VAch-8PJu72Bf2rwAQNZWM,,,,,,,,,,,,,,,,,,True,False,US,Best Buy,25.0,laptops
21513734877665550,"Hp 17 Laptop 17.3"" HD+ Touchscreen Intel Core i7-1255U Processor Ram",,,,,,"https://www.google.com/search?ibp=oshop&q=Laptop&prds=localAnnotatedOfferId:1,catalogid:21513734877665550,pvo:2,pvt:hg,rds:PC_6027158597472037202%7CPROD_PC_6027158597472037202&gl=us&udm=28&pvorigin=2",https://encrypted-tbn3.gstatic.com/shopping?q=tbn:ANd9GcQpA9ytY-_076mC7muYGrHyr4kwGmSO4i6FXsr1GNgtlcjmzi3HH0gu-W0bPOgoj8osWggPe7bbLObLFxaI5-CTfgKh_sTyhYq23AcfaZmd0b-hZIPGx_4B9w,,,,,,,,,,,,,,,,,,True,False,US,Walmart - XiaMi Electronics LLC,26.0,laptops
8026583922676018026,HP 17 Business Laptop Windows 10 Intel Quad-Core i5-8250U RAM,,,,,,"https://www.google.com/search?ibp=oshop&q=Laptop&prds=localAnnotatedOfferId:1,catalogid:8026583922676018026,pvo:2,pvt:hg,rds:PC_6027158597472037202%7CPROD_PC_6027158597472037202&gl=us&udm=28&pvorigin=2",https://encrypted-tbn2.gstatic.com/shopping?q=tbn:ANd9GcR-FhHEzeLGhwVwKZbvV5UgP2katW0FkBXSk80ZSOk5v_RtaCU_WPtrAsLI67HRcKNVn44We5sRdhHddSVclIarXA-1iPjJCrHXUezU-WInNmlWjgzSM1H2DQ,,,,,,,,,,,,,,,,,,True,False,US,Newegg.com - Deus PC,27.0,laptops
3806620933270906379,Microsoft Surface Laptop 7 Copilot+ PC,,,,5.0,1.0,"https://www.google.com/search?ibp=oshop&q=Laptop&prds=localAnnotatedOfferId:1,catalogid:3806620933270906379,pvo:2,pvt:hg,rds:PC_6027158597472037202%7CPROD_PC_6027158597472037202&gl=us&udm=28&pvorigin=2",https://encrypted-tbn2.gstatic.com/shopping?q=tbn:ANd9GcQcJTTt6VnQbx85Xoxun7zTVzoa6_I1Vr8Go0_Km9uugI0HUQ7EeQL1k2H4dxeny5SbT9UsDyqKTc1_1S3YCJNtYJDaV8hnM-FHwq42nL89IrhjsfnWikqT,,,,,,,,,,,,,,,,,,True,False,US,bkstr.com,28.0,laptops
10237348683497518796,"Jumper - 15.6 inch Laptop Computer, Windows 11 Laptops with 16GB RAM 1024GB SSD,Celeron N5100, IPS FHD, WiFi 6 - Gray",329.99,,,,,"https://www.google.com/search?ibp=oshop&q=Laptop&prds=localAnnotatedOfferId:1,productid:10237348683497518796,pvo:2,pvt:hg,rds:PC_6027158597472037202%7CPROD_PC_6027158597472037202&gl=us&udm=28&pvorigin=2",https://encrypted-tbn2.gstatic.com/shopping?q=tbn:ANd9GcT5vq1yw0-YRFQcnw-mcMlBtWoPnSVshURs7BJhe4yTMlLkRLoyH2Cxmwg3fNc1uqehPzZRMjUgfRqrlRc94E2PZAgejEA69Tsk19R7Sk66Xm400CxURVwe,,,,,,,,,,,,,,,,,,False,False,US,Best Buy,29.0,laptops
13208628510214104032,GeekBook X14 Pro 14 inch Laptop OLED Intel Ultra 9 32GB 1TB Win11 Pro,,,,4.5,127.0,"https://www.google.com/search?ibp=oshop&q=Laptop&prds=localAnnotatedOfferId:1,productid:13208628510214104032,pvo:2,pvt:hg,rds:PC_6027158597472037202%7CPROD_PC_6027158597472037202&gl=us&udm=28&pvorigin=2",https://encrypted-tbn3.gstatic.com/shopping?q=tbn:ANd9GcRE_a2h_2ajDXWGw98SCTVn2_ftoRThIe9whVqlUCvNo5Jwe6ZvAE4iffCCDfMNruC_6Hyh0svmNFDbFAfehqHArlxV9ogDoo8r0eXhHSeULfqZTAc7GptL,,,,,,,,,,,,,,,,,,True,False,US,geekompc.com,30.0,laptops
14539254494803615467,"Lenovo IdeaPad Slim 3 Chromebook - 14'' Full HD (1920 x 1080) Display, 8-Core MediaTek Kompanio 520 Cpu, 4GB Ram, 64gb eMMC & 256gb Micro SD Card, Wi-",259.0,,,,,"https://www.google.com/search?ibp=oshop&q=Laptop&prds=localAnnotatedOfferId:1,catalogid:14539254494803615467,pvo:2,pvt:hg,rds:PC_6027158597472037202%7CPROD_PC_6027158597472037202&gl=us&udm=28&pvorigin=2",https://encrypted-tbn3.gstatic.com/shopping?q=tbn:ANd9GcSAsvfW__hpgBFPvjB37wbl2bhU6c9fnKSIKWMm8sXctjSk-J2vY2XR7VgeuTZDLDlr3sPyhkA5POz0JElO3zJMSEd7_LCRWi_rx3LONGv717JPdt38V2Gw,,,,,,,,,,,,,,,,,,False,False,US,Walmart - Littleox Tech LLC,31.0,laptops
17839784772896439262,Dell Pro Max 14 MC14250,,,,4.0,79.0,"https://www.google.com/search?ibp=oshop&q=Laptop&prds=localAnnotatedOfferId:1,catalogid:17839784772896439262,pvo:2,pvt:hg,rds:PC_6027158597472037202%7CPROD_PC_6027158597472037202&gl=us&udm=28&pvorigin=2",https://encrypted-tbn1.gstatic.com/shopping?q=tbn:ANd9GcQfLff7yLkUhFsYWRgYlSdeud62JM0kf_9ibB1Qx22FRGGYomnebr54Vzu7m_WMzTDoHRLexdUZ3OpV02IPtW9qYAELSfcd1jw6up5XWiJu,,,,,,,,,,,,,,,,,,True,False,US,A5 IT,32.0,laptops
7657196875088709743,"Bundle - Lenovo - IdeaPad Slim 3 Chromebook - 14"" 2K Touchscreen Laptop - MediaTek Kompanio 540 2025 - 4GB Memory - 64GB eMMC Cosmic Blue - Carry Case",299.99,,,4.5,64.0,"https://www.google.com/search?ibp=oshop&q=Laptop&prds=localAnnotatedOfferId:1,productid:7657196875088709743,pvo:2,pvt:hg,rds:PC_6027158597472037202%7CPROD_PC_6027158597472037202&gl=us&udm=28&pvorigin=2",https://encrypted-tbn3.gstatic.com/shopping?q=tbn:ANd9GcSkiNc1P6GrIu3lfoRp4cTSn6I7PVUkd0GRtheOHY7dvOWZJ7793r-EZzK00dKft9wfzrGhzhRw5ToBeMR9-OvG7DDQ9Fe86aih87tBwrJ2h3VnGGKqyvfJ,,,,,,,,,,,,,,,,,,False,False,US,Best Buy,33.0,laptops
14191867671728296334,Lenovo ThinkPad T470s Windows 10 Pro Laptop Intel Core i5-6300U,,,,,,"https://www.google.com/search?ibp=oshop&q=Laptop&prds=localAnnotatedOfferId:1,catalogid:14191867671728296334,pvo:2,pvt:hg,rds:PC_6027158597472037202%7CPROD_PC_6027158597472037202&gl=us&udm=28&pvorigin=2",https://encrypted-tbn2.gstatic.com/shopping?q=tbn:ANd9GcRn86EGQQ4k8xEEzbYG3UxdpfYGDgMmHBSJh2rTcwgoijdYwv_1m_cXlVBrxOcA9k2xcKM3xGvzwmNzx_yRSf11uxSvMgKEzYmQXhcCfFrpBuRkXMHrkxlo,,,,,,,,,,,,,,,,,,True,False,US,Newegg.com - Deus PC,34.0,laptops
6302378914961464628,Best Windows Laptop GeekBook X14 Pro Ultra 9 185H 32GB RAM 1TB SSD,,,,4.6,34.0,"https://www.google.com/search?ibp=oshop&q=Laptop&prds=localAnnotatedOfferId:1,productid:6302378914961464628,pvo:2,pvt:hg,rds:PC_6027158597472037202%7CPROD_PC_6027158597472037202&gl=us&udm=28&pvorigin=2",https://encrypted-tbn2.gstatic.com/shopping?q=tbn:ANd9GcTB_Xk9NvkZZSsk27Pbrk3QeyHvQQpRfPpIqoXf35RXVrFYF4RsvFO88bbWu9J630I6YEtZ7gxQYORu3YnfajWyxIpB_mLuEFiLSwk4HfcEknlSNCBrYUvjBg,,,,,,,,,,,,,,,,,,True,False,US,geekompc.com,36.0,laptops
1930968685379425209,HP EliteBook Ultra G1q8 14 Touchscreen Notebook,959.99,,,,,"https://www.google.com/search?ibp=oshop&q=Laptop&prds=localAnnotatedOfferId:1,catalogid:1930968685379425209,pvo:2,pvt:hg,rds:PC_6027158597472037202%7CPROD_PC_6027158597472037202&gl=us&udm=28&pvorigin=2",https://encrypted-tbn1.gstatic.com/shopping?q=tbn:ANd9GcSFPISTBfyV7QmYA1h2-nTgIw2inLaPlOjwQG2qafg28BNdxCXpv29P-UWEJf92LOBd9TXVyK8Kv8LQm20GY_xOR2a7LTkk-CrluwXk3Q5oj-FjZ8X77S89,,,,,,,,,,,,,,,,,,False,False,US,Best Buy,37.0,laptops
16183492323661476849,Lenovo IdeaPad 5 2 in 1 Laptop,799.0,,,4.0,5.0,"https://www.google.com/search?ibp=oshop&q=Laptop&prds=localAnnotatedOfferId:1,catalogid:16183492323661476849,pvo:2,pvt:hg,rds:PC_6027158597472037202%7CPROD_PC_6027158597472037202&gl=us&udm=28&pvorigin=2",https://encrypted-tbn2.gstatic.com/shopping?q=tbn:ANd9GcSrueF5Ngljj_HC3aYNJ_XkgaaDGQAPfDXXjz1esrERddAHhwfRNjzMgBB7GJ0Wkx8S-N2TNFd8IoSYubcKdvaWmL5VDTkqBVcQCT0wPZcMGXPZdHfBUE28,,,,,,,,,,,,,,,,,,False,False,US,B&H Photo-Video-Audio,38.0,laptops
17894279548844208831,"Lenovo IdeaPad Slim 3 Laptop 15.3"" Screen AMD Ryzen 7 16GB Memory",699.99,,,3.8,4.0,"https://www.google.com/search?ibp=oshop&q=Laptop&prds=localAnnotatedOfferId:1,catalogid:17894279548844208831,pvo:2,pvt:hg,rds:PC_6027158597472037202%7CPROD_PC_6027158597472037202&gl=us&udm=28&pvorigin=2",https://encrypted-tbn3.gstatic.com/shopping?q=tbn:ANd9GcSDAV66zp0_f86Kxu9WBjh8O3V7ezvbnGk4Z_bBfzt6Dq9uiERZW1NgMIc8r_1XFsodh_de_2M2rZbiuhnrrr6oWCdvXcoGUrMeNJzsA2V3qLyMi17LQwHl,,,,,,,,,,,,,,,,,,False,False,US,Walmart,39.0,laptops
6089202092295183703,HP OmniBook 5 Laptop 16 inch 2K Touchscreen LED Display AMD Ryzen AI 7 445 Processor,935.99,,,4.4,19.0,"https://www.google.com/search?ibp=oshop&q=Laptop&prds=localAnnotatedOfferId:1,catalogid:6089202092295183703,pvo:2,pvt:hg,rds:PC_6027158597472037202%7CPROD_PC_6027158597472037202&gl=us&udm=28&pvorigin=2",https://encrypted-tbn1.gstatic.com/shopping?q=tbn:ANd9GcT9N9-yK60O4a9iC50mHDRLeOsoIpkgvHXJmKOUinQbQwiLlbgXJpvgwhOsRCN9yJzmTYzks560SQGWcNXkXUZ3X9kIQqOqpWpoUOIzEtWDpgNd8xK0vojJ,,,,,,,,,,,,,,,,,,False,False,US,Newegg.com - DealKing,40.0,laptops
10324949081536141779,Samsung Galaxy A17 128GB 5G,249.99,,,4.5,16000.0,"https://www.google.com/search?ibp=oshop&q=Smartphone&prds=localAnnotatedOfferId:1,catalogid:10324949081536141779,pvo:2,pvt:hg,rds:PC_6027158597472037202%7CPROD_PC_6027158597472037202&gl=us&udm=28&pvorigin=2",https://encrypted-tbn3.gstatic.com/shopping?q=tbn:ANd9GcTBupgk8t2Foy97nekkc-F29Q47cA65V_-qrIfyJyvLVrqtB6VxY9aD7RhLeFTCu_2LAgD3Qd_e2HWsG6xgcaTnluVNMUkk5XDIospNAas,,,,,,,,,,,,,,,,,,False,False,US,Best Buy,1.0,phones
5720150424390756419,Motorola edge 2026 128GB Martini Olive,59.99,,,,,"https://www.google.com/search?ibp=oshop&q=Smartphone&prds=localAnnotatedOfferId:1,catalogid:5720150424390756419,pvo:2,pvt:hg,rds:PC_6027158597472037202%7CPROD_PC_6027158597472037202&gl=us&udm=28&pvorigin=2",https://encrypted-tbn2.gstatic.com/shopping?q=tbn:ANd9GcTnx6BgTzeZmlsbbLqA_pThpIACcgaOqyFRau_0EVUhRAnNx8vWPsfLEuEdF7v8dFAeo1IF3ZbWT54lkSFrec49BntWI59sxVA2jOjdI-IfOyXs0DCh-ko,,,,,,,,,,,,,,,,,,False,False,US,Cricket Wireless,2.0,phones
2502126436239669735,Nothing Phone Pro,499.0,,,4.8,212.0,"https://www.google.com/search?ibp=oshop&q=Smartphone&prds=localAnnotatedOfferId:1,catalogid:2502126436239669735,pvo:2,pvt:hg,rds:PC_6027158597472037202%7CPROD_PC_6027158597472037202&gl=us&udm=28&pvorigin=2",https://encrypted-tbn2.gstatic.com/shopping?q=tbn:ANd9GcTFmm-nLnAZt5hqXf9l6dUJpWShMaVj0P14Z3e8Nb1FqZt95ghjL7K9Vna8jTb_UX7kjA-k6ROU6KiyIVJAc5ay9CLVkw-mYfNsEZIHs7onXq2uYccLAxB5sQ,,,,,,,,,,,,,,,,,,False,False,US,Nothing US,3.0,phones
2940417071762887250,OnePlus 15R 256GB,699.99,,,4.5,299.0,"https://www.google.com/search?ibp=oshop&q=Smartphone&prds=localAnnotatedOfferId:1,catalogid:2940417071762887250,pvo:2,pvt:hg,rds:PC_6027158597472037202%7CPROD_PC_6027158597472037202&gl=us&udm=28&pvorigin=2",https://encrypted-tbn3.gstatic.com/shopping?q=tbn:ANd9GcRuPYANWik_AOI9xo_sORb2jnolDjWalIwWrFpmo1OA-_MZay7ZJt2uEdC8eYY3P1JaLNdBshdYQRn4dtPoW_REjUXQFKmjus0p1-bJsMPQ0omsv4Ku2mhfFg,,,,,,,,,,,,,,,,,,False,False,US,OnePlus Official Store,4.0,phones
11096359191635339359,Unihertz Titan 2 The Latest 5G QWERTY Physical Keyboard Smartphone,489.99,,,4.9,152.0,"https://www.google.com/search?ibp=oshop&q=Smartphone&prds=localAnnotatedOfferId:1,catalogid:11096359191635339359,pvo:2,pvt:hg,rds:PC_6027158597472037202%7CPROD_PC_6027158597472037202&gl=us&udm=28&pvorigin=2",https://encrypted-tbn2.gstatic.com/shopping?q=tbn:ANd9GcTto43B8SMhKhELgKpkfLauz8kcgXo5g3X5UUP8Qr6_F4C1FrUWFhpcguSdOI4KlEsw1vvmwtlonRUQjeuNQQFPjsbeSv6y8sy-lMXTUFyMIJUrD8Qu9eyV,,,,,,,,,,,,,,,,,,False,False,US,Unihertz,5.0,phones
12817008981276650141,Tracfone BLU View Speed Ultra 64GB Prepaid,24.99,,,4.1,17.0,"https://www.google.com/search?ibp=oshop&q=Smartphone&prds=localAnnotatedOfferId:1,catalogid:12817008981276650141,pvo:2,pvt:hg,rds:PC_6027158597472037202%7CPROD_PC_6027158597472037202&gl=us&udm=28&pvorigin=2",https://encrypted-tbn1.gstatic.com/shopping?q=tbn:ANd9GcQVH4FsCJKACJnI3aZnauNzMKmcsLdYI9X4UaXP0BFeBPhPa-bHeIKGbriq_ukwG-yuY75Wp9gECJrj0KknJx-mzUhg_jPdYV-z_Kaz4RiqPBY800C3_ZJx,,,,,,,,,,,,,,,,,,False,False,US,Best Buy,6.0,phones
12738248466429669342,Google Pixel 10a,424.0,,,4.6,1400.0,"https://www.google.com/search?ibp=oshop&q=Smartphone&prds=localAnnotatedOfferId:1,catalogid:12738248466429669342,pvo:2,pvt:hg,rds:PC_6027158597472037202%7CPROD_PC_6027158597472037202&gl=us&udm=28&pvorigin=2",https://encrypted-tbn3.gstatic.com/shopping?q=tbn:ANd9GcS2xB-gWSWX-GDS3wjRbIqS9kEivBinJNUwz_fIGOysqwhkxadjgNnxkFhNKv6VDrJIVjcvh0Hm8dcrt959k3Qb9Q21gmALXtvhiVkNYPWUWd4x2nrce6o1,,,,,,,,,,,,,,,,,,False,False,US,Google Store,7.0,phones
3295849325401646497,Samsung Galaxy S26,399.99,,,4.7,8500.0,"https://www.google.com/search?ibp=oshop&q=Smartphone&prds=localAnnotatedOfferId:1,catalogid:3295849325401646497,pvo:2,pvt:hg,rds:PC_6027158597472037202%7CPROD_PC_6027158597472037202&gl=us&udm=28&pvorigin=2",https://encrypted-tbn2.gstatic.com/shopping?q=tbn:ANd9GcTVRh55nc3HgkdtVAhw9vWTAI_xcqDolHSAgOxt6fL-fIL7k3rwJCL2bF722dKH1RmWb2W-n0E3qhbM6p3spa1AhW8fOlZb80vJREuUHTGzXu6jPQ-UxOeSkg,,,,,,,,,,,,,,,,,,False,False,US,Cricket Wireless,8.0,phones
15274220373654874926,Tracfone BLU View 5 Pro 64gb,29.88,,,2.7,500.0,"https://www.google.com/search?ibp=oshop&q=Smartphone&prds=localAnnotatedOfferId:1,catalogid:15274220373654874926,pvo:2,pvt:hg,rds:PC_6027158597472037202%7CPROD_PC_6027158597472037202&gl=us&udm=28&pvorigin=2",https://encrypted-tbn2.gstatic.com/shopping?q=tbn:ANd9GcQ7yCOnKBXncYXkoIzWALp8iBb2rK5sZ3O68PwOLW9Dz0k0oGXBlzR1jhp05BJgPHyrYy3S0CIvdyaMvIIuLlHRBUVeiw3hGNmTtA1ldZI,,,,,,,,,,,,,,,,,,False,False,US,Walmart,9.0,phones
11728931125208695182,Motorola moto g play,99.99,,,4.4,1100.0,"https://www.google.com/search?ibp=oshop&q=Smartphone&prds=localAnnotatedOfferId:1,catalogid:11728931125208695182,pvo:2,pvt:hg,rds:PC_6027158597472037202%7CPROD_PC_6027158597472037202&gl=us&udm=28&pvorigin=2",https://encrypted-tbn2.gstatic.com/shopping?q=tbn:ANd9GcRS6VZncbv9vI-5JRiZcXe045Hy2IQhKh1A1QoMJ04j7rA28xXQhQjdAaZYZ_AhiKHCl9dJlSovlh-_-d4n7B9O6pdsQVWBJjQYw6ALzGM,,,,,,,,,,,,,,,,,,False,False,US,Best Buy,10.0,phones
6203781335732593320,Apple iPhone 13,138.27,,,4.6,43000.0,"https://www.google.com/search?ibp=oshop&q=Smartphone&prds=localAnnotatedOfferId:1,catalogid:6203781335732593320,pvo:2,pvt:hg,rds:PC_6027158597472037202%7CPROD_PC_6027158597472037202&gl=us&udm=28&pvorigin=2",https://encrypted-tbn0.gstatic.com/shopping?q=tbn:ANd9GcR82AtwSyHzjkjzXbmnGLuiRLJ7kkwOaNuIDxbcZ6Gy-fJrx1GHQ3PygWIG5FYLvb5zZtY_iFl1EXrulrtl2rSoeIsA4Zqg9g,,,,,,,,,,,,,,,,,,False,False,US,BarcodesInc,11.0,phones
5962121409729783720,Unihertz Jelly Star Smallest 3.0 Inch Android 13 Smartphone Unlocked,219.99,,,4.8,131.0,"https://www.google.com/search?ibp=oshop&q=Smartphone&prds=localAnnotatedOfferId:1,catalogid:5962121409729783720,pvo:2,pvt:hg,rds:PC_6027158597472037202%7CPROD_PC_6027158597472037202&gl=us&udm=28&pvorigin=2",https://encrypted-tbn1.gstatic.com/shopping?q=tbn:ANd9GcQMr5VRVfNL3SS3iK0YD8jPCYUiuyC9usFqG8rbUrXy5MoFeGfZZxafzfohKfokUnlPH9YAfD04eVANaukPtzYtYyEPt_ua8y9DT_3iaXU-,,,,,,,,,,,,,,,,,,False,False,US,Unihertz,12.0,phones
10198687345510140767,Google Pixel 10,799.0,,,4.6,2000.0,"https://www.google.com/search?ibp=oshop&q=Smartphone&prds=localAnnotatedOfferId:1,catalogid:10198687345510140767,pvo:2,pvt:hg,rds:PC_6027158597472037202%7CPROD_PC_6027158597472037202&gl=us&udm=28&pvorigin=2",https://encrypted-tbn0.gstatic.com/shopping?q=tbn:ANd9GcRvNUtRD5Qbi-OAyQNPn1r0ZKXeKsJ_lS9kJI6jy6mMzyEdDINVYeQ4tjlW-M20aXAcOxnsfjd9lkJMsA7JzUcm-_eybfz3mqYeaYx6gniVch9aa34MC3Ul,,,,,,,,,,,,,,,,,,False,False,US,Google Store,13.0,phones
1190915285058863524,Samsung Galaxy A37 5G 128GB Awesome Charcoal,49.99,,,,,"https://www.google.com/search?ibp=oshop&q=Smartphone&prds=localAnnotatedOfferId:1,catalogid:1190915285058863524,pvo:2,pvt:hg,rds:PC_6027158597472037202%7CPROD_PC_6027158597472037202&gl=us&udm=28&pvorigin=2",https://encrypted-tbn1.gstatic.com/shopping?q=tbn:ANd9GcQv7YmLlyZ2Hw4TIsyRrxk-q6lh__kd9QrMLu1t74mELzywD4cVfvHldj1ZlcoEkxHk5wqd0NkxD5t64Umm-GX1xiJhEJn2xwwxjXo7udd20Eb1X_0D6fMJsA,,,,,,,,,,,,,,,,,,False,False,US,Cricket Wireless,14.0,phones
6612124133586791833,Samsung Galaxy S25,419.98,,,4.7,51000.0,"https://www.google.com/search?ibp=oshop&q=Smartphone&prds=localAnnotatedOfferId:1,catalogid:6612124133586791833,pvo:2,pvt:hg,rds:PC_6027158597472037202%7CPROD_PC_6027158597472037202&gl=us&udm=28&pvorigin=2",https://encrypted-tbn3.gstatic.com/shopping?q=tbn:ANd9GcQuo0O7E4iUffm8CnZvu4VDLb_tfcR-kCqk1sOjdq0QCXK3WAOwI4uG57Kzrhi5mwH73JSLytRzJkKVreveAoeJ0OpUuAQZ48vbJPdRRvhQ58iZCac0YxYvJw,,,,,,,,,,,,,,,,,,False,False,US,Walmart - Wireless Source,15.0,phones
18022129312679801660,Samsung Galaxy A16 128gb,49.99,,,3.6,233.0,"https://www.google.com/search?ibp=oshop&q=Smartphone&prds=localAnnotatedOfferId:1,catalogid:18022129312679801660,pvo:2,pvt:hg,rds:PC_6027158597472037202%7CPROD_PC_6027158597472037202&gl=us&udm=28&pvorigin=2",https://encrypted-tbn1.gstatic.com/shopping?q=tbn:ANd9GcRFEbK11TjRmHxo8kDY3hLy24HS-E4swI7Q6LtnJUjX6nwgagmOI2xw3I9jPKkjhe5yrAss29pAdIPpNlyQF65Tc7gaFMXp_3SWWqU7kF_X,,,,,,,,,,,,,,,,,,False,False,US,Best Buy,16.0,phones
11470998996535060268,T-Mobile Revvl 8 Pro (with 36 monthly payments + plan) - REVVL Smartphone,,,,,,"https://www.google.com/search?ibp=oshop&q=Smartphone&prds=localAnnotatedOfferId:1,productid:11470998996535060268,pvo:2,pvt:hg,rds:PC_6027158597472037202%7CPROD_PC_6027158597472037202&gl=us&udm=28&pvorigin=2",https://encrypted-tbn3.gstatic.com/shopping?q=tbn:ANd9GcRDhe1WpkRearMJFIFADqIXfVaMRYagK7zYq50XIsUtpygxtix6x7NW3IMic2GAAfV1a0qfSAVSZmahVFEwInwVSdu2efCOBA,,,,,,,,,,,,,,,,,,True,False,US,T-Mobile,17.0,phones
7236910580703698952,Apple iPhone 16,729.99,,,4.4,7300.0,"https://www.google.com/search?ibp=oshop&q=Smartphone&prds=localAnnotatedOfferId:1,catalogid:7236910580703698952,pvo:2,pvt:hg,rds:PC_6027158597472037202%7CPROD_PC_6027158597472037202&gl=us&udm=28&pvorigin=2",https://encrypted-tbn3.gstatic.com/shopping?q=tbn:ANd9GcRm-WNfNSbui86fFPlznUeYYX2IbqCCvY77R2i_gybay4gjX9f3pRVWGCh_RER_eSJ3erYrxaDABibh3TeYBX8doN6Ycf-ugr46hKwCefKOZA8txp55MLER,,,,,,,,,,,,,,,,,,False,False,US,Cricket Wireless,18.0,phones
17966061849261729532,Google Pixel 10 Pro,999.0,,,4.4,2300.0,"https://www.google.com/search?ibp=oshop&q=Smartphone&prds=localAnnotatedOfferId:1,catalogid:17966061849261729532,pvo:2,pvt:hg,rds:PC_6027158597472037202%7CPROD_PC_6027158597472037202&gl=us&udm=28&pvorigin=2",https://encrypted-tbn3.gstatic.com/shopping?q=tbn:ANd9GcSZFX9fcQY-HF_oMZCmE4YaNVDJN5SAKHGD4UUFbu-EgVSZQW3S_CHZXj7B2DWlrkb888e1gVWeHzuRLe1b_CdSNGHV_MpwkqjvDBSxa9I,,,,,,,,,,,,,,,,,,False,False,US,Google Store,19.0,phones
1484878542014373250,Nothing Phone,699.0,,,4.6,135.0,"https://www.google.com/search?ibp=oshop&q=Smartphone&prds=localAnnotatedOfferId:1,catalogid:1484878542014373250,pvo:2,pvt:hg,rds:PC_6027158597472037202%7CPROD_PC_6027158597472037202&gl=us&udm=28&pvorigin=2",https://encrypted-tbn2.gstatic.com/shopping?q=tbn:ANd9GcQ3EiGyI8HhXmyKCKY-SwGA2XpubcXJliUvTMxSFIINDmPlGhJmagZno0e2w5H6GAq7zngUoKhYmMvPawBW0pFxGCE4qgpHYZi3KKJMYPgk1KO0MscSWG0K,,,,,,,,,,,,,,,,,,False,False,US,Nothing US,20.0,phones
12333568566732460124,Samsung Galaxy A37 5G,449.99,,,4.8,3800.0,"https://www.google.com/search?ibp=oshop&q=Smartphone&prds=localAnnotatedOfferId:1,catalogid:12333568566732460124,pvo:2,pvt:hg,rds:PC_6027158597472037202%7CPROD_PC_6027158597472037202&gl=us&udm=28&pvorigin=2",https://encrypted-tbn2.gstatic.com/shopping?q=tbn:ANd9GcTio1-bJM9dvAUJfQI5pxhmFuMYm51jTmAr31eHKGvlk1gA0NEmZNni49Jqr9sUzT2YGZSM-Tn_a2eqaWl5Y1qHxipMCUAVVKbXTSdAW1U,,,,,,,,,,,,,,,,,,False,False,US,Best Buy,21.0,phones
11481292866058239766,LG V60 ThinQ 5G,219.44,,,4.6,776.0,"https://www.google.com/search?ibp=oshop&q=Smartphone&prds=localAnnotatedOfferId:1,catalogid:11481292866058239766,pvo:2,pvt:hg,rds:PC_6027158597472037202%7CPROD_PC_6027158597472037202&gl=us&udm=28&pvorigin=2",https://encrypted-tbn3.gstatic.com/shopping?q=tbn:ANd9GcSI25eFjE-i0D3JzBG5hD2UUoRMIRgZ74FX6KuLhQJswAFHkKZWIRJks3Q8w0Xvd8gg_5AFl9ODBtlAwAN5VNiVPhhNPmN7a9aPUVtmV3vuC9a6_Oa2Qe4Y,,,,,,,,,,,,,,,,,,False,False,US,Cellification.com,22.0,phones
18227612043248410567,Apple iPhone 12,179.0,,,4.3,34000.0,"https://www.google.com/search?ibp=oshop&q=Smartphone&prds=localAnnotatedOfferId:1,catalogid:18227612043248410567,pvo:2,pvt:hg,rds:PC_6027158597472037202%7CPROD_PC_6027158597472037202&gl=us&udm=28&pvorigin=2",https://encrypted-tbn2.gstatic.com/shopping?q=tbn:ANd9GcRE0Y_UUuO2oQdfAUYMDdC_tpsZYF83bb6FFJU0mccWKClUJjL-RjHHyttUC2pr03z6w-vzceDIOqSEBk4KF-p4Xr4q85je2udVcu8JBcwG,,,,,,,,,,,,,,,,,,False,False,US,Walmart - Reebelo,23.0,phones
3145822468661968037,Samsung Galaxy S26 Ultra 256GB Black,699.99,,,,,"https://www.google.com/search?ibp=oshop&q=Smartphone&prds=localAnnotatedOfferId:1,catalogid:3145822468661968037,pvo:2,pvt:hg,rds:PC_6027158597472037202%7CPROD_PC_6027158597472037202&gl=us&udm=28&pvorigin=2",https://encrypted-tbn2.gstatic.com/shopping?q=tbn:ANd9GcT4oQKhTG-1kXGfMffUyMMthEh5Y6f9AUgqrDf5UUFSVxRMJu7wN3C1B6C9Sgi_ewcylqWJe8RUSzMw7g8vMdDDqdIJPK0uZxJOUsxedmpnaJlHYzmk7pfw,,,,,,,,,,,,,,,,,,False,False,US,Cricket Wireless,24.0,phones
5994121237232962926,Apple iPhone 17,,,,4.6,15000.0,"https://www.google.com/search?ibp=oshop&q=Smartphone&prds=localAnnotatedOfferId:1,catalogid:5994121237232962926,pvo:2,pvt:hg,rds:PC_6027158597472037202%7CPROD_PC_6027158597472037202&gl=us&udm=28&pvorigin=2",https://encrypted-tbn2.gstatic.com/shopping?q=tbn:ANd9GcR8e4va5yatGoYyhsrHixhWrdJ8oHvz5DjBt_A0V1wBfhaunOZLiTQF3OYQPeKoaE4NFjPU2iuyleh5vF7TwS6fN99lV1ri6g,,,,,,,,,,,,,,,,,,True,False,US,T-Mobile for Business,25.0,phones
1457332131463047245,Samsung Galaxy A15 5G,79.99,,,4.3,3200.0,"https://www.google.com/search?ibp=oshop&q=Smartphone&prds=localAnnotatedOfferId:1,catalogid:1457332131463047245,pvo:2,pvt:hg,rds:PC_6027158597472037202%7CPROD_PC_6027158597472037202&gl=us&udm=28&pvorigin=2",https://encrypted-tbn2.gstatic.com/shopping?q=tbn:ANd9GcSvhyAP5ZP8j1X_aZ-NlKv7_AMmdCtXcx78hHjgAFs-6r_Y6YttcVUsitATAzUlqzqVLTWZZumnruTI6GZlOPKSKUbPBr4hCWmkgg_hz3Ac,,,,,,,,,,,,,,,,,,False,False,US,Best Buy,26.0,phones
8928480161483299948,Google Pixel 10 Pro XL,,,,4.5,2300.0,"https://www.google.com/search?ibp=oshop&q=Smartphone&prds=localAnnotatedOfferId:1,catalogid:8928480161483299948,pvo:2,pvt:hg,rds:PC_6027158597472037202%7CPROD_PC_6027158597472037202&gl=us&udm=28&pvorigin=2",https://encrypted-tbn1.gstatic.com/shopping?q=tbn:ANd9GcSTD4dfnkNdlscMaukadjYFKwmE5Q6iKQv08DRMEaOgBdMqSz-WPDumhtsIOYm4uCGn_SqQyV7C4mGbsO6U1Y_4QHi-KU6Cpx7jqSk4_ZsG,,,,,,,,,,,,,,,,,,True,False,US,Google Store,27.0,phones
12977439413889418203,"NUU B40 5G Unlocked Android Smartphone 6.7” AMOLED + 1.6"" Vista Display with 120Hz Refresh Rate",249.99,,,,,"https://www.google.com/search?ibp=oshop&q=Smartphone&prds=localAnnotatedOfferId:1,catalogid:12977439413889418203,pvo:2,pvt:hg,rds:PC_6027158597472037202%7CPROD_PC_6027158597472037202&gl=us&udm=28&pvorigin=2",https://encrypted-tbn3.gstatic.com/shopping?q=tbn:ANd9GcTATWKNnmLDm0tpqIRacFK8qVY1nh7UbpuzG-2dm3VuJyYu14PnwgGqlI_d1RedlOkhuRafSYSsiWr0UNvaydkJZVtC2-rDJ4_4hwYJw5pY4jMriRNCBBMsUA,,,,,,,,,,,,,,,,,,False,False,US,NUU,28.0,phones
4391467042258554874,Unihertz Jelly Max,339.99,,,4.5,47.0,"https://www.google.com/search?ibp=oshop&q=Smartphone&prds=localAnnotatedOfferId:1,catalogid:4391467042258554874,pvo:2,pvt:hg,rds:PC_6027158597472037202%7CPROD_PC_6027158597472037202&gl=us&udm=28&pvorigin=2",https://encrypted-tbn3.gstatic.com/shopping?q=tbn:ANd9GcTYHQGqu5sz2hZJ_g8rvA9jGzLijS1yYXfj1N1zBn4FllaI_CvNeYvBBDtI0_y_nYBBJfKlfuqVlKlwtzexf70bAHBgRMgzT7KxjRWClW8,,,,,,,,,,,,,,,,,,False,False,US,Unihertz,29.0,phones
2573687983041544940,Samsung Galaxy A27 5G,349.99,,,3.7,3.0,"https://www.google.com/search?ibp=oshop&q=Smartphone&prds=localAnnotatedOfferId:1,catalogid:2573687983041544940,pvo:2,pvt:hg,rds:PC_6027158597472037202%7CPROD_PC_6027158597472037202&gl=us&udm=28&pvorigin=2",https://encrypted-tbn1.gstatic.com/shopping?q=tbn:ANd9GcTGymuIoIE_ojUICHnkJfE70j8iPRzwDZG-iIYM_kzqxjlgKr_d-BGwKtlGLD3lyPRzkUF5mFBJKEmWcdJ1fRiXieU_ZdL8SQiVHMOgHdqJ5jQSiv5juDur,,,,,,,,,,,,,,,,,,False,False,US,Boost Mobile,30.0,phones
6342547359550694685,BLU G65L G1130WW 128GB,149.99,,,4.0,37.0,"https://www.google.com/search?ibp=oshop&q=Smartphone&prds=localAnnotatedOfferId:1,catalogid:6342547359550694685,pvo:2,pvt:hg,rds:PC_6027158597472037202%7CPROD_PC_6027158597472037202&gl=us&udm=28&pvorigin=2",https://encrypted-tbn0.gstatic.com/shopping?q=tbn:ANd9GcQBNw3xJbxH7UAcGDG7s8wSN4rK-nHlT5Cpg4wisdKP_6gMQAkFIYoBJCX-KPCCSh_g_fljQmyCx9Jw0dPKIZmAQi3oqN7AjjN5iwYgb_0,,,,,,,,,,,,,,,,,,False,False,US,Best Buy,31.0,phones
8065089511755541673,Apple iPhone 17 Pro Max,,,,3.8,3500.0,"https://www.google.com/search?ibp=oshop&q=Smartphone&prds=localAnnotatedOfferId:1,catalogid:8065089511755541673,pvo:2,pvt:hg,rds:PC_6027158597472037202%7CPROD_PC_6027158597472037202&gl=us&udm=28&pvorigin=2",https://encrypted-tbn3.gstatic.com/shopping?q=tbn:ANd9GcQk3SrkjrEkiCYSNwCiLxrSqsAgTSSK_DFKKlDxDzH2wdci35sPyFa2Eu4j1g0rVtSiSsVcLnBlFBZxn2T3ygj036lHVV9UPQifwStrZVvfTteML4HW_Txx7w,,,,,,,,,,,,,,,,,,True,False,US,Walmart - 2ndphoneclub,32.0,phones
10381625117188221237,Apple iPhone 15 128GB Black - Available With Cricket Wireless Plan,349.99,,,3.8,36.0,"https://www.google.com/search?ibp=oshop&q=Smartphone&prds=localAnnotatedOfferId:1,productid:10381625117188221237,pvo:2,pvt:hg,rds:PC_6027158597472037202%7CPROD_PC_6027158597472037202&gl=us&udm=28&pvorigin=2",https://encrypted-tbn3.gstatic.com/shopping?q=tbn:ANd9GcTklE7yLprMsMl_gi7wkTEbDEhsA7SIMvzz34paH46mhDwf6pgvzexJxBJROc8ZA317DFaC99DX9RAij4P7rRjswODY0siZNFwn4rRzlrgcuz6CueTjdITneg,,,,,,,,,,,,,,,,,,False,False,US,Cricket Wireless,33.0,phones
12926680768389084268,Samsung Galaxy S26 Ultra,,,,4.8,57000.0,"https://www.google.com/search?ibp=oshop&q=Smartphone&prds=localAnnotatedOfferId:1,catalogid:12926680768389084268,pvo:2,pvt:hg,rds:PC_6027158597472037202%7CPROD_PC_6027158597472037202&gl=us&udm=28&pvorigin=2",https://encrypted-tbn2.gstatic.com/shopping?q=tbn:ANd9GcSlCwyHjdkGWVjX809ynwncHAjKHemDLSF3D4ANmnuI4Qp1yIUgwo1hmlpefusYnEs9Gj0QERbLCS7OKjifvdvucjBjad6JObR8KKifLx1LazUEFdMkcnHBxw,,,,,,,,,,,,,,,,,,True,False,US,Consumer Cellular,34.0,phones
2573120649916652599,Motorola moto g 2026,193.45,,,4.3,115.0,"https://www.google.com/search?ibp=oshop&q=Smartphone&prds=localAnnotatedOfferId:1,catalogid:2573120649916652599,pvo:2,pvt:hg,rds:PC_6027158597472037202%7CPROD_PC_6027158597472037202&gl=us&udm=28&pvorigin=2",https://encrypted-tbn2.gstatic.com/shopping?q=tbn:ANd9GcTQnkBI8uuqonSqdq0RphMNiEEGTrqzLTYz6jGxi2yiKmPDjTvcyjp3k9FSzr5nKJwQbqwp-yTqhnc_bshJqWJSfFJdFv0l0VUxKAMEs0U,,,,,,,,,,,,,,,,,,False,False,US,Cell2Get,35.0,phones
2482042715794200436,Total Wireless Motorola 2025 Moto g 5G,39.99,,,4.2,88.0,"https://www.google.com/search?ibp=oshop&q=Smartphone&prds=localAnnotatedOfferId:1,catalogid:2482042715794200436,pvo:2,pvt:hg,rds:PC_6027158597472037202%7CPROD_PC_6027158597472037202&gl=us&udm=28&pvorigin=2",https://encrypted-tbn2.gstatic.com/shopping?q=tbn:ANd9GcT6TLfry1FaY1qNj97kv_mK543h7lOPAXggAhhI43NVpai0nmIDZuDFnaMnzOfy2MQA7uQfhxpOWFUs_I6khQJw8CzAUFha7n-21HWOwmGX,,,,,,,,,,,,,,,,,,False,False,US,Best Buy,36.0,phones
5662499505405013682,Samsung Galaxy Z Flip8,,,,4.9,13000.0,"https://www.google.com/search?ibp=oshop&q=Smartphone&prds=localAnnotatedOfferId:1,catalogid:5662499505405013682,pvo:2,pvt:hg,rds:PC_6027158597472037202%7CPROD_PC_6027158597472037202&gl=us&udm=28&pvorigin=2",https://encrypted-tbn0.gstatic.com/shopping?q=tbn:ANd9GcQgKoTQv6Boj1jXj3gn-XJP7W-aNp2DtdxH3Q7HR6dIgjNbKU1g6J3rauBb2bPl_pVZXkwBLWvb53I8RMU0kD3P38iMgK1JoxKfl3H0VR9MzQe0DjuP31X0,,,,,,,,,,,,,,,,,,True,False,US,Mint Mobile,37.0,phones
7366361967125568446,Unihertz Jelly 2E 4gb/64gb 3,159.99,,,4.2,77.0,"https://www.google.com/search?ibp=oshop&q=Smartphone&prds=localAnnotatedOfferId:1,catalogid:7366361967125568446,pvo:2,pvt:hg,rds:PC_6027158597472037202%7CPROD_PC_6027158597472037202&gl=us&udm=28&pvorigin=2",https://encrypted-tbn0.gstatic.com/shopping?q=tbn:ANd9GcR8KuzP3xJa8CsWbm46KwFV0IylHd0Mq-d2iQePfPJeYNpt70l0rM7JzRgb7sZ_fMfAFor47lrxLjSfEYYfKCURnuhXf-oEmtAfnZa5H4fOVPk-NEkArpjwaQ,,,,,,,,,,,,,,,,,,False,False,US,Unihertz,38.0,phones
10231620088247711834,Samsung Galaxy Z Fold7 Smartphone,,,,4.7,26000.0,"https://www.google.com/search?ibp=oshop&q=Smartphone&prds=localAnnotatedOfferId:1,catalogid:10231620088247711834,pvo:2,pvt:hg,rds:PC_6027158597472037202%7CPROD_PC_6027158597472037202&gl=us&udm=28&pvorigin=2",https://encrypted-tbn3.gstatic.com/shopping?q=tbn:ANd9GcQYdYVrycv58vOBW95-i38Cge98UukoQeHy6Hs_KPGaQUXMZjTJCKmGI4igDhQ6ZUq8EWmSt2rcLy4k4vIzMfQMd099jBl-dw,,,,,,,,,,,,,,,,,,True,False,US,bkstr.com,39.0,phones
8345423428288821281,Apple iPhone 15 - Black - 128GB (with 36 monthly payments + plan),,,,4.6,29000.0,"https://www.google.com/search?ibp=oshop&q=Smartphone&prds=localAnnotatedOfferId:1,productid:8345423428288821281,pvo:2,pvt:hg,rds:PC_6027158597472037202%7CPROD_PC_6027158597472037202&gl=us&udm=28&pvorigin=2",https://encrypted-tbn3.gstatic.com/shopping?q=tbn:ANd9GcRX2OAgKWhI8zye1GJb8DXGaeSGIKkMbeAl5TLySJz1R3KCKzpl3SHHMdjM6BiWXFefN_OU2cwVGdxPqcD61o-5BC_dMv2Gpw,,,,,,,,,,,,,,,,,,True,False,US,T-Mobile,40.0,phones
3210463941460833695,Apple iPhone 16 Pro Titanium,829.97,,,4.2,5800.0,"https://www.google.com/search?ibp=oshop&q=Smartphone&prds=localAnnotatedOfferId:1,catalogid:3210463941460833695,pvo:2,pvt:hg,rds:PC_6027158597472037202%7CPROD_PC_6027158597472037202&gl=us&udm=28&pvorigin=2",https://encrypted-tbn3.gstatic.com/shopping?q=tbn:ANd9GcTGlFrbk7SL37coOu3Ter1Pv1ztyWJJd-Q8IKU2i26iyreQWtBEMNxT5LTxXFp4WH_0zqJslVk3KKJjtdvHONIpKj6eCvxC5XMp-kE3TgA,,,,,,,,,,,,,,,,,,False,False,US,Walmart - Networkstore,2.0,phones
11577913971984319420,Samsung Galaxy Z Flip7,,,,4.6,14000.0,"https://www.google.com/search?ibp=oshop&q=Smartphone&prds=localAnnotatedOfferId:1,catalogid:11577913971984319420,pvo:2,pvt:hg,rds:PC_6027158597472037202%7CPROD_PC_6027158597472037202&gl=us&udm=28&pvorigin=2",https://encrypted-tbn3.gstatic.com/shopping?q=tbn:ANd9GcR8N5Jt9TnnR1ORCllcGlWgWtMh3mZ9S7BFAlQmAoXOa4jVz3LylHJitiIYIFfcXce3xDs3DN1QVaI5QJPbL7NCXBOKRlhdwpKtBnbyaKg,,,,,,,,,,,,,,,,,,True,False,US,Best Buy,4.0,phones
4250617937393754077,Fossibot F112 Pro 5g 8gb/256gb 6.8,239.99,,,4.3,7.0,"https://www.google.com/search?ibp=oshop&q=Smartphone&prds=localAnnotatedOfferId:1,catalogid:4250617937393754077,pvo:2,pvt:hg,rds:PC_6027158597472037202%7CPROD_PC_6027158597472037202&gl=us&udm=28&pvorigin=2",https://encrypted-tbn2.gstatic.com/shopping?q=tbn:ANd9GcTkEdpNWtMKmIhx5qIXXz3zTENTwdhfVpCTaNefoWECzw0BgoEgV4G499e3qAcJ-wb1N4p_RBWWBhKmMEHF4X93S7_xktskVsAska6SEcoC2hTfu66FTVT-VQ,,,,,,,,,,,,,,,,,,False,False,US,FOSSiBOT - Main,5.0,phones
4017854550939954213,Motorola moto g power 2025,150.0,,,4.2,455.0,"https://www.google.com/search?ibp=oshop&q=Smartphone&prds=localAnnotatedOfferId:1,catalogid:4017854550939954213,pvo:2,pvt:hg,rds:PC_6027158597472037202%7CPROD_PC_6027158597472037202&gl=us&udm=28&pvorigin=2",https://encrypted-tbn3.gstatic.com/shopping?q=tbn:ANd9GcR_PgOXCtM30hiLpE4Fcxuq4mf7TNhe70CFbc6cKeLafsBqBpWv5DVMQPrOG_1XgqAmzYWLhAZtoQbUwwRq8nTTynZJKdanQNwCMQ7KspYV,,,,,,,,,,,,,,,,,,False,False,US,CPR Cell Phone Repair by DMV Wireless,6.0,phones
4061667408889018392,Samsung Galaxy Z Flip8,999.99,,,4.9,13000.0,"https://www.google.com/search?ibp=oshop&q=Smartphone&prds=localAnnotatedOfferId:1,catalogid:4061667408889018392,pvo:2,pvt:hg,rds:PC_6027158597472037202%7CPROD_PC_6027158597472037202&gl=us&udm=28&pvorigin=2",https://encrypted-tbn3.gstatic.com/shopping?q=tbn:ANd9GcTpuIwiHyrtpc-YjTh8mWxfRg_9Ra1B9p781xVTgGG1xv_E93zbn2wW9WrtkKFNbf6h7VWT1p5WhbSDtdVM_rtBUj-Z3rSaGQFS4pnldkCTWooTyWl0etF3,,,,,,,,,,,,,,,,,,False,False,US,Consumer Cellular,7.0,phones
11642078117092691172,Apple iPhone 13 Pro Max,484.0,,,4.3,12000.0,"https://www.google.com/search?ibp=oshop&q=Smartphone&prds=localAnnotatedOfferId:1,catalogid:11642078117092691172,pvo:2,pvt:hg,rds:PC_6027158597472037202%7CPROD_PC_6027158597472037202&gl=us&udm=28&pvorigin=2",https://encrypted-tbn2.gstatic.com/shopping?q=tbn:ANd9GcR3I7EvWo6ov2DOQiE6YjsSO4_fGdG_9imX6MmNRMqxR01r5ck89AIateLlr4CHalB0VtdbtoSnS2I1L6aNkaWpE120IZU75zM4nb225ew,,,,,,,,,,,,,,,,,,False,False,US,Walmart - ELECTRONIC DEALS INC,8.0,phones
14749632123786252088,Samsung Galaxy S23 FE,449.98,,,4.5,11000.0,"https://www.google.com/search?ibp=oshop&q=Smartphone&prds=localAnnotatedOfferId:1,catalogid:14749632123786252088,pvo:2,pvt:hg,rds:PC_6027158597472037202%7CPROD_PC_6027158597472037202&gl=us&udm=28&pvorigin=2",https://encrypted-tbn2.gstatic.com/shopping?q=tbn:ANd9GcRkkpAghTemTECZtjvqDqylWhxuNby2qJYsDO17KhuAyuli0bB97Jk6W6GARCwvKcHBVVKcSs7pl3VIzUeia_m_tmCEIXH646XZywPwo1DyPZLF_L9w25jf,,,,,,,,,,,,,,,,,,False,False,US,Best Buy,10.0,phones
7812283428707904573,Motorola Edge 2025 XT2519-1,449.99,,,4.0,103.0,"https://www.google.com/search?ibp=oshop&q=Smartphone&prds=localAnnotatedOfferId:1,catalogid:7812283428707904573,pvo:2,pvt:hg,rds:PC_6027158597472037202%7CPROD_PC_6027158597472037202&gl=us&udm=28&pvorigin=2",https://encrypted-tbn3.gstatic.com/shopping?q=tbn:ANd9GcS854sgI0gr3Z4GwDuLias3MzgRDLZ7GT-wfNwlvbyz3rGxZkUQuaa-88--GXl0rkT1Gj5DY8AaxuWLLw2HisrJB2BaEXyCVPTakbu8OqAntEOehBfCj004zg,,,,,,,,,,,,,,,,,,False,False,US,Motorola - United States,11.0,phones
11701949729676046010,Bea-Fon N2,69.9,,,4.7,6.0,"https://www.google.com/search?ibp=oshop&q=Smartphone&prds=localAnnotatedOfferId:1,catalogid:11701949729676046010,pvo:2,pvt:hg,rds:PC_6027158597472037202%7CPROD_PC_6027158597472037202&gl=us&udm=28&pvorigin=2",https://encrypted-tbn2.gstatic.com/shopping?q=tbn:ANd9GcRGj0uo1D5xxWH70L6JYzcFqY_SVbsR7wBaDHmIm1U5Hscqgm68pW7r9Pi-BvOloXszGxeD8h2qW1Ob2j134p1FeRYiEzaaYXnlDRc7ge7899BVqlSJHiXFRQ,,,,,,,,,,,,,,,,,,False,False,US,agmmobile.com,12.0,phones
15617201143445824957,Cricket Samsung Galaxy A17,79.0,,,4.5,16000.0,"https://www.google.com/search?ibp=oshop&q=Smartphone&prds=localAnnotatedOfferId:1,catalogid:15617201143445824957,pvo:2,pvt:hg,rds:PC_6027158597472037202%7CPROD_PC_6027158597472037202&gl=us&udm=28&pvorigin=2",https://encrypted-tbn2.gstatic.com/shopping?q=tbn:ANd9GcQnZr6UXsAZO8MResar-c7yAkz74XWyMgjEL1fs7ydHHDBR7eaB7bUA5l69nIYpnbeXvibKyIOVw-SrbZ5hqreXnsMjO0bo1pJrpGDdDJ8gaa9OylF6Is487Wps,,,,,,,,,,,,,,,,,,False,False,US,Walmart,13.0,phones
8204806712530577798,Google Pixel 9,799.0,,,4.5,1600.0,"https://www.google.com/search?ibp=oshop&q=Smartphone&prds=localAnnotatedOfferId:1,catalogid:8204806712530577798,pvo:2,pvt:hg,rds:PC_6027158597472037202%7CPROD_PC_6027158597472037202&gl=us&udm=28&pvorigin=2",https://encrypted-tbn2.gstatic.com/shopping?q=tbn:ANd9GcTupCZQbA_eEB1kCoOIorta7RBNj6VtH8xtah0sOLfkb1C8PkOybHofWEZcwyzFcbpob1i9Ulac-NTE8qztdPdpqQuiN8_idDBAznqdEPWo6wLrJ4fQDXXPjA,,,,,,,,,,,,,,,,,,False,False,US,Flash Mobile,14.0,phones
11498129293316966939,Nothing Phone,799.0,,,4.3,67.0,"https://www.google.com/search?ibp=oshop&q=Smartphone&prds=localAnnotatedOfferId:1,catalogid:11498129293316966939,pvo:2,pvt:hg,rds:PC_6027158597472037202%7CPROD_PC_6027158597472037202&gl=us&udm=28&pvorigin=2",https://encrypted-tbn2.gstatic.com/shopping?q=tbn:ANd9GcQ3EiGyI8HhXmyKCKY-SwGA2XpubcXJliUvTMxSFIINDmPlGhJmagZno0e2w5H6GAq7zngUoKhYmMvPawBW0pFxGCE4qgpHYZi3KKJMYPgk1KO0MscSWG0K,,,,,,,,,,,,,,,,,,False,False,US,Nothing US,16.0,phones
6140123044974887820,"OUKITEL wp66 5G Rugged Phone 6.6'' FHD+ Display 11,000mAh Big Battery 108MP Camera Android 16",449.99,,,,,"https://www.google.com/search?ibp=oshop&q=Smartphone&prds=localAnnotatedOfferId:1,catalogid:6140123044974887820,pvo:2,pvt:hg,rds:PC_6027158597472037202%7CPROD_PC_6027158597472037202&gl=us&udm=28&pvorigin=2",https://encrypted-tbn3.gstatic.com/shopping?q=tbn:ANd9GcQTzjttqYcG-ojLcO740GXELyRD7n0JIO3gvG-3S3UMJV_9TiGUn7F8rKwbYF4VVeZ3LBZ0P2I5NvX8E97bo7grWeOQgHi4sC1CYLh9L_wNKVnB4BV7aNGo,,,,,,,,,,,,,,,,,,False,False,US,oukitel.com,17.0,phones
7338164223543016563,LG V60 ThinQ 5G,224.99,,,4.3,976.0,"https://www.google.com/search?ibp=oshop&q=Smartphone&prds=localAnnotatedOfferId:1,catalogid:7338164223543016563,pvo:2,pvt:hg,rds:PC_6027158597472037202%7CPROD_PC_6027158597472037202&gl=us&udm=28&pvorigin=2",https://encrypted-tbn0.gstatic.com/shopping?q=tbn:ANd9GcSU5ZXl4bIQnQPtSpoQwX8Oulx0ubDI785SJkKcxZNbobNw4iFrik7q6537wVdvy1orjbrrIuZjgF6ynPeCiD6uoXf5oiOI1PBgPFXcLF0Z_5kJ-8iGsYmr,,,,,,,,,,,,,,,,,,False,False,US,Cell2Get,18.0,phones
1230388296225396604,Apple iPhone 14,294.44,,,4.4,14000.0,"https://www.google.com/search?ibp=oshop&q=Smartphone&prds=localAnnotatedOfferId:1,catalogid:1230388296225396604,pvo:2,pvt:hg,rds:PC_6027158597472037202%7CPROD_PC_6027158597472037202&gl=us&udm=28&pvorigin=2",https://encrypted-tbn2.gstatic.com/shopping?q=tbn:ANd9GcRh1N45SRkJ-4a22kgelNtk_J5B98ltD6M656sMCWZZiJ2kAWE11MyBIHXlMr5wv0OqvJuR1Ku02a07ucg2Ckefgo2Z-z56oebcs0BrFaE,,,,,,,,,,,,,,,,,,False,False,US,Walmart - Cell Surfers,19.0,phones
3406323591029580045,Total Wireless Samsung Galaxy A16 5G 128GB Prepaid,49.99,,,3.9,47.0,"https://www.google.com/search?ibp=oshop&q=Smartphone&prds=localAnnotatedOfferId:1,catalogid:3406323591029580045,pvo:2,pvt:hg,rds:PC_6027158597472037202%7CPROD_PC_6027158597472037202&gl=us&udm=28&pvorigin=2",https://encrypted-tbn1.gstatic.com/shopping?q=tbn:ANd9GcT8xd-lOrfukpSlkIoPaXK2hB_fsPuTwbMGyUXDqWm89u6yuvY8cBPh1WgQIINnxIqvRPquiqz1jlzbQn9-FYYriy7u-lMY_aYnyy9XRI36,,,,,,,,,,,,,,,,,,False,False,US,Best Buy,20.0,phones
4040131891962629610,Apple iPhone Air in Sky Blue 1024GB with data plan | by Consumer Cellular,,,,4.4,3800.0,"https://www.google.com/search?ibp=oshop&q=Smartphone&prds=localAnnotatedOfferId:1,productid:4040131891962629610,pvo:2,pvt:hg,rds:PC_6027158597472037202%7CPROD_PC_6027158597472037202&gl=us&udm=28&pvorigin=2",https://encrypted-tbn3.gstatic.com/shopping?q=tbn:ANd9GcRghfa2MZR9HIteEkyot86dIYKzcqHG5-w5-iwK2F8ekTVXPRBhndzouuqr17ONRKviscO4gpEgVNCX6GXJVtnxrX2iMYxgyT0RUXW7yIZmhu6dKAU72i_LZg,,,,,,,,,,,,,,,,,,True,False,US,Consumer Cellular,23.0,phones
13758529073658027566,Apple iPhone 11,148.78,,,4.9,11.0,"https://www.google.com/search?ibp=oshop&q=Smartphone&prds=localAnnotatedOfferId:1,catalogid:13758529073658027566,pvo:2,pvt:hg,rds:PC_6027158597472037202%7CPROD_PC_6027158597472037202&gl=us&udm=28&pvorigin=2",https://encrypted-tbn1.gstatic.com/shopping?q=tbn:ANd9GcTKhXv8yXV6A6HSn1qbAd0AZZQ9iWzeYt3ZR6dL_0R6D6hR9cAnDaJG7hpqlWJlB0RercJSfcyjBwNWuJCDwel_xmb1eBGmng3M-tewsfoaul2s2Y1xMwVwXQ,,,,,,,,,,,,,,,,,,False,False,US,Walmart - Wireless Source,24.0,phones
430841166330512588,Verizon Prepaid Verizon Samsung Galaxy A17 128GB Prepaid,99.99,,,4.5,2.0,"https://www.google.com/search?ibp=oshop&q=Smartphone&prds=localAnnotatedOfferId:1,catalogid:430841166330512588,pvo:2,pvt:hg,rds:PC_6027158597472037202%7CPROD_PC_6027158597472037202&gl=us&udm=28&pvorigin=2",https://encrypted-tbn0.gstatic.com/shopping?q=tbn:ANd9GcSmwrtj9xvQlftA2P3uI1j8fmaVwwIA1ZdacP9UP74MqsVeBvXjjdrn7T2yNnhSBrIwLZydpBppqJ3YaRSNETWv6m9xdlax1hM_VWCadV5NKtRiErqz8wjnPA,,,,,,,,,,,,,,,,,,False,False,US,Best Buy,25.0,phones
12658351924287647882,Samsung Galaxy A36 5G,222.45,,,4.5,2400.0,"https://www.google.com/search?ibp=oshop&q=Smartphone&prds=localAnnotatedOfferId:1,catalogid:12658351924287647882,pvo:2,pvt:hg,rds:PC_6027158597472037202%7CPROD_PC_6027158597472037202&gl=us&udm=28&pvorigin=2",https://encrypted-tbn1.gstatic.com/shopping?q=tbn:ANd9GcSELiuYf9gTBWWGh9QinI9oj61xgIXmbpy2J-ST2R5ZfUgumdslNo6V22gFbLqB2yIEki34MF1g_HKAsAfZFEJPtB9nTlYxdrdRAzwKKt1U,,,,,,,,,,,,,,,,,,False,False,US,ElectronicsForce.com,26.0,phones
8496820491103530483,Apple iPhone 14 Pro Max 128gb 6.7,650.0,,,4.4,278.0,"https://www.google.com/search?ibp=oshop&q=Smartphone&prds=localAnnotatedOfferId:1,catalogid:8496820491103530483,pvo:2,pvt:hg,rds:PC_6027158597472037202%7CPROD_PC_6027158597472037202&gl=us&udm=28&pvorigin=2",https://encrypted-tbn3.gstatic.com/shopping?q=tbn:ANd9GcTAn6fNJuifMrKhQ13qeAtF_rPFn0hXjZ04qUx-4RIapnrHpLn6Tjl0G7Gz75gs_LCIiJuK2P92fyVJxSkBewtlAJSJuv1TEvENAT4ZMqWHAKRmJo2msr2T,,,,,,,,,,,,,,,,,,False,False,US,Tech Restore,27.0,phones
9402853036254917583,Samsung Galaxy S26 - Black - 256GB (with 36 monthly payments + plan) - Samsung Galaxy Smartphone,,,,4.7,8500.0,"https://www.google.com/search?ibp=oshop&q=Smartphone&prds=localAnnotatedOfferId:1,productid:9402853036254917583,pvo:2,pvt:hg,rds:PC_6027158597472037202%7CPROD_PC_6027158597472037202&gl=us&udm=28&pvorigin=2",https://encrypted-tbn3.gstatic.com/shopping?q=tbn:ANd9GcR5djTAv4EXnoUH1gJaqRE-4hnmgpPuGCcrGsconjC_Jeb2sGYMTdxyOFfJU5BSqp-LuhGl0DDy22oIUfBJN_F4rbxpzj_dRA,,,,,,,,,,,,,,,,,,True,False,US,T-Mobile,28.0,phones
13078729291008953468,Motorola moto G,,,,4.3,729.0,"https://www.google.com/search?ibp=oshop&q=Smartphone&prds=localAnnotatedOfferId:1,catalogid:13078729291008953468,pvo:2,pvt:hg,rds:PC_6027158597472037202%7CPROD_PC_6027158597472037202&gl=us&udm=28&pvorigin=2",https://encrypted-tbn1.gstatic.com/shopping?q=tbn:ANd9GcQ_YBUjmbEXAF3PFo0F5IwpSXntZH4eyZRo-oedUTebj4Z4aNy64VcLXMHFw2XUKE_oMkglmJSUBtIb22wcpQa-lRBZ4unnoJ7Qo33ayX0,,,,,,,,,,,,,,,,,,True,False,US,Verizon,29.0,phones
9634538253408619138,Tracfone Prepaid Motorola g Play Cdma Lte,39.99,,,4.3,449.0,"https://www.google.com/search?ibp=oshop&q=Smartphone&prds=localAnnotatedOfferId:1,catalogid:9634538253408619138,pvo:2,pvt:hg,rds:PC_6027158597472037202%7CPROD_PC_6027158597472037202&gl=us&udm=28&pvorigin=2",https://encrypted-tbn0.gstatic.com/shopping?q=tbn:ANd9GcSnGZMfqd2fGzyjM9fKm4490NzHAfgtShh1LpUeg2QzPdi-235i3JocMSjo_pxWQFA59w6ByG58wMXjZgj3jbks4TXfEUNx_Wh37JuqZcQ,,,,,,,,,,,,,,,,,,False,False,US,Best Buy,30.0,phones
16978156422034886348,Apple iPhone 13 Pro Max 128GB,459.97,,,4.5,327.0,"https://www.google.com/search?ibp=oshop&q=Smartphone&prds=localAnnotatedOfferId:1,catalogid:16978156422034886348,pvo:2,pvt:hg,rds:PC_6027158597472037202%7CPROD_PC_6027158597472037202&gl=us&udm=28&pvorigin=2",https://encrypted-tbn0.gstatic.com/shopping?q=tbn:ANd9GcS-QDnIxnrIKYBjuZ897hjAUV29vj0_SwomntyGAFGHamSZE7Hr_2R7Q-nGFR229Pfzz_EgQW8dIe7bMqICK6zRWHSGblEHZgQaR-L5ymPnoQis1phnQyOf,,,,,,,,,,,,,,,,,,False,False,US,Walmart - TechGrab,31.0,phones
14573842148595977457,Apple iPhone Air in Space Black 1024GB - with 36-month installments & data plan | by Consumer Cellular,,,,4.4,3800.0,"https://www.google.com/search?ibp=oshop&q=Smartphone&prds=localAnnotatedOfferId:1,productid:14573842148595977457,pvo:2,pvt:hg,rds:PC_6027158597472037202%7CPROD_PC_6027158597472037202&gl=us&udm=28&pvorigin=2",https://encrypted-tbn1.gstatic.com/shopping?q=tbn:ANd9GcQKWFxHNRE_7ht_YA6IyRC95I-ovcZTbzUEt9yXSmCicXE1TjbmhfFJm06m9LJzgS5xh086Zna67Kgj2e1pYnBxjCkk_JgUoKmsgCHikJi39StGsL-SKmIn,,,,,,,,,,,,,,,,,,True,False,US,Consumer Cellular,32.0,phones
2234948256945376623,Samsung Galaxy S22 Ultra,298.0,,,4.4,36000.0,"https://www.google.com/search?ibp=oshop&q=Smartphone&prds=localAnnotatedOfferId:1,catalogid:2234948256945376623,pvo:2,pvt:hg,rds:PC_6027158597472037202%7CPROD_PC_6027158597472037202&gl=us&udm=28&pvorigin=2",https://encrypted-tbn3.gstatic.com/shopping?q=tbn:ANd9GcSf5Smyk0FnNce_ToD2JuuXj7-TKEpXyfBjJwH3awHWLk5Hf37aBjyu4w34RgH_K94LMjbYvukTpD6PZl7_4-NHAIu0rkyYT04tXv-Xb35OCBiZ7IrWx9TfSQ,,,,,,,,,,,,,,,,,,False,False,US,Newegg.com - COSMOGEEK-MOBILE,33.0,phones
17124961801129981176,Nothing Phone 3a Dual Sim Factory Unlocked,429.99,,,4.7,658.0,"https://www.google.com/search?ibp=oshop&q=Smartphone&prds=localAnnotatedOfferId:1,catalogid:17124961801129981176,pvo:2,pvt:hg,rds:PC_6027158597472037202%7CPROD_PC_6027158597472037202&gl=us&udm=28&pvorigin=2",https://encrypted-tbn0.gstatic.com/shopping?q=tbn:ANd9GcTXs6u_CxJIoTJ5J8Wom1neYZCAF40in1VsUarDeEC3HrRqqNW8vzXNPxPrphMCEFTWi5DHutNTbC3fojyac3GH8kPxU5gwBO7bLjjMqA6sT2hDP6b8Qsy5,,,,,,,,,,,,,,,,,,False,False,US,MyWorldPhone.com,34.0,phones
423645667708388810,Motorola moto g stylus 2025 128GB,,,,3.7,92.0,"https://www.google.com/search?ibp=oshop&q=Smartphone&prds=localAnnotatedOfferId:1,catalogid:423645667708388810,pvo:2,pvt:hg,rds:PC_6027158597472037202%7CPROD_PC_6027158597472037202&gl=us&udm=28&pvorigin=2",https://encrypted-tbn1.gstatic.com/shopping?q=tbn:ANd9GcS-Ft9NI2TQSZ_-kQCIjtLAvJNJg1VwQaEimSM_bkAVWDPb90GQUvTs2yYcc6UgsFPAA9Bg_46s2-9lz3Gx3oULb20M5MuGamJmNqH84wdP,,,,,,,,,,,,,,,,,,True,False,US,Best Buy,35.0,phones
10109935109352386734,"Samsung Galaxy S26 Ultra, Unlocked Android Smartphone, 512GB, Privacy Display, Galaxy AI, AI Camera, Super Fast Charging 3.0, Durable Battery, Black",,,,4.8,57000.0,"https://www.google.com/search?ibp=oshop&q=Smartphone&prds=localAnnotatedOfferId:1,productid:10109935109352386734,pvo:2,pvt:hg,rds:PC_6027158597472037202%7CPROD_PC_6027158597472037202&gl=us&udm=28&pvorigin=2",https://encrypted-tbn1.gstatic.com/shopping?q=tbn:ANd9GcRBc2DefZNKf_fDtna3AjT0oJcOQtnJAeDME-Rs-drOcNcWGjQSHIvnLa2phPq8ePjgGGs4m8lxLcXeaRpNx2secqRNUO-w,,,,,,,,,,,,,,,,,,True,False,US,Target,36.0,phones
18380498419772096127,Refurbished iPhone 15,388.85,,,4.3,822.0,"https://www.google.com/search?ibp=oshop&q=Smartphone&prds=localAnnotatedOfferId:1,catalogid:18380498419772096127,pvo:2,pvt:hg,rds:PC_6027158597472037202%7CPROD_PC_6027158597472037202&gl=us&udm=28&pvorigin=2",https://encrypted-tbn2.gstatic.com/shopping?q=tbn:ANd9GcTtq5zPyqrFudLH7VmhYX6K8kK1lqo2iaPtBTckXTQpBkMwK5bbGH9s5SlzkG-qAKxTeLgQ6-XUYiR4Ezwr3duoDKqQr9WTJZI-IzzDEQB0,,,,,,,,,,,,,,,,,,False,False,US,Walmart - Reebelo,37.0,phones
4956248853785696707,Samsung Galaxy S26 - Cobalt Violet - 512GB (with 36 monthly payments + plan) (with plan) - Samsung Galaxy Phone,,,,,,"https://www.google.com/search?ibp=oshop&q=Smartphone&prds=localAnnotatedOfferId:1,productid:4956248853785696707,pvo:2,pvt:hg,rds:PC_6027158597472037202%7CPROD_PC_6027158597472037202&gl=us&udm=28&pvorigin=2",https://encrypted-tbn2.gstatic.com/shopping?q=tbn:ANd9GcSgALRRKagj3x2Xqf4tiauYjxhtVBIiEPOXp_ht_Jus1024PhLSedMpTNTSILFzdUPZqG__UKz2mEG0cKknjp5E9a-Pp_vP,,,,,,,,,,,,,,,,,,True,False,US,T-Mobile,38.0,phones
14221828241177783813,Apple iPhone Air in Light Gold 1024GB - with 36-month installments & data plan | by Consumer Cellular,,,,4.4,3800.0,"https://www.google.com/search?ibp=oshop&q=Smartphone&prds=localAnnotatedOfferId:1,productid:14221828241177783813,pvo:2,pvt:hg,rds:PC_6027158597472037202%7CPROD_PC_6027158597472037202&gl=us&udm=28&pvorigin=2",https://encrypted-tbn1.gstatic.com/shopping?q=tbn:ANd9GcT8B7jvC_-4Z1cQUrHYLYLyG4A8fB3pywZ4Eqv7W36WQoHFdqV1jtovCIc-dgnOoFSiYRxGvyozfKrhZzONX-j6m3a-5xa_2slH4WW5SDMit3goBUYLTD0PvQ,,,,,,,,,,,,,,,,,,True,False,US,Consumer Cellular,39.0,phones
15079741062393886733,"BLU G54 G1090 Unlocked 6.6"" IPS HD",109.99,,,4.1,144.0,"https://www.google.com/search?ibp=oshop&q=Smartphone&prds=localAnnotatedOfferId:1,catalogid:15079741062393886733,pvo:2,pvt:hg,rds:PC_6027158597472037202%7CPROD_PC_6027158597472037202&gl=us&udm=28&pvorigin=2",https://encrypted-tbn0.gstatic.com/shopping?q=tbn:ANd9GcQo3e5snFnltxJFaGqiPxpz5yZ5mb4w0jJd5MUcV7BEbV_kWNce8KFT8DFT-1cvoLvpTFzQE-8DVgRp74zxyTJn6YbMc-uYhAXtBG-hmoAUigNaJbTR_ct3,,,,,,,,,,,,,,,,,,False,False,US,Best Buy,40.0,phones
11667125893030653503,Vizio Class Quantum HD Qled Smart TV,77.0,,,4.1,139.0,"https://www.google.com/search?ibp=oshop&q=Smart+TV&prds=localAnnotatedOfferId:1,catalogid:11667125893030653503,pvo:2,pvt:hg,rds:PC_6027158597472037202%7CPROD_PC_6027158597472037202&gl=us&udm=28&pvorigin=2",https://encrypted-tbn3.gstatic.com/shopping?q=tbn:ANd9GcRhMB2IfPBi0WG8HfsPzWcDAOZcQnZlHemR1LNw04GRi2-89FPLx3b4SUyM_qgU2i0CUMFLHUUhT_ljrk5I7YqWh88OznklZsPsQtMtsvkQ6yP9HZXUzKUa,,,,,,,,,,,,,,,,,,False,False,US,Walmart,1.0,tvs
4527358743927429455,Pioneer Class LED 4K UHD Smart Roku TV,149.99,,,4.7,2900.0,"https://www.google.com/search?ibp=oshop&q=Smart+TV&prds=localAnnotatedOfferId:1,catalogid:4527358743927429455,pvo:2,pvt:hg,rds:PC_6027158597472037202%7CPROD_PC_6027158597472037202&gl=us&udm=28&pvorigin=2",https://encrypted-tbn1.gstatic.com/shopping?q=tbn:ANd9GcRAOIxUoxsmD8PvyCHU5FmPurNdvSb6o2zb8TEZPYXHs7v-cnQVFAJrMQux3qQKhvpIi4EybouF4AoMmSooEYSksykfHo3pShrs_aRFyQ7LVZNNX28u4HsK,,,,,,,,,,,,,,,,,,False,False,US,Best Buy,2.0,tvs
11752708136015654529,Roku Smart TV 2026 32-Inch Select Series,129.99,,,4.6,863.0,"https://www.google.com/search?ibp=oshop&q=Smart+TV&prds=localAnnotatedOfferId:1,catalogid:11752708136015654529,pvo:2,pvt:hg,rds:PC_6027158597472037202%7CPROD_PC_6027158597472037202&gl=us&udm=28&pvorigin=2",https://encrypted-tbn3.gstatic.com/shopping?q=tbn:ANd9GcSFRYoa260yMmXHj_1jAAK5UaQIUb8cR_V3unPk5wRt1ip07eLn4iiuZ1iELC429BBD31qS5o9qqO1Mfs68TrqivU7qmI9DbQ,,,,,,,,,,,,,,,,,,False,False,US,Target,3.0,tvs
17869871569686519769,Onn Class 4K UHD Powered by Vizio Smart Television,148.0,,,3.6,2000.0,"https://www.google.com/search?ibp=oshop&q=Smart+TV&prds=localAnnotatedOfferId:1,catalogid:17869871569686519769,pvo:2,pvt:hg,rds:PC_6027158597472037202%7CPROD_PC_6027158597472037202&gl=us&udm=28&pvorigin=2",https://encrypted-tbn1.gstatic.com/shopping?q=tbn:ANd9GcRAlix7RF7ZF7HSbsioaligNEIs3tGvgEwieGzhQIMN-ST8SSkFslarGxTD0VfKh2EpJXhG5Gy70lsm8ncVWcB0TZ4QFqAX4SHH9uVqecH7URu4U1WC9CKV,,,,,,,,,,,,,,,,,,False,False,US,Walmart,4.0,tvs
8339800509399402493,Samsung Class Crystal UHD U7900F 4K Smart TV,329.99,,,4.4,20000.0,"https://www.google.com/search?ibp=oshop&q=Smart+TV&prds=localAnnotatedOfferId:1,catalogid:8339800509399402493,pvo:2,pvt:hg,rds:PC_6027158597472037202%7CPROD_PC_6027158597472037202&gl=us&udm=28&pvorigin=2",https://encrypted-tbn3.gstatic.com/shopping?q=tbn:ANd9GcT4AC4UWAqZ6QwqnJMa8VbiZTD0m43WHHT-1Y1FrQEdaE3wubHnIP-mx3dp84cX1e60xihXYCrDhQIJhJdVERjnlEnU_UMrcTApnHPNauNE83xBHbSqahC2mw,,,,,,,,,,,,,,,,,,False,False,US,Best Buy,5.0,tvs
13066886373439577601,"Westinghouse 24"" Smart HD 720p LED Xumo TV with Voice Remote",36.0,,,4.5,251.0,"https://www.google.com/search?ibp=oshop&q=Smart+TV&prds=localAnnotatedOfferId:1,catalogid:13066886373439577601,pvo:2,pvt:hg,rds:PC_6027158597472037202%7CPROD_PC_6027158597472037202&gl=us&udm=28&pvorigin=2",https://encrypted-tbn0.gstatic.com/shopping?q=tbn:ANd9GcQehPc4NO5x5mg7kF9BCLZ_2gPdX_MPWHTaAlXAeXpUKFsQY635JY5gFFVtroErJa3WA_nXEMFNONEdhpurXo0SL3nEAsJmIYSCxj4W3sgM4j0NNhCSZYfr,,,,,,,,,,,,,,,,,,False,False,US,Serigrafia.eus,6.0,tvs
16211140859347883350,Hiro Roku TV 1080p Full HD Smart TV Flat Screen LED Television with Roku TV and Dolby Audio for Streaming,119.99,,,3.5,220.0,"https://www.google.com/search?ibp=oshop&q=Smart+TV&prds=localAnnotatedOfferId:1,catalogid:16211140859347883350,pvo:2,pvt:hg,rds:PC_6027158597472037202%7CPROD_PC_6027158597472037202&gl=us&udm=28&pvorigin=2",https://encrypted-tbn1.gstatic.com/shopping?q=tbn:ANd9GcQiEdDcx2bnMNLBpqeLPH0KGaTuAloT-AcMMlgEqCWXytQyKNDHozr_V1Iucqo9zTDo2b1eBNUVjzoHwOf6yXvFOIfNvALe,,,,,,,,,,,,,,,,,,False,False,US,Target,7.0,tvs
2530221755276058059,Insignia Class F20 Series LED HD Smart Fire TV,69.99,,,4.7,1100.0,"https://www.google.com/search?ibp=oshop&q=Smart+TV&prds=localAnnotatedOfferId:1,catalogid:2530221755276058059,pvo:2,pvt:hg,rds:PC_6027158597472037202%7CPROD_PC_6027158597472037202&gl=us&udm=28&pvorigin=2",https://encrypted-tbn1.gstatic.com/shopping?q=tbn:ANd9GcRF7Fb84pt99uz_kd_0XI95W0w9a7pexjCYGRRuFk5cGw7QIAOdWY4QgSU2A0qvhwyAd4NvsmENCe0wmuS2mlUKqIReKC1doSFOYkrSRGE-6yRsHIzBZbh_,,,,,,,,,,,,,,,,,,False,False,US,Best Buy,8.0,tvs
9551171663872084500,Samsung Q7F 4K QLED Smart TV,347.99,,,4.6,12000.0,"https://www.google.com/search?ibp=oshop&q=Smart+TV&prds=localAnnotatedOfferId:1,catalogid:9551171663872084500,pvo:2,pvt:hg,rds:PC_6027158597472037202%7CPROD_PC_6027158597472037202&gl=us&udm=28&pvorigin=2",https://encrypted-tbn0.gstatic.com/shopping?q=tbn:ANd9GcQhT9RuONEjE_wlGxStOXdjeXypkx7JmsUCoMjUX-KDL_6RDmCvSwOYc28mKSeF6UnCGQLT36up_S-e55eJ5ucKpYTZMOhYocnkSq_-4GEFlVms3xq3nPfQyw,,,,,,,,,,,,,,,,,,False,False,US,Walmart,9.0,tvs
9103300306553468662,VIZIO Quantum 4K QLED HDR Smart TV,250.8,,,4.2,14000.0,"https://www.google.com/search?ibp=oshop&q=Smart+TV&prds=localAnnotatedOfferId:1,catalogid:9103300306553468662,pvo:2,pvt:hg,rds:PC_6027158597472037202%7CPROD_PC_6027158597472037202&gl=us&udm=28&pvorigin=2",https://encrypted-tbn1.gstatic.com/shopping?q=tbn:ANd9GcRm9gqJVtxPj03c9wgXvuqIvPNERSxOut5Tiu9_Trt_jK1sg05k8moxzBp2qoYppSipqD4qWjnnOjadYe_tQMg0-vES00ixHz4YGLkpf-_5ir7rpaYS37RdcQ,,,,,,,,,,,,,,,,,,False,False,US,Sam's Club,10.0,tvs
3909888949331802702,"Samsung H5000F 32"" HD LED Smart TV un32h5000ffxza",99.99,,,4.5,5500.0,"https://www.google.com/search?ibp=oshop&q=Smart+TV&prds=localAnnotatedOfferId:1,catalogid:3909888949331802702,pvo:2,pvt:hg,rds:PC_6027158597472037202%7CPROD_PC_6027158597472037202&gl=us&udm=28&pvorigin=2",https://encrypted-tbn3.gstatic.com/shopping?q=tbn:ANd9GcR0EftoD1trTEsiLCRF_AYh5M5VbmEZtxQFGMBZDXDO2sgfRhRVM9vVjD8JS664-xh9BuH1IGPqFaONpCgDV0LS4b6TCirCaA,,,,,,,,,,,,,,,,,,False,False,US,Target,11.0,tvs
14181551006006705118,Insignia Ns-32f201na26,79.99,,,4.4,2200.0,"https://www.google.com/search?ibp=oshop&q=Smart+TV&prds=localAnnotatedOfferId:1,catalogid:14181551006006705118,pvo:2,pvt:hg,rds:PC_6027158597472037202%7CPROD_PC_6027158597472037202&gl=us&udm=28&pvorigin=2",https://encrypted-tbn1.gstatic.com/shopping?q=tbn:ANd9GcR6ksFN4ojWK1yuw1g9x3_nHKf4pb9DT20gyRKjtoOlcDORxNMWIwQhdIkhfxlLYtV29GhBbjHkynhfjQrKK4Kpd_dfXTYweZ2owv3zZmG-4bhQYgMl_f12,,,,,,,,,,,,,,,,,,False,False,US,Best Buy,12.0,tvs
2689280677829094582,Hisense M7 Mini-LED Qled 4K UHD Google Smart TV 75m7sg,568.0,,,4.4,121.0,"https://www.google.com/search?ibp=oshop&q=Smart+TV&prds=localAnnotatedOfferId:1,catalogid:2689280677829094582,pvo:2,pvt:hg,rds:PC_6027158597472037202%7CPROD_PC_6027158597472037202&gl=us&udm=28&pvorigin=2",https://encrypted-tbn1.gstatic.com/shopping?q=tbn:ANd9GcQaq7GtWm-oOdOFYwH2TUtFug4rZvaoht8eQxFotxwD2aGF-rZ3YPshB9zn8HkcKUJ13gZqtATxCwgVM7y3R3lcjh75pDuh7Amp0T9CaoSv4ijyE52quI1x,,,,,,,,,,,,,,,,,,False,False,US,Walmart,13.0,tvs
1241814215251753616,Westinghouse 4K UHD LED Roku Smart TV,189.99,,,4.7,376.0,"https://www.google.com/search?ibp=oshop&q=Smart+TV&prds=localAnnotatedOfferId:1,catalogid:1241814215251753616,pvo:2,pvt:hg,rds:PC_6027158597472037202%7CPROD_PC_6027158597472037202&gl=us&udm=28&pvorigin=2",https://encrypted-tbn3.gstatic.com/shopping?q=tbn:ANd9GcSSp0q7X898oSpdUMV1xSktki9F54BkNnJi8MWskub2XYO6sVWr-GWyz0hw699P8or6ICN_3Q0TLH-pA6sRiO4XWLaBRFdz03BBKPLKN5iV0-dZ6txcMIHt,,,,,,,,,,,,,,,,,,False,False,US,BJ's Wholesale Club,14.0,tvs
16447999508323872569,LG Class UA7050 Series LED AI 4K UHD Smart webOS TV,329.99,,,4.7,975.0,"https://www.google.com/search?ibp=oshop&q=Smart+TV&prds=localAnnotatedOfferId:1,catalogid:16447999508323872569,pvo:2,pvt:hg,rds:PC_6027158597472037202%7CPROD_PC_6027158597472037202&gl=us&udm=28&pvorigin=2",https://encrypted-tbn2.gstatic.com/shopping?q=tbn:ANd9GcR-ANo0_zZyJlHcNWCBzzZPjMKXBs90qpM7-VIaXTfVsSRo1pm6fS2TCgA7waZJRgLdqOvf91yv7BSB3U6T0OPC5Osfy0s2bXSq1CLTqAgqsLaXOxtSrr8F,,,,,,,,,,,,,,,,,,False,False,US,Best Buy,15.0,tvs
3673423287020187693,TCL 1080p Q3 Series QLED Smart Roku OS TV,149.99,,,,,"https://www.google.com/search?ibp=oshop&q=Smart+TV&prds=localAnnotatedOfferId:1,catalogid:3673423287020187693,pvo:2,pvt:hg,rds:PC_6027158597472037202%7CPROD_PC_6027158597472037202&gl=us&udm=28&pvorigin=2",https://encrypted-tbn2.gstatic.com/shopping?q=tbn:ANd9GcR3WnU2hm0iW8M0PtYoLML57KA5Og4VXEqP6dg7z408l7pJvvWBBzWxmTNKBPBSfBFx1x2VIyTRP9ggUHD2hDVDMBrvllpvsQ,,,,,,,,,,,,,,,,,,False,False,US,Target,16.0,tvs
16592698635101382425,Samsung M70H Mini LED 4K TV,297.99,,,4.5,1500.0,"https://www.google.com/search?ibp=oshop&q=Smart+TV&prds=localAnnotatedOfferId:1,catalogid:16592698635101382425,pvo:2,pvt:hg,rds:PC_6027158597472037202%7CPROD_PC_6027158597472037202&gl=us&udm=28&pvorigin=2",https://encrypted-tbn2.gstatic.com/shopping?q=tbn:ANd9GcQzTjH4EMSJFa5JKxruQdMW7CWjIoQp5MxhKERfyEs4W1WZYTwih397dzhlCEmdDsNdhfXI42UeMT6DEMAv8lEp83yVZUTyiFuTqsUPVRbrFKRLvMqsWkBA,,,,,,,,,,,,,,,,,,False,False,US,Home Depot,17.0,tvs
17436809520839595458,"Pioneer 40"" Class LED Full HD Smart Roku TV",119.99,,,4.7,521.0,"https://www.google.com/search?ibp=oshop&q=Smart+TV&prds=localAnnotatedOfferId:1,catalogid:17436809520839595458,pvo:2,pvt:hg,rds:PC_6027158597472037202%7CPROD_PC_6027158597472037202&gl=us&udm=28&pvorigin=2",https://encrypted-tbn1.gstatic.com/shopping?q=tbn:ANd9GcSNeZecJXXLaKXd3eyI3cUNpus--QxTHluBkSQrpFBXYbTSCKzKMixl8LyjcAN0IHWhuxx05j3KZqavRcGt93L-wz6AfamibUUME8kGTsS4en3acTw_eYCeOw,,,,,,,,,,,,,,,,,,False,False,US,Best Buy,18.0,tvs
12993540208599039172,Tcl Q Series Qled 4K UHD HDR Smart Google TV,488.0,,,4.0,1000.0,"https://www.google.com/search?ibp=oshop&q=Smart+TV&prds=localAnnotatedOfferId:1,catalogid:12993540208599039172,pvo:2,pvt:hg,rds:PC_6027158597472037202%7CPROD_PC_6027158597472037202&gl=us&udm=28&pvorigin=2",https://encrypted-tbn0.gstatic.com/shopping?q=tbn:ANd9GcQU0pgx0pZpGIKk7izzBcD3sZAqGM6VZuY3vm6fF7a8qhXp-UG2_7bUcO9aB8WJwe502h9c2N4eMO92wvvqXbEiqJhZdyY6d5HIaLa6mHwz5VAWX_6yYOEE,,,,,,,,,,,,,,,,,,False,False,US,Walmart,19.0,tvs
17187321041409468348,Hiro 4K HDR Smart TV Flat Screen LED Television with Roku TV and Dolby Audio Streaming,229.99,,,3.5,243.0,"https://www.google.com/search?ibp=oshop&q=Smart+TV&prds=localAnnotatedOfferId:1,catalogid:17187321041409468348,pvo:2,pvt:hg,rds:PC_6027158597472037202%7CPROD_PC_6027158597472037202&gl=us&udm=28&pvorigin=2",https://encrypted-tbn3.gstatic.com/shopping?q=tbn:ANd9GcRCD-oizdZXtm3S8hAhikchBoH4ZXkPNXl3dkdmXQoKktgv8aP1ABzFOxSfPr953JdPWsR3nTxuFB7lww6KJlotxseNLhtY,,,,,,,,,,,,,,,,,,False,False,US,Target,20.0,tvs
14568043484873084103,LG Class Nano 4K UHD AI NU70 Smart TV,299.99,,,4.6,98.0,"https://www.google.com/search?ibp=oshop&q=Smart+TV&prds=localAnnotatedOfferId:1,catalogid:14568043484873084103,pvo:2,pvt:hg,rds:PC_6027158597472037202%7CPROD_PC_6027158597472037202&gl=us&udm=28&pvorigin=2",https://encrypted-tbn2.gstatic.com/shopping?q=tbn:ANd9GcT1snt78ZezyKv20GGn4Ohr0AKJawUTTKmLWM8Tk5RfoZgDNKtBc0puzPClBhVNVrfUCokOJMGwSLb5nvhm9MC2uVRh3dD4BNRN7m2pg289wQR9V6fvOIl_Ug,,,,,,,,,,,,,,,,,,False,False,US,Best Buy,21.0,tvs
2853108300963050347,Samsung S85F 4K OLED Smart TV,936.99,,,4.4,3000.0,"https://www.google.com/search?ibp=oshop&q=Smart+TV&prds=localAnnotatedOfferId:1,catalogid:2853108300963050347,pvo:2,pvt:hg,rds:PC_6027158597472037202%7CPROD_PC_6027158597472037202&gl=us&udm=28&pvorigin=2",https://encrypted-tbn2.gstatic.com/shopping?q=tbn:ANd9GcT1cRGjU5wc1BLXbp52IGB7QF_rLgg8E5O0MJisyRQT19T4o9X8xWNTT919Qe_1TLSFw81sn1Se3YygfHg0T7jiFZMPu12D_JhtHji-mI4,,,,,,,,,,,,,,,,,,False,False,US,Quill,22.0,tvs
5752402692856863157,"Westinghouse 24"" HD Smart Roku TV",79.99,,,4.7,7800.0,"https://www.google.com/search?ibp=oshop&q=Smart+TV&prds=localAnnotatedOfferId:1,catalogid:5752402692856863157,pvo:2,pvt:hg,rds:PC_6027158597472037202%7CPROD_PC_6027158597472037202&gl=us&udm=28&pvorigin=2",https://encrypted-tbn2.gstatic.com/shopping?q=tbn:ANd9GcSLrH8hursDGOCOY4KdxU6G5pChDZB5Cy6c5X-zeDQ8cTezXZUF4IbFmcEhCT92zxwHDaHiv2vX5sHVM0kmbn3YwkR-o69vc3n3Q7eLOvvqZGd0BbVD5L11WlI,,,,,,,,,,,,,,,,,,False,False,US,BJ's Wholesale Club,23.0,tvs
10192354798058900205,Hisense 40-Inch Class H4 Series FHD Roku Smart TV 1080p Full HD LCD Screen,138.0,,,4.0,11000.0,"https://www.google.com/search?ibp=oshop&q=Smart+TV&prds=localAnnotatedOfferId:1,catalogid:10192354798058900205,pvo:2,pvt:hg,rds:PC_6027158597472037202%7CPROD_PC_6027158597472037202&gl=us&udm=28&pvorigin=2",https://encrypted-tbn3.gstatic.com/shopping?q=tbn:ANd9GcSPPkd9koxe3BQ68gB-fHdDNiy9jYnY-Ggzxag8bY5UHkW5FEgMtrn0y-Xhmo2mLUb8CxTqKmpHezie5okouCoe7saAGpsfP4rs9eO-Clh7pzYLOmYFcF6a,,,,,,,,,,,,,,,,,,False,False,US,Walmart,24.0,tvs
11990327178025120708,TCL Class QM5K Series 4K UHD HDR QD-Mini LED Smart TV with Google TV,449.99,,,4.7,2500.0,"https://www.google.com/search?ibp=oshop&q=Smart+TV&prds=localAnnotatedOfferId:1,catalogid:11990327178025120708,pvo:2,pvt:hg,rds:PC_6027158597472037202%7CPROD_PC_6027158597472037202&gl=us&udm=28&pvorigin=2",https://encrypted-tbn2.gstatic.com/shopping?q=tbn:ANd9GcTf5XsjLJ64bgCUb9oP4vOwVnEm5QL0lmqlupEaCOeKrlTzlFLmlhU1YmG8gAoYxCzoo5qbisALbTRtr8fQqg47Si8raQ-_OfVJ6GfnVfx-nv52CRMtf7AJ,,,,,,,,,,,,,,,,,,False,False,US,Best Buy,25.0,tvs
1355914197191620673,Insignia Class QF Series 4K UHD QLED Smart Fire TV,96.0,,,4.6,2300.0,"https://www.google.com/search?ibp=oshop&q=Smart+TV&prds=localAnnotatedOfferId:1,catalogid:1355914197191620673,pvo:2,pvt:hg,rds:PC_6027158597472037202%7CPROD_PC_6027158597472037202&gl=us&udm=28&pvorigin=2",https://encrypted-tbn2.gstatic.com/shopping?q=tbn:ANd9GcQOV8Fe0JTQIUUEAUr0ZkDt2FHIMTGRHfL3s8NnkvPzT0HTPv0Y8MXcZM2a-jvD5Nue5qNqH_Ct3nW_2tXRiN7oeHLxbrc4OhAoNLPbkjA,,,,,,,,,,,,,,,,,,False,False,US,Serigrafia.eus,26.0,tvs
2392741833318552537,Roku 43 Inch Class Select Series 4K LED Smart TV,179.99,,,4.8,1800.0,"https://www.google.com/search?ibp=oshop&q=Smart+TV&prds=localAnnotatedOfferId:1,catalogid:2392741833318552537,pvo:2,pvt:hg,rds:PC_6027158597472037202%7CPROD_PC_6027158597472037202&gl=us&udm=28&pvorigin=2",https://encrypted-tbn3.gstatic.com/shopping?q=tbn:ANd9GcSXIm5T6QCfgynGe07eMe5MDZCheIkK26O8xY-dwrXUUfozhvntqUDXisMtr_19RTiAzxEk930uWx44GjuNzeKvaR7a0J6F,,,,,,,,,,,,,,,,,,False,False,US,Target,27.0,tvs
709137064705644237,Samsung M70H 4K Mini LED TV,547.99,,,4.5,852.0,"https://www.google.com/search?ibp=oshop&q=Smart+TV&prds=localAnnotatedOfferId:1,catalogid:709137064705644237,pvo:2,pvt:hg,rds:PC_6027158597472037202%7CPROD_PC_6027158597472037202&gl=us&udm=28&pvorigin=2",https://encrypted-tbn1.gstatic.com/shopping?q=tbn:ANd9GcQw0KPzsmy5WlKzW2DaYXHLT_6eNKF7E_vJcLDPXsNnSAhjDiR5XpORMjJXrHFjCymXkZl1e7Qelxho02JTP_Ia4HCm-b06zbroL5cRaOwmk6PfMOaga0S5,,,,,,,,,,,,,,,,,,False,False,US,Home Depot,28.0,tvs
13143881039498770080,LG 32 inch Class HD Lr60 Smart TV,138.0,,,4.0,479.0,"https://www.google.com/search?ibp=oshop&q=Smart+TV&prds=localAnnotatedOfferId:1,catalogid:13143881039498770080,pvo:2,pvt:hg,rds:PC_6027158597472037202%7CPROD_PC_6027158597472037202&gl=us&udm=28&pvorigin=2",https://encrypted-tbn1.gstatic.com/shopping?q=tbn:ANd9GcR7ku2qBxrkaDsQZO-uhfyJqr7tZ7iAyUKNTnbSd7wosemIzJ6xdlxNIpjj-IcIp1iFHQxfbfK1Lnt3iLKZ6ssYCjRjInkMSeq_ioLsfEzep4fTw3qM-RWr,,,,,,,,,,,,,,,,,,False,False,US,Walmart,29.0,tvs
17293710431584403067,Insignia Class FE Series LED Full HD Smart Fire TV,89.99,,,4.6,1500.0,"https://www.google.com/search?ibp=oshop&q=Smart+TV&prds=localAnnotatedOfferId:1,catalogid:17293710431584403067,pvo:2,pvt:hg,rds:PC_6027158597472037202%7CPROD_PC_6027158597472037202&gl=us&udm=28&pvorigin=2",https://encrypted-tbn2.gstatic.com/shopping?q=tbn:ANd9GcSVUu43JXkoUOZ1vL2OtSXqx9eDtTeqH9VtZiXZAWDDZgMKnmq49dDSBRwElX9DF3c8pTurPOHuzee3hWZMJ4n7srJPbkxyfAbKLv4Nf4w7BgOZjdfDMFeDaQ,,,,,,,,,,,,,,,,,,False,False,US,Best Buy,30.0,tvs
14656723044435888977,Samsung Class U8000H Crystal UHD Series 4K Smart TV,297.99,,,4.4,1500.0,"https://www.google.com/search?ibp=oshop&q=Smart+TV&prds=localAnnotatedOfferId:1,catalogid:14656723044435888977,pvo:2,pvt:hg,rds:PC_6027158597472037202%7CPROD_PC_6027158597472037202&gl=us&udm=28&pvorigin=2",https://encrypted-tbn1.gstatic.com/shopping?q=tbn:ANd9GcRUE-9Pk3kzV8Jf_bv_N6p_aUxjfABMjmYhIm9hF1Plj70d_lbqFjngYisxa0NLFt-GKL8gAXLHMyAhg5Qvk-9OFDLIEV4QMSyU2Tc0Qteb,,,,,,,,,,,,,,,,,,False,False,US,Abt Electronics & Appliances,31.0,tvs
15773202758294030176,Roku 32 Inch Class Select Series 1080p FHD LED Smart TV 2026,129.99,,,4.7,728.0,"https://www.google.com/search?ibp=oshop&q=Smart+TV&prds=localAnnotatedOfferId:1,catalogid:15773202758294030176,pvo:2,pvt:hg,rds:PC_6027158597472037202%7CPROD_PC_6027158597472037202&gl=us&udm=28&pvorigin=2",https://encrypted-tbn1.gstatic.com/shopping?q=tbn:ANd9GcQLAB6XLMiDx_u73nRDFxyPs6_P0Mc6qZw-KG5MpXbqZbNuWcu62q7Y-AJHZWmqpHyQ7fAHEUJbgFOge_UtUGkA9syQSR73OgJnEbEa1NFOnjPrt8Rws5Hj,,,,,,,,,,,,,,,,,,False,False,US,Roku,32.0,tvs
8012549815318905083,Sony BRAVIA 8 4K HDR Smart OLED TV,,,,4.6,4800.0,"https://www.google.com/search?ibp=oshop&q=Smart+TV&prds=localAnnotatedOfferId:1,catalogid:8012549815318905083,pvo:2,pvt:hg,rds:PC_6027158597472037202%7CPROD_PC_6027158597472037202&gl=us&udm=28&pvorigin=2",https://encrypted-tbn0.gstatic.com/shopping?q=tbn:ANd9GcRPZFp_dx_1qGL8PnB6qzl-M_0qSCmg6VLbxDJ-KAZlzHk29sAZAIaEOb48zJ0Cifx768GUxKUgEpoccSvvX4r-Z6d0ebW5mD084R-QoooTVX9iGZ-YIba6mw,,,,,,,,,,,,,,,,,,True,False,US,Walmart - Walts TV,33.0,tvs
3155069941502145608,TCL Class QM6K Series QD-Mini LED QLED 4K UHD Smart Google TV,499.99,,,4.6,1200.0,"https://www.google.com/search?ibp=oshop&q=Smart+TV&prds=localAnnotatedOfferId:1,catalogid:3155069941502145608,pvo:2,pvt:hg,rds:PC_6027158597472037202%7CPROD_PC_6027158597472037202&gl=us&udm=28&pvorigin=2",https://encrypted-tbn1.gstatic.com/shopping?q=tbn:ANd9GcQJRGTU4be1-E5pcyqOwswp7NODPpVs_jnX4ATtTquDlo_BIIRbvxFNb-irrUQ2oSLPT5t6abjjUNr8lskTtkunuB_fNJs-,,,,,,,,,,,,,,,,,,False,False,US,Target,34.0,tvs
16587967346198481068,"VIZIO 32"" Full HD Smart TV 1080p",99.77,,,4.2,1100.0,"https://www.google.com/search?ibp=oshop&q=Smart+TV&prds=localAnnotatedOfferId:1,catalogid:16587967346198481068,pvo:2,pvt:hg,rds:PC_6027158597472037202%7CPROD_PC_6027158597472037202&gl=us&udm=28&pvorigin=2",https://encrypted-tbn0.gstatic.com/shopping?q=tbn:ANd9GcTpIfj9e0nWc_cUkl51g08tIGQgRyij-hXvG1TiiVB6A7ZtvOuVm574ciY3kxjI-QAsYTnvc9vTX1lrce0CO0FBaOa14zaqroEjj_6eFJjt,,,,,,,,,,,,,,,,,,False,False,US,BrandsMart USA,35.0,tvs
942303228639044058,LG C6 OLED evo AI Smart 4K TV,,,,4.8,5100.0,"https://www.google.com/search?ibp=oshop&q=Smart+TV&prds=localAnnotatedOfferId:1,catalogid:942303228639044058,pvo:2,pvt:hg,rds:PC_6027158597472037202%7CPROD_PC_6027158597472037202&gl=us&udm=28&pvorigin=2",https://encrypted-tbn3.gstatic.com/shopping?q=tbn:ANd9GcQk-36mXH-I8QZjaCHZ0MwtuCfeClHG7_FA6UD6P5x1Rz894f99M24-DYu2PFc1mN1rSTsYV0GCWlJ7V6tX5cpnnNppq9jz5Vdk3vbuq1OpIOhQ9LL6pJxk,,,,,,,,,,,,,,,,,,True,False,US,PC Richard & Son,36.0,tvs
15842098662590589848,Samsung S95H 4K OLED Vision AI Smart TV,,,,4.8,398.0,"https://www.google.com/search?ibp=oshop&q=Smart+TV&prds=localAnnotatedOfferId:1,catalogid:15842098662590589848,pvo:2,pvt:hg,rds:PC_6027158597472037202%7CPROD_PC_6027158597472037202&gl=us&udm=28&pvorigin=2",https://encrypted-tbn2.gstatic.com/shopping?q=tbn:ANd9GcQGI0NJPoQ5k-hg6bx-zZLHg-ummJ7VTDrLd6CSCc5qVy1iVMQ_rGO-dfmZW_sTYXG0jaXcKKmLqVXieCoEojJJkbMnCzY4BlCGZrYU7i02WceGs2Z29-7kiw,,,,,,,,,,,,,,,,,,True,False,US,Video & Audio Center,37.0,tvs
2251414236249943096,"Samsung The Frame Pro LS03HW 85"" Black 4K Neo QLED Vision AI Smart TV",,,,4.6,289.0,"https://www.google.com/search?ibp=oshop&q=Smart+TV&prds=localAnnotatedOfferId:1,catalogid:2251414236249943096,pvo:2,pvt:hg,rds:PC_6027158597472037202%7CPROD_PC_6027158597472037202&gl=us&udm=28&pvorigin=2",https://encrypted-tbn2.gstatic.com/shopping?q=tbn:ANd9GcRYxekZ6xwVz8j0_sNmuXML9C3Yz0Bv3t7CRaYVXzja0XA8KcoPHj6a_Ia-UpAZMnZMsDgEj_QcZjQJeVzcm2qi2qc0GjYwYWxDZLLsh1A,,,,,,,,,,,,,,,,,,True,False,US,Best Buy,38.0,tvs
3060105255779257231,LG G6 OLED evo AI Smart 4K TV,,,,4.8,3500.0,"https://www.google.com/search?ibp=oshop&q=Smart+TV&prds=localAnnotatedOfferId:1,catalogid:3060105255779257231,pvo:2,pvt:hg,rds:PC_6027158597472037202%7CPROD_PC_6027158597472037202&gl=us&udm=28&pvorigin=2",https://encrypted-tbn3.gstatic.com/shopping?q=tbn:ANd9GcTY22ENtLLMuH8wG5hLK9vo6PmMnmuYFeU3JUWeYIWIWW1-nQF-6L-kSlrIjqaXJNNmnhsv97QJ0WFcZ4RdpHgPbTcDS-cx8ImkmKCnBMo12r8-K7h-s5DT,,,,,,,,,,,,,,,,,,True,False,US,NFM,39.0,tvs
6828524086792484865,Samsung S90H 4K OLED Vision AI Smart TV,,,,4.8,576.0,"https://www.google.com/search?ibp=oshop&q=Smart+TV&prds=localAnnotatedOfferId:1,catalogid:6828524086792484865,pvo:2,pvt:hg,rds:PC_6027158597472037202%7CPROD_PC_6027158597472037202&gl=us&udm=28&pvorigin=2",https://encrypted-tbn0.gstatic.com/shopping?q=tbn:ANd9GcTY3B756xNaLQbxiT-vK6zXwQSoqlgI8vbDpIdH-jQi-_xtPUgpjP_TNAEg_WMzLImM62fHUtUOGlO6RnL7AsIwH2AYIZRlkxozslaCtGp-YzZGae1Q5u85,,,,,,,,,,,,,,,,,,True,False,US,Abt Electronics & Appliances,40.0,tvs
15975076822560804073,"LG 86"" UA77 Series 4K UHD LED webOS Smart TV",36.99,,,3.9,304.0,"https://www.google.com/search?ibp=oshop&q=Smart+TV&prds=localAnnotatedOfferId:1,productid:15975076822560804073,pvo:2,pvt:hg,rds:PC_6027158597472037202%7CPROD_PC_6027158597472037202&gl=us&udm=28&pvorigin=2",https://encrypted-tbn0.gstatic.com/shopping?q=tbn:ANd9GcRsfouFeYPWK4x2rAvRn6xpf79y-J3yXf8QCw-kIboqPWzK3UYGgbP6_YpdHUIP98snIRX_MDmJzYe3c10WQQfg7GDJJWZxyBDQ-Q2424pq2CG9nwerdNsg,,,,,,,,,,,,,,,,,,False,False,US,Rent-A-Center,1.0,tvs
11787212942146069195,Samsung Neo QLED 8K QN900F Vision AI Smart TV,,,,4.8,772.0,"https://www.google.com/search?ibp=oshop&q=Smart+TV&prds=localAnnotatedOfferId:1,catalogid:11787212942146069195,pvo:2,pvt:hg,rds:PC_6027158597472037202%7CPROD_PC_6027158597472037202&gl=us&udm=28&pvorigin=2",https://encrypted-tbn1.gstatic.com/shopping?q=tbn:ANd9GcRNs3d7LPxVYgwrWMmrPGvNTEEyrvOc25gqNg-c1D4sONKG0BaeLD8-h2Ipwh6R5V60Hn8pOWLinVz77H4baxI8Jz2ovMA1lwFz0vEwUfYoFVbzB01Sd5aO,,,,,,,,,,,,,,,,,,True,False,US,Walmart - Video & Audio Center,2.0,tvs
4507017133649713457,Samsung Smart TV,237.99,,,4.5,9000.0,"https://www.google.com/search?ibp=oshop&q=Smart+TV&prds=localAnnotatedOfferId:1,catalogid:4507017133649713457,pvo:2,pvt:hg,rds:PC_6027158597472037202%7CPROD_PC_6027158597472037202&gl=us&udm=28&pvorigin=2",https://encrypted-tbn1.gstatic.com/shopping?q=tbn:ANd9GcT1boWBLEtQkBYHE2_lE1Tf4b3htVGt0dm182gP0ygtyWdvahqP5fXCxCwVrGtrix85ORLox3YOL7PmSTsk0_H9HnBaSt4PHqavlwPiWYUY1SWxHLqA7f1cPQ,,,,,,,,,,,,,,,,,,False,False,US,Macy's,3.0,tvs
11859530644413307240,Samsung R95H 4K Micro RGB Smart TV,,,,4.9,432.0,"https://www.google.com/search?ibp=oshop&q=Smart+TV&prds=localAnnotatedOfferId:1,catalogid:11859530644413307240,pvo:2,pvt:hg,rds:PC_6027158597472037202%7CPROD_PC_6027158597472037202&gl=us&udm=28&pvorigin=2",https://encrypted-tbn0.gstatic.com/shopping?q=tbn:ANd9GcSGXwFYgUAdCV8jp_K4eFI3FAzlC0OFWzi9QNBd5gCQt1sOvgwXShnmYTyce-i9XSwBGRCRmB-vaGIBLOPj0i-qnFlaCx-ppUSCjWeSqbH7r6LPzYCZQhN6yA,,,,,,,,,,,,,,,,,,True,False,US,shopsilica.com,4.0,tvs
9641399328177804617,Samsung M80H 4K Mini LED TV,499.99,,,4.7,747.0,"https://www.google.com/search?ibp=oshop&q=Smart+TV&prds=localAnnotatedOfferId:1,catalogid:9641399328177804617,pvo:2,pvt:hg,rds:PC_6027158597472037202%7CPROD_PC_6027158597472037202&gl=us&udm=28&pvorigin=2",https://encrypted-tbn3.gstatic.com/shopping?q=tbn:ANd9GcQPk3z22ry1-7w2BYTIVnEflTFUh2g2N2i-hRxRdvfHCRWkGdHtdk52T7G40RBKWUoRGkabpHRoHkCcZNjMoqFLtBwambtrva6PVVlV038,,,,,,,,,,,,,,,,,,False,False,US,Best Buy,6.0,tvs
17283590780765075993,Hisense M7 Series Mini-LED 4K UHD Smart Google TV,278.0,,,4.6,814.0,"https://www.google.com/search?ibp=oshop&q=Smart+TV&prds=localAnnotatedOfferId:1,catalogid:17283590780765075993,pvo:2,pvt:hg,rds:PC_6027158597472037202%7CPROD_PC_6027158597472037202&gl=us&udm=28&pvorigin=2",https://encrypted-tbn0.gstatic.com/shopping?q=tbn:ANd9GcTpaAuUn22_-3a4eE9rEbGKXJc8nwzZ3_ifuld7hRxjj5UydLaVzW0EomLUwxuJp6yOXUlxeZ-Oqt51MfqQIWOAfz-TVx5sAqXgT4vnAPw4y5bRVZlyWqmiGw,,,,,,,,,,,,,,,,,,False,False,US,Walmart,7.0,tvs
9612312253642069209,Samsung The Frame LS03HE QLED 4K Vision AI Smart TV,,,,4.6,232.0,"https://www.google.com/search?ibp=oshop&q=Smart+TV&prds=localAnnotatedOfferId:1,catalogid:9612312253642069209,pvo:2,pvt:hg,rds:PC_6027158597472037202%7CPROD_PC_6027158597472037202&gl=us&udm=28&pvorigin=2",https://encrypted-tbn3.gstatic.com/shopping?q=tbn:ANd9GcQehO2R_imwqcBgWPZQjGAkTOPD-RFIk2Vu_9G9n6DOa9qXF3SMixfAoldCYC9GKrT2OuOnF_nvLJHMFbtTbFAnLdqXfSlJLRC0PgELoLNJCE5qu3uFTORT,,,,,,,,,,,,,,,,,,True,False,US,Samsung,8.0,tvs
12513173057588904445,"Samsung 55"" U8000F Series 4K Crystal UHD LED Tizen Smart TV",20.99,,,4.5,21000.0,"https://www.google.com/search?ibp=oshop&q=Smart+TV&prds=localAnnotatedOfferId:1,productid:12513173057588904445,pvo:2,pvt:hg,rds:PC_6027158597472037202%7CPROD_PC_6027158597472037202&gl=us&udm=28&pvorigin=2",https://encrypted-tbn1.gstatic.com/shopping?q=tbn:ANd9GcT3g-M3M7rCwEGQuzv7-LnMUXPoQ4k52n8oTUsshV1_dju3tEJeHmeyIthrrn3qOeae3Pl1UxwWhV2gW_nv3QP8u4dWpfOowKOhtxsO_BxopFaPC8uzNAgW3g,,,,,,,,,,,,,,,,,,False,False,US,Rent-A-Center,10.0,tvs
12888685540642423102,SYLVOX Outdoor TV 55 inch Waterproof Smart TV 4K Hdr 10,,,,4.4,179.0,"https://www.google.com/search?ibp=oshop&q=Smart+TV&prds=localAnnotatedOfferId:1,catalogid:12888685540642423102,pvo:2,pvt:hg,rds:PC_6027158597472037202%7CPROD_PC_6027158597472037202&gl=us&udm=28&pvorigin=2",https://encrypted-tbn1.gstatic.com/shopping?q=tbn:ANd9GcS8hObJYG4V5N2y-M0zN-slY4bfVs_KtrLNWsg8MN5XJa0G9Hpt1gbAHwMkexUpF5eDMVxyx28RUtzlaPwdZZN9kBmQBDW0ww5VKpKubmYhkGu7XCCEiVYF,,,,,,,,,,,,,,,,,,True,False,US,Sylvox TV,11.0,tvs
4985468153366532407,Roku Smart TV 2025 Select Series,99.99,,,4.7,578.0,"https://www.google.com/search?ibp=oshop&q=Smart+TV&prds=localAnnotatedOfferId:1,catalogid:4985468153366532407,pvo:2,pvt:hg,rds:PC_6027158597472037202%7CPROD_PC_6027158597472037202&gl=us&udm=28&pvorigin=2",https://encrypted-tbn1.gstatic.com/shopping?q=tbn:ANd9GcRnlcb_o5bDZeSr2eCw9aESriuCFixNoGWCZQSjjt1AKmltcLtgT4l-BRZ3byQe6K2qpNTwGEwbQH-ac-Ae1C0f6dfFGtQonmbcCNVmSIo2LBccKPGDe6A2IA,,,,,,,,,,,,,,,,,,False,False,US,Best Buy,12.0,tvs
13350496519700393353,LG Class Nano 4K UHD AI NU70 Smart TV,279.95,,,4.6,98.0,"https://www.google.com/search?ibp=oshop&q=Smart+TV&prds=localAnnotatedOfferId:1,catalogid:13350496519700393353,pvo:2,pvt:hg,rds:PC_6027158597472037202%7CPROD_PC_6027158597472037202&gl=us&udm=28&pvorigin=2",https://encrypted-tbn2.gstatic.com/shopping?q=tbn:ANd9GcRpjn5VI77kdehxtggodwRA37eWP-j-zZEo2VvT_I2miXX6sIC6oO1T1rzs3_zrCeznGbGIiTdT4eh1ZnhSUFipt1DLn0DbGtvc1a2UnkVa,,,,,,,,,,,,,,,,,,False,False,US,Walmart - Electronic Express,13.0,tvs
13118284459683931034,"TCL 43"" Class Q-Series QLED 4K UHD Smart Google TV 43q651g",288.95,,,4.5,6400.0,"https://www.google.com/search?ibp=oshop&q=Smart+TV&prds=localAnnotatedOfferId:1,catalogid:13118284459683931034,pvo:2,pvt:hg,rds:PC_6027158597472037202%7CPROD_PC_6027158597472037202&gl=us&udm=28&pvorigin=2",https://encrypted-tbn3.gstatic.com/shopping?q=tbn:ANd9GcRtKdmd-J2cZ1Y7WXpV-4BInVf0iQVQV7qlcE_C1qdXW9r8XTETymyYDzudU1ipaGFteNIAiQN-ksiMofYpE2rEtJ4JDejK1ubdHP2Q2etn-eZsvRn7KeRvww,,,,,,,,,,,,,,,,,,False,False,US,Macy's,14.0,tvs
42137165957082836,Samsung The Frame Pro Neo QLED 4K Smart TV,,,,4.4,1400.0,"https://www.google.com/search?ibp=oshop&q=Smart+TV&prds=localAnnotatedOfferId:1,catalogid:42137165957082836,pvo:2,pvt:hg,rds:PC_6027158597472037202%7CPROD_PC_6027158597472037202&gl=us&udm=28&pvorigin=2",https://encrypted-tbn1.gstatic.com/shopping?q=tbn:ANd9GcR9wig194CG1QVAFjzOVV8QK5bDg0lOkhgDejjyM6tG5Fi5gSM8dZlarAqWqH6LpbgmvAJZsmSq1ipBwTZwy9BY-hOZfszzzQ,,,,,,,,,,,,,,,,,,True,False,US,HSN,15.0,tvs
6413124269416538392,Westinghouse 40 inch FHD LED Smart TV,149.99,,,4.7,967.0,"https://www.google.com/search?ibp=oshop&q=Smart+TV&prds=localAnnotatedOfferId:1,catalogid:6413124269416538392,pvo:2,pvt:hg,rds:PC_6027158597472037202%7CPROD_PC_6027158597472037202&gl=us&udm=28&pvorigin=2",https://encrypted-tbn3.gstatic.com/shopping?q=tbn:ANd9GcSgkRBOGaCGppg6LyM4LscSdYaYeAdWHsWjgsD4S5yrYHr2LO1cLk0ognfjCV40YaMF-vZUK4Ts5tI_x8Xl4P7T5LRrxjnTcnZ-cg572wNO8EZcKb6yu0dEzw,,,,,,,,,,,,,,,,,,False,False,US,BJ's Wholesale Club,16.0,tvs
13661735059967947285,Hisense Class S7 Canvas Series 4K QLED Google Smart TV,797.99,,,4.8,330.0,"https://www.google.com/search?ibp=oshop&q=Smart+TV&prds=localAnnotatedOfferId:1,catalogid:13661735059967947285,pvo:2,pvt:hg,rds:PC_6027158597472037202%7CPROD_PC_6027158597472037202&gl=us&udm=28&pvorigin=2",https://encrypted-tbn2.gstatic.com/shopping?q=tbn:ANd9GcR42mKj3mPELmInJ2N9WQngliRqZqZ3epGIZyvVqBckcjs73HN7NIdkJRDS2IkNNCmnS2cVN4N13g2c_sDMfpvcPvsmsuSBrJHQrcuTHhU,,,,,,,,,,,,,,,,,,False,False,US,Best Buy,17.0,tvs
9473015419603777358,Sony BRAVIA XR A90K 4K HDR OLED TV with Smart Google TV,959.0,,,4.6,3700.0,"https://www.google.com/search?ibp=oshop&q=Smart+TV&prds=localAnnotatedOfferId:1,catalogid:9473015419603777358,pvo:2,pvt:hg,rds:PC_6027158597472037202%7CPROD_PC_6027158597472037202&gl=us&udm=28&pvorigin=2",https://encrypted-tbn3.gstatic.com/shopping?q=tbn:ANd9GcRwmRlx-_7A4zuZrEkahw5Til82pzGuMawxZzAJ-4kUYSl9gsexGXwfSUwCncNYZuP-DLeqHNB9moCY61DJ76hkCIhLq2ZXSTPRL0AsYIqSQoxXWr9ZisCV,,,,,,,,,,,,,,,,,,False,False,US,Walmart - Datavision Computer Video,18.0,tvs
17170401089283312115,"Samsung 50"" UHD 4K Smart TV",20.99,,,4.1,9700.0,"https://www.google.com/search?ibp=oshop&q=Smart+TV&prds=localAnnotatedOfferId:1,productid:17170401089283312115,pvo:2,pvt:hg,rds:PC_6027158597472037202%7CPROD_PC_6027158597472037202&gl=us&udm=28&pvorigin=2",https://encrypted-tbn2.gstatic.com/shopping?q=tbn:ANd9GcSBXhQJWucmU2n9AcC2NQZGAMPXhvtc4AjHkXWdmooUR48e0LeqUzyUiC_tnvkSj4RjACAnH0ue3-G69YKN-ylV0kmj1_8DSD9cZAH2gPhgWfaoLUnTeXQn1g,,,,,,,,,,,,,,,,,,False,False,US,Rent-A-Center,19.0,tvs
17994852083683741176,Samsung Crystal U8000F Smart 4K UHD TV,379.99,,,4.5,21000.0,"https://www.google.com/search?ibp=oshop&q=Smart+TV&prds=localAnnotatedOfferId:1,catalogid:17994852083683741176,pvo:2,pvt:hg,rds:PC_6027158597472037202%7CPROD_PC_6027158597472037202&gl=us&udm=28&pvorigin=2",https://encrypted-tbn3.gstatic.com/shopping?q=tbn:ANd9GcS0tlus-G36xRRLQQxMWadqlafiOvQoc6378LA8RkY61UYPQ4jB1X9j6ejMSmo8_y5NTOPppI3ADdt0oaTxTMO7HbECzLrxZOfYI3_tUQzeCVigjIPIyUB1,,,,,,,,,,,,,,,,,,False,False,US,cityhome.com,20.0,tvs
11566680891491063270,"100"" Class Neo QLED 4K QN80F Samsung Vision AI Smart TV",,,,4.7,3300.0,"https://www.google.com/search?ibp=oshop&q=Smart+TV&prds=localAnnotatedOfferId:1,catalogid:11566680891491063270,pvo:2,pvt:hg,rds:PC_6027158597472037202%7CPROD_PC_6027158597472037202&gl=us&udm=28&pvorigin=2",https://encrypted-tbn1.gstatic.com/shopping?q=tbn:ANd9GcQ4ch9q_ep4qCkx2BxD2YE-AtWLpCJpLTerceAvUOIS72CI8odYATzZAXJuSV--3EOATynvmCAk2Oo3maxiKAzq2B6jDRtVwuo8Qg2Jz0oUXFPASLEaa7XKvg,,,,,,,,,,,,,,,,,,True,False,US,Schaefer's,22.0,tvs
11826058213136439288,"SC-1520VTV Supersonic 15"" LED Smart TV",149.99,,,3.8,55.0,"https://www.google.com/search?ibp=oshop&q=Smart+TV&prds=localAnnotatedOfferId:1,catalogid:11826058213136439288,pvo:2,pvt:hg,rds:PC_6027158597472037202%7CPROD_PC_6027158597472037202&gl=us&udm=28&pvorigin=2",https://encrypted-tbn1.gstatic.com/shopping?q=tbn:ANd9GcTSpC-IZ0N9imySAXOynwVyB7HK8G7jTNy4W0YZE6Jf6qP2t0Ofdw4UnEHHdih-lYuba8nwddpmtz9uG-hHV6QQ8gQJLR7kLCeVDfTGlT2_WnwUsfAqmieA,,,,,,,,,,,,,,,,,,False,False,US,Walmart - Top Rated Seller,23.0,tvs
3418605008662179843,"LG 32lr655bpua 32"" Class HD Smart LED TV",179.99,,,4.5,713.0,"https://www.google.com/search?ibp=oshop&q=Smart+TV&prds=localAnnotatedOfferId:1,catalogid:3418605008662179843,pvo:2,pvt:hg,rds:PC_6027158597472037202%7CPROD_PC_6027158597472037202&gl=us&udm=28&pvorigin=2",https://encrypted-tbn0.gstatic.com/shopping?q=tbn:ANd9GcTwoKXekP0lRNF4PwuaK0I8-BkV5PfWhwlFOQ8wa0oiQFT74LLaPCobZeqmuh6xlExGZxk8YTBv-oy43-exJRZMOh05m8RYTl6CFTxzdldIYT3ggi2c5cjV,,,,,,,,,,,,,,,,,,False,False,US,Best Buy,24.0,tvs
12868852398211653856,TCL Class QM7L Series 4K SQD-Mini LED Smart Google TV,799.99,,,4.6,131.0,"https://www.google.com/search?ibp=oshop&q=Smart+TV&prds=localAnnotatedOfferId:1,catalogid:12868852398211653856,pvo:2,pvt:hg,rds:PC_6027158597472037202%7CPROD_PC_6027158597472037202&gl=us&udm=28&pvorigin=2",https://encrypted-tbn3.gstatic.com/shopping?q=tbn:ANd9GcQn5CZhMFY4d4wMz6MACRkDBUp0kMvZBH_c2i3ZDjVnZAAXEigWE7kpWenP7tX953SNH4xHRYuL9ko5C7UIXmLUFsFZKCzNOPO0hfbowYwfggnP8LgBR8iAFQ,,,,,,,,,,,,,,,,,,False,False,US,Macy's,25.0,tvs
14349997280372755588,Samsung S85H OLED 4K Smart TV,,,,4.8,249.0,"https://www.google.com/search?ibp=oshop&q=Smart+TV&prds=localAnnotatedOfferId:1,catalogid:14349997280372755588,pvo:2,pvt:hg,rds:PC_6027158597472037202%7CPROD_PC_6027158597472037202&gl=us&udm=28&pvorigin=2",https://encrypted-tbn0.gstatic.com/shopping?q=tbn:ANd9GcT-p7N3MWdP3ETujWHUrGDUxkPQ2fyZa0Jdny_Yo65MrvxBKPWndBhhaH_HsEV_vyklnnIS_ywuXPF0i8GKRVobdols74kbQap_NSnHcsJABToOoybfN9j3,,,,,,,,,,,,,,,,,,True,False,US,NFM,26.0,tvs
12848996277111817041,Westinghouse 4K LED Smart Roku TV,239.99,,,4.7,6500.0,"https://www.google.com/search?ibp=oshop&q=Smart+TV&prds=localAnnotatedOfferId:1,catalogid:12848996277111817041,pvo:2,pvt:hg,rds:PC_6027158597472037202%7CPROD_PC_6027158597472037202&gl=us&udm=28&pvorigin=2",https://encrypted-tbn1.gstatic.com/shopping?q=tbn:ANd9GcTTZ6fam8UZElZVz56A2sY6-IBAEPigbJpmTlBfhnOCKoBHHjQCoJ_b3Xc_SwVG7Vb7x9FyF2ChYBP-Oyav4Rekj70DPFuhMA,,,,,,,,,,,,,,,,,,False,False,US,Target,27.0,tvs
11779824010757584347,Tcl 32 inch Qled Smart TV 32q21k,128.0,,,3.9,69.0,"https://www.google.com/search?ibp=oshop&q=Smart+TV&prds=localAnnotatedOfferId:1,catalogid:11779824010757584347,pvo:2,pvt:hg,rds:PC_6027158597472037202%7CPROD_PC_6027158597472037202&gl=us&udm=28&pvorigin=2",https://encrypted-tbn0.gstatic.com/shopping?q=tbn:ANd9GcSXBEIgi83yjB3ncLSIrL3HX3F39hL6iOcSud2GzWjgMhSMadJRXE53Z4dQOmWcYZLjTvc62yXPfJgP3L35NdwMcs7iGjFrZyKyBi63imURSU8J0Va-pjuz,,,,,,,,,,,,,,,,,,False,False,US,Walmart,28.0,tvs
5665152081003588708,Hisense Class UR8 Series 4K RGB MiniLED Smart Google TV,,,,4.5,32.0,"https://www.google.com/search?ibp=oshop&q=Smart+TV&prds=localAnnotatedOfferId:1,catalogid:5665152081003588708,pvo:2,pvt:hg,rds:PC_6027158597472037202%7CPROD_PC_6027158597472037202&gl=us&udm=28&pvorigin=2",https://encrypted-tbn1.gstatic.com/shopping?q=tbn:ANd9GcQg3HoyKkuOhkqGukobKNZkpC9kikqKgQvxTnkwxtdFJWLMasTwmk7S3Ts4ymG95TLU5yJXJFw4TfAIrxvPduHbLZxheAPKYZfmbCGH20MME2FVAt-3XbLG,,,,,,,,,,,,,,,,,,True,False,US,PC Richard & Son,29.0,tvs
17101510940448305242,"FPD 43 inch Canvas Series Smart TV,Frameless TV 4K Google TV",259.99,,,4.5,182.0,"https://www.google.com/search?ibp=oshop&q=Smart+TV&prds=localAnnotatedOfferId:1,catalogid:17101510940448305242,pvo:2,pvt:hg,rds:PC_6027158597472037202%7CPROD_PC_6027158597472037202&gl=us&udm=28&pvorigin=2",https://encrypted-tbn1.gstatic.com/shopping?q=tbn:ANd9GcSJ-EoF24kciktoZSUeq3V1GXK1qSThb_72Y3P_FVFljsn6ZM8VO1cP2EwqGFOIy__U-ImaltSsTreueG6jypwBfzC9g9vhvC5nybprABSgeQycVmxC-XOF,,,,,,,,,,,,,,,,,,False,False,US,FPD,30.0,tvs
10655727893170350393,Hisense Class U6 MiniLED QLED UHD 4K HDR Glare-Free Smart Fire TV with Alexa+,999.99,,,4.7,200.0,"https://www.google.com/search?ibp=oshop&q=Smart+TV&prds=localAnnotatedOfferId:1,catalogid:10655727893170350393,pvo:2,pvt:hg,rds:PC_6027158597472037202%7CPROD_PC_6027158597472037202&gl=us&udm=28&pvorigin=2",https://encrypted-tbn3.gstatic.com/shopping?q=tbn:ANd9GcS6zlJNet9SY-WmGEg7JJZvFKOQWOQR4EUhnlo2zaqr08hIHLTMavbQOzupL-HcvIUYPxnMv_CvVK1dmhsMk9GVa_A4jEG1B8oR6Ft8IPzkfUDggxtlPQft,,,,,,,,,,,,,,,,,,False,False,US,Best Buy,31.0,tvs
10603065512549592051,LG 4K UHD UA75 AI Smart TV,229.99,,,3.9,2100.0,"https://www.google.com/search?ibp=oshop&q=Smart+TV&prds=localAnnotatedOfferId:1,catalogid:10603065512549592051,pvo:2,pvt:hg,rds:PC_6027158597472037202%7CPROD_PC_6027158597472037202&gl=us&udm=28&pvorigin=2",https://encrypted-tbn2.gstatic.com/shopping?q=tbn:ANd9GcS71G2VYawWc6Of6CIVuDXaw6Jk-DdvgwgS81UFdkx7sPYhP2u8ymn3NQva4ny32R0N0qqB5qHX77r6jCj7gv39-UJiCC6jjn6EK7m_DKZdWygpxWCPh3pK,,,,,,,,,,,,,,,,,,False,False,US,Walmart,33.0,tvs
7093536142505224494,Roku Class Pro Series 4K QLED Mini-LED Smart TV,999.99,,,4.6,514.0,"https://www.google.com/search?ibp=oshop&q=Smart+TV&prds=localAnnotatedOfferId:1,catalogid:7093536142505224494,pvo:2,pvt:hg,rds:PC_6027158597472037202%7CPROD_PC_6027158597472037202&gl=us&udm=28&pvorigin=2",https://encrypted-tbn1.gstatic.com/shopping?q=tbn:ANd9GcQ3SCWYvuC4B5l3uMj1qR0gO0xa9htsiqOfGvFb4dMBsTBk-i07Lv4tKuNgZgNYMYtEFOOlXzBmW6FWAR-F0MVFlzjgvhdKuHX9ZmRpQfpxqlY9s1o1OawJQQ,,,,,,,,,,,,,,,,,,False,False,US,Macy's,34.0,tvs
107482365504136044,"Samsung R95H 65"" 4K Micro RGB Smart TV",,,,4.7,136.0,"https://www.google.com/search?ibp=oshop&q=Smart+TV&prds=localAnnotatedOfferId:1,catalogid:107482365504136044,pvo:2,pvt:hg,rds:PC_6027158597472037202%7CPROD_PC_6027158597472037202&gl=us&udm=28&pvorigin=2",https://encrypted-tbn3.gstatic.com/shopping?q=tbn:ANd9GcQCfymN45FhphBlSF4_axTIcmlDI8vf_lgl45mwcOUueK0nlBBMEog4rAB9K46oe-gVm82Qp9jvponnugeEa-PP3jH8gvlpgGvRXgPzhfyn,,,,,,,,,,,,,,,,,,True,False,US,Electronic Express,35.0,tvs
15341004501836118137,Sony BRAVIA 7 II True RGB 4K HDR Google TV with Gemini,,,,4.5,147.0,"https://www.google.com/search?ibp=oshop&q=Smart+TV&prds=localAnnotatedOfferId:1,catalogid:15341004501836118137,pvo:2,pvt:hg,rds:PC_6027158597472037202%7CPROD_PC_6027158597472037202&gl=us&udm=28&pvorigin=2",https://encrypted-tbn1.gstatic.com/shopping?q=tbn:ANd9GcQgKoltI-cpRY8b4iYZgFZk9El2QDDWVZTT8NM27MJfWSwX10dakO-v7wDofp4EbGAOuHL5emHscAVVeavV-5euYsKqDOrNABPMMXrDU2Y,,,,,,,,,,,,,,,,,,True,False,US,Greentoe,36.0,tvs
14934696522737841923,TCL Q Class QLED 4K UHD HDR Smart Google TV,399.99,,,4.8,41.0,"https://www.google.com/search?ibp=oshop&q=Smart+TV&prds=localAnnotatedOfferId:1,catalogid:14934696522737841923,pvo:2,pvt:hg,rds:PC_6027158597472037202%7CPROD_PC_6027158597472037202&gl=us&udm=28&pvorigin=2",https://encrypted-tbn0.gstatic.com/shopping?q=tbn:ANd9GcRSHesgjIw2_PUNVre7Fc8ve1ZRKM_p1ig_jJWHD-46yKYCiBViP0FuF2UGEg3uYWKvIVWCoVVjzE7oBdjnsKjmrgv-3Wi7aTBsp3gxGbg,,,,,,,,,,,,,,,,,,False,False,US,Best Buy,37.0,tvs
17886453250723958254,Toshiba Class C350 Series LED 4K UHD Smart Fire TV,259.99,,,4.6,2600.0,"https://www.google.com/search?ibp=oshop&q=Smart+TV&prds=localAnnotatedOfferId:1,catalogid:17886453250723958254,pvo:2,pvt:hg,rds:PC_6027158597472037202%7CPROD_PC_6027158597472037202&gl=us&udm=28&pvorigin=2",https://encrypted-tbn3.gstatic.com/shopping?q=tbn:ANd9GcTt7nPMHjonpKAR8j1qIXSLtlBZ3Ctoy0tJerDLzHMptCtEi0A35k8k0lTvRD8g1pUncidqET5B-RHXCp1ipgqc9PC17LfkNJa6LznVpg-VyL23U0U37pDe,,,,,,,,,,,,,,,,,,False,False,US,Refresh Computers,38.0,tvs
8385786084652575349,Samsung QN80H Neo QLED 4K Smart TV,,,,4.6,759.0,"https://www.google.com/search?ibp=oshop&q=Smart+TV&prds=localAnnotatedOfferId:1,catalogid:8385786084652575349,pvo:2,pvt:hg,rds:PC_6027158597472037202%7CPROD_PC_6027158597472037202&gl=us&udm=28&pvorigin=2",https://encrypted-tbn0.gstatic.com/shopping?q=tbn:ANd9GcSTOF-_q-vTJlqFRGQbBUYtuBRLtIf3o5aDJoOOwZKSzikGVyBXXEi3G6DjZXOtEhupFc-SxCIZsHvyU5NT9D56AbAvoXryqNRGdTJSbcYUxIIvvQNEgaUl,,,,,,,,,,,,,,,,,,True,False,US,Walmart - Video & Audio Center,39.0,tvs
17073494677826661520,LG OLED evo AI G5 4K Smart TV,,,,4.8,9000.0,"https://www.google.com/search?ibp=oshop&q=Smart+TV&prds=localAnnotatedOfferId:1,catalogid:17073494677826661520,pvo:2,pvt:hg,rds:PC_6027158597472037202%7CPROD_PC_6027158597472037202&gl=us&udm=28&pvorigin=2",https://encrypted-tbn0.gstatic.com/shopping?q=tbn:ANd9GcS_B9PzxsIaqTiOIp5LGZDCxbMrYpr4vXOm_1eQoMtQPdUCEX5VTNJDBMQlzFUGit-2K3t21HgInVTKaGXCERZFdNhlT--Woxrgbh5vDZOl,,,,,,,,,,,,,,,,,,True,False,US,Hot Rod Cameras,40.0,tvs
9190486806725240436,Apple 13-inch iPad Pro M5 Wi-Fi glass,,,,4.6,1600.0,"https://www.google.com/search?ibp=oshop&q=iPad&prds=localAnnotatedOfferId:1,catalogid:9190486806725240436,pvo:2,pvt:hg,rds:PC_6027158597472037202%7CPROD_PC_6027158597472037202&gl=us&udm=28&pvorigin=2",https://encrypted-tbn0.gstatic.com/shopping?q=tbn:ANd9GcTtgTfwVCJ6ySNGHe6GF_5tw1H3M-7KlijX7-1OF3xWIXvgBSBgLx_sB8cZdbydaIoCW-9QzKYaDnjJdU-syDlscml0LF1MoBocHorIt74,,,,,,,,,,,,,,,,,,True,False,US,Apple,1.0,ipads
7864127665170745396,Apple iPad 11,399.99,,,4.8,68000.0,"https://www.google.com/search?ibp=oshop&q=iPad&prds=localAnnotatedOfferId:1,catalogid:7864127665170745396,pvo:2,pvt:hg,rds:PC_6027158597472037202%7CPROD_PC_6027158597472037202&gl=us&udm=28&pvorigin=2",https://encrypted-tbn0.gstatic.com/shopping?q=tbn:ANd9GcQ3YeJqXzXH7o0Jmi5yGQ9L7GdiEREDBBv_8CfU9N3BWcDRpt87efNHmi5wSn_QyFvwWO3Tk3yb48-J0GOQRekOk09f4GG8,,,,,,,,,,,,,,,,,,False,False,US,Target,2.0,ipads
17933449949463280278,Apple iPad,142.68,,,4.5,4900.0,"https://www.google.com/search?ibp=oshop&q=iPad&prds=localAnnotatedOfferId:1,catalogid:17933449949463280278,pvo:2,pvt:hg,rds:PC_6027158597472037202%7CPROD_PC_6027158597472037202&gl=us&udm=28&pvorigin=2",https://encrypted-tbn1.gstatic.com/shopping?q=tbn:ANd9GcQwf83XTcal6zFRTergvPEdhZP29odV3msJlxW9-ldrAF1kOg3prLQftq-LxcT1oV13Nh0WUb9AsTSr4VBLMEnmuuc9eQ2AxOM8Uu_Kmnjo3gv5zD_pIm-w,,,,,,,,,,,,,,,,,,False,False,US,Walmart - Kiss Electronics Inc,3.0,ipads
3038358504783448434,Apple 11-inch iPad Air M4,549.0,,,4.8,2300.0,"https://www.google.com/search?ibp=oshop&q=iPad&prds=localAnnotatedOfferId:1,catalogid:3038358504783448434,pvo:2,pvt:hg,rds:PC_6027158597472037202%7CPROD_PC_6027158597472037202&gl=us&udm=28&pvorigin=2",https://encrypted-tbn3.gstatic.com/shopping?q=tbn:ANd9GcQGwnz4StdB8s6-pQZ7qFMTF9ND0azmGAlHkWNg7GW9TF4IPiVZ_AZ2K58KWSkzMTtKpdU67A5HZu92Yy2AtCg1Tl3L8yRA,,,,,,,,,,,,,,,,,,False,False,US,bkstr.com,4.0,ipads
830595029973821532,Apple 11-inch iPad Pro M5 Wi-Fi standard glass,,,,4.8,1000.0,"https://www.google.com/search?ibp=oshop&q=iPad&prds=localAnnotatedOfferId:1,catalogid:830595029973821532,pvo:2,pvt:hg,rds:PC_6027158597472037202%7CPROD_PC_6027158597472037202&gl=us&udm=28&pvorigin=2",https://encrypted-tbn2.gstatic.com/shopping?q=tbn:ANd9GcSuQ6iT1xzMgPXhPPlKOClR_pmgsmNVU5LSKPpkNZuM4kxGaIs9H8bdNnnwmOkT3vDjr0hZ9S8vicuK9MaNAYHRj8UJcPztFRfyDhPJEJEIPVEiPcd2jGd5,,,,,,,,,,,,,,,,,,True,False,US,Apple,5.0,ipads
7177836143627908762,Apple iPad mini,749.0,,,4.8,5300.0,"https://www.google.com/search?ibp=oshop&q=iPad&prds=localAnnotatedOfferId:1,catalogid:7177836143627908762,pvo:2,pvt:hg,rds:PC_6027158597472037202%7CPROD_PC_6027158597472037202&gl=us&udm=28&pvorigin=2",https://encrypted-tbn0.gstatic.com/shopping?q=tbn:ANd9GcThI4B1Ls3NreWe1FNwHOpwcxO9swEw0gx_oUrTo16s9_spwzND6_4KpVMR7N4B3c-qiqLhzBghfprdOqFk9tC4DiyGTyNSCouEzg4mA9HO,,,,,,,,,,,,,,,,,,False,False,US,B&H Photo-Video-Audio,6.0,ipads
7773273916024926869,Apple iPad Air M4 13-inch Wi-Fi,,,,4.3,1600.0,"https://www.google.com/search?ibp=oshop&q=iPad&prds=localAnnotatedOfferId:1,catalogid:7773273916024926869,pvo:2,pvt:hg,rds:PC_6027158597472037202%7CPROD_PC_6027158597472037202&gl=us&udm=28&pvorigin=2",https://encrypted-tbn3.gstatic.com/shopping?q=tbn:ANd9GcSREgd9Z5pjpH0Kr4oRU39ab7TWI55gLoKOlVxloSFjKBB1SD17-kIiams6mo_SsNUe4GHDbPJ4MmnPERrLcoMtAzzEQ7PuaCRu_AHtBMZZZuG7VCyieA2q,,,,,,,,,,,,,,,,,,True,False,US,Abt Electronics & Appliances,7.0,ipads
10727945144988478210,Apple iPad 10.9,326.0,,,4.6,14000.0,"https://www.google.com/search?ibp=oshop&q=iPad&prds=localAnnotatedOfferId:1,catalogid:10727945144988478210,pvo:2,pvt:hg,rds:PC_6027158597472037202%7CPROD_PC_6027158597472037202&gl=us&udm=28&pvorigin=2",https://encrypted-tbn2.gstatic.com/shopping?q=tbn:ANd9GcTJSTcX4jXKHroAfEe_ixQvcVCI1CAp1MMVPI4lj4nqzgUwoFDuBLbkx18dOF1mDGvLpb-DWz7btc2pYWVB2kjR4MBS7DLgsIkYpq9eoSLYej6Dy77_NFwnKQ,,,,,,,,,,,,,,,,,,False,False,US,Walmart - Reebelo,8.0,ipads
7450047247526209979,Apple iPad Pro,889.25,,,4.6,2500.0,"https://www.google.com/search?ibp=oshop&q=iPad&prds=localAnnotatedOfferId:1,catalogid:7450047247526209979,pvo:2,pvt:hg,rds:PC_6027158597472037202%7CPROD_PC_6027158597472037202&gl=us&udm=28&pvorigin=2",https://encrypted-tbn2.gstatic.com/shopping?q=tbn:ANd9GcQ85s7aaBjwsPqV7_oCr4REBaAyzou5-cx_n61XwwhJlEdzvl4PGYEPD18-kcJuiDXfggt62OfslGEusJ-aXnnxZMtE-KjENg,,,,,,,,,,,,,,,,,,False,False,US,BarcodesInc,9.0,ipads
7149148291793586558,Apple iPad Wi-Fi,429.0,,,4.9,269.0,"https://www.google.com/search?ibp=oshop&q=iPad&prds=localAnnotatedOfferId:1,catalogid:7149148291793586558,pvo:2,pvt:hg,rds:PC_6027158597472037202%7CPROD_PC_6027158597472037202&gl=us&udm=28&pvorigin=2",https://encrypted-tbn1.gstatic.com/shopping?q=tbn:ANd9GcQzjeZiMmKDIMZM7Fwe_tW3a0YnHZT1Q3gS9vL_HoYCFHsC2-ojNcolXYi3lxwzfEVaE67_pnoRWvgNU4EM-vVn3DvWIXFct9cnEaXeX8fpH_VSzEIj82ig,,,,,,,,,,,,,,,,,,False,False,US,UMKC Bookstore,10.0,ipads
9505289262764565238,Apple 13-inch iPad Air,949.99,,,4.7,1700.0,"https://www.google.com/search?ibp=oshop&q=iPad&prds=localAnnotatedOfferId:1,catalogid:9505289262764565238,pvo:2,pvt:hg,rds:PC_6027158597472037202%7CPROD_PC_6027158597472037202&gl=us&udm=28&pvorigin=2",https://encrypted-tbn1.gstatic.com/shopping?q=tbn:ANd9GcSQzkXbmnCCD0uGC4C9NPtfO8ZejGcHydu3UVrkYfh8sr0AeVMyOCqnrpB1VGtUKFP3IZ5pNtmueTbwuQ7fzCVmgsInXDGY,,,,,,,,,,,,,,,,,,False,False,US,Target,11.0,ipads
13089210208459622205,Apple 11-inch iPad Air Wi-Fi + Cellular,,,,4.8,4300.0,"https://www.google.com/search?ibp=oshop&q=iPad&prds=localAnnotatedOfferId:1,catalogid:13089210208459622205,pvo:2,pvt:hg,rds:PC_6027158597472037202%7CPROD_PC_6027158597472037202&gl=us&udm=28&pvorigin=2",https://encrypted-tbn3.gstatic.com/shopping?q=tbn:ANd9GcRV8ZR1ldfyWXiWsvpzdTq5qBmpSw3WkDOCRz35XHwSA4bofy0H19vSCff760BdGBSCJQsvjdo2i7hnIOzbG564P-euWArAdtKTXuGvpzs,,,,,,,,,,,,,,,,,,True,False,US,Best Buy,12.0,ipads
18102989794973037628,Apple iPad Air,289.0,,,4.7,5600.0,"https://www.google.com/search?ibp=oshop&q=iPad&prds=localAnnotatedOfferId:1,catalogid:18102989794973037628,pvo:2,pvt:hg,rds:PC_6027158597472037202%7CPROD_PC_6027158597472037202&gl=us&udm=28&pvorigin=2",https://encrypted-tbn2.gstatic.com/shopping?q=tbn:ANd9GcTNU8u0970v8MCrPV_tUzmOaBmaUZYiNQE8dwAm4KKcLtcsHDY5HVynMcpCCAtISIn8NIKekOSAB2R9mjjHa8XUKB5Fmt5UA1HYi1dp-AZL,,,,,,,,,,,,,,,,,,False,False,US,Walmart - Reebelo,13.0,ipads
8958139706334769987,"Apple iPad Pro 2025 13"" Wifi",,,,4.8,72.0,"https://www.google.com/search?ibp=oshop&q=iPad&prds=localAnnotatedOfferId:1,catalogid:8958139706334769987,pvo:2,pvt:hg,rds:PC_6027158597472037202%7CPROD_PC_6027158597472037202&gl=us&udm=28&pvorigin=2",https://encrypted-tbn0.gstatic.com/shopping?q=tbn:ANd9GcTTc9KFm52DuGc747zj2vUPN-YbtGPC0FmWbVnfHDm5mUvT_MATj8XM4-Pg0w7BYXTVxSST5DWncMDFvjXdJrpbFgIXOLZczfDeN23Uz_kpapioEruL2ZrH,,,,,,,,,,,,,,,,,,True,False,US,Connection,14.0,ipads
1864509196319201780,Apple iPad Pro 11 512GB/Wi-Fi,,,,4.3,14.0,"https://www.google.com/search?ibp=oshop&q=iPad&prds=localAnnotatedOfferId:1,catalogid:1864509196319201780,pvo:2,pvt:hg,rds:PC_6027158597472037202%7CPROD_PC_6027158597472037202&gl=us&udm=28&pvorigin=2",https://encrypted-tbn2.gstatic.com/shopping?q=tbn:ANd9GcQukIzaK2j8xxbc42O5IMzP4-9_b4_8-2PtxnapcDJbTKM50eHomYQiDGxiO2-upubq5WM2VFMTkdAiWYGgcPL9V5SiJQGg,,,,,,,,,,,,,,,,,,True,False,US,Target,15.0,ipads
12558234500620665034,Apple iPad Air 64GB Wi-Fi + Cellular Silver,159.0,,,4.5,87.0,"https://www.google.com/search?ibp=oshop&q=iPad&prds=localAnnotatedOfferId:1,catalogid:12558234500620665034,pvo:2,pvt:hg,rds:PC_6027158597472037202%7CPROD_PC_6027158597472037202&gl=us&udm=28&pvorigin=2",https://encrypted-tbn3.gstatic.com/shopping?q=tbn:ANd9GcS0rTXS4Cn3VYt9htMAbVhEn_Y7WnV_8oA0_iBdT5OzndQ_16a6gRAxWpvpTZsWzfjiapZ3a9GqCyVzuhFZ1-E43lLQ3JPgge-IZhnur6e0oC6qs2y_M92nXA,,,,,,,,,,,,,,,,,,False,False,US,Walmart,16.0,ipads
8120046821128332058,Apple 11-inch iPad Air Wi-Fi,,,,4.7,3600.0,"https://www.google.com/search?ibp=oshop&q=iPad&prds=localAnnotatedOfferId:1,catalogid:8120046821128332058,pvo:2,pvt:hg,rds:PC_6027158597472037202%7CPROD_PC_6027158597472037202&gl=us&udm=28&pvorigin=2",https://encrypted-tbn1.gstatic.com/shopping?q=tbn:ANd9GcRiJrKgfOcP-VdTX7iiTlOcDEgVOCacICckOv3NbPacOHlp8NLtSyjD7D6PUgq32Y-pceBr5sjCblaqriOMVknj72NM-5U4iZ5lm0saCZo,,,,,,,,,,,,,,,,,,True,False,US,Best Buy,17.0,ipads
206054063253322484,IPAD AIR 11 M3 WIFI 128GB SPACE GREY | Apple | 11 inch,949.0,,,4.7,3600.0,"https://www.google.com/search?ibp=oshop&q=iPad&prds=localAnnotatedOfferId:1,productid:206054063253322484,pvo:2,pvt:hg,rds:PC_6027158597472037202%7CPROD_PC_6027158597472037202&gl=us&udm=28&pvorigin=2",https://encrypted-tbn2.gstatic.com/shopping?q=tbn:ANd9GcRgNkT_SWr5LEf3KkP2JvSvP5_V_j2vrJp9IjtucZ_RphPgyyh6fBtT7ca4ZnHNYYJ0tGGMCqUzVlt7d5G00iSo-v1u9JuifhXtH77EiO8,,,,,,,,,,,,,,,,,,False,False,US,bkstr.com/centralnewmexicoccstore/home,18.0,ipads
15231908767392796045,Apple iPad mini Wi-Fi,340.96,,,4.7,3700.0,"https://www.google.com/search?ibp=oshop&q=iPad&prds=localAnnotatedOfferId:1,catalogid:15231908767392796045,pvo:2,pvt:hg,rds:PC_6027158597472037202%7CPROD_PC_6027158597472037202&gl=us&udm=28&pvorigin=2",https://encrypted-tbn3.gstatic.com/shopping?q=tbn:ANd9GcQ5_uJqgvzCDvHUWJ_riqJz78lAYPhFfN3BE_TU4dszhgk5sJ8GgScRjbkLjuBVGvzOZCku0PoIAF2VKd6L3kkOT8lJBVw3kbcvFVY4eilWduOge15jMLQYMA,,,,,,,,,,,,,,,,,,False,False,US,Walmart - Reebelo,19.0,ipads
10614719712745029626,Apple iPad 11-Inch A16 Chip with Wi-Fi only - 512GB in Blue with 2-Year AppleCare+,828.0,,,4.8,68000.0,"https://www.google.com/search?ibp=oshop&q=iPad&prds=localAnnotatedOfferId:1,productid:10614719712745029626,pvo:2,pvt:hg,rds:PC_6027158597472037202%7CPROD_PC_6027158597472037202&gl=us&udm=28&pvorigin=2",https://encrypted-tbn0.gstatic.com/shopping?q=tbn:ANd9GcQ7f3_gzno_3NGKCbrz6AtkjFBeLLW35k6qBybFMTZjcCOp9mu-InsTaS0d5l7uecukv94r6icjSVYdt8m0T90b0KK4MxO4VWwE53WKkzDaJuZqfEIrMcny,,,,,,,,,,,,,,,,,,False,False,US,NFM,20.0,ipads
14795514802701676600,Apple Refurbished iPad Wi-Fi,429.0,,,4.8,1000.0,"https://www.google.com/search?ibp=oshop&q=iPad&prds=localAnnotatedOfferId:1,catalogid:14795514802701676600,pvo:2,pvt:hg,rds:PC_6027158597472037202%7CPROD_PC_6027158597472037202&gl=us&udm=28&pvorigin=2",https://encrypted-tbn1.gstatic.com/shopping?q=tbn:ANd9GcSYF6xCMHEC0oIve_U59WGQ_Ba9J9_ZGsqw6MZpf-ByVnKFFINKiQVsnDvqtXw87kDgO6fwjMZeILGcY9q-Wk-6x-yPJoAhakx1zhi5ir1WuzBWj3pWwO59JA,,,,,,,,,,,,,,,,,,False,False,US,SVA Campus Store,21.0,ipads
2821743853613296084,Apple iPad Mini,179.95,,,4.7,1100.0,"https://www.google.com/search?ibp=oshop&q=iPad&prds=localAnnotatedOfferId:1,catalogid:2821743853613296084,pvo:2,pvt:hg,rds:PC_6027158597472037202%7CPROD_PC_6027158597472037202&gl=us&udm=28&pvorigin=2",https://encrypted-tbn3.gstatic.com/shopping?q=tbn:ANd9GcRX6cn7jrqtblR5mNBUK7NSQ-B3OpA42CIS9Enth1pPK3I91sZrDInZ9GRXw_Tm8C-aZNMIoz49TwgtNtMX3-y3xv8WnglYgvmmdBaSK06azFBJDYTq5oZr,,,,,,,,,,,,,,,,,,False,False,US,Walmart - Tech2Date,22.0,ipads
13162657865204087757,11-inch iPad Air (M4) Purple / 128GB / Wi-Fi,749.99,,,4.8,2300.0,"https://www.google.com/search?ibp=oshop&q=iPad&prds=localAnnotatedOfferId:1,productid:13162657865204087757,pvo:2,pvt:hg,rds:PC_6027158597472037202%7CPROD_PC_6027158597472037202&gl=us&udm=28&pvorigin=2",https://encrypted-tbn2.gstatic.com/shopping?q=tbn:ANd9GcQEjfmYssmoMIoy4UJrhesDNh3xTE0toPz-jlQwSMGOILunGMgTLthE_09FvoYJPSAAum6uPGubln43hyl-2acjTxZ3nc-2XjMmLN8_Xmyfkgus9SeSzYBy2g,,,,,,,,,,,,,,,,,,False,False,US,Small Dog Electronics,23.0,ipads
16854302707503639820,Apple iPad 11-inch A16 Processor 128GB Wi-Fi Tablet,784.52,,,,,"https://www.google.com/search?ibp=oshop&q=iPad&prds=localAnnotatedOfferId:1,productid:16854302707503639820,pvo:2,pvt:hg,rds:PC_6027158597472037202%7CPROD_PC_6027158597472037202&gl=us&udm=28&pvorigin=2",https://encrypted-tbn3.gstatic.com/shopping?q=tbn:ANd9GcTSNSar5weZrFJshg2KmBpVRNtBxVf3tcdMA79KqWbWNuceiuwGt8dt6d8bbBLGo4kMCD3GkKv5xpyMq4iCM1BFiiUs6sUAXr8uwyQ2H1fnDyYwLqYWLIHRFA,,,,,,,,,,,,,,,,,,False,False,US,McGrocer,24.0,ipads
605532881924277414,Joyus Apple iPad 9th Gen 64GB Wi-Fi Cellular Space Gray,189.53,,,4.4,57.0,"https://www.google.com/search?ibp=oshop&q=iPad&prds=localAnnotatedOfferId:1,catalogid:605532881924277414,pvo:2,pvt:hg,rds:PC_6027158597472037202%7CPROD_PC_6027158597472037202&gl=us&udm=28&pvorigin=2",https://encrypted-tbn2.gstatic.com/shopping?q=tbn:ANd9GcR601-q9EEWxNC3n6Nml0FPXaJq9l423MtJCyKE3zSADnHnuSnz6Wa2Vlj74cNjVuHPdPP2qZlibQ8geYoM07DKBzqfGefkw_MFm7v68RhhwkplEoXx06ymbg,,,,,,,,,,,,,,,,,,False,False,US,Walmart - Powered By Tek,25.0,ipads
15224255260683943720,Apple iPad Mini Wi-Fi 128GB - Blue with 2-Year AppleCare+,652.0,,,4.7,7400.0,"https://www.google.com/search?ibp=oshop&q=iPad&prds=localAnnotatedOfferId:1,productid:15224255260683943720,pvo:2,pvt:hg,rds:PC_6027158597472037202%7CPROD_PC_6027158597472037202&gl=us&udm=28&pvorigin=2",https://encrypted-tbn0.gstatic.com/shopping?q=tbn:ANd9GcQWuooN6fuzKswyNR3ZNRMgn3DqGVnk1-NhSW0Efok_z0TYONv8WTUV46MLgGchssCaFx6P1Yl9SfbyHwWw72Fd9QqAFxyO_rTJ4cTghxff8CDZCCqy_w5frA,,,,,,,,,,,,,,,,,,False,False,US,NFM,26.0,ipads
11907226680254016142,Apple iPad Wi-Fi 128GB,,,,,,"https://www.google.com/search?ibp=oshop&q=iPad&prds=localAnnotatedOfferId:1,catalogid:11907226680254016142,pvo:2,pvt:hg,rds:PC_6027158597472037202%7CPROD_PC_6027158597472037202&gl=us&udm=28&pvorigin=2",https://encrypted-tbn3.gstatic.com/shopping?q=tbn:ANd9GcR130eddQj5MNwKIUnn4tmanYgjmfnjPkt5Awdrcx5JI4rl53iIHmkIcnjebv9i-wTbDp0OcB535pjMGCNgKR2TCphezPxj1vIVxl-aaegnwRLA_B7ju3jh76AF,,,,,,,,,,,,,,,,,,True,False,US,TalkShopLive,27.0,ipads
5981018996979669637,"Apple 12.9"" iPad Pro 256GB / Wi-Fi",249.99,,,4.5,87.0,"https://www.google.com/search?ibp=oshop&q=iPad&prds=localAnnotatedOfferId:1,catalogid:5981018996979669637,pvo:2,pvt:hg,rds:PC_6027158597472037202%7CPROD_PC_6027158597472037202&gl=us&udm=28&pvorigin=2",https://encrypted-tbn1.gstatic.com/shopping?q=tbn:ANd9GcSBNPW4kNKGry4aU0JjbpACL-1Pg6Ssf4tQgiGDbQYkjNLOtxjs6WHgtPc0cNC1YXRnYQ6qhzwAYLLdd3LWnIuh4zoAkv_Kn4N5A_5chXeO77UB33jDqFCcwg,,,,,,,,,,,,,,,,,,False,False,US,Walmart - Wireless Source,28.0,ipads
13752510293268286343,"Apple 10.2 Inch iPad (32GB, Wi-Fi Only, Gold) MYLC2LL/A with Apple Airpods Pro -",764.95,,,,,"https://www.google.com/search?ibp=oshop&q=iPad&prds=localAnnotatedOfferId:1,productid:13752510293268286343,pvo:2,pvt:hg,rds:PC_6027158597472037202%7CPROD_PC_6027158597472037202&gl=us&udm=28&pvorigin=2",https://encrypted-tbn2.gstatic.com/shopping?q=tbn:ANd9GcREwegPwDQ7llcP_NQxAbFjRZTXX1mMP2d1oGCgk4woGM2V_5e7C2xc8S8n3-5WDhUtTAg8jGCZM4QAsjtW14FbT9obIRE6b9E4X7SehdneSXeqQzDcl9cL,,,,,,,,,,,,,,,,,,False,False,US,6 Ave Electronics,29.0,ipads
14448708224612874137,Apple iPad 11-inch A16 Processor Tablet Wi-Fi & Cellular 128GB,933.33,,,,,"https://www.google.com/search?ibp=oshop&q=iPad&prds=localAnnotatedOfferId:1,productid:14448708224612874137,pvo:2,pvt:hg,rds:PC_6027158597472037202%7CPROD_PC_6027158597472037202&gl=us&udm=28&pvorigin=2",https://encrypted-tbn2.gstatic.com/shopping?q=tbn:ANd9GcRW7Rymr5YI0gOb8lvnwOQVhKfLf2S9lpquVWoDC8OjqKLlZSCqE3kiIBRs8xSQf2Rr7m5hZguzCMump0vE39_DfZ4upSK9quGGRpjTYhorr-qjArcyG8Q1Ew,,,,,,,,,,,,,,,,,,False,False,US,McGrocer,30.0,ipads
9464632541300695734,"Joyus Apple iPad 10.2"" 8th Gen 32GB Wi-Fi",129.95,,,4.5,7700.0,"https://www.google.com/search?ibp=oshop&q=iPad&prds=localAnnotatedOfferId:1,catalogid:9464632541300695734,pvo:2,pvt:hg,rds:PC_6027158597472037202%7CPROD_PC_6027158597472037202&gl=us&udm=28&pvorigin=2",https://encrypted-tbn3.gstatic.com/shopping?q=tbn:ANd9GcSFrbesQc3ky17CKC28D8uIqdLnEYtVTzxwxIdBRyD2hPjDOfY0XVeIPH5t2O_PDQcJfz6di4zIOOgENljKVEa_FQTm1zBXpKNlM2YbwoS6niaAKKlSoTlkxA,,,,,,,,,,,,,,,,,,False,False,US,Walmart - Reebelo,31.0,ipads
16663324913312558518,Apple 10.5-inch iPad Pro Wi-Fi 64GB,377.98,,,4.6,89.0,"https://www.google.com/search?ibp=oshop&q=iPad&prds=localAnnotatedOfferId:1,catalogid:16663324913312558518,pvo:2,pvt:hg,rds:PC_6027158597472037202%7CPROD_PC_6027158597472037202&gl=us&udm=28&pvorigin=2",https://encrypted-tbn2.gstatic.com/shopping?q=tbn:ANd9GcS3CUKfB_sT8fpk0WKGWlUTpP_FWIut5923occ3yV92iPmXbmeMrnwd8bBoGW5w2vbMkTJDpXvRKcpxBrJGmvs89tvRHbvfKRT__vtiE3sy-FvyNEIa_BBN,,,,,,,,,,,,,,,,,,False,False,US,eBay,32.0,ipads
1827419646129622866,Apple 11-inch iPad Pro Wi-Fi,244.99,,,2.9,8.0,"https://www.google.com/search?ibp=oshop&q=iPad&prds=localAnnotatedOfferId:1,catalogid:1827419646129622866,pvo:2,pvt:hg,rds:PC_6027158597472037202%7CPROD_PC_6027158597472037202&gl=us&udm=28&pvorigin=2",https://encrypted-tbn1.gstatic.com/shopping?q=tbn:ANd9GcTGHhZv4ubz44_fVTPW8xE1BRQXGE4_OmaWj-jZsGyzQG_P7zI-t-LaQGwfw4vYwmOTD2yXS19iwK73_eoJhWFO-6_TYEWlK-exWYgxjJPerJ_uAXDky6XFRA,,,,,,,,,,,,,,,,,,False,False,US,Walmart - Wireless Source,33.0,ipads
9738287499944921415,Apple iPad 6th Gen 128GB Wi-Fi Silver Acceptable,46.0,,,4.7,3.0,"https://www.google.com/search?ibp=oshop&q=iPad&prds=localAnnotatedOfferId:1,catalogid:9738287499944921415,pvo:2,pvt:hg,rds:PC_6027158597472037202%7CPROD_PC_6027158597472037202&gl=us&udm=28&pvorigin=2",https://encrypted-tbn2.gstatic.com/shopping?q=tbn:ANd9GcT3uXhsji9If0krGwcaJm6s1JRQu2cXd1VHNqxJqL425IdWapfRwzql2FU1GWLngO_0gSJRsMCjSCjaI1-xtiuIV2MEI9wWmEbIGWolp4eM,,,,,,,,,,,,,,,,,,False,False,US,Serigrafia.eus,34.0,ipads
6366215525801416525,Apple iPad 5 32GB Wi-Fi Gold,91.0,,,4.1,9.0,"https://www.google.com/search?ibp=oshop&q=iPad&prds=localAnnotatedOfferId:1,catalogid:6366215525801416525,pvo:2,pvt:hg,rds:PC_6027158597472037202%7CPROD_PC_6027158597472037202&gl=us&udm=28&pvorigin=2",https://encrypted-tbn1.gstatic.com/shopping?q=tbn:ANd9GcT3KO8qR_aQkz2Dni6yd6YdTD2j8dO52a9wJo93Idf3h482dzN9XXuZkYdcQmATq94vT-MNlrAZE3VBC7xJywoNYV8MNydolYwO0s7e61dsQj1uG_jcoUQB3w,,,,,,,,,,,,,,,,,,False,False,US,Martinez Parada Psicología,35.0,ipads
7241500195153462626,Apple iPad Wi-Fi 32Gb - Space Gray,89.0,,,4.3,889.0,"https://www.google.com/search?ibp=oshop&q=iPad&prds=localAnnotatedOfferId:1,catalogid:7241500195153462626,pvo:2,pvt:hg,rds:PC_6027158597472037202%7CPROD_PC_6027158597472037202&gl=us&udm=28&pvorigin=2",https://encrypted-tbn3.gstatic.com/shopping?q=tbn:ANd9GcSVFgw4kJNbVzTh7M3DST7y_XjSFmMK4nt3WqBTbUWFhfQ_l3l6S-kqUnhN1aBNsZYob1gbL9rBbFz0ajpxoaAk-d0vZKP3TvFlLS1ij-Y,,,,,,,,,,,,,,,,,,False,False,US,Walmart - Wombat Reserve,36.0,ipads
9232095902580221989,Apple 11-inch iPad Pro Wi-Fi + Cellular,,,,4.6,2500.0,"https://www.google.com/search?ibp=oshop&q=iPad&prds=localAnnotatedOfferId:1,catalogid:9232095902580221989,pvo:2,pvt:hg,rds:PC_6027158597472037202%7CPROD_PC_6027158597472037202&gl=us&udm=28&pvorigin=2",https://encrypted-tbn1.gstatic.com/shopping?q=tbn:ANd9GcQKMt8G8Vm-GPUTP8MDI-JuM6KEiDkMQHcsZ5sqQYwtnvTu4CXLoxaa4L343emN4RJiCQWemAL3Ny4R_s1FBVhsgximXr6tI9epNltX3bVRB5Gpzu3hDtQmDA,,,,,,,,,,,,,,,,,,True,False,US,mcgrocer.com,37.0,ipads
1422403151176902478,Apple iPad Pro 1TB,244.99,,,4.7,1100.0,"https://www.google.com/search?ibp=oshop&q=iPad&prds=localAnnotatedOfferId:1,catalogid:1422403151176902478,pvo:2,pvt:hg,rds:PC_6027158597472037202%7CPROD_PC_6027158597472037202&gl=us&udm=28&pvorigin=2",https://encrypted-tbn0.gstatic.com/shopping?q=tbn:ANd9GcS2FO4J7DqukYoyCzLVtznet73-JblOLNHiMSXQ3CSmmBSswhMA5M1pxJJAthevrykF2FJMhgAK9pX5OTnwrMHrPh9-HksdtF1pgQjvzyJ4ycK-ESmhQJC69A,,,,,,,,,,,,,,,,,,False,False,US,Walmart - Wireless Source,38.0,ipads
9437770918662265760,"Apple iPad Mini 6 (64GB, Wi-Fi, Pink) Bundle with Zipper Sleeve, Dark Gray / 64GB",534.95,,,,,"https://www.google.com/search?ibp=oshop&q=iPad&prds=localAnnotatedOfferId:1,productid:9437770918662265760,pvo:2,pvt:hg,rds:PC_6027158597472037202%7CPROD_PC_6027158597472037202&gl=us&udm=28&pvorigin=2",https://encrypted-tbn3.gstatic.com/shopping?q=tbn:ANd9GcQajKtoomguVowzq1ThGSD-TuQMZ4m6i0wZziRCyEIf2atMzzNLPprzFEmacVwlmkDHSWPgH_h9lfQDd6679ozjFmJslrArdLE9yeo9NqE2Bw6q1GPrtR8i,,,,,,,,,,,,,,,,,,False,False,US,6 Ave Electronics,39.0,ipads
2156965653765681064,"Apple iPad Pro 12.9"" 64GB Wi-Fi + Cellular MQED2LL/A",289.99,,,4.7,25.0,"https://www.google.com/search?ibp=oshop&q=iPad&prds=localAnnotatedOfferId:1,catalogid:2156965653765681064,pvo:2,pvt:hg,rds:PC_6027158597472037202%7CPROD_PC_6027158597472037202&gl=us&udm=28&pvorigin=2",https://encrypted-tbn0.gstatic.com/shopping?q=tbn:ANd9GcR0Mk1x8Y3tTBYJE6161ykDk0nz9-aZXzQQr4_64jUhIISmAU2Ri0KJWVd0g2Vw6agFejFG2515nQCmxpAOejsPDuEpt4Bpt92khcqGZ-gAl_lAuJy4jZDH,,,,,,,,,,,,,,,,,,False,False,US,Walmart - Wireless Source,40.0,ipads
15631450426801993646,REFURB iPad 7 IPAD7SL128,149.99,,,3.4,146.0,"https://www.google.com/search?ibp=oshop&q=iPad&prds=localAnnotatedOfferId:1,catalogid:15631450426801993646,pvo:2,pvt:hg,rds:PC_6027158597472037202%7CPROD_PC_6027158597472037202&gl=us&udm=28&pvorigin=2",https://encrypted-tbn2.gstatic.com/shopping?q=tbn:ANd9GcQz1LV58L_1zjOP9wExaZJmg6r9EnU6bydJVTtbR-6rLbJIikQNhLlxVWr3MY1Q_wIFANWKxYadzzdAl32dZUlD8bwaY2VJlfUqCI5lRp8,,,,,,,,,,,,,,,,,,False,False,US,Newegg.com,1.0,ipads
4125745431093970235,Apple iPad 6 IPAD6SG128,119.0,,,5.0,1.0,"https://www.google.com/search?ibp=oshop&q=iPad&prds=localAnnotatedOfferId:1,catalogid:4125745431093970235,pvo:2,pvt:hg,rds:PC_6027158597472037202%7CPROD_PC_6027158597472037202&gl=us&udm=28&pvorigin=2",https://encrypted-tbn2.gstatic.com/shopping?q=tbn:ANd9GcT2pVa1O5TRoLHPGL-XTE6un3jMhaZmkL1CKSN31oi3HKb9sVgUad4OOVMNl3YGzbTQGEOqVHhbtLQCt_upF8DrjdmU5hzvLSZtfrC-x1xrm9_qFoDd1uUK9A,,,,,,,,,,,,,,,,,,False,False,US,Best Buy,2.0,ipads
238390028656156889,Apple iPad Pro 12.9,499.99,,,4.7,161.0,"https://www.google.com/search?ibp=oshop&q=iPad&prds=localAnnotatedOfferId:1,catalogid:238390028656156889,pvo:2,pvt:hg,rds:PC_6027158597472037202%7CPROD_PC_6027158597472037202&gl=us&udm=28&pvorigin=2",https://encrypted-tbn2.gstatic.com/shopping?q=tbn:ANd9GcRWNpw5i1qtSIlXLIE9kvjsTj62ryZIGfnKLmLTBUJd5WgCtPzPtPBGL6qJytqtrHMoGr5eY6jklbGsTU_1WLP_ombWplGxHqXZyIwmlj-S,,,,,,,,,,,,,,,,,,False,False,US,Walmart - Wireless Source,3.0,ipads
2320676439422779189,Apple iPad Air 2,106.0,,,4.4,5500.0,"https://www.google.com/search?ibp=oshop&q=iPad&prds=localAnnotatedOfferId:1,catalogid:2320676439422779189,pvo:2,pvt:hg,rds:PC_6027158597472037202%7CPROD_PC_6027158597472037202&gl=us&udm=28&pvorigin=2",https://encrypted-tbn3.gstatic.com/shopping?q=tbn:ANd9GcRAITGy5HR66nFZpe6MkDjQYq24GX0T_cz341NKSoP91-yQfwT1xKnE3I88RtE2VuxcAYek9yJw_j5ZpvOYq1CStJug-Cmc4SBADZk7fiN4,,,,,,,,,,,,,,,,,,False,False,US,BecexTech,4.0,ipads
1051707323798024062,Apple iPad Wi-Fi 32GB,190.0,,,3.9,505.0,"https://www.google.com/search?ibp=oshop&q=iPad&prds=localAnnotatedOfferId:1,catalogid:1051707323798024062,pvo:2,pvt:hg,rds:PC_6027158597472037202%7CPROD_PC_6027158597472037202&gl=us&udm=28&pvorigin=2",https://encrypted-tbn3.gstatic.com/shopping?q=tbn:ANd9GcSF95ZtwaVlvp51ntZhn_E7cx5zytOfG0Gn4h_61Ht8NPLD1wQhLpFwsJV5z95W53Hexgg2_Jkb8Enzo-xrL4n1VzKe8QWlwtUrP5qTwAOP,,,,,,,,,,,,,,,,,,False,False,US,Swappa,5.0,ipads
2889872618296311066,"Apple iPad 10,2"" 64 GB",174.99,,,4.5,334.0,"https://www.google.com/search?ibp=oshop&q=iPad&prds=localAnnotatedOfferId:1,catalogid:2889872618296311066,pvo:2,pvt:hg,rds:PC_6027158597472037202%7CPROD_PC_6027158597472037202&gl=us&udm=28&pvorigin=2",https://encrypted-tbn0.gstatic.com/shopping?q=tbn:ANd9GcTmqgH-j-IxKyHyJnyMt2ADsMs1HCqXMzNdrmvy30DwadC52PLGTXVapWj4FgUUjaOC_aFZxoeyXW9OYtSZissVRt3XAlPBCX7bOMK2Q-wszcf7FF3bSZdZ,,,,,,,,,,,,,,,,,,False,False,US,Walmart - Wireless Source,6.0,ipads
11752632714521613807,Apple - Certified Refurbished iPad (6th Generation) (2018) Wi-Fi - 32GB - Silver,99.99,,,,,"https://www.google.com/search?ibp=oshop&q=iPad&prds=localAnnotatedOfferId:1,productid:11752632714521613807,pvo:2,pvt:hg,rds:PC_6027158597472037202%7CPROD_PC_6027158597472037202&gl=us&udm=28&pvorigin=2",https://encrypted-tbn0.gstatic.com/shopping?q=tbn:ANd9GcTs6V9t9Zy2DgeHfDeMVWAXnfLM5-4mDuhJxoikDpx76wV-4PcfHH32NQH5EmMhePw_9tGxYs2N3jFL-gf9BTAjBIjAOS0xWLJxqewwSLOlo01LoxeYRkzo,,,,,,,,,,,,,,,,,,False,False,US,Best Buy,7.0,ipads
16042055667529713082,2018 Apple iPad 25cm WiFi,88.0,,,4.7,90.0,"https://www.google.com/search?ibp=oshop&q=iPad&prds=localAnnotatedOfferId:1,catalogid:16042055667529713082,pvo:2,pvt:hg,rds:PC_6027158597472037202%7CPROD_PC_6027158597472037202&gl=us&udm=28&pvorigin=2",https://encrypted-tbn3.gstatic.com/shopping?q=tbn:ANd9GcSUxp6EypT-Yc_efog1pYYEFbN9EHt8GnL6Rzy7394xilFOtMeCHuTyt6DNR_DR1L_YxQY4Ky9Xsm8PCR6Is9qYwSupQb99xPG1fjCXV3-Z8E7uy0XEOOp8,,,,,,,,,,,,,,,,,,False,False,US,Walmart - Discount Computer Depot,9.0,ipads
15179757335498735656,"Apple 2022 10.9-inch iPad (Wi-Fi, 64GB) - Silver (10th Gen)",418.99,,,,,"https://www.google.com/search?ibp=oshop&q=iPad&prds=localAnnotatedOfferId:1,productid:15179757335498735656,pvo:2,pvt:hg,rds:PC_6027158597472037202%7CPROD_PC_6027158597472037202&gl=us&udm=28&pvorigin=2",https://encrypted-tbn3.gstatic.com/shopping?q=tbn:ANd9GcRbbfPzQiWC9NqaIhhEsQFcWS4y3ZKpvPAQL18oWOG4zD_LXIK6jxaPJu66-cp5JIkmAhFT4QIXxikCWyH-lVhuxMS2sdpu,,,,,,,,,,,,,,,,,,False,False,US,newegg.com,10.0,ipads
3742636735659855137,Apple Refurbished iPad Wi-Fi + Cellular 128GB,119.0,,,4.2,132.0,"https://www.google.com/search?ibp=oshop&q=iPad&prds=localAnnotatedOfferId:1,catalogid:3742636735659855137,pvo:2,pvt:hg,rds:PC_6027158597472037202%7CPROD_PC_6027158597472037202&gl=us&udm=28&pvorigin=2",https://encrypted-tbn3.gstatic.com/shopping?q=tbn:ANd9GcRUnnCV8JcDpOruzeN6iRArLxRRAqQOFSk4VHOT3HOJTdPKgDn1Hi4iZIscqwjYogu3A8OfxALX52nAArOvbEeJ0EBFI42OAWcYezgQTcY5ABP_ASWACQ3i,,,,,,,,,,,,,,,,,,False,False,US,Best Buy,14.0,ipads
18120140536607333533,Apple iPad 32GB Wi-Fi,77.99,,,4.2,576.0,"https://www.google.com/search?ibp=oshop&q=iPad&prds=localAnnotatedOfferId:1,catalogid:18120140536607333533,pvo:2,pvt:hg,rds:PC_6027158597472037202%7CPROD_PC_6027158597472037202&gl=us&udm=28&pvorigin=2",https://encrypted-tbn3.gstatic.com/shopping?q=tbn:ANd9GcTh-x2zC-ePuuJ_cXslEcNYm-4Ed0cEE_0qEzWPIHu1-ht9JrqmqoxCw5RIddBOJxOBP3ad2cIUWDKe-Kd0sMzgcyET96RRvBMGforS_s89rQh5kDVYMb14xg,,,,,,,,,,,,,,,,,,False,False,US,Walmart - Kiss Electronics Inc,15.0,ipads
13073618390387924923,"Apple 10.2"" iPad (8th Gen) 32GB Wi-Fi Only Silver",154.95,,,4.5,7700.0,"https://www.google.com/search?ibp=oshop&q=iPad&prds=localAnnotatedOfferId:1,productid:13073618390387924923,pvo:2,pvt:hg,rds:PC_6027158597472037202%7CPROD_PC_6027158597472037202&gl=us&udm=28&pvorigin=2",https://encrypted-tbn0.gstatic.com/shopping?q=tbn:ANd9GcSXFPykkAkf6wJHzKlpdxvyJ4m4rq1Zcs4T-1PO8DahyQZwZtfLCqrohKCegUMHTMHzIub39qnlDnEly_TJrQ8EpZiCuWD8,,,,,,,,,,,,,,,,,,False,False,US,newegg.com,16.0,ipads
14025946528681340132,"Apple 10.5"" iPad Pro 64GB",144.99,,,4.8,84.0,"https://www.google.com/search?ibp=oshop&q=iPad&prds=localAnnotatedOfferId:1,catalogid:14025946528681340132,pvo:2,pvt:hg,rds:PC_6027158597472037202%7CPROD_PC_6027158597472037202&gl=us&udm=28&pvorigin=2",https://encrypted-tbn2.gstatic.com/shopping?q=tbn:ANd9GcT5RDnb0rJJoowsyBtekthijlDBoC4kS6ERbGsOif2VLlK3rekLC4381IlKOC9Agz0LwNjKGxOOlE8LjF6LOiYTvWFRNVQR-25cwhhvyqKu8piKF1fvRMXa,,,,,,,,,,,,,,,,,,False,False,US,PickYourPlum,17.0,ipads
12426082062635404610,Apple 12.9-inch iPad Pro Wi-Fi + Cellular,670.99,,,4.8,384.0,"https://www.google.com/search?ibp=oshop&q=iPad&prds=localAnnotatedOfferId:1,catalogid:12426082062635404610,pvo:2,pvt:hg,rds:PC_6027158597472037202%7CPROD_PC_6027158597472037202&gl=us&udm=28&pvorigin=2",https://encrypted-tbn1.gstatic.com/shopping?q=tbn:ANd9GcRHIzqZJZQ3wxX0kKzoIt-qsq22hPqUZZN2HLLd7O6x6zPaZrZhKPLvEjhz1GpMac3VjD_7cNSX--rpJMNqUt5mKJtjWzvKYW-AAlpl7sxxR5vdnTo7yGM9Pw,,,,,,,,,,,,,,,,,,False,False,US,Walmart - Wireless Source,18.0,ipads
2947058958492915382,Apple iPad Air (Wi-Fi Only) 16/32GB Bundle - Space Gray - 32GB Bundle,169.99,,,4.6,5600.0,"https://www.google.com/search?ibp=oshop&q=iPad&prds=localAnnotatedOfferId:1,productid:2947058958492915382,pvo:2,pvt:hg,rds:PC_6027158597472037202%7CPROD_PC_6027158597472037202&gl=us&udm=28&pvorigin=2",https://encrypted-tbn0.gstatic.com/shopping?q=tbn:ANd9GcQJ_6mEP3D9joxcsdFniMhG9Cwr68jMoYFd-KXm4NRpWRPWhxGTi9BmjalUklO0bcQWYRufX-jfaQDHa5JySlZRYkmfzhOWww,,,,,,,,,,,,,,,,,,False,False,US,DailySteals,19.0,ipads
11095162832206603456,Joyus Apple iPad 7th Gen 32GB Wi-Fi,124.99,,,4.1,690.0,"https://www.google.com/search?ibp=oshop&q=iPad&prds=localAnnotatedOfferId:1,catalogid:11095162832206603456,pvo:2,pvt:hg,rds:PC_6027158597472037202%7CPROD_PC_6027158597472037202&gl=us&udm=28&pvorigin=2",https://encrypted-tbn1.gstatic.com/shopping?q=tbn:ANd9GcQDhV5SuJ6Arwc69AWKxpSF33mG-pRR_KixgfP42o6CD2ZMv0jeRJAVMrPEVI_-L8vUD6Dx-FINBUZpPbseOmbDYvWc6d9ONRGATc9pRAN27M2k8bEe5KSfJejI,,,,,,,,,,,,,,,,,,False,False,US,Best Buy,20.0,ipads
18113989620131974717,"Apple 9.7-inch iPad Wi-Fi + Cellular - 6th generation - Tablet - 128 GB - 9.7"" IPS (2048 x 1536) - 3G, 4G - LTE - Silver",91.76,,,4.5,4900.0,"https://www.google.com/search?ibp=oshop&q=iPad&prds=localAnnotatedOfferId:1,catalogid:18113989620131974717,pvo:2,pvt:hg,rds:PC_6027158597472037202%7CPROD_PC_6027158597472037202&gl=us&udm=28&pvorigin=2",https://encrypted-tbn2.gstatic.com/shopping?q=tbn:ANd9GcT39z6gaP59lVdLyJsk2BPXO9x2QcC_TM7URHg2cphUFvphbAztBREqT2HhllSx_JYuP1y1fejcV8OHAimXMTeCcO4SOVLgDPsztXcYjxxIEfPvUapCl4-D,,,,,,,,,,,,,,,,,,False,False,US,Walmart - Powered By Tek,21.0,ipads
14798528807150141861,Apple iPad (7th Gen) - Gray - 32 GB - Wi-Fi,120.0,,,3.1,253.0,"https://www.google.com/search?ibp=oshop&q=iPad&prds=localAnnotatedOfferId:1,productid:14798528807150141861,pvo:2,pvt:hg,rds:PC_6027158597472037202%7CPROD_PC_6027158597472037202&gl=us&udm=28&pvorigin=2",https://encrypted-tbn0.gstatic.com/shopping?q=tbn:ANd9GcQXy3uixyaLxQc-8sfmUiMzdxKZgIDUpLOg8mgggspmoA7sXxpO4CKX6x1fBnZ8RPw3OYTlTuHdzjdfKz6YiuepGBf8VG9aOQ,,,,,,,,,,,,,,,,,,False,False,US,Swappa,22.0,ipads
5906710265438822884,"Apple 9.7"" iPad Early 2018 32GB Wi-Fi Only",75.99,,,4.5,4.0,"https://www.google.com/search?ibp=oshop&q=iPad&prds=localAnnotatedOfferId:1,catalogid:5906710265438822884,pvo:2,pvt:hg,rds:PC_6027158597472037202%7CPROD_PC_6027158597472037202&gl=us&udm=28&pvorigin=2",https://encrypted-tbn2.gstatic.com/shopping?q=tbn:ANd9GcQ0W75uMqqfQqu6kzTrV7WGJ6OkLlzgkBp_93G9fbOaN6B2Ur3vDUuOMv2zVDLO07WAVNA82cMmMaYYFbl7GqVQUR96PudQd5QkqBY_In8,,,,,,,,,,,,,,,,,,False,False,US,Walmart - Device Refresh LLC,23.0,ipads
16130860235058068418,Recertified - Apple iPad 5th Generation 32GB Silver (WiFi) Grade B,97.16,,,,,"https://www.google.com/search?ibp=oshop&q=iPad&prds=localAnnotatedOfferId:1,productid:16130860235058068418,pvo:2,pvt:hg,rds:PC_6027158597472037202%7CPROD_PC_6027158597472037202&gl=us&udm=28&pvorigin=2",https://encrypted-tbn2.gstatic.com/shopping?q=tbn:ANd9GcQREYOLbFPiOhVmDqkRwQWnQor0BCzJJOGO60w4hqssBX1ifcpD0gfWnQumtCh8mGZGMIGPHWJkjZhPnhr3ccO9F3gVV1nscFY4H5y1-Yfy6XYQ3Gjtya8uWAX2,,,,,,,,,,,,,,,,,,False,False,US,Newegg.com - JemJem,24.0,ipads
16218331468356157784,"Joyus Apple iPad Air 10.5"" 3rd Gen 64GB Wi-Fi Accessories Bundle",179.99,,,5.0,3.0,"https://www.google.com/search?ibp=oshop&q=iPad&prds=localAnnotatedOfferId:1,catalogid:16218331468356157784,pvo:2,pvt:hg,rds:PC_6027158597472037202%7CPROD_PC_6027158597472037202&gl=us&udm=28&pvorigin=2",https://encrypted-tbn2.gstatic.com/shopping?q=tbn:ANd9GcRjf1eIF3KQGlWLVpgE1DBaLqOqS2WUvReED0rAJLwuSRIXVjNSnKSX8BiFok0LAna4dmjpvQmGW8nfFqwtt85f_4Y_DCx6k2g8TYkuoiMRv0cGlUMjG4r5mA,,,,,,,,,,,,,,,,,,False,False,US,Entrepreneur,25.0,ipads
15325403366322377665,Apple 9.7 iPad Pro,118.73,,,4.7,3800.0,"https://www.google.com/search?ibp=oshop&q=iPad&prds=localAnnotatedOfferId:1,catalogid:15325403366322377665,pvo:2,pvt:hg,rds:PC_6027158597472037202%7CPROD_PC_6027158597472037202&gl=us&udm=28&pvorigin=2",https://encrypted-tbn2.gstatic.com/shopping?q=tbn:ANd9GcTB4jm1y-6Qv1xqrOk_0jW_7Ze4r9wrQsgtxaMuok39VqrD0Po9Z1CCQC0PBp6YPiN2DU4vuPFnmFGgdQyePYtwg1Z2t46b5ANgzwynWNY,,,,,,,,,,,,,,,,,,False,False,US,Walmart - Wireless Source,26.0,ipads
1025367822329561886,"Apple iPad Air Wi-Fi - 1st generation - tablet - 16 GB - 9.7"" IPS (2048 x 1536) - silver",284.99,,,4.6,5600.0,"https://www.google.com/search?ibp=oshop&q=iPad&prds=localAnnotatedOfferId:1,catalogid:1025367822329561886,pvo:2,pvt:hg,rds:PC_6027158597472037202%7CPROD_PC_6027158597472037202&gl=us&udm=28&pvorigin=2",https://encrypted-tbn2.gstatic.com/shopping?q=tbn:ANd9GcTtkX0-LHc-mkA6UWRQ6RHvss4K_oxywkzRq9_fbQiRZN_hOsNuhgWnPo220aQfpUgCLtDYwEoBE5YFnYxkSOlAdfqdupAE,,,,,,,,,,,,,,,,,,False,False,US,PickYourPlum,27.0,ipads
14688020169196299805,Apple iPad 6th Generation Mr7j2ll/a 9.7 inch Tablet 128gb WiFi,84.96,,,4.2,215.0,"https://www.google.com/search?ibp=oshop&q=iPad&prds=localAnnotatedOfferId:1,catalogid:14688020169196299805,pvo:2,pvt:hg,rds:PC_6027158597472037202%7CPROD_PC_6027158597472037202&gl=us&udm=28&pvorigin=2",https://encrypted-tbn3.gstatic.com/shopping?q=tbn:ANd9GcSud3OfVp_dsmciP7oZqBYsU8DqLd2N_1eKGCyXEC6ISsB27I6qKNDiCOqpcPiP7O7NN3TTagB_Zc7osbolXCpQ10OYCQEaMn_pNZV7jYb-J5De6Zj5gbyp,,,,,,,,,,,,,,,,,,False,False,US,Walmart - Kiss Electronics Inc,28.0,ipads
11641495633413656972,APPLE iPad Air Wi-fi + Cell 64gb,395.0,,,4.8,29.0,"https://www.google.com/search?ibp=oshop&q=iPad&prds=localAnnotatedOfferId:1,catalogid:11641495633413656972,pvo:2,pvt:hg,rds:PC_6027158597472037202%7CPROD_PC_6027158597472037202&gl=us&udm=28&pvorigin=2",https://encrypted-tbn1.gstatic.com/shopping?q=tbn:ANd9GcR9gTWQzrnApLJMZXF8HymSuak4hLUAvSZweegGxI5rFM9AJkYqQB5jLqqLsT21Txkjp4kZTY7jdMlo5YzxwRcm332N854HlUVK0tjNm40Brofy0hOgsZo8,,,,,,,,,,,,,,,,,,False,False,US,Swappa,29.0,ipads
15192846665556197421,"Apple - Refurbished Excellent - iPad 5th Gen 9.7-inch with Wi-Fi only, 128GB - Space Gray",109.0,,,,,"https://www.google.com/search?ibp=oshop&q=iPad&prds=localAnnotatedOfferId:1,productid:15192846665556197421,pvo:2,pvt:hg,rds:PC_6027158597472037202%7CPROD_PC_6027158597472037202&gl=us&udm=28&pvorigin=2",https://encrypted-tbn2.gstatic.com/shopping?q=tbn:ANd9GcQ582dV6vpJ6AOehPerlM2cOkbMKqHDNsrUaPeqP66eRMj8Rrs4CxzZCma02qpSz0HzCE3aqOtXBrtF7hAJSGSgIFWChRPUQLqVJR8BIaqK5N_s7J42MSX6,,,,,,,,,,,,,,,,,,False,False,US,Best Buy,30.0,ipads
2161278794144148814,Apple iPad with Wifi,115.0,,,3.8,22.0,"https://www.google.com/search?ibp=oshop&q=iPad&prds=localAnnotatedOfferId:1,catalogid:2161278794144148814,pvo:2,pvt:hg,rds:PC_6027158597472037202%7CPROD_PC_6027158597472037202&gl=us&udm=28&pvorigin=2",https://encrypted-tbn3.gstatic.com/shopping?q=tbn:ANd9GcTrCMktPruYvpTF12_RpEYa_pHwHNrzpOqf0Vgx4Zmgj-Up7e3TLsdsW7-10rXJ2suMPbYvd-OVPXoCON1EPaggJ_Vf80FMGMajq_-iYTk,,,,,,,,,,,,,,,,,,False,False,US,Walmart - Wombat Reserve,31.0,ipads
13682115951394030800,Apple iPad A16 11 Inch WiFi 128GB Tablet,758.9,,,4.8,68000.0,"https://www.google.com/search?ibp=oshop&q=iPad&prds=localAnnotatedOfferId:1,productid:13682115951394030800,pvo:2,pvt:hg,rds:PC_6027158597472037202%7CPROD_PC_6027158597472037202&gl=us&udm=28&pvorigin=2",https://encrypted-tbn0.gstatic.com/shopping?q=tbn:ANd9GcRqEb68qgARm7Hhf4dLv6RsClSOnnItdPSDc8_k3Ue-2mgGEHOP-sopIouykALNSPY1vnRj7wdV9E9o90hwPAU0lABwjdTj,,,,,,,,,,,,,,,,,,False,False,US,mcgrocer.com,32.0,ipads
4745134320295966252,Apple iPad 7,104.49,,,4.4,8.0,"https://www.google.com/search?ibp=oshop&q=iPad&prds=localAnnotatedOfferId:1,catalogid:4745134320295966252,pvo:2,pvt:hg,rds:PC_6027158597472037202%7CPROD_PC_6027158597472037202&gl=us&udm=28&pvorigin=2",https://encrypted-tbn2.gstatic.com/shopping?q=tbn:ANd9GcSUWGOT4LBVcikE87vkH8o_2iKCISrrQmTUF2xo5EsER8GJUH7V0aPaPd2Gpx_EtIK5_8UmZ6nuRPrPc3AfB6nSzCeEul1kxg038kR00Y6Spr8FTd9qtTUr,,,,,,,,,,,,,,,,,,False,False,US,Walmart - Wireless Source,33.0,ipads
8077420793158015165,"Apple iPad Mini 6 (64GB, Wi-Fi, Pink) Bundle with Blue Moroccan Sleeve",534.95,,,,,"https://www.google.com/search?ibp=oshop&q=iPad&prds=localAnnotatedOfferId:1,productid:8077420793158015165,pvo:2,pvt:hg,rds:PC_6027158597472037202%7CPROD_PC_6027158597472037202&gl=us&udm=28&pvorigin=2",https://encrypted-tbn0.gstatic.com/shopping?q=tbn:ANd9GcRddhfElRh1KAYIUa6oco7Jz9O9cOZOxKj-bvyY1O9f8E16Li4kw39uZKbTItQelJzGiDKFOn5GaFsxriV32HJu1cN3cJOQT0m4eq8domzWeb8JdZy7OclbzQ,,,,,,,,,,,,,,,,,,False,False,US,6 Ave Electronics,34.0,ipads
5298542956073747010,Apple iPad Pro 2nd Generation 12.9 inch Tablet 256gb WiFi,249.99,,,4.1,11.0,"https://www.google.com/search?ibp=oshop&q=iPad&prds=localAnnotatedOfferId:1,catalogid:5298542956073747010,pvo:2,pvt:hg,rds:PC_6027158597472037202%7CPROD_PC_6027158597472037202&gl=us&udm=28&pvorigin=2",https://encrypted-tbn3.gstatic.com/shopping?q=tbn:ANd9GcRcCPYQ0OH_hZ7t8lUWjvyPPW-_qv8MC9yQyDfBmWZamWLUiXfm1pUFm8LN2rIQmK7t8cz8qwOzwKAIotdeSEZVmENlQS98N47tZn8qvJIJ,,,,,,,,,,,,,,,,,,False,False,US,Walmart - Wireless Source,35.0,ipads
624558157918911929,Apple iPad Refurbished Wi-Fi 32GB - Gold (6th Generation) Pristine Condition,419.99,,,4.6,34.0,"https://www.google.com/search?ibp=oshop&q=iPad&prds=localAnnotatedOfferId:1,productid:624558157918911929,pvo:2,pvt:hg,rds:PC_6027158597472037202%7CPROD_PC_6027158597472037202&gl=us&udm=28&pvorigin=2",https://encrypted-tbn3.gstatic.com/shopping?q=tbn:ANd9GcTYaHeiKHU1AOghsIUG1-EvAU1MDM9RHlhdqffx2_T_VvlJ6DWvjLtxudvHF6HCWtFXAV1n-EGO26WS7ZC_uiUhNALsR4dH-mx7L0JYOOSUE0WY-tusCHPe,,,,,,,,,,,,,,,,,,False,False,US,Smart Cellular,36.0,ipads
16370682809276549055,Apple iPad with WiFi,104.0,,,4.2,25.0,"https://www.google.com/search?ibp=oshop&q=iPad&prds=localAnnotatedOfferId:1,catalogid:16370682809276549055,pvo:2,pvt:hg,rds:PC_6027158597472037202%7CPROD_PC_6027158597472037202&gl=us&udm=28&pvorigin=2",https://encrypted-tbn0.gstatic.com/shopping?q=tbn:ANd9GcQlnS_3r2gwjeMmNMzjpG16SQaO3oZooXzlen5uplVEzpvyUcnZrPC0u4Vn85PwCgqiM0SHiIkObeZJIYB75QUb2YuOMHD1mxyVnGTPiYk,,,,,,,,,,,,,,,,,,False,False,US,Walmart - Wombat Reserve,37.0,ipads
11597654203369761203,"Apple iPad Pro 12.9"" 1st Gen 32GB",84.96,,,4.1,17.0,"https://www.google.com/search?ibp=oshop&q=iPad&prds=localAnnotatedOfferId:1,catalogid:11597654203369761203,pvo:2,pvt:hg,rds:PC_6027158597472037202%7CPROD_PC_6027158597472037202&gl=us&udm=28&pvorigin=2",https://encrypted-tbn0.gstatic.com/shopping?q=tbn:ANd9GcTAqtE2GBJQPEbtI-omRlC9DHNb5vv5ZuPyo6WfdvBLV2Audahl04WzU7LyD12x2Eq-K-wUCRuTIiC1kbG4MmYD8UaHQjuXLiSq3ZAGWDUh,,,,,,,,,,,,,,,,,,False,False,US,Walmart - Kiss Electronics Inc,39.0,ipads
15011856225089479733,"Apple iPad Mini 6 (64GB, Wi-Fi, Pink) Bundle with Purple Moroccan Sleeve",534.95,,,,,"https://www.google.com/search?ibp=oshop&q=iPad&prds=localAnnotatedOfferId:1,productid:15011856225089479733,pvo:2,pvt:hg,rds:PC_6027158597472037202%7CPROD_PC_6027158597472037202&gl=us&udm=28&pvorigin=2",https://encrypted-tbn2.gstatic.com/shopping?q=tbn:ANd9GcTKzwwwR7C1v_xJAXAHHanD5zSV2jif1FZP5rU5jTh6x3IZ0JQVEWChxI0joT0y36jeuR07xKDzv7In4ivGgE3WLnyu7O0ATCbnM_5uhihUXPrsPaal9Dpf,,,,,,,,,,,,,,,,,,False,False,US,6 Ave Electronics,40.0,ipads
