asin,product_title,product_price,product_original_price,currency,product_star_rating,product_num_ratings,product_url,product_photo,product_num_offers,product_minimum_offer_price,is_best_seller,is_amazon_choice,is_prime,climate_pledge_friendly,sales_volume,delivery,has_variations,coupon_text,product_badge,product_availability,book_format,product_byline,price_missing,has_discount
B0HDL4XK65,هواوي ميت بوك دي 16 2024 16 بوصة i5-13420H UMA 8GB SSD 512GB فضي ميستيك ويندوز 11 هوم,,,SAR,,0,https://www.amazon.sa/dp/B0HDL4XK65,https://m.media-amazon.com/images/I/51MQ6U7wSrL._AC_UL960_QL65_.jpg,1,,False,False,False,False,,توصيل مجاني السبت، 12 سبتمبرأو توصيل أسرع غداً، 11 سبتمبر,False,,,,,,True,False
B0H9LSMHWC,لابتوب 15.6 انش (جديد) بمعالج N95 رباعي النواة (حتى 3.4GHz) وذاكرة RAM DDR4 سعة 16GB وSSD 256GB وويندوز 11 برو من ايس ماجيك,,,SAR,4.4,223,https://www.amazon.sa/dp/B0H9LSMHWC,https://m.media-amazon.com/images/I/71fce3pQz-L._AC_UL960_QL65_.jpg,1,,False,False,False,False,,توصيل مجاني غداً، 11 سبتمبرأو توصيل أسرع غداً 1 م,False,"أنت تدفع ‏1,599.99 ريال باستخدام القسيمة",وفر 15%,,,,True,False
B0BHPZZLVG,ديل لابتوب لاتيتيود 5000 5420 (2021) | 14 انش HD | كور i5 - 512GB SSD - ذاكرة RAM 16GB | رباعي النواة @ 4.4GHz - وحدة المعالجة المركزية الجيل 11 ويندوز 11 برو (مجدد),,,SAR,3.0,2,https://www.amazon.sa/dp/B0BHPZZLVG,https://m.media-amazon.com/images/I/614L0tVSDrS._AC_UL960_QL65_.jpg,1,,False,False,False,False,,توصيل مجاني السبت، 12 سبتمبرأو توصيل أسرع غداً، 11 سبتمبر,False,,,,,,True,False
B0CRVF3GRR,لابتوب ايليت بوك 845 G8 للأعمال، شاشة 14 بوصة FHD (1920 × 1080)، معالج AMD رايزن 5 برو 5650U 2.3-4.2 جيجاهرتز، ذاكرة RAM 16 جيجابايت، SSD سعة تخزين 512 جيجابايت، ويندوز 10 برو، فضي (مجدد) من اتش بي,,,SAR,3.2,29,https://www.amazon.sa/dp/B0CRVF3GRR,https://m.media-amazon.com/images/I/71L9gIOsVVL._AC_UL960_QL65_.jpg,1,,False,False,False,False,,توصيل مجاني الخميس، 17 سبتمبر,False,,,,,,True,False
B0D2YDZWC1,لينوفو لابتوب 2 في 1 للطلاب الجيل الثالث 500 واط بشاشة لمس HD 11.6 انش ومعالج انتل بنتيوم سيلفر N6000 وذاكرة RAM 8GB وSSD 128GB وHDMI وكاميرا ويب وقارئ بطاقات MicroSD ولوحة لمس وواي فاي 6 وويندوز 11,715.24,851.16,SAR,3.9,13,https://www.amazon.sa/dp/B0D2YDZWC1,https://m.media-amazon.com/images/I/71JucJmjm5L._AC_UL960_QL65_.jpg,1,606.95,False,False,False,False,,توصيل مجاني الخميس، 17 سبتمبر,False,,,,,,False,True
B0H9LLHGNT,لابتوب محمول 15.6 انش ويندوز 11 برو وذاكرة RAM 16GB وSSD 256GB وشاشة FHD 1080P ومعالج 3855U وكيبورد باضاءة خلفية وقارئ بصمات اصابع وUSB 3.0 وبطارية 5000mAh للعمل والمدرسة,997.99,997.99,SAR,,0,https://www.amazon.sa/dp/B0H9LLHGNT,https://m.media-amazon.com/images/I/81d0QmDqUyL._AC_UL960_QL65_.jpg,1,997.99,False,False,False,False,,توصيل مجاني الاثنين، 28 سبتمبريشحن من خارج السعودية,False,,,,,,False,False
B08928KC6X,لابتوب لينوفو ثينك باد T490 بمعالج انتل كور i5-8365U وذاكرة رام 16GB ومحرك أقراص SSD 256GB وشاشة 14 بوصة بدقة FHD وواي فاي وبلوتوث وكاميرا ونظام تشغيل ويندوز 11 برو ولوحة مفاتيح (QWERTZ)-(مجدد),,,SAR,3.5,72,https://www.amazon.sa/dp/B08928KC6X,https://m.media-amazon.com/images/I/61Nepr+fofL._AC_UL960_QL65_.jpg,1,,False,False,False,False,,توصيل مجاني السبت، 12 سبتمبرأو توصيل أسرع غداً، 11 سبتمبرتبقى 1 فقط - اطلبه الآن.,False,,,تبقى 1 فقط - اطلبه الآن.,,,True,False
B0GR6FZ77W,لابتوب آبل ماك بوك نيو 2026 13 بوصة شريحة A18 برو شاشة ليكويد ريتينا مصممة لذكاء اصطناعي وذكاء آبل وذاكرة موحدة 8 جيجابايت ووسيط تخزين ذو حالة ثابتة 256 جيجابايت، إنجليزي، زهري,,,SAR,4.2,33,https://www.amazon.sa/dp/B0GR6FZ77W,https://m.media-amazon.com/images/I/61MxIxzYvUL._AC_UL960_QL65_.jpg,1,,False,False,False,False,,توصيل مجاني اليوم 6:13 م,True,,,,,,True,False
B0DZZWMB2L,لابتوب ألعاب أسوس روج ستريكس G16 (2025)، شاشة 16 بوصة FHD+ 16:10 165هرتز/3 ميلي ثانية، وحدة معالجة رسومات انفيديا جيفورس RTX 5060، معالج انتل كور i7 14650HX، 16 جيجا DDR5، واي فاي 7، ويندوز 11 هوم,,,SAR,4.5,559,https://www.amazon.sa/dp/B0DZZWMB2L,https://m.media-amazon.com/images/I/81n1T4CYfmL._AC_UL960_QL65_.jpg,1,,False,False,False,False,,توصيل مجاني سبتمبر 13 - 14تبقى 1 فقط - اطلبه الآن.,False,,,تبقى 1 فقط - اطلبه الآن.,,,True,False
B07G66MSRH,لينوفو الترا بوك اكس 1 كربون الجيل السادس: كور i7-8550U، ذاكرة رام 16 جيجابايت، هارد SSD 512 جيجابايت، شاشة FHD مقاس 14 بوصة، كيبورد باضاءة خلفية (مجدد),,,SAR,3.6,218,https://www.amazon.sa/dp/B07G66MSRH,https://m.media-amazon.com/images/I/61s575vLZsL._AC_UL960_QL65_.jpg,1,,False,False,False,False,,توصيل مجاني غداً، 11 سبتمبرأو توصيل أسرع غداً 1 متبقى 1 فقط - اطلبه الآن.,False,,,تبقى 1 فقط - اطلبه الآن.,,,True,False
B01I9FUARA,ديل لابتوب لاتيتيود 7470 رينيود بيزنس | وحدة معالجة مركزية كور i7-6600U | ذاكرة RAM 8GB | وسيط تخزين ذو حالة ثابتة 256GB (SSD) | شاشة 14 انش بدون لمس | ويندوز 10 برو | متجدد ممتاز,,,SAR,,0,https://www.amazon.sa/dp/B01I9FUARA,https://m.media-amazon.com/images/I/61Xc7MGu4WL._AC_UL960_QL65_.jpg,1,,False,False,False,False,,توصيل مجاني غداً، 11 سبتمبرأو توصيل أسرع غداً 1 متبقى 4 فقط - اطلبه الآن.,False,,,تبقى 4 فقط - اطلبه الآن.,,,True,False
B07MDV2JG9,لابتوب من أسوس، بمعالج إنتل، شاشة 15.6 إنش، وذاكرة رام 8 جيجابايت,,,SAR,4.1,17,https://www.amazon.sa/dp/B07MDV2JG9,https://m.media-amazon.com/images/I/718PiEKJHTL._AC_UL960_QL65_.jpg,1,,False,False,False,False,,توصيل مجاني غداً، 11 سبتمبرأو توصيل أسرع غداً 1 متبقى 1 فقط - اطلبه الآن.,False,,,تبقى 1 فقط - اطلبه الآن.,,,True,False
B0F8KSNL6B,لابتوب فيفوبوك 14 X1407QA-LY034W، شاشة 14 بوصة WUXGA (1920×1200) 60Hz، معالج كوالكوم سنابدراجون X1 SE /16 GB رام DDR5/512 GB SSD/كاميرا FHD/1.49 كجم/شحن نوع C/ويندوز 11 /لوحة مفاتيح إنجليزي-عربي/أزرق,,,SAR,4.5,5,https://www.amazon.sa/dp/B0F8KSNL6B,https://m.media-amazon.com/images/I/61rWn1h+fgL._AC_UL960_QL65_.jpg,1,,False,False,False,False,,توصيل مجاني غداً، 11 سبتمبرأو توصيل أسرع غداً 1 متبقى 2 فقط - اطلبه الآن.,False,,,تبقى 2 فقط - اطلبه الآن.,,,True,False
B0FWCDR115,HP لابتوب اليت بوك 840 G8 بشاشة FHD مقاس 14 انش ومعالج انتل كور i5 1135G7 وذاكرة RAM 8GB وSSD 256GB وويندوز 11 برو لمدة 3 سنوات (مجدد),,,SAR,,0,https://www.amazon.sa/dp/B0FWCDR115,https://m.media-amazon.com/images/I/61Kcnop+5vL._AC_UL960_QL65_.jpg,1,,False,False,False,False,,توصيل مجاني غداً، 11 سبتمبرأو توصيل أسرع غداً 1 متبقى 2 فقط - اطلبه الآن.,False,,,تبقى 2 فقط - اطلبه الآن.,,,True,False
B0GL948QH1,لابتوب فيفو بوك 15.6 بوصة FHD X1504VA-BQ575W، معالج انتل كور 5 120U 10 أنوية برام 16GB DDR تخزين 512GB M.2 NVMe وكاميرا HD بوزن 1.7 كجم، ويندوز 11 (اللغة العربية غير مؤكدة للكيبورد)، من اسوس، فضي,,,SAR,4.6,5,https://www.amazon.sa/dp/B0GL948QH1,https://m.media-amazon.com/images/I/718PiEKJHTL._AC_UL960_QL65_.jpg,2,,False,False,False,False,,توصيل مجاني الأحد، 13 سبتمبرتبقى 3 فقط - اطلبه الآن.,False,,,تبقى 3 فقط - اطلبه الآن.,,,True,False
B0H2BJ7373,لابتوب 15-fd2010nx بالايه اي بشاشة 15.6 بوصة FHD بمعالج انتل كور الترا 5 225U وبطاقة رسومات انتل وذاكرة رام 8 جيجابايت وقرص صلب SSD بسعة 256GB ونظام تشغيل ويندوز11 هوم من اتش بي، أزرق قمري - D80X2EA,,,SAR,,0,https://www.amazon.sa/dp/B0H2BJ7373,https://m.media-amazon.com/images/I/71E2jml1SmL._AC_UL960_QL65_.jpg,1,,False,False,False,False,,توصيل مجاني غداً، 11 سبتمبرأو توصيل أسرع غداً 1 م,False,,,,,,True,False
B0C8171GTK,لابتوب من HP، بمعالج إنتل، شاشة 14 إنش، وذاكرة رام 4 جيجابايت,,,SAR,4.5,310,https://www.amazon.sa/dp/B0C8171GTK,https://m.media-amazon.com/images/I/61s595ANBTL._AC_UL960_QL65_.jpg,1,,False,False,False,False,,,False,,,,,,True,False
B0HBHXZGJZ,لابتوب هويتبات TK-N400 بشاشة 15.6 انش FHD IPS ومعالج انتل سيليرون N4000 وذاكرة RAM 8GB DDR4 وذاكرة SSD M.2 512GB وبطاقة رسومات انتل UHD مدمجة وكاميرا HD وويندوز 11 برو,,,SAR,2.0,1,https://www.amazon.sa/dp/B0HBHXZGJZ,https://m.media-amazon.com/images/I/61LdGNtO5ML._AC_UL960_QL65_.jpg,1,,False,False,False,False,,توصيل مجاني سبتمبر 17 - 19يشحن من خارج السعودية,False,,,,,,True,False
B0G81PTS4W,لاب توب اتش بي طراز 15-fd1054nx، شاشة FHD فائقة الدقة 15.6 بوصة، انتل كور الترا 7-155H، بطاقة رسومات انتل ارك، ذاكرة رام 16 جيجابايت، ذاكرة SSD 512 جيجابايت، ويندوز 11 هوم، فضي طبيعي - D2JR0EA,,,SAR,1.6,4,https://www.amazon.sa/dp/B0G81PTS4W,https://m.media-amazon.com/images/I/71qrcow2QvL._AC_UL960_QL65_.jpg,1,,False,False,False,False,تم شراء 50+ سلعة في الشهر الماضي,توصيل مجاني غداً، 11 سبتمبرأو توصيل أسرع غداً 1 م,False,,,,,,True,False
B0DTBPC46X,لابتوب لينوفو ايديا باد سليم 3X 2025 بشاشة WUXGA مقاس 15.3 بوصة وذاكرة 16 جيجابايت وسعة تخزين 512 جيجابايت ومعالج كوالكوم سناب دراجون بنظام ويندوز 11 هوم، لون لونا جراي,,,SAR,4.4,223,https://www.amazon.sa/dp/B0DTBPC46X,https://m.media-amazon.com/images/I/71nYpJKrGNL._AC_UL960_QL65_.jpg,1,,False,False,False,False,,تبقى 2 فقط - اطلبه الآن.,False,,,تبقى 2 فقط - اطلبه الآن.,,,True,False
B0G5ZDXH49,HP لابتوب ايليت بوك 850 G3 مجدد، شاشة 15.6 انش، انتل كور i5 6200U، ذاكرة رام 8 جيجا DDR4، 256 جيجا اس اس دي، ويندوز 11، فضي (مجدد),,,SAR,1.0,1,https://www.amazon.sa/dp/B0G5ZDXH49,https://m.media-amazon.com/images/I/71GWnfyJXFL._AC_UL960_QL65_.jpg,1,,False,False,False,False,,توصيل مجاني غداً، 11 سبتمبرأو توصيل أسرع غداً 1 متبقى 3 فقط - اطلبه الآن.,False,,,تبقى 3 فقط - اطلبه الآن.,,,True,False
B07FP1CX9H,ديل لاب توب لاتيتيود 5490 XXPKH (ويندوز 10 برو، انتل i5-8250U، شاشة LCD 14 بوصة، التخزين: 256 جيجابايت، ذاكرة رام: 8 جيجابايت) اسود (مجدد),,,SAR,3.2,2,https://www.amazon.sa/dp/B07FP1CX9H,https://m.media-amazon.com/images/I/51hOS9dP2FL._AC_UL960_QL65_.jpg,1,,False,False,False,False,,توصيل مجاني غداً، 11 سبتمبرأو توصيل أسرع غداً 1 متبقى 3 فقط - اطلبه الآن.,False,,,تبقى 3 فقط - اطلبه الآن.,,,True,False
B0DT6NHDTP,ديل لابتوب لاتيتيود 5500 | 15.6 انش 1366x768 HD | كور i7-8665U - قرص صلب 512GB SSD - ذاكرة RAM 16GB | رباعي النواة @ 4.8GHz ويندوز 11 برو اسود (مجدد),,,SAR,2.0,3,https://www.amazon.sa/dp/B0DT6NHDTP,https://m.media-amazon.com/images/I/61frSP0Sd1S._AC_UL960_QL65_.jpg,1,,False,False,False,False,,توصيل مجاني غداً، 11 سبتمبرأو توصيل أسرع غداً 1 متبقى 3 فقط - اطلبه الآن.,False,,,تبقى 3 فقط - اطلبه الآن.,,,True,False
B0H4127RS5,لابتوب العاب من كايجر (جديد) بشاشة 16 انش ومعالج AMD رايزن 7 7730U (8C/16T، حتى 4.5GHz)، ذاكرة RAM 16GB وSSD NVMe 512GB، ويندوز 11 عالي الاداء، حتى 2TB، بطاقة رسومات راديون RX فيجا 8، واي فاي 6,,,SAR,4.1,63,https://www.amazon.sa/dp/B0H4127RS5,https://m.media-amazon.com/images/I/71eXzgqjERL._AC_UL960_QL65_.jpg,1,,False,False,False,False,,توصيل مجاني السبت، 12 سبتمبرأو توصيل أسرع غداً، 11 سبتمبر,False,,عرض لمدة محدودة,,,,True,False
B0CV14SH74,لاب توب ميت بوك دي 14 (2023) بمعالج كور i5 الجيل 12، 14 جيجابايت 512 جيجابايت مع شاشة عرض كاملة 16 بوصة ووندوز 11 بجودة FHD من هواوي,,,SAR,3.6,22,https://www.amazon.sa/dp/B0CV14SH74,https://m.media-amazon.com/images/I/51RLdJyXyoL._AC_UL960_QL65_.jpg,1,,False,False,False,False,,توصيل بـ‏12 ريال سبتمبر 13 - 14تبقى 1 فقط - اطلبه الآن.,False,,,تبقى 1 فقط - اطلبه الآن.,,,True,False
B0BXRMMNH5,اسس لابتوب فيفوبوك 15، شاشة 15.6 انش FHD (1920×1080)، وحدة معالجة مركزية انتل كور i3-1215U، بطاقة رسومات انتل UHD، ذاكرة RAM 8GB، SSD 128GB، ويندوز 11 هوم في وضع S، ازرق هادئ، F1504ZA-AS34,,,SAR,,0,https://www.amazon.sa/dp/B0BXRMMNH5,https://m.media-amazon.com/images/I/71BVGVy9nQL._AC_UL960_QL65_.jpg,1,,False,False,False,False,,,False,,,,,,True,False
B0GDV3JBYZ,لابتوب إليت بوك من إتش بي بمعالج إنتل بشاشة 14.0 بوصة و رام 16.0 جيجابايت و 512 جيجابايت SSD و كور i5-1135G7 مجدد,,,SAR,2.3,7,https://www.amazon.sa/dp/B0GDV3JBYZ,https://m.media-amazon.com/images/I/61iKQa6O7hL._AC_UL960_QL65_.jpg,1,,False,False,False,False,,توصيل مجاني غداً، 11 سبتمبرأو توصيل أسرع غداً 1 متبقى 1 فقط - اطلبه الآن.,False,,,تبقى 1 فقط - اطلبه الآن.,,,True,False
B0DT5XN264,ديل لابتوب لاتيتيود 7420 | 14 انش 1920x1080 FHD | كور i5-1145G7-512GB SSD - ذاكرة RAM 16GB | رباعي النواة @ 4.4GHz بدون نظام تشغيل اسود (مجدد),,,SAR,,0,https://www.amazon.sa/dp/B0DT5XN264,https://m.media-amazon.com/images/I/61CPjvkKW7S._AC_UL960_QL65_.jpg,1,,False,False,False,False,,توصيل مجاني غداً، 11 سبتمبرأو توصيل أسرع غداً 1 متبقى 2 فقط - اطلبه الآن.,False,,,تبقى 2 فقط - اطلبه الآن.,,,True,False
B0GR6MJSCG,لابتوب آبل ماك بوك نيو 2026 13 بوصة شريحة A18 برو بشاشة ليكويد ريتينا مصممة للذكاء الاصطناعي وذكاء آبل بذاكرة موحدة 8 جيجابايت وSSD سعة 512 جيجابايت وخاصية التعرف باللمس، أزرق نيلي، انجليزي,,,SAR,4.9,37,https://www.amazon.sa/dp/B0GR6MJSCG,https://m.media-amazon.com/images/I/619PNoEsnSL._AC_UL960_QL65_.jpg,1,,False,False,False,False,,توصيل مجاني غداً، 11 سبتمبرأو توصيل أسرع غداً 1 متبقى 2 فقط -- (سيتوفر المزيد قريباً).,True,,,تبقى 2 فقط -- (سيتوفر المزيد قريباً).,,,True,False
B0FFMJ72C3,اسس لابتوب فيفوبوك 17 X1704VA بشاشة 17.3 انش FHD 16:9 IPS، انتل كور 7 150U، ذاكرة RAM 16GB، SSD 512GB، انتل ايريس Xe، ويندوز 11 هوم، كويرتز، فضي,,,SAR,4.0,55,https://www.amazon.sa/dp/B0FFMJ72C3,https://m.media-amazon.com/images/I/71uxtB8nDyL._AC_UL960_QL65_.jpg,1,,False,False,False,False,,توصيل مجاني الجمعة، 18 سبتمبر,False,,,,,,True,False
B0C7MPZRF4,HP لابتوب كروم بوك الاحدث 2023، شاشة 14 انش، معالج انتل سيليرون N4120، ذاكرة RAM 4GB، تخزين 128GB (64GB eMMC + بطاقة MSD 64GB)، بطاقة رسومات انتل UHD 600، واي فاي، بلوتوث، نظام تشغيل كروم، رمادي عصري,,,SAR,4.4,76,https://www.amazon.sa/dp/B0C7MPZRF4,https://m.media-amazon.com/images/I/51PsNbMd-CL._AC_UL960_QL65_.jpg,1,,False,False,False,False,,تبقى 2 فقط - اطلبه الآن.,False,,,تبقى 2 فقط - اطلبه الآن.,,,True,False
B0FV996SZW,لابتوب انهونلاب بذاكرة RAM 32GB وSSD 512GB ومعالج 6500Y (بيتس N5095 حتى 3.4GHz)، شاشة 15.6 انش FHD IPS ويندوز 11 للطلاب والاعمال، واي فاي 5، بلوتوث 5.0، فضي,,,SAR,4.0,17,https://www.amazon.sa/dp/B0FV996SZW,https://m.media-amazon.com/images/I/61aJ5UrozjL._AC_UL960_QL65_.jpg,1,,False,False,False,False,,,False,,,,,,True,False
B0FSLGBVWY,لابتوب فيفو بوك برو N6506CU-MA014W 15.6 بوصة 3K (2880x1620) 120Hz، كور الترا 285H 9-16 نواة، رام 24GB DDR5 وتخزين 2TB SSD، انفيديا جيفورس RTX 4050 6GB وويندوز 11 وكيبورد عربي/انجليزي من اسوس، 1.8 كجم,,,SAR,4.8,7,https://www.amazon.sa/dp/B0FSLGBVWY,https://m.media-amazon.com/images/I/51nF+AxxDWL._AC_UL960_QL65_.jpg,1,,False,False,False,False,,توصيل مجاني غداً، 11 سبتمبرأو توصيل أسرع غداً 1 م,False,,,,,,True,False
B0FY77GFRN,لابتوب العاب لينوفو ليجون LOQ بالذكاء الاصطناعي انتل كور 13650HX-144Hz - شاشة 15.6 انش FHD - 144 هرتز انفيديا جيفورس RTX 5050 - ذاكرة 16 جيجابايت وتخزين 1 تيرابايت- انفيديا جي سينك، رمادي (Luna Grey),,,SAR,4.3,98,https://www.amazon.sa/dp/B0FY77GFRN,https://m.media-amazon.com/images/I/813oYBqM4GL._AC_UL960_QL65_.jpg,1,,False,False,False,False,,توصيل مجاني سبتمبر 17 - 20تبقى 2 فقط - اطلبه الآن. يشحن من خارج السعودية,False,,,تبقى 2 فقط - اطلبه الآن.,,,True,False
B0CQ2W7HG1,لابتوب ماك بوك برو 2019 مجدد بشاشة 16 بوصة وشريط لمس مع معالج انتل كور i9 ثماني النواة بسرعة 2.3GHz، ذاكرة رام 16GB، سعة تخزين 1TB، لوحة مفاتيح باللغة الإنجليزية من أبل، سبيس جراي,,,SAR,2.9,13,https://www.amazon.sa/dp/B0CQ2W7HG1,https://m.media-amazon.com/images/I/61ChzqHMR7S._AC_UL960_QL65_.jpg,1,,False,False,False,False,,توصيل مجاني غداً، 11 سبتمبرأو توصيل أسرع غداً 1 م,True,,,,,,True,False
B0GR7DHV9G,لابتوب آبل ماك بوك نيو 2026 13 بوصة شريحة A18 برو لاب توب إنجليزي مصمم للذكاء الاصطناعي بشاشة ليكويد رتينا وذاكرة موحدة 8 جيجابايت ووحدة تخزين SSD سعة 256 جيجابايت من آبل، أزرق (Indigo),,,SAR,4.2,33,https://www.amazon.sa/dp/B0GR7DHV9G,https://m.media-amazon.com/images/I/619PNoEsnSL._AC_UL960_QL65_.jpg,1,,False,False,False,False,تم شراء 50+ سلعة في الشهر الماضي,توصيل مجاني اليوم 6:13 م,True,,,,,,True,False
B0FWJWN37R,لابتوب فيفو بوك 15 رفيع | انتل كور i7-1355U، بطاقة رسومات انتل ايريس اكس، ذاكرة رام 16 جيجا، وسيط تخزين ذو حالة ثابتة 512 جيجا، شاشة 15.6 بوصة FHD، ويندوز 11 - فضي بارد [X1504VA-BQ715W] من اسوس,,,SAR,3.9,28,https://www.amazon.sa/dp/B0FWJWN37R,https://m.media-amazon.com/images/I/71oYHI5TnsL._AC_UL960_QL65_.jpg,1,,False,False,False,False,,توصيل مجاني الأحد، 13 سبتمبرتبقى 2 فقط - اطلبه الآن.,False,,,تبقى 2 فقط - اطلبه الآن.,,,True,False
B0D7BZ1GH9,لابتوب لاتيتيود 5400 من ديل، شاشة 14 بوصة بدقة 1366×768 HD ومعالج كور i5-8365U قرص صلب SSD سعة 256 جيجابايت - ذاكرة عشوائية 8 جيجابايت | 4 أنوية بسرعة 4.1 جيجاهرتز وويندوز 11 برو (معاد تجديده),,,SAR,2.8,14,https://www.amazon.sa/dp/B0D7BZ1GH9,https://m.media-amazon.com/images/I/61d5EQ8j7oS._AC_UL960_QL65_.jpg,1,,False,False,False,False,,توصيل مجاني سبتمبر 15 - 16تبقى 1 فقط - اطلبه الآن.,False,,,تبقى 1 فقط - اطلبه الآن.,,,True,False
B0FFJ16XQ9,اسس لابتوب العاب روج ستريكس G16 (2025) 16 انش FHD 16:10 165Hz/3ms انفيديا جيفورس RTX 5050 انتل كور i5-13450HX، 16GB DDR5-5600، 1TB PCIe جيل 4 SSD، واي فاي 7، ويندوز 11 هوم، G615JH-DS544 (,,,SAR,4.7,54,https://www.amazon.sa/dp/B0FFJ16XQ9,https://m.media-amazon.com/images/I/61LlFyN+B3L._AC_UL960_QL65_.jpg,1,,False,False,False,False,,توصيل مجاني سبتمبر 20 - 21يشحن من خارج السعودية,False,,,,,,True,False
B0FTQT4B28,لينوفو لابتوب ايديا باد للاعمال بشاشة لمس FHD 15.6 انش ومعالج انتل i5 جيل 13 10 نواة (حتى 4.6GHz)، ذاكرة RAM 16GB وSSD 1TB وكوبايلوت AI جاهز وواي فاي 6 وويندوز 11 برو مع مايكروسوفت اوفيس وUSB من دبليو,,,SAR,4.4,111,https://www.amazon.sa/dp/B0FTQT4B28,https://m.media-amazon.com/images/I/71d6wqPXB3L._AC_UL960_QL65_.jpg,3,,False,False,False,False,,توصيل مجاني الأحد، 13 سبتمبرتبقى 3 فقط - اطلبه الآن.,False,,,تبقى 3 فقط - اطلبه الآن.,,,True,False
B0G2SNLDQ1,لابتوب نوت بوك ايليت بوك 840 G8 14 بوصة (مجدد) | FHD - 1920 × 1080 | كور i5-1145G7-الجيل 11 | ذاكرة رام 16 جيجابايت - 512 جيجابايت SSD | ويندوز 11 من اتش بي,,,SAR,2.6,24,https://www.amazon.sa/dp/B0G2SNLDQ1,https://m.media-amazon.com/images/I/61TZARH0iIL._AC_UL960_QL65_.jpg,1,,False,False,False,False,,,False,,,,,,True,False
B0FWZN4QKQ,اسوس فيفوبوك 18.4 بوصة WUXGA+ 144 HZ، M1807HA-S8074W، AMD HAWK POINT R7 وNPU 16 TOPS، RAM DDR5 32 GB، SSD 1 TB M.2 NVMe PCIe 4.0، كاميرا FHD، لوحة مفاتيح AR-EN، USB-C، محول 65 واط، أزرق، ويندوز 11,,,SAR,5.0,1,https://www.amazon.sa/dp/B0FWZN4QKQ,https://m.media-amazon.com/images/I/61e+KAInRWL._AC_UL960_QL65_.jpg,1,,False,False,False,False,,توصيل مجاني السبت، 12 سبتمبرأو توصيل أسرع غداً، 11 سبتمبرتبقى 1 فقط - اطلبه الآن.,False,,,تبقى 1 فقط - اطلبه الآن.,,,True,False
B0GR1NN6ZS,لابتوب آبل ماك بوك برو 2026 بشريحة M5 برو و15 وحدة معالجة مركزية و16 وحدة لمعالجة الرسومات مصمم للذكاء الاصطناعي، شاشة ليكويد ريتينا XDR 14.2 بوصة، ذاكرة موحدة 24 جيجابايت، تخزين SSD 1 تيرابايت، فضي,,,SAR,5.0,3,https://www.amazon.sa/dp/B0GR1NN6ZS,https://m.media-amazon.com/images/I/612mEW+uoKL._AC_UL960_QL65_.jpg,2,,False,False,False,False,,توصيل مجاني غداً، 11 سبتمبرأو توصيل أسرع غداً 1 م,False,,,,,,True,False
B0FJ216RYW,لابتوب زين بوك 14 OLED UX3405CA شاشة OLED 2.8K 14 بوصة (معالج انتل كور الترا 5-255H، ذاكرة RAM 16GB هارد SSD بمنفذ PCIe 512GB، لوحة مفاتيح بإضاءة خلفية بتخطيط مملكة متحدة، نظام ويندوز 11) من اسوس | 14.0&quot; (1920x1200) Full HD OLED Touchscreen | UK Layout Backlit Keyboard | Windows 11 Home,,,SAR,3.6,23,https://www.amazon.sa/dp/B0FJ216RYW,https://m.media-amazon.com/images/I/31dsl6E6g+L._AC_UL800_QL65_.jpg,1,,False,False,False,False,,توصيل مجاني الاثنين، 14 سبتمبر,False,,,,,,True,False
B0D9PMTZFK,لابتوب سيرفيس 13.8 بوصة بمعالج 12 نواة ومساعد كوبايلوت بلس وشاشة حساسة للمس بمعدل 120HZ معالج سنابدراجون اكس اليت برام 16GB وتخزين 1 تيرابايت كيبورد إنجليزي وعربي من مايكروسوفت، أسود، نسخة السعودية,,,SAR,5.0,3,https://www.amazon.sa/dp/B0D9PMTZFK,https://m.media-amazon.com/images/I/51QHf1koyPL._AC_UL960_QL65_.jpg,1,,False,False,False,False,,توصيل مجاني السبت، 12 سبتمبرأو توصيل أسرع غداً، 11 سبتمبرتبقى 1 فقط -- (سيتوفر المزيد قريباً).,True,,,تبقى 1 فقط -- (سيتوفر المزيد قريباً).,,,True,False
B0BQRTQ1XK,سامسونج لابتوب جالكسي بوك 3 360 واي فاي، شاشة 13.3 انش، معالج انتل كور i5 الجيل 13، ذاكرة رام 8 جيجا، تخزين 256 جيجا، جرافيت - رسمي,,,SAR,3.6,43,https://www.amazon.sa/dp/B0BQRTQ1XK,https://m.media-amazon.com/images/I/61m82ljP+vL._AC_UL960_QL65_.jpg,1,,False,False,False,False,,توصيل بـ‏119.34 ريال الأربعاء، 16 سبتمبرأو توصيل أسرع الثلاثاء، 15 سبتمبرتبقى 3 فقط - اطلبه الآن.,False,,,تبقى 3 فقط - اطلبه الآن.,,,True,False
B0CSDLXJJN,لابتوب فوسترو 3000 3520 (2022) من ديل | شاشة FHD 15.6 بوصة | كور i3-256GB SSD - ذاكرة RAM 8GB | 2 كور بسرعة 4.1GHz - وحدة المعالجة المركزية ويندوز 11 برو الجيل 11,,,SAR,4.5,2,https://www.amazon.sa/dp/B0CSDLXJJN,https://m.media-amazon.com/images/I/81EBruFFYML._AC_UL960_QL65_.jpg,1,,False,False,False,False,,توصيل مجاني الأحد، 13 سبتمبرتبقى 1 فقط - اطلبه الآن.,False,,,تبقى 1 فقط - اطلبه الآن.,,,True,False
B0BSLLF6F6,لابتوب ام اس اي نوت بوك سليم 15 انش للالعاب، شاشة 15.6 انش FHD 144Hz، انتل كور i7-13620H، انفيديا جيفورس RTX 4050، ذاكرة RAM 16GB، SSD 512GB، ويندوز 11 هوم بلس، رمادي كوزموس,,,SAR,3.9,21,https://www.amazon.sa/dp/B0BSLLF6F6,https://m.media-amazon.com/images/I/7122DljWhFL._AC_UL960_QL65_.jpg,1,,False,False,False,False,,توصيل مجاني الأربعاء، 16 سبتمبر,False,,,,,,True,False
B0GHRP3C23,لابتوب كيويو 16 انش كور i5 8210Y حتى 3.6GHz، 16GB RAM SSD 512GB نوت بوك (16GB RAM + 1TB SSD),,,SAR,4.0,21,https://www.amazon.sa/dp/B0GHRP3C23,https://m.media-amazon.com/images/I/71QiSObw02L._AC_UL960_QL65_.jpg,1,,False,False,False,False,,توصيل مجاني الاثنين، 21 سبتمبرتبقى 3 فقط - اطلبه الآن.,False,,,تبقى 3 فقط - اطلبه الآن.,,,True,False
B0HD9QZ51P,لاب توب لادو شاه كور i5-8365U 8GB RAM 256GB SSD | معالج الجيل الثامن، ويندوز 10، كاميرا ويب مدمجة، تخزين SSD سريع، تصميم صغير,,,SAR,,0,https://www.amazon.sa/dp/B0HD9QZ51P,https://m.media-amazon.com/images/I/41i667S-sGL._AC_UL960_QL65_.jpg,1,,False,False,False,False,,,False,,,,,,True,False
B0836JYCF1,ايسر لاب توب اسباير جو 15 | رايزن 7 | 32 جيجابايت | 1 تيرابايت | مع مزود | شاشة 15.6 انش FHD IPS | AMD رايزن 7 5825U | ذاكرة رام 32 جيجابايت | هارد SSD 1 تيرابايت | بطاقة رسومات AMD | ويندوز 11 |,,,SAR,4.2,49,https://www.amazon.sa/dp/B0836JYCF1,https://m.media-amazon.com/images/I/71znThB0tzL._AC_UL960_QL65_.jpg,1,,False,False,False,False,,توصيل بـ‏12 ريال سبتمبر 13 - 14تبقى 1 فقط - اطلبه الآن.,False,,,تبقى 1 فقط - اطلبه الآن.,,,True,False
B0BCG8WJ75,جهاز نوت بوك 250 G9 15.6 بوصة كور i5 رام 16 جيجابايت رام SSD 512 جيجابايت من اتش بي، موديل 6F216EA,,,SAR,4.2,378,https://www.amazon.sa/dp/B0BCG8WJ75,https://m.media-amazon.com/images/I/714OOWzUf2L._AC_UL960_QL65_.jpg,1,,False,False,False,False,,توصيل مجاني الخميس، 24 سبتمبر,False,,,,,,True,False
B0892J87TP,لابتوب لينوفو 15.6 انش FHD، رايزن 3 حتى 3.50 GHz، RAM 8GB Ddr4 SSD NVME M.2 500GB HDMI، كاميرا ويب، واي فاي، ويندوز 10+ اوفيس 2019، كيبورد كويرتي ايطالي,549.7,549.7,SAR,4.2,489,https://www.amazon.sa/dp/B0892J87TP,https://m.media-amazon.com/images/I/51pqHcjBnLL._AC_UL960_QL65_.jpg,1,463.0,False,False,False,False,,توصيل مجاني,False,,,,,,False,False
B0FX57CPDS,MSI لابتوب العاب كاتانا 15 اتش اكس، شاشة 15.6 انش QHD للالعاب، انتل كور i7 14650HX، RTX 5070 8GB، ذاكرة RAM 16GB، SSD 1TB، ويندوز 11، كيبورد RGB، اسود,,,SAR,5.0,2,https://www.amazon.sa/dp/B0FX57CPDS,https://m.media-amazon.com/images/I/515Pz6KTo+L._AC_UL960_QL65_.jpg,1,,False,False,False,False,,توصيل مجاني سبتمبر 13 - 14,False,,,,,,True,False
B0FJ7FB51C,لابتوب مايكروسوفت سيرفس 13 بوصة (أحدث إصدار)|ثماني النواة، كوبايلوت مع كمبيوتر، سناب دراجون اكس بلس، رام 16 جيجابايت، SSD 512 جيجابايت | Violet، المملكة العربية السعودية، لوحة مفاتيح إنجليزي/عربي,,,SAR,4.0,12,https://www.amazon.sa/dp/B0FJ7FB51C,https://m.media-amazon.com/images/I/71vgiG5oXyL._AC_UL960_QL65_.jpg,1,,False,False,False,False,,توصيل مجاني غداً، 11 سبتمبرأو توصيل أسرع غداً 1 م,True,,,,,,True,False
B0DTC5N26L,لينوفو سليم 7i اصدار اورا - 2025 - كوبايلوت + كمبيوتر - وحدة المعالجة المركزية كور الترا 7 256 فولت - شاشة 14 انش WUXGA OLED - ذاكرة 16GB - تخزين 1TB - رمادي لونا,,,SAR,4.4,59,https://www.amazon.sa/dp/B0DTC5N26L,https://m.media-amazon.com/images/I/71tQzKiXmNL._AC_UL960_QL65_.jpg,1,,False,False,False,False,,توصيل مجاني سبتمبر 13 - 14تبقى 2 فقط - اطلبه الآن.,False,,,تبقى 2 فقط - اطلبه الآن.,,,True,False
B0H3NSTMWX,ثاندروبوت لابتوب العاب RTX 5070، شاشة 17.3 انش QHD 165Hz، انتل كور i7-13620H، ذاكرة RAM DDR5 32GB، SSD 1TB، كيبورد RGB، ويندوز 11 برو,,,SAR,,0,https://www.amazon.sa/dp/B0H3NSTMWX,https://m.media-amazon.com/images/I/715RKzCerQL._AC_UL960_QL65_.jpg,1,,False,False,False,False,,توصيل مجاني غداً، 11 سبتمبرأو توصيل أسرع غداً 1 م,False,,عرض لمدة محدودة,,,,True,False
B0BW8CLN2B,اسس لابتوب فيفو بوك 15 X1504VA-BQ2890W انتل كور 5 120U 15.6 انش [15.6] FHD 8GB DDR4-SDRAM 512GB SSD واي فاي 6 [802.11ax] ويندوز 11 هوم ارجينتو (VIVOBOOK X1504VA SILVER C5 1200W U) 0-8G,,,SAR,4.0,13,https://www.amazon.sa/dp/B0BW8CLN2B,https://m.media-amazon.com/images/I/71ELNzag47L._AC_UL960_QL65_.jpg,1,,False,False,False,False,,توصيل مجاني الأحد، 13 سبتمبرتبقى 2 فقط - اطلبه الآن.,False,,,تبقى 2 فقط - اطلبه الآن.,,,True,False
B09ZKBL2FQ,كمبيوتر محمول لاتيتيود 5520 من ديل، 15.6 بوصة، دقة عالية 1366 × 768، معالج كور i7-1185G7، قرص صلب SSD 512 جيجابايت - ذاكرة رام 16 جيجابايت، 4 أنوية عند 4.4 جيجاهرتز، ويندوز 11 برو، أسود,,,SAR,2.3,3,https://www.amazon.sa/dp/B09ZKBL2FQ,https://m.media-amazon.com/images/I/71KKXUW1MuL._AC_UL960_QL65_.jpg,1,,False,False,False,False,,توصيل مجاني غداً، 11 سبتمبرأو توصيل أسرع غداً 1 م,False,,,,,,True,False
B0G43TMBVM,لينوفو معالج ايديا باد سليم 3 14IRU8 انتل كور i5-13420H | ذاكرة RAM DDR5 16GB | 512GB M.2 NVMe SSD | بطاقة رسومات انتل UHD | 14 انش WUXGA (1920×1200) IPS 300 وحدة مضيئة في البكسل، شاشة مضادة للتوهج,,,SAR,4.0,1,https://www.amazon.sa/dp/B0G43TMBVM,https://m.media-amazon.com/images/I/61xT6bzvGqL._AC_UL960_QL65_.jpg,1,,False,False,False,False,,توصيل مجاني سبتمبر 17 - 19يشحن من خارج السعودية,False,,,,,,True,False
B09B7B56ZC,لاب توب اسوس بشاشة OLED FHD 14 بوصة، UX8406CA-QL078W، معالج انتل كور الترا 9 285H (16 كور)، RAM 32GB DDR5/ 1TB، كاميرا FHD، شحن نوع سي، 1.65 كجم، كيبورد لاسلكية عربي وإنجليزي، ويندوز 11 من اسوس، أسود,,,SAR,,0,https://www.amazon.sa/dp/B09B7B56ZC,https://m.media-amazon.com/images/I/71SMfbLDVvL._AC_UL960_QL65_.jpg,1,,False,False,False,False,,توصيل مجاني غداً، 11 سبتمبرأو توصيل أسرع غداً 1 م,False,,,,,,True,False
B0DTN2RZ1Q,MSI لابتوب العاب فيكتور 16 HX AI 16 انش 144Hz FHD+ انتل كور الترا 7-255HX، انفيديا جيفورس RTX 5070Ti، 16GB DDR5، 512GB NVMe SSD، ثاندربولت 5، واي فاي 6E، ويندوز 11 هوم، رمادي كوزمو A2XWHG-212US,,,SAR,3.8,49,https://www.amazon.sa/dp/B0DTN2RZ1Q,https://m.media-amazon.com/images/I/71yLESsmgmL._AC_UL960_QL65_.jpg,1,,False,False,False,False,,توصيل مجاني سبتمبر 23 - 24يشحن من خارج السعودية,False,,,,,,True,False
B08NRB9W3P,HP نوت بوك ايليت بوك 840 G7 14 انش - انتل كور i5 - 8GB DDR4 RAM - 256GB SSD - ويندوز 10 برو - بطاقة رسومات انتل UHD 620 - بدون لمس - جديد,,,SAR,5.0,4,https://www.amazon.sa/dp/B08NRB9W3P,https://m.media-amazon.com/images/I/610AApktisL._AC_UL960_QL65_.jpg,1,,False,False,False,False,,توصيل مجاني سبتمبر 13 - 14تبقى 2 فقط - اطلبه الآن.,False,,,تبقى 2 فقط - اطلبه الآن.,,,True,False
B0DY6NVC64,لابتوب من ديل، بمعالج انتل، شاشة 15.6 بوصة، وذاكرة رام 8 جيجابايت,,,SAR,4.2,4,https://www.amazon.sa/dp/B0DY6NVC64,https://m.media-amazon.com/images/I/61jFL7sF33L._AC_UL960_QL65_.jpg,1,,False,False,False,False,,توصيل مجاني الأحد، 13 سبتمبرتبقى 2 فقط - اطلبه الآن.,False,,,تبقى 2 فقط - اطلبه الآن.,,,True,False
B0D5HZVQDL,لابتوب من لينوفو، بمعالج ميدياتك، شاشة 14 إنش، وذاكرة رام 4 جيجابايت,,,SAR,4.3,515,https://www.amazon.sa/dp/B0D5HZVQDL,https://m.media-amazon.com/images/I/61BRKJYlOSL._AC_UL960_QL65_.jpg,1,,False,False,False,False,,توصيل مجاني الأربعاء، 16 سبتمبرأو توصيل أسرع الثلاثاء، 15 سبتمبرتبقى 2 فقط - اطلبه الآن.,False,,,تبقى 2 فقط - اطلبه الآن.,,,True,False
B0H8CYWWFM,HP كمبيوتر اومني بوك 3 14 انش الجيل القادم بالذكاء الاصطناعي، شاشة 2K (1920×1200)، سناب دراجون X X1-26-100، ذاكرة RAM 16GB، SSD 512GB، وحدة معالجة رسومات كوالكوم ادرينو، ويندوز 11 هوم، فضي جليدي، قماش,,,SAR,,0,https://www.amazon.sa/dp/B0H8CYWWFM,https://m.media-amazon.com/images/I/71YR-73JNXL._AC_UL960_QL65_.jpg,1,,False,False,False,False,,,False,,,,,,True,False
B0GK27Z38L,لابتوب فيفوبوك 16 بوصة FDH WUXGA / X1605VA-MB2772WS / انتل كور 9-270H /16 ذاكرة مستديمة DDR5 / 512 جيجابايت M.2 NVMe / ويندوز 11 ولوحة مفاتيح عربي إنجليزي و1.8 كجم / 11 | أسود / HD وغالق من اسوس,,,SAR,2.0,1,https://www.amazon.sa/dp/B0GK27Z38L,https://m.media-amazon.com/images/I/71qGAk0hRzL._AC_UL960_QL65_.jpg,1,,False,False,False,False,,توصيل مجاني السبت، 12 سبتمبرأو توصيل أسرع غداً، 11 سبتمبر,False,,,,,,True,False
B0D8Z1YY7S,لابتوب لينوفو ايديا باد سليم 3 15IRH8 بمعالج انتل كور i5-13420H و8GB LPDDR5-4800 و512GB SSD وشاشة 15.6 بوصة FHD وحقيبة لابتوب مجانية 15.6 بوصة بفتحة علوية وويندوز 11H، لون اركتيك جراي، 83EM00DXAD,,,SAR,4.0,10,https://www.amazon.sa/dp/B0D8Z1YY7S,https://m.media-amazon.com/images/I/71mL2bTUqiL._AC_UL960_QL65_.jpg,1,,False,False,False,False,,توصيل مجاني الأحد، 13 سبتمبرتبقى 1 فقط - اطلبه الآن.,False,,,تبقى 1 فقط - اطلبه الآن.,,,True,False
B0DT1MJP2V,لابتوب ايديا باد 1i بشاشة لمس FHD 15.6 بوصة ومعالج انتل كور i5-1235U وذاكرة RAM 16GB وSSD 512GB وكاميرا ويب وHDMI وواي فاي 6 وويندوز 11 هوم من لينوفو، أزرق,,,SAR,4.3,176,https://www.amazon.sa/dp/B0DT1MJP2V,https://m.media-amazon.com/images/I/71PCVp1dbdL._AC_UL960_QL65_.jpg,1,,False,False,False,False,,,False,,,,,,True,False
B0F11447PL,لابتوب للألعاب V16 شاشة 16 بوصة WUXGA بتردد 144 هرتز معالج انتل كور7 240H وبطاقة انفيديا جيفورس RTX 5060 ذاكرة 16 جيجابايت سعة تخزين 512 جيجابايت نظام ويندوز 11من اسوس، لون أسود غير لامع V3607VM-ES74,,,SAR,4.3,26,https://www.amazon.sa/dp/B0F11447PL,https://m.media-amazon.com/images/I/71jUWgXKPvL._AC_UL960_QL65_.jpg,1,,False,False,False,False,,,False,,,,,,True,False
B0836HNVDV,ايسر لابتوب اسباير جو 15 (AG15-72P-5903)، شاشة 15.6 انش IPS FHD، انتل كور 5 120U، ذاكرة RAM 16GB، SSD 512GB، بطاقة رسومات انتل، ويندوز 11، كيبورد QWERTZ فضي,,,SAR,4.7,73,https://www.amazon.sa/dp/B0836HNVDV,https://m.media-amazon.com/images/I/71-+hjZgBlL._AC_UL960_QL65_.jpg,1,,False,False,False,False,,توصيل مجانيأو توصيل أسرع الخميس، 24 سبتمبر,False,,,,,,True,False
B0GTL89JBN,لينوفو لابتوب ثينك باد E16 الجيل الثالث 16 انش WUXGA 1920x1200 IPS، انتل الترا 7 16 نواة 255H 8GB DDR5 512GB SSD جرافيكس ثاندربولت 4 واي فاي 6E 720p كاميرا HD ويندوز 11 برو اوفيس 2024 بروفيشينال بلس,,,SAR,,0,https://www.amazon.sa/dp/B0GTL89JBN,https://m.media-amazon.com/images/I/61BdXXvmYAL._AC_UL960_QL65_.jpg,1,,False,False,False,False,,,False,,,,,,True,False
B0FFHPZR3C,اسس لابتوب العاب تي يو اف F16 (جايجر رمادي) | انفيديا RTX 5050 8GB | انتل كور i7 14650HX | 16GB RAM | 1TB SSD | شاشة 16 انش FHD+ 165Hz | ويندوز 11 [FX608JHR-RV001W],,,SAR,3.7,4,https://www.amazon.sa/dp/B0FFHPZR3C,https://m.media-amazon.com/images/I/71O1gFUTyzL._AC_UL960_QL65_.jpg,1,,False,False,False,False,,توصيل مجاني الأحد، 13 سبتمبرتبقى 3 فقط - اطلبه الآن.,False,,,تبقى 3 فقط - اطلبه الآن.,,,True,False
B0FDM4CMXM,جيجابايت ايرو X16؛ كوبيلوت + كمبيوتر - 165Hz 2560x1600 WQXGA - انفيديا جيفورس RTX 5070 - AMD رايزن AI 9 HX 370-1TB SSD مع 32GB DDR5 RAM - ويندوز 11 هوم - ابيض قمري ايرو X16 2WHA3USC64DH,,,SAR,4.1,34,https://www.amazon.sa/dp/B0FDM4CMXM,https://m.media-amazon.com/images/I/61+aCvEhftL._AC_UL960_QL65_.jpg,1,,False,False,False,False,,,True,,,,,,True,False
B0F4DLN17X,لابتوب 15-fc0045sa من إتش بي بمعالج إيه إم دي رايزن 3 وشاشة 15.6 inches ورام 8.0 جيجابايت وهارد 256.0 جيجابايت SSD,,,SAR,4.4,97,https://www.amazon.sa/dp/B0F4DLN17X,https://m.media-amazon.com/images/I/71qqbBFhedL._AC_UL960_QL65_.jpg,1,,False,False,False,False,,توصيل مجاني سبتمبر 18 - 19أو توصيل أسرع سبتمبر 17 - 18تبقى 3 فقط - اطلبه الآن.,False,,,تبقى 3 فقط - اطلبه الآن.,,,True,False
B0FJ8GCH64,اسس لابتوب العاب تي يو اف F16 (2025)، شاشة 16 انش FHD+ 165Hz، انتل كور i7-14650HX، 32GB DDR5 RAM، 1TB PCIe 4.0 SSD، انفيديا جيفورس RTX 5060 8GB، كيبورد RGB، ويندوز 11، رمادي ميكا (مطور),,,SAR,3.6,8,https://www.amazon.sa/dp/B0FJ8GCH64,https://m.media-amazon.com/images/I/71ZZBh5tFjL._AC_UL960_QL65_.jpg,1,,False,False,False,False,,توصيل مجاني سبتمبر 13 - 14تبقى 3 فقط - اطلبه الآن.,False,,,تبقى 3 فقط - اطلبه الآن.,,,True,False
B0DL6GS247,لابتوب لينوفو ايديا باد سليم 3 15IAH8 بمعالج انتل كور i5-12450H وذاكرة RAM 8GB وSSD 512GB وبطاقة رسومات مدمجة وشاشة FHD مقاس 15.6 بوصة وويندوز 11 هوم,,,SAR,4.0,18,https://www.amazon.sa/dp/B0DL6GS247,https://m.media-amazon.com/images/I/71mL2bTUqiL._AC_UL960_QL65_.jpg,1,,False,False,False,False,,توصيل بـ‏12 ريال سبتمبر 13 - 14تبقى 2 فقط - اطلبه الآن.,False,,,تبقى 2 فقط - اطلبه الآن.,,,True,False
B0F195W823,لابتوب نيترو V 16S AI من أيسر بمعالج إيه إم دي رايزن 7 شاشة 16.0 انش رام 32.0 جيجابايت كرت 8.0 جيجابايت 1000.0 جيجابايت SSD مع AI و180Hz,,,SAR,4.3,327,https://www.amazon.sa/dp/B0F195W823,https://m.media-amazon.com/images/I/71HHF2jUnpL._AC_UL960_QL65_.jpg,1,,False,False,False,False,,,False,,,,,,True,False
B0GK26D2CS,لابتوب اسوس فيفوبوك جو 14 بوصة FHD/ E1404FA-EB1259W/اي ام دي رايزن 5 / ذاكرة رام 16G DDR5/تخزين 512GB M.2 NVMe /1.38كيلوجرام/ لوحة مفاتيح عربي-انجليزي ولوحة أرقام/كاميرا HD وغالق خصوصية/فضي/ويندوز 11,,,SAR,5.0,1,https://www.amazon.sa/dp/B0GK26D2CS,https://m.media-amazon.com/images/I/61HorrveFEL._AC_UL960_QL65_.jpg,1,,False,False,False,False,,توصيل مجانيغير متوفر مؤقتاً.,False,,,,,,True,False
B0D8Z1G6M7,لينوفو لابتوب ايديا باد سليم 3 14IAN8، انتل كور i3-N305، 8 جيجا بايتال بي دي ار ار5-4800، 512جيجابايت اس اس ديM.2.1 اف اتش دي، لينوفو مجاني 40سم تحميل علوي، رمادي اركتيك، ويندوز11H، 82XA0039AD,,,SAR,3.8,13,https://www.amazon.sa/dp/B0D8Z1G6M7,https://m.media-amazon.com/images/I/61TWU-eWwdL._AC_UL960_QL65_.jpg,1,,False,False,False,False,,توصيل مجاني الأحد، 13 سبتمبر,False,,,,,,True,False
B0CHS52Z93,لابتوب فيفو بوك X1504VA من اسوس، انتل كور I5-1335U / ذاكرة رام 8 جيجابايت / 512 SSD / شاشة FHD/WIN 15.6 بوصة / ويندوز 11 / لوحة مفاتيح عربي-إنجليزي، كوايت بلو,,,SAR,3.3,15,https://www.amazon.sa/dp/B0CHS52Z93,https://m.media-amazon.com/images/I/51hxC3P4OyL._AC_UL960_QL65_.jpg,1,,False,False,False,False,,توصيل مجاني الأحد، 13 سبتمبر,False,,,,,,True,False
B0GR74K1CF,لابتوب آبل ماك بوك نيو 2026 13 بوصة شريحة A18 برو شاشة ليكويد ريتينا مصممة لذكاء اصطناعي وذكاء آبل وذاكرة موحدة 8 جيجابايت ووسيط تخزين ذو حالة ثابتة 256 جيجابايت، إنجليزي، إصدار لوحة مفاتيح بلغة عربية,,,SAR,4.2,33,https://www.amazon.sa/dp/B0GR74K1CF,https://m.media-amazon.com/images/I/61yHzuw8VBL._AC_UL960_QL65_.jpg,1,,False,False,False,False,,توصيل مجانيغير متوفر مؤقتاً.,True,,,,,,True,False
B0DTPMWDD8,لابتوب اتش بي 255 G10 للأعمال بشاشة 15.6 بوصة نوع IPS دقة FHD ومعالج ايه ام دي رايزن 5 7530U وذاكرة رام 16GB وهارد SSD بسعة 512GB وبطاقة رسومات AMD راديون وكيبورد انجليزي وويندوز 11، ونظام التشغيل,,,SAR,3.5,46,https://www.amazon.sa/dp/B0DTPMWDD8,https://m.media-amazon.com/images/I/51XihXA8LZL._AC_UL960_QL65_.jpg,1,,False,False,False,False,,توصيل بـ‏12 ريال سبتمبر 13 - 14,False,,,,,,True,False
B0GR6C636H,لابتوب آبل ماك بوك نيو 2026 13 بوصة شريحة A18 برو شاشة ليكويد ريتينا مصممة لذكاء اصطناعي وذكاء آبل وذاكرة موحدة 8جيجابايت وSSD 512 جيجابايت وخاصية تعرف باللمس، بينك، عربي,,,SAR,4.9,37,https://www.amazon.sa/dp/B0GR6C636H,https://m.media-amazon.com/images/I/61MxIxzYvUL._AC_UL960_QL65_.jpg,1,,False,False,False,False,,توصيل مجانيغير متوفر مؤقتاً.,True,,,,,,True,False
B0GNP5M6MG,ايسر لابتوب اسباير 15، انتل كور i9-13900H 14 نواة 15.6 انش FHD 1920x1080، 16GB LPDDR5، 512GB SSD، بطاقة رسومات انتل ايريس Xe، كيبورد باضاءة خلفية، قارئ بصمات، واي فاي 6E، حديد,,,SAR,,0,https://www.amazon.sa/dp/B0GNP5M6MG,https://m.media-amazon.com/images/I/41HHGrm+XXL._AC_UL960_QL65_.jpg,1,,False,False,False,False,,توصيل مجاني سبتمبر 14 - 15أو توصيل أسرع الأحد، 13 سبتمبرتبقى 1 فقط - اطلبه الآن.,False,,,تبقى 1 فقط - اطلبه الآن.,,,True,False
B0GD1BYPWK,HP نوت بوك 255R G10 15.6 بوصة - فل اتش دي - 60 هرتز - ايه ام دي رايزن 5 7535U - 16 جيجابايت - 512 جيجابايت اس اس دي - فضي رمادي داكن,,,SAR,3.7,8,https://www.amazon.sa/dp/B0GD1BYPWK,https://m.media-amazon.com/images/I/51r2s3kcA9L._AC_UL960_QL65_.jpg,1,,False,False,False,False,,توصيل بـ‏12 ريال سبتمبر 13 - 14,False,,,,,,True,False
B0FDN1GDRY,لابتوب ألعاب ايسر نيترو في بمعالج انتل كور i9-13900H وبطاقة رسومات انفيديا جيفورس RTX 5060 وشاشة 15.6 بوصة FHD IPS 165Hz وDDR4 16GB وSSD جيل 4 1TB وواي فاي 6 وكيبورد بإضاءة خلفية موديل ANV15-52-98KV,,,SAR,4.2,111,https://www.amazon.sa/dp/B0FDN1GDRY,https://m.media-amazon.com/images/I/71lgxJKQZVL._AC_UL960_QL65_.jpg,1,,False,False,False,False,,توصيل مجاني الأحد، 13 سبتمبرتبقى 1 فقط - اطلبه الآن.,False,,,تبقى 1 فقط - اطلبه الآن.,,,True,False
B09CDJRV18,لابتوب فيفو بوك بشاشة 15.6 بوصة FHD مضادة للتوهج 250nits، X1504VA-BQ3781W/ انتل كور 7 150U 10 كور/ رسومات انتل / 16GB DDR4 / 512 SSD NVMe كيبورد إنجليزي-عربي/ويندوز 11 هوم/أزرق/1.7 كجم من اسوس,,,SAR,4.7,9,https://www.amazon.sa/dp/B09CDJRV18,https://m.media-amazon.com/images/I/61kslqgMESL._AC_UL960_QL65_.jpg,1,,False,False,False,False,,توصيل مجانيغير متوفر مؤقتاً.,False,,,,,,True,False
B0D4KSY9JN,لابتوب ديل فوسترو 3520 (2022) | شاشة 15.6 بوصة 1920x1080 FHD | معالج كور i3-1215U - قرص صلب 512 جيجابايت SSD - ذاكرة رام 8 جيجابايت، 6 نواة عند 4.4 جيجاهرتز مع ويندوز 11 برو، لون أسود,,,SAR,3.0,27,https://www.amazon.sa/dp/B0D4KSY9JN,https://m.media-amazon.com/images/I/81EBruFFYML._AC_UL960_QL65_.jpg,1,,False,False,False,False,,توصيل مجاني الأحد، 13 سبتمبر,False,,,,,,True,False
B0FXXDK8PX,HP لابتوب بشاشة لمس FHD مقاس 15.6 انش، انتل 10 كور i7-1355U (حتى 5.0 GHz)، ذاكرة RAM 32GB، SSD سعة 1 تيرابايت,,,SAR,4.3,22,https://www.amazon.sa/dp/B0FXXDK8PX,https://m.media-amazon.com/images/I/71k0pksnBKL._AC_UL960_QL65_.jpg,1,,False,False,False,False,,تبقى 1 فقط - اطلبه الآن.,False,,,تبقى 1 فقط - اطلبه الآن.,,,True,False
B0GQ27NL62,لابتوب 2026 بشاشة 15.6 انش ويندوز 11 برو مع اوفيس 365 وذاكرة RAM 8GB وSSD 256GB ومعالج انتل بنتيوم وبطارية 6 ساعات ومنفذ HDMI صغير وكاميرا وميكروفون,,,SAR,3.8,69,https://www.amazon.sa/dp/B0GQ27NL62,https://m.media-amazon.com/images/I/71rpX0mT0cL._AC_UL960_QL65_.jpg,1,,False,False,False,False,,,False,,,,,,True,False
B0FHHK4Y7M,لابتوب اسوس 2025 فيفو بوك 14، 14 انش 1920×1080، انتل 10 كور i5-1334U، بطاقة رسومات انتل ايرس اكس اي، DDR4 12 جيجا، SSD 256 جيجا، ويندوز 11 هوم، واي فاي 5 - بلوتوث 5-720p HD كاميرا، أزرق (Quiet Blue),,,SAR,4.2,30,https://www.amazon.sa/dp/B0FHHK4Y7M,https://m.media-amazon.com/images/I/514F-bCZpLL._AC_UL960_QL65_.jpg,1,,False,False,False,False,,تبقى 3 فقط - اطلبه الآن.,False,,,تبقى 3 فقط - اطلبه الآن.,,,True,False
B0FGHRMH26,اسس لابتوب فيفو بوك رفيع 14 انش FHD، احدث 10 نوى i5-1334U، بطاقة رسومات انتل UHD، USB C، كاميرا ويب، موديل 2025، ويندوز 11 (16GB RAM | 1TB SSD),,,SAR,4.5,2,https://www.amazon.sa/dp/B0FGHRMH26,https://m.media-amazon.com/images/I/61Q5yxBjBAL._AC_UL960_QL65_.jpg,1,,False,False,False,False,,,False,,,,,,True,False
B0FRB1VZKS,ديل لابتوب 15 DC15250 بشاشة FHD مقاس 15.6 انش ومعالج انتل كور 3 100U وذاكرة RAM 8GB وSSD 512GB وويندوز 11 احدث موديل (مع قماش من المايكروفايبر) - اسود كربوني,,,SAR,3.0,2,https://www.amazon.sa/dp/B0FRB1VZKS,https://m.media-amazon.com/images/I/6100SFzN-wL._AC_UL960_QL65_.jpg,1,,False,False,False,False,,توصيل بـ‏12 ريال سبتمبر 13 - 14,False,,,,,,True,False
B0G4RX3PJF,ASUS ExpertBook B3405CCA، لابتوب 14.0 بوصة WUXGA، معالج Intel Ultra 7-155H، رام 16 جيجابايت، SSD 1 تيرابايت، DOS، رمادي,,,SAR,,0,https://www.amazon.sa/dp/B0G4RX3PJF,https://m.media-amazon.com/images/I/41CXaR6xyCL._AC_UL960_QL65_.jpg,1,,False,False,False,False,,توصيل مجاني الأحد، 13 سبتمبرتبقى 3 فقط - اطلبه الآن.,False,,,تبقى 3 فقط - اطلبه الآن.,,,True,False
B0BXFKXG6N,الينوير لابتوب العاب 16 اورورا AC16250-16 انش WQXGA 120Hz معالج انتل كور 7-240H ذاكرة RAM DDR5 16GB وSSD 1TB وبطاقة عرض مرئي انفيديا جيفورس RTX 5050 8GB وويندوز 11 هوم,,,SAR,4.3,288,https://www.amazon.sa/dp/B0BXFKXG6N,https://m.media-amazon.com/images/I/71oM7NX7+yL._AC_UL960_QL65_.jpg,1,,False,False,False,False,,توصيل مجاني سبتمبر 23 - 26أو توصيل أسرع سبتمبر 16 - 19يشحن من خارج السعودية,False,,,,,,True,False
B0H3QHHW9Q,لينوفو يوجا سليم 7X مع سناب دراغون X2 ايليت، ذاكرة RAM LPDDR5X سعة 32GB | لابتوب مع معالج سناب دراغون X2 اليت X2E-80-100، شاشة لمس 14 انش HDR 500 بلون اسود حقيقي، كاميرا بالاشعة تحت الحمراء 9.2,,,SAR,5.0,1,https://www.amazon.sa/dp/B0H3QHHW9Q,https://m.media-amazon.com/images/I/61tkCq9M9-L._AC_UL960_QL65_.jpg,1,,False,False,False,False,,تبقى 4 فقط - اطلبه الآن.,False,,,تبقى 4 فقط - اطلبه الآن.,,,True,False
B0D3PNSDGW,لابتوب ايسر كروم بوك 315 بشاشة FHD 15.6 انش ومعالج انتل سيليرون N4500 وذاكرة RAM 4GB وبطاقة ذاكرة اي ام ام سي 64GB وكاميرا ويب ونظام تشغيل كروم، فضي نقي، يتضمن حافظة واقية، بطاقة SD TWE 64GB,,,SAR,4.8,8,https://www.amazon.sa/dp/B0D3PNSDGW,https://m.media-amazon.com/images/I/61+CjCDjJNL._AC_UL960_QL65_.jpg,1,,False,False,False,False,,توصيل مجاني سبتمبر 20 - 21يشحن من خارج السعودية,False,,,,,,True,False
B0F452KYSS,ايسر لابتوب اسباير جو 15 AG15-42P، شاشة 15.6 انش (15.6 انش)، FHD (AMD رايزن 7 5825U، ذاكرة RAM 32GB، SSD 512GB، بطاقة رسومات AMD راديون، ويندوز 11 هوم)، فضي، كيبورد كويرتي اسباني,,,SAR,4.4,25,https://www.amazon.sa/dp/B0F452KYSS,https://m.media-amazon.com/images/I/71v-OvtkMdL._AC_UL960_QL65_.jpg,1,,False,False,False,False,,توصيل بـ‏12 ريال سبتمبر 13 - 14تبقى 1 فقط - اطلبه الآن.,False,,,تبقى 1 فقط - اطلبه الآن.,,,True,False
B0D4H1V6ZK,لابتوب من ديل، بمعالج انتل، شاشة 15.6 إنش، وذاكرة رام 16 جيجابايت,,,SAR,4.1,10,https://www.amazon.sa/dp/B0D4H1V6ZK,https://m.media-amazon.com/images/I/71O9ENiwkGL._AC_UL960_QL65_.jpg,1,,False,False,False,False,,توصيل مجاني الأحد، 13 سبتمبرتبقى 2 فقط - اطلبه الآن.,False,,,تبقى 2 فقط - اطلبه الآن.,,,True,False
B0FHH56GD1,لابتوب اتش بي اومني بوك 5 بشاشة 16 انش 2025 تعمل باللمس بالذكاء الاصطناعي وذاكرة 32GB LPDDR5xRAM و2TB SSD وAMD رايزن AI 7 350-2K (1920×1200) وكيبورد باضاءة خلفية وكاميرا FHD وويندوز 11 برو,,,SAR,,0,https://www.amazon.sa/dp/B0FHH56GD1,https://m.media-amazon.com/images/I/71K47nmF7XL._AC_UL960_QL65_.jpg,1,,False,False,False,False,,,False,,,,,,True,False
B0GGJ59MXJ,ديل لابتوب برو 15 اسينشيال PV15250-13 i5-1334U 16GB 512SSD 15.6 انش FHD فري دوس,,,SAR,,0,https://www.amazon.sa/dp/B0GGJ59MXJ,https://m.media-amazon.com/images/I/714Lil-LC0L._AC_UL960_QL65_.jpg,1,,False,False,False,False,,توصيل بـ‏12 ريال سبتمبر 13 - 14تبقى 1 فقط - اطلبه الآن.,False,,,تبقى 1 فقط - اطلبه الآن.,,,True,False
B0DY6PJKMT,لابتوب انسبايرون 3530 من ديل، معالج جيل الثالث عشر انتل كور i5 1334U، ذاكرة رام 16 جيجا، وسيط تخزين ذو حالة ثابتة SSD 512 جيجا، بطاقة رسومات انتل ايريس اكس اي، شاشة 15.6 بوصة، (بدون ويندوز)دوس، أسود,,,SAR,5.0,1,https://www.amazon.sa/dp/B0DY6PJKMT,https://m.media-amazon.com/images/I/41YNUDAxuTL._AC_UL960_QL65_.jpg,1,,False,False,False,False,,توصيل مجاني الأحد، 13 سبتمبرتبقى 2 فقط - اطلبه الآن.,False,,,تبقى 2 فقط - اطلبه الآن.,,,True,False
B0DNKW4VJN,لابتوب 15-fd0018nx من اتش بي، شاشة FHD 15.6 بوصة، انتل كور i7-1355U (الجيل 13)، بطاقة رسومات انتل ايريس Xe، ذاكرة ؤام 16 جيجا SSD 512 جيجا، إصدار دوس (ويندوز 11 برو مثبت)، فضي طبيعي,,,SAR,3.7,14,https://www.amazon.sa/dp/B0DNKW4VJN,https://m.media-amazon.com/images/I/5165m5WuaSL._AC_UL960_QL65_.jpg,1,,False,False,False,False,,توصيل مجاني الأحد، 13 سبتمبر,False,,,,,,True,False
B0FBW6DH7V,HP لابتوب ستريم فلاج شيب 14 انش، معالج انتل N150 (بيتس i3-1115G4)، كوبايلوت AI مايكروسوفت 365 لمدة عام، ذاكرة RAM 4GB، UFS 128GB + 128GB SSD محمول على USB، شحن سريع، واي فاي 6، ويندوز 11 اس,,,SAR,3.6,7,https://www.amazon.sa/dp/B0FBW6DH7V,https://m.media-amazon.com/images/I/71YzjIJSL9L._AC_UL960_QL65_.jpg,1,,False,False,False,False,,,False,,,,,,True,False
B0DVGTJCQX,ايديا باد سليم من لينوفو 3 15IAN8 I3 8GB 512SSD,,,SAR,,0,https://www.amazon.sa/dp/B0DVGTJCQX,https://m.media-amazon.com/images/I/71mL2bTUqiL._AC_UL960_QL65_.jpg,1,,False,False,False,False,,توصيل بـ‏12 ريال سبتمبر 13 - 14تبقى 2 فقط - اطلبه الآن.,False,,,تبقى 2 فقط - اطلبه الآن.,,,True,False
B0D4F8MZX1,لابتوب من اتش بي، بمعالج انتل، شاشة 16 إنش، وذاكرة رام 16 جيجابايت,,,SAR,4.9,13,https://www.amazon.sa/dp/B0D4F8MZX1,https://m.media-amazon.com/images/I/61P+a42fHvL._AC_UL960_QL65_.jpg,1,,False,False,False,False,,توصيل مجاني الأحد، 13 سبتمبر,False,,,,,,True,False
B0CRDCW3Q3,لابتوب من أسوس، بمعالج إنتل، شاشة 15.6 إنش، وذاكرة رام 4 جيجابايت,,,SAR,3.9,889,https://www.amazon.sa/dp/B0CRDCW3Q3,https://m.media-amazon.com/images/I/61KZBt8QeGL._AC_UL960_QL65_.jpg,1,,False,False,False,False,,,False,,,,,,True,False
B07MP95BB5,لاب توب فيفو بوك من اسس X1504ZA / انتل كور I7-1255U / ذاكرة رام 16 جيجابايت / 512 SSD / شاشة 15.6 بوصة FHD / ويندوز 11 / كيبورد عربي-انجليزي- فضي,,,SAR,3.7,15,https://www.amazon.sa/dp/B07MP95BB5,https://m.media-amazon.com/images/I/51fUP-QHl0L._AC_UL960_QL65_.jpg,1,,False,False,False,False,,توصيل مجاني الأحد، 13 سبتمبرتبقى 3 فقط - اطلبه الآن.,False,,,تبقى 3 فقط - اطلبه الآن.,,,True,False
B0FTGC4JT4,ايسر لابتوب العاب نيترو في 16 ايه اي كوبيلوت + معالج AMD رايزن AI 5 340 وبطاقة رسومات انفيديا جيفورس RTX 5060 وشاشة 16 انش WUXGA IPS 180Hz وDDR5 16GB وSSD جيل 4 512GB وواي فاي 6E ANV16-61-R2QY,,,SAR,,0,https://www.amazon.sa/dp/B0FTGC4JT4,https://m.media-amazon.com/images/I/71c4O3yIwfL._AC_UL960_QL65_.jpg,1,,False,False,False,False,,,False,,,,,,True,False
B0DXMYT4R5,لابتوب ام اس اي فيكتور 16 HX AI للالعاب، شاشة 16 انش QHD+ 240Hz، انتل كور الترا 7 255HX، انفيديا جيفورس RTX 5070 Ti، 16GB RAM، 1TB SSD، ويندوز 11 هوم، كيبورد QWERTZ رمادي، A2XWHG-264,,,SAR,4.2,41,https://www.amazon.sa/dp/B0DXMYT4R5,https://m.media-amazon.com/images/I/716BzdQwudL._AC_UL960_QL65_.jpg,1,,False,False,False,False,,توصيل مجاني الجمعة، 18 سبتمبر,False,,,,,,True,False
B081V4GWLN,لابتوب رفيع للغاية L510 MA-DB02 من اسوس، شاشة FHD مقاس 15.6 انش، معالج انتل سيليرون N4020، 4GB RAM، مساحة تخزين 64GB، ويندوز 10 هوم في S مود، ستار اسود,,,SAR,4.0,104,https://www.amazon.sa/dp/B081V4GWLN,https://m.media-amazon.com/images/I/71COoJZfsDL._AC_UL960_QL65_.jpg,1,,False,False,False,False,,تبقى 4 فقط - اطلبه الآن.,False,,,تبقى 4 فقط - اطلبه الآن.,,,True,False
B09C66BB2G,لابتوب العاب تي يو اف A15 بمعالج AMD رايزن 7 7445HS وانفيديا RTX 3050 4GB وذاكرة رام 16GB وSSD 512GB وشاشة 15.6 انش FHD 144Hz وويندوز 11 من اسوس، أسود جرافيتي [FA506NCG-B165W],,,SAR,5.0,3,https://www.amazon.sa/dp/B09C66BB2G,https://m.media-amazon.com/images/I/61bX3TuBBpL._AC_UL960_QL65_.jpg,2,,False,False,False,False,,,False,,,,,,True,False
B0GDMZV2LZ,جيجابايت لابتوب العاب A16 CTH بشاشة 16 انش WUXGA IPS 165Hz ومعالج انتل كور i7-13620H وذاكرة RAM 16GB وSSD 1TB وبطاقة رسومات جيفورس RTX 5050 8GB وكيبورد انجليزي-عربي، ويندوز 11، اسود (CTHI3AE894SH),,,SAR,,0,https://www.amazon.sa/dp/B0GDMZV2LZ,https://m.media-amazon.com/images/I/71bcH5oQhmL._AC_UL960_QL65_.jpg,1,,False,False,False,False,,توصيل مجاني سبتمبر 15 - 16أو توصيل أسرع سبتمبر 13 - 14تبقى 1 فقط - اطلبه الآن.,False,,,تبقى 1 فقط - اطلبه الآن.,,,True,False
B0FZ9THFGK,جيكوم لابتوب جيك بوك X14 برو، 1 كجم رفيع للغاية 14 انش 2.8K OLED نوت بوك | الترا 9، 32GB LPDDR5x 7500MHz RAM 1TB SSD، حتى 16 ساعة، 2X USB4، وضع مسطح 180 درجة، بصمة الإصبع، غالق الخصوصية، ويندوز 11,,,SAR,4.3,42,https://www.amazon.sa/dp/B0FZ9THFGK,https://m.media-amazon.com/images/I/71tFOpKs3zL._AC_UL960_QL65_.jpg,1,,False,False,False,False,,,True,,,,,,True,False
B0DPQ35KMW,اسس لابتوب زين بوك ديو بشاشة لمس OLED مزدوجة 14 انش 3K 120Hz وايفو ومعالج انتل كور الترا 9 285H وبطاقة رسومات انتل ارك وذاكرة RAM 32GB وSSD 1TB وويندوز 11 UX8406CA-PS99T,,,SAR,4.5,240,https://www.amazon.sa/dp/B0DPQ35KMW,https://m.media-amazon.com/images/I/71VUFrGHwDL._AC_UL960_QL65_.jpg,4,,False,False,False,False,,,False,,,,,,True,False
B09B4N9WH7,جهاز تي يو اف للألعاب A16 بوصة FHD + 165 هرتز AMD رايزن 9 8940HX (16-كور)، نفيديا RTX5060 (8 جيجا DDR7)، 32 جيجا RAM DDR5، 1 تيرا PCIe 4.0 NVME، كيبورد بإضاءة RGB، ويندوز 11/ رمادي/ 2.2 كغم من اسوس,,,SAR,5.0,1,https://www.amazon.sa/dp/B09B4N9WH7,https://m.media-amazon.com/images/I/5107ZEpBfjL._AC_UL960_QL65_.jpg,1,,False,False,False,False,,توصيل مجانيغير متوفر مؤقتاً.,False,,,,,,True,False
B0FHB2LS29,اسس لابتوب فيفوبوك 2025 بشاشة FHD 14 انش ومعالج انتل كور i5-1334U 10 نوى وبطاقة عرض مرئي ايرس Xe و16GB DDR4 و1TB NVMe SSD وUSB-C مع DP وواي فاي AC وبلوتوث وكاميرا ويب وHDMI 1.4 وويندوز 11 هوم,,,SAR,4.7,4,https://www.amazon.sa/dp/B0FHB2LS29,https://m.media-amazon.com/images/I/514F-bCZpLL._AC_UL960_QL65_.jpg,1,,False,False,False,False,,,False,,,,,,True,False
B0H74V125Y,"اسس لاب توب اكسبيرت بوك B1503CVA انتل كور i7-150U 16 جيجا 512 جيجا | شاشة 15.6 بوصة FHD, ذاكرة RAM 16GB, تخزين SSD 512GB, نظام DOS, لون رمادي",,,SAR,,0,https://www.amazon.sa/dp/B0H74V125Y,https://m.media-amazon.com/images/I/314w8qACQ8L._AC_UL960_QL65_.jpg,1,,False,False,False,False,,توصيل مجاني الأحد، 13 سبتمبرتبقى 4 فقط - اطلبه الآن.,False,,,تبقى 4 فقط - اطلبه الآن.,,,True,False
B0C7CYSJ3W,ديل لابتوب برو ماكس 14 للاعمال - شاشة 14 انش FHD+ - انتل كور الترا 7 265H في برو انتربرايز - ذاكرة RAM 64GB - SSD 1TB - ويندوز 11 برو,,,SAR,3.2,3,https://www.amazon.sa/dp/B0C7CYSJ3W,https://m.media-amazon.com/images/I/31Eduefk6dL._AC_UL960_QL65_.jpg,1,,False,False,False,False,,توصيل مجاني الثلاثاء، 29 سبتمبرتبقى 4 فقط - اطلبه الآن. يشحن من خارج السعودية,False,,,تبقى 4 فقط - اطلبه الآن.,,,True,False
B0DVDGRP1X,لابتوب ألعاب ام اس اي فيكتور A18 اتش اكس بالذكاء الاصطناعي QHD+ 240Hz: AMD رايزن 9-9955HX، انفيديا جيفورس RTX 5080، 32GB DDR5، ذاكرة مستديمة SSD 1TB، نوع C، واي فاي 7، ويندوز 11 هوم: رمادي (Cosmo Gray,,,SAR,3.7,69,https://www.amazon.sa/dp/B0DVDGRP1X,https://m.media-amazon.com/images/I/71wEDLLi83L._AC_UL960_QL65_.jpg,1,,False,False,False,False,,,False,,,,,,True,False
B0GR1KD189,لابتوب ماك بوك اير 13 بوصة 2026 مع شريحة M5 من آبل ذكاء اصطناعي وذكاء آبل، شاشة ليكويد ريتنا 13.6 بوصة، ذاكرة موحدة 16 جيجابايت، تخزين 512 جيجابايت SSD، كاميرا سنتر ستيج 12 ميجابكسل، إنجليزي,,,SAR,4.6,26,https://www.amazon.sa/dp/B0GR1KD189,https://m.media-amazon.com/images/I/71sqf+TyrNL._AC_UL960_QL65_.jpg,1,,False,False,False,False,,توصيل مجانيغير متوفر مؤقتاً.,False,,,,,,True,False
B0CRF3STB8,نوت بوك اسباير لايت AL14 من ايسر، معالج انتل كور i3 الجيل 13 N305 ثماني النواة 3.8 جيجا هرتز/8 جيجا رام DDR5/ SSD 512 جيجا/بطاقة رسومات انتل UHD/شاشة بحافة نحيفة WUXGA 14 بوصة/ويندوز 11 هوم/فضي نقي,,,SAR,3.7,18,https://www.amazon.sa/dp/B0CRF3STB8,https://m.media-amazon.com/images/I/71zWkYBZh7L._AC_UL960_QL65_.jpg,1,,False,False,False,False,,توصيل مجانيغير متوفر مؤقتاً.,False,,,,,,True,False
B0CT4BHS2M,لابتوب ألعاب كاتانا 15 بشاشة 15.6 بوصة بدقة كيو اتش دي وبتردد 165 هرتز: انتل كور i7-13620H، انفيديا جيفورس RTX 4070، رام 16GB DDR5، وقرص 1TB NVMe SSD، كولر بوست 5، ويندوز 11: لون أسود، B13VGK-2000US,,,SAR,4.2,166,https://www.amazon.sa/dp/B0CT4BHS2M,https://m.media-amazon.com/images/I/81-3FfpcwML._AC_UL960_QL65_.jpg,1,,False,False,False,False,,توصيل بـ‏12 ريال الأحد، 13 سبتمبرتبقى 1 فقط - اطلبه الآن.,False,,,تبقى 1 فقط - اطلبه الآن.,,,True,False
B01J18006K,وسادة تبريد LED لاجهزة لابتوب مقاس 10-15.6 انش من توب ميت موديل C5 ، مزودة ب 5 مراوح هادئة وشاشة LCD، حامل تبريد اللابتوب بخمس ارتفاعات قابلة للتعديل، مع ضوء ازرق ومنفذي USB | 5 Quiet Fans and LCD Screen | 2500RPM Strong Wind Designed for Gamers and Office,77.0,77.0,SAR,4.2,11227,https://www.amazon.sa/dp/B01J18006K,https://m.media-amazon.com/images/I/91-bhKAgxiL._AC_UL960_QL65_.jpg,1,77.0,False,False,False,False,تم شراء 100+ سلعة في الشهر الماضي,توصيل مجاني غداً، 11 سبتمبر على طلبك الأول.أو توصيل أسرع اليوم 6:13 م,False,,,,,,False,False
B0CRRMZLM6,تيمجي شاشة محمولة 14 انش للابتوب، شاشة FHD IPS ثلاثية مزدوجة للابتوب والكمبيوتر وماك وويندوز وكروم,749.0,849.99,SAR,4.3,1212,https://www.amazon.sa/dp/B0CRRMZLM6,https://m.media-amazon.com/images/I/710Ouxez9aL._AC_UL960_QL65_.jpg,1,749.0,False,False,False,False,,توصيل مجاني اليوم 6:13 م,False,,عرض لمدة محدودة,,,,False,True
B0D1DVQ1CL,GPD جهاز تشغيل العاب الفيديو الرقمية وين ميني 2025 بشاشة لمس 7 انش مع اداة تحكم بالالعاب يو ام بي سي ويندوز 11 [AMD رايزن 7 8840U 16GB RAM/1TB M.2 NVMe SSD],,,SAR,4.3,7,https://www.amazon.sa/dp/B0D1DVQ1CL,https://m.media-amazon.com/images/I/71efZxno8kL._AC_UL960_QL65_.jpg,1,,False,False,False,False,,توصيل مجاني سبتمبر 20 - 21يشحن من خارج السعودية,False,,,,,,True,False
B0F1TY65XK,لابتوب رايدر 18 بوصة من ام اس اي، R9-9955|64|2T|5080-16 ويندوز 11P، لون أسود,,,SAR,4.0,2,https://www.amazon.sa/dp/B0F1TY65XK,https://m.media-amazon.com/images/I/61i75L55nNL._AC_UL960_QL65_.jpg,1,,False,False,False,False,,توصيل مجاني غداً، 11 سبتمبرأو توصيل أسرع غداً 1 متبقى 1 فقط - اطلبه الآن.,False,,,تبقى 1 فقط - اطلبه الآن.,,,True,False
B0BN1QJP9J,اسس لابتوب زينبوك 14X OLED UX3404VA بشاشة لمس 14.5 انش 2.8K 120Hz OLED (انتل i9-13900H، ذاكرة RAM 16GB، SSD 1TB، كيبورد باضاءة خلفية، ويندوز 11) معتمد من انتل ايفو,,,SAR,4.1,34,https://www.amazon.sa/dp/B0BN1QJP9J,https://m.media-amazon.com/images/I/5162oynkH3L._AC_UL960_QL65_.jpg,1,,False,False,False,False,,توصيل بـ‏158.12 ريال الأربعاء، 16 سبتمبر,False,,,,,,True,False
B0GR8YL9MY,لابتوب العاب من كايجر، 16 انش AMD رايزن 7 7735HS (8C/16T، حتى 4.7GHz)، ذاكرة RAM 16GB، ذاكرة مستديمة SSD 512GB، ويندوز 11، بطاقة رسومات راديون RX فيجا 8، واي فاي 6، كيبورد,,,SAR,2.9,9,https://www.amazon.sa/dp/B0GR8YL9MY,https://m.media-amazon.com/images/I/71zFwwxz9xL._AC_UL960_QL65_.jpg,1,,False,False,False,False,,,False,,,,,,True,False
B0CBMFTTK3,لابتوب من لينوفو بمعالج إنتل 15.6 انش 16 جيجابايت ثينك باد P53 وورك ستيشن 4 جيجابايت GDDR5 512 جيجابايت SSD مجدد,,,SAR,2.8,2,https://www.amazon.sa/dp/B0CBMFTTK3,https://m.media-amazon.com/images/I/61nSCjTwmOL._AC_UL960_QL65_.jpg,1,,False,False,False,False,,توصيل مجاني سبتمبر 17 - 19يشحن من خارج السعودية,False,,,,,,True,False
B0GNCF2QHX,سامسونج لابتوب جالكسي بوك 6 U5 مقاس 14 انش، معالج انتل، 16GB/512GB، شاشة FHD HD+ ومكبرات صوت دولبي اتموس، نحيف، خفيف، كفالة لمدة عامين، رمادي,,,SAR,5.0,1,https://www.amazon.sa/dp/B0GNCF2QHX,https://m.media-amazon.com/images/I/71EfFJmrNzL._AC_UL960_QL65_.jpg,1,,False,False,False,False,,,False,,,,,,True,False
B09J7X4DWY,لابتوب للالعاب ليجين 5 بشاشة FHD من لينوفو، مقاس 15.6 بوصة، ووحدة معالجة AMD رايزن 7، كور 8، 5800H (حتى 4.4 جيجاهرتز)، نفيديا جيفورس RTX 3050Ti وذاكرة رام 32 جيجابايت، منفذ PCle 2 تيرا، اضاءة RGB,,,SAR,1.8,62,https://www.amazon.sa/dp/B09J7X4DWY,https://m.media-amazon.com/images/I/41hatPuXDGL._AC_UL960_QL65_.jpg,2,,False,False,False,False,,توصيل مجاني سبتمبر 20 - 21يشحن من خارج السعودية,False,,,,,,True,False
B0G1Y3XD48,HP لابتوب بافليون بشاشة لمس FHD مقاس 15.6 انش ومعالج انتل i7-1355U الجيل الثالث عشر (بيتس i9-10880H) وذاكرة RAM 16GB وSSD 1TB وبطاقة رسومات ايرس اكس اي وكمبيوتر محمول مع ملحقات,,,SAR,,0,https://www.amazon.sa/dp/B0G1Y3XD48,https://m.media-amazon.com/images/I/81caEnFNO5L._AC_UL960_QL65_.jpg,1,,False,False,False,False,,تبقى 1 فقط - اطلبه الآن.,False,,,تبقى 1 فقط - اطلبه الآن.,,,True,False
B0D3FCM1LG,لابتوب مايكروسوفت سيرفس (إصدار 7) كوبايلوت+ كمبيوتر لابتوب بشاشة لمس 15 بوصة معالج سناب دراجون اكس اليت (12 كور) ويندوز 11 هوم إصدار المملكة المتحدة (لون أسود، SSD سعة 1 تيرا+ ذاكرة رام 32 جيجا),,,SAR,3.8,25,https://www.amazon.sa/dp/B0D3FCM1LG,https://m.media-amazon.com/images/I/51QHf1koyPL._AC_UL960_QL65_.jpg,1,,False,False,False,False,,,False,,,,,,True,False
B0CYQ4PK7X,هواوي نوت بوك ميت بوك اكس برو (2024) - الترا 9، 32 جيجا 2 تيرابايت، ويندوز 11 برو، أزرق 14.2 بوصة مع شاشة عرض كاملة 3K,,,SAR,4.3,18,https://www.amazon.sa/dp/B0CYQ4PK7X,https://m.media-amazon.com/images/I/61fzUPLddAL._AC_UL960_QL65_.jpg,1,,False,False,False,False,,,False,,,,,,True,False
B0GR1FWD6X,لابتوب ماك بوك برو 2026 شريحة M5 ماكس 18 وحدة معالجة مركزية و40 وحدة معالجة الرسومات الجرافيكية ذكاء اصطناعي، شاشة ليكويد ريتينا XDR مقاس 16.2 بوصة، ذاكرة موحدة 48GB، تخزين SSD سعة 2TB، فضي، إنجليزي,,,SAR,5.0,1,https://www.amazon.sa/dp/B0GR1FWD6X,https://m.media-amazon.com/images/I/61Q7giRz2cL._AC_UL960_QL65_.jpg,1,,False,False,False,False,,توصيل مجاني غداً، 11 سبتمبرأو توصيل أسرع غداً 1 متبقى 2 فقط -- (سيتوفر المزيد قريباً).,False,,,تبقى 2 فقط -- (سيتوفر المزيد قريباً).,,,True,False
B0FV4B883Y,لابتوب ألعاب اسوس تي يو اف A16 بمعالج AMD رايزن 7 7445HS وشاشة 16 بوصة FHD HD+ 145Hz وانفيديا جيفورس RTX 4050 وذاكرة RAM DDR5 16GB وتخزين SSD 512GB ولوحة مفاتيح بإضاءة خلفية وويندوز 11,,,SAR,4.5,161,https://www.amazon.sa/dp/B0FV4B883Y,https://m.media-amazon.com/images/I/61WVG2Fd76L._AC_UL960_QL65_.jpg,1,,False,False,False,False,,توصيل مجاني الأحد، 13 سبتمبرتبقى 2 فقط - اطلبه الآن.,False,,,تبقى 2 فقط - اطلبه الآن.,,,True,False
B0FB19DNJW,لابتوب العاب اسوس تي يو اف A15 بشاشة 15.6 انش FHD 16:9 144Hz ومعالج AMD رايزن 5 7535HS وانفيديا جيفورس RTX 3050 و16GB DDR5 و512GB PCIe جيل 4.0 SSD وواي فاي 6 وويندوز 11 هوم,,,SAR,4.0,18,https://www.amazon.sa/dp/B0FB19DNJW,https://m.media-amazon.com/images/I/91aWfctUptL._AC_UL960_QL65_.jpg,1,,False,False,False,False,,,False,,,,,,True,False
B0DW24Z28P,اسس لابتوب العاب روج ستريكس سكار 18 (2025) 18 انش روج نيبولا HDR 16:10 2.5K 240Hz/3ms انفيديا جيفورس RTX 5070 Ti انتل كور الترا 9 275HX 32GB DDR5 1TB PCIe SSD واي فاي 7 ويندوز 11 برو G835LR-XS96,,,SAR,4.0,48,https://www.amazon.sa/dp/B0DW24Z28P,https://m.media-amazon.com/images/I/71shKXvCIEL._AC_UL960_QL65_.jpg,3,,False,False,False,False,,توصيل مجاني سبتمبر 20 - 21يشحن من خارج السعودية,False,,,,,,True,False
B0FG7HDZS5,لابتوب ستريم 14 بوصة معالج انتل N150 ويندوز 11 وذاكرة رام 16 جيجا تخزين 640 جيجا وفلاش 128 جيجا وإرساء 512 جيجا ورسوميات انتل وكاميرا وواي فاي 6 واشتراك اوفيس 365 وكوبايلوت وشحن سريع من اتش بي، أزرق,,,SAR,3.8,10,https://www.amazon.sa/dp/B0FG7HDZS5,https://m.media-amazon.com/images/I/81G0nyRHP1L._AC_UL960_QL65_.jpg,1,,False,False,False,False,,توصيل مجاني سبتمبر 20 - 21يشحن من خارج السعودية,True,,,,,,True,False
B079C8SPVM,كمبيوتر محمول من ديل لاتيتيود 5490 انتل كور i5-8250U ذاكرة رام 8 غيغابايت ويندوز 10 برو,,,SAR,3.1,8,https://www.amazon.sa/dp/B079C8SPVM,https://m.media-amazon.com/images/I/711XG2gmqRL._AC_UL960_QL65_.jpg,1,,False,False,False,False,,,False,,,,,,True,False
B0GR19G3MV,لابتوب ماك بوك اير 2026 15 بوصة بشريحة M5 من آبل ذكاء اصطناعي وذكاء آبل، شاشة ليكويد ريتينا 15.3 بوصة، ذاكرة موحدة 24GB، تخزين (SSD) سعة 1 TB، كاميرا مركزية بدقة 12 ميجابكسل، بلون أزرق سماوي، عربي,,,SAR,5.0,1,https://www.amazon.sa/dp/B0GR19G3MV,https://m.media-amazon.com/images/I/71FZA90hodL._AC_UL960_QL65_.jpg,1,,False,False,False,False,,توصيل مجانيغير متوفر مؤقتاً.,False,,,,,,True,False
B0BX7KSS8L,لابتوب سامسونج - جالكسي بوك 3 15.6 بوصة/ ويندوز 11 برو / 16 جيجابايت - معالج انتل كور 512 جيجابايت/الجيل 13 &quot;¢ i7، موديل 2023، NP754XFG-KB1US، فضي,,,SAR,4.4,96,https://www.amazon.sa/dp/B0BX7KSS8L,https://m.media-amazon.com/images/I/61cKICdQSUL._AC_UL960_QL65_.jpg,1,,False,False,False,False,,,False,,,,,,True,False
B0FT31CT6B,كمبيوتر محمول كاتانا 5060-8 مقاس 15.6 بوصة بمعالج كور i7-14650HX بذاكرة 512 جيجابايت وذاكرة رام 16 جيجابايت ونظام تشغيل ويندوز 11 بلون أسود من ام اس اي,,,SAR,3.0,2,https://www.amazon.sa/dp/B0FT31CT6B,https://m.media-amazon.com/images/I/71TvKdAmIjL._AC_UL960_QL65_.jpg,2,,False,False,False,False,,توصيل بـ‏12 ريال الأحد، 13 سبتمبرتبقى 1 فقط - اطلبه الآن.,False,,,تبقى 1 فقط - اطلبه الآن.,,,True,False
B0D3FPCDVP,لابتوب من ايسر، بمعالج انتل، شاشة 16 إنش، وذاكرة رام 16 جيجابايت,,,SAR,3.6,75,https://www.amazon.sa/dp/B0D3FPCDVP,https://m.media-amazon.com/images/I/71Ei507cpIL._AC_UL960_QL65_.jpg,1,,False,False,False,False,,,False,,,,,,True,False
B0DTWBM95H,اسس لابتوب فيفوبوك 16، كوبايلوت + كمبيوتر، شاشة 16 انش WUXGA 60Hz، AMD رايزن AI 5 340 مع وحدة معالجة مركزية XDNA، بطاقة رسومات AMD راديون، ذاكرة RAM 16GB، SSD 512GB، ازرق هادئ، M1607KA-DS54,,,SAR,3.8,26,https://www.amazon.sa/dp/B0DTWBM95H,https://m.media-amazon.com/images/I/61ngs6Iko9L._AC_UL960_QL65_.jpg,1,,False,False,False,False,,,False,,,,,,True,False
B0DXKFH5SB,لابتوب العاب 15.6 انش من نايكلولو، ذاكرة RAM 32GB وSSD 1TB، معالج AMD رايزن 5 7430U 6C/12T (حتى 4.3Ghz)، بطاقة رسومات AMD راديون، شاشة 15.6 انش FHD 1920×1080، واي فاي 5، بلوتوث 5.0، كيبورد باضاءة,,,SAR,4.0,42,https://www.amazon.sa/dp/B0DXKFH5SB,https://m.media-amazon.com/images/I/71-qvgRwGJL._AC_UL960_QL65_.jpg,1,,False,False,False,False,,تبقى 4 فقط - اطلبه الآن.,False,,,تبقى 4 فقط - اطلبه الآن.,,,True,False
B0GN2Q38ZL,لابتوب ألعاب 15 15.6 بوصة 144 هرتز، FHD (1920*1080)، إنتل كور i7 1240H، رام 16 جيجا، تخزين 512GB NVMe PCIe SSD جيل رابع، إنفيديا GeForce RTX 5050 8GB GDDR7، ويندوز 11 هوم بلس من ام اس اي، أسود شفاف,,,SAR,,0,https://www.amazon.sa/dp/B0GN2Q38ZL,https://m.media-amazon.com/images/I/71BO6aGgmsL._AC_UL960_QL65_.jpg,1,,False,False,False,False,,توصيل مجاني غداً، 11 سبتمبرأو توصيل أسرع غداً 1 م,False,,,,,,True,False
B0FM8VC248,لابتوب العاب فيكتوس انفيديا جيفورس 15.6 بوصة RTX 4050 AMD رايزن 7 7445HS رام 16 جيجابايت SSD سعة 512 جيجابايت ويندوز 11 هوم كيبورد انجليزي من اتش بي,,,SAR,4.3,138,https://www.amazon.sa/dp/B0FM8VC248,https://m.media-amazon.com/images/I/61xa231Ma0L._AC_UL960_QL65_.jpg,1,,False,False,False,False,,توصيل مجاني سبتمبر 17 - 19يشحن من خارج السعودية,False,,,,,,True,False
B0FSLB9KN7,لابتوب فيفو بوك 15.6 بوصة FHD X1504VA-BQ575W بمعالج انتل كور 5 120U (10 نواة)، رام 16GB DDR4 وذاكرة مستديمة 512GB M.2 وكاميرا HD، 1.7 كجم، ويندوز 11، كيبورد عربي-إنجليزي فضي,,,SAR,3.7,6,https://www.amazon.sa/dp/B0FSLB9KN7,https://m.media-amazon.com/images/I/718PiEKJHTL._AC_UL960_QL65_.jpg,1,,False,False,False,False,,,False,,,,,,True,False
B0G3PVV45D,كولبي لابتوب بشاشة 15.6 انش FHD IPS 1080P وذاكرة RAM 16GB وSSD 512GB ومعالج 6500Y يدعم واي فاي 2.4G/5G Hz وبلوتوث,,,SAR,4.6,18,https://www.amazon.sa/dp/B0G3PVV45D,https://m.media-amazon.com/images/I/71OkLQm5e4L._AC_UL960_QL65_.jpg,1,,False,False,False,False,,توصيل مجاني سبتمبر 20 - 21يشحن من خارج السعودية,False,,,,,,True,False
B0FR56L7DX,اسس لابتوب فيفوبوك 15 OLED بمعالج انتل كور i9-13900H وذاكرة RAM 16GB وSSD 1TB وشاشة OLED مقاس 15.6 انش 2.8K وويندوز 11، اسود اندي [X1505VA-MA897W],,,SAR,4.2,3,https://www.amazon.sa/dp/B0FR56L7DX,https://m.media-amazon.com/images/I/713iL60vRHL._AC_UL960_QL65_.jpg,1,,False,False,False,False,,توصيل مجاني سبتمبر 17 - 19يشحن من خارج السعودية,False,,,,,,True,False
B0G8J2M6MJ,لابتوب برو بوك 640 G7 مقاس 14 بوصة من اتش بي | معالج انتل كور i5-10310U | ذاكرة رام 8 جيجابايت | ذاكرة SSD 256 جيجابايت | بطاقة رسومات انتل UHD (مجدد),,,,2.5,25,https://www.amazon.sa/dp/B0G8J2M6MJ,https://m.media-amazon.com/images/I/518z4I5WWGL._AC_UL960_QL65_.jpg,1,,False,False,False,False,,,False,,,,,,True,False
B0BBFQC79M,لابتوب من ديل، بمعالج انتل، شاشة 15.6 إنش، وذاكرة رام 16 جيجابايت,,,SAR,3.5,3,https://www.amazon.sa/dp/B0BBFQC79M,https://m.media-amazon.com/images/I/71syOCmcdWL._AC_UL960_QL65_.jpg,1,,False,False,False,False,,توصيل مجاني سبتمبر 14 - 15أو توصيل أسرع الأحد، 13 سبتمبرتبقى 2 فقط - اطلبه الآن.,False,,,تبقى 2 فقط - اطلبه الآن.,,,True,False
B0H5JT88B4,لابتوب 15 بوصة (إصدار 8)|10 كور كوبايلوت+كمبيوتر بشاشة لمس 120Hz سناب دراجون X2 اليت رام 16GB وقرص 512GB SSD من مايكروسوفت سيرفس، إصدار المملكة العربية السعودية (مصدر الطاقة منفصل)، فضي (Platinum),,,SAR,,0,https://www.amazon.sa/dp/B0H5JT88B4,https://m.media-amazon.com/images/I/71YONKxYKDL._AC_UL960_QL65_.jpg,1,,False,False,False,False,,توصيل مجاني غداً، 11 سبتمبرأو توصيل أسرع غداً 1 متبقى 3 فقط -- (سيتوفر المزيد قريباً).,True,,,تبقى 3 فقط -- (سيتوفر المزيد قريباً).,,,True,False
B09C65Y9PW,لابتوب روج ستريكس جي 16بوصة FHD+ 165 هرتز ومعالج انتل كورi7 14650HX وبطاقة انفيديا RTX5060(8 جيجابايت DDR7)ورام 16 جيجاDDR5 وهارد 1تيرا بمنفذPCIe 4.0 وإضاءة RGB وكاميراFHD، ويندوز 11، رمادي، 2.65 كجم,,,SAR,,0,https://www.amazon.sa/dp/B09C65Y9PW,https://m.media-amazon.com/images/I/51WNuS8W9uL._AC_UL960_QL65_.jpg,1,,False,False,False,False,,توصيل مجانيغير متوفر مؤقتاً.,False,,,,,,True,False
B0H3P9JQDQ,HP لابتوب برو بوك 460 G11 للاعمال 2026، شاشة 16 انش 1920x1200 IPS، انتل 12 كور الترا 7 155U، 24GB DDR5، 1TB SSD، ويندوز 11 برو، كيبورد باضاءة خلفية، واي فاي 6E، بلوتوث 5.3، كاميرا FHD 1080p، فضي,,,SAR,1.0,1,https://www.amazon.sa/dp/B0H3P9JQDQ,https://m.media-amazon.com/images/I/61GjjvsmhKL._AC_UL960_QL65_.jpg,1,,False,False,False,False,,توصيل بـ‏12 ريال الأحد، 13 سبتمبرتبقى 1 فقط - اطلبه الآن.,False,,,تبقى 1 فقط - اطلبه الآن.,,,True,False
B0FXX37Z1V,لابتوب اومني بوك 5 AI 16-af1003nx 16 بوصة 2K، معالج انتل كور الترا 7-255U، معالج رسومات انتل ذاكرة رام 16 جيجابايت قرص تخزين سعة 1 تيرابايت نظام تشغيل ويندوز 11 هوم من اتش بي فضي C20VYEA,,,SAR,4.7,6,https://www.amazon.sa/dp/B0FXX37Z1V,https://m.media-amazon.com/images/I/71D7bYcJ-iL._AC_UL960_QL65_.jpg,1,,False,False,False,False,,,False,,,,,,True,False
B0FY61RW6T,لابتوب 16 انش IPS FHD، ذاكرة RAM 16GB وSSD 512GB AMD رايزن 5 3500U (4C/8T، 2.0-3.7GHz) راديون فيجا 8 للطلاب مع كاميرا ويب 2MP وبصمة اصبع وكيبورد باضاءة خلفية ولوحة ارقام للمكتب والمنزل والدراسة,,,SAR,2.0,2,https://www.amazon.sa/dp/B0FY61RW6T,https://m.media-amazon.com/images/I/61O9JXmxEvL._AC_UL960_QL65_.jpg,1,,False,False,False,False,,,False,,,,,,True,False
B0GR1B4B23,لابتوب آبل ماك بوك برو 2026 بشريحة M5 برو و15 وحدة معالجة مركزية و16 وحدة لمعالجة الرسومات مصمم خصيصًا للذكاء الاصطناعي، شاشة ليكويد ريتينا XDR مقاس 14.2 بوصة، ذاكرة موحدة 24GB، تخزين SSD 1TB، لون,,,SAR,5.0,3,https://www.amazon.sa/dp/B0GR1B4B23,https://m.media-amazon.com/images/I/61yZHqYzd2L._AC_UL960_QL65_.jpg,1,,False,False,False,False,,توصيل مجاني غداً، 11 سبتمبرأو توصيل أسرع غداً 1 م,False,,,,,,True,False
B0FGGNLY2L,"ايسر لابتوب سويفت جو 16 انش OLED SFG16-72-5844 الترا 5 125H 8GB RAM 512GB SSD | Intel Evo AI certified, 3200x2000 resolution, 120Hz refresh rate display, Windows 11 Home, WiFi 6E, USB-C port",,,SAR,4.0,12,https://www.amazon.sa/dp/B0FGGNLY2L,https://m.media-amazon.com/images/I/61++gUuiWLL._AC_UL960_QL65_.jpg,1,,False,False,False,False,,توصيل مجاني سبتمبر 29 - 30يشحن من خارج السعودية,False,,,,,,True,False
B0FCLXSRNB,لابتوب إتش بي أومني بوك ٥ فليب ٢ في ١، شاشة لمس 14 بوصة FHD+، معالج انتل كور 150U، معالج رسوميات انتل، ذاكرة ١٦ جيجا DDR5، سعة ٥١٢ جيجا SSD، مساعد كوبايلوت، كيبورد بإضاءة، ويندوز ١١ برو، لون فضي,,,SAR,4.4,39,https://www.amazon.sa/dp/B0FCLXSRNB,https://m.media-amazon.com/images/I/61bNdlbL3wL._AC_UL960_QL65_.jpg,3,,False,False,False,False,,توصيل مجاني سبتمبر 22 - 23يشحن من خارج السعودية,False,,,,,,True,False
B0D1TSVF4Y,لابتوب من جي واي اكس-كاوسن، شاشة 15.6 إنش، وذاكرة رام 16 جيجابايت، مع شاشة ثانوية تعمل باللمس,,,SAR,5.0,1,https://www.amazon.sa/dp/B0D1TSVF4Y,https://m.media-amazon.com/images/I/61zGtyn+aVL._AC_UL960_QL65_.jpg,1,,False,False,False,False,,توصيل بـ‏10 ريال الأحد، 4 أكتوبريشحن من خارج السعودية,True,,,,,,True,False
B0F5ZMLD51,MSI لابتوب العاب تيتان 18 HX AI A2XWJG 18 انش UHD+ صغير LED 120Hz - كور بلاك، انتل كور الترا 9 285HX 2.1GHz؛ انفيديا جيفورس RXT 5090 GPU 24GB GDDR7؛ 64GB DDR5 RAM؛ 2×2TB NVMe SSD,,,SAR,4.8,7,https://www.amazon.sa/dp/B0F5ZMLD51,https://m.media-amazon.com/images/I/51R7WMCsXKL._AC_UL960_QL65_.jpg,1,,False,False,False,False,,توصيل مجاني سبتمبر 22 - 23يشحن من خارج السعودية,False,,,,,,True,False
B0C78KWS3Y,لابتوب من اتش بي، بمعالج إنتل، شاشة 15.6 إنش، وذاكرة رام 16 جيجابايت,,,SAR,4.1,12,https://www.amazon.sa/dp/B0C78KWS3Y,https://m.media-amazon.com/images/I/61FvG1So3JL._AC_UL960_QL65_.jpg,1,,False,False,False,False,,توصيل مجاني الأحد، 13 سبتمبر,False,,,,,,True,False
B0CX8XTYRH,حامل أجهزة إلكترونية محمول من سكاي-تاتش متوافق مع لابتوبات، قابل للتعديل والطي ومحمول، مصنوع من ABS وسيليكون، نيو فضي,25.9,25.9,SAR,4.3,1154,https://www.amazon.sa/dp/B0CX8XTYRH,https://m.media-amazon.com/images/I/71U4o39EzxL._AC_UL960_QL65_.jpg,1,25.9,False,False,False,False,تم شراء 500+ سلعة في الشهر الماضي,توصيل مجاني غداً، 11 سبتمبر على طلبك الأول.أو توصيل أسرع اليوم 6:13 م,False,,,,,,False,False
B0FWKK7D8Q,موتورولا G06 4G، 4+8GB RAM بوست، ذاكرة روم 128GB، ام تي كيه هيليو G81 اكستريم، شاشة 6.9 انش فائقة الدقة 120 هرتز، اندرويد 15، بانتون تيندريل,449.0,449.0,SAR,4.2,37,https://www.amazon.sa/dp/B0FWKK7D8Q,https://m.media-amazon.com/images/I/61byyl8pgLL._AC_UL960_QL65_.jpg,3,440.0,False,False,False,False,تم شراء 50+ سلعة في الشهر الماضي,توصيل مجاني اليوم 6:13 م,True,,,,,,False,False
B0FSZPJ2WQ,زد تي اي بليد A35e، شاشة HD 6.55 بوصة، ذاكرة رام 2+4 جيجابايت، 64 جيجابايت، شريحتين اتصال، شبكة الجيل الرابع، رمادي فضي,319.0,319.0,SAR,4.0,23,https://www.amazon.sa/dp/B0FSZPJ2WQ,https://m.media-amazon.com/images/I/51yJZ99zrnL._AC_UL960_QL65_.jpg,1,319.0,False,False,False,False,تم شراء 100+ سلعة في الشهر الماضي,توصيل مجاني غداً، 11 سبتمبرأو توصيل أسرع غداً 1 م,False,,,,,,False,False
B0FSZMBQWK,زد تي اي جوال A35e ثنائي شرائح الاتصال بذاكرة رام 2+4 جيجابايت وذاكرة داخلية 64 جيجابايت ويدعم تقنية 4G من بليد - اصدار الشرق الاوسط,309.0,309.0,SAR,3.6,4,https://www.amazon.sa/dp/B0FSZMBQWK,https://m.media-amazon.com/images/I/51BE+HW09PL._AC_UL960_QL65_.jpg,1,309.0,False,False,False,False,تم شراء 50+ سلعة في الشهر الماضي,توصيل مجاني غداً، 11 سبتمبرأو توصيل أسرع غداً 1 م,False,,,,,,False,False
B0CKMZDD26,هاتف خلوي من نوكيا نوكيا 105 بشريحتين فحمي,99.0,99.0,SAR,3.8,107,https://www.amazon.sa/dp/B0CKMZDD26,https://m.media-amazon.com/images/I/61b1FzgnxmL._AC_UL960_QL65_.jpg,3,98.0,False,False,False,False,تم شراء 100+ سلعة في الشهر الماضي,توصيل مجاني غداً، 11 سبتمبر على طلبك الأول.أو توصيل أسرع غداً 1 م,False,,,,,,False,False
B0H2BDP7BP,A100Cs Could White 2+4GB RAM 64GB 4G - اصدار الشرق الاوسط,319.0,319.0,SAR,3.1,9,https://www.amazon.sa/dp/B0H2BDP7BP,https://m.media-amazon.com/images/I/51xY4FCPkYL._AC_UL960_QL65_.jpg,1,319.0,False,False,False,False,تم شراء 50+ سلعة في الشهر الماضي,توصيل مجاني غداً، 11 سبتمبرأو توصيل أسرع اليوم 6:13 م,False,,,,,,False,False
B0H2BNG8W7,A100Cs اسود طبيعي 2+4 جيجا رام 64 جيجا 4G - اصدار الشرق الاوسط,319.0,319.0,SAR,3.0,1,https://www.amazon.sa/dp/B0H2BNG8W7,https://m.media-amazon.com/images/I/51pwJ3bENEL._AC_UL960_QL65_.jpg,1,319.0,False,False,False,False,تم شراء 50+ سلعة في الشهر الماضي,توصيل مجاني غداً، 11 سبتمبرأو توصيل أسرع غداً 1 م,False,,,,,,False,False
B0FNCYB5N1,جوال سامسونج جالكسي A17 ال تي اي، ثنائي شرائح اتصال، سعة 128 جيجا توسع حتى 2 تيرا، اندرويد 14 وذاكرة رام 4 جيجابايت، معالج اكسينوس وشاشة اموليد 6.7 بوصة بدقة 1080x2220، معدل تحديث 90 هرتز، لون أسود,618.0,618.0,SAR,4.4,219,https://www.amazon.sa/dp/B0FNCYB5N1,https://m.media-amazon.com/images/I/61Ni-LageEL._AC_UL960_QL65_.jpg,1,618.0,False,False,False,False,تم شراء 100+ سلعة في الشهر الماضي,توصيل مجاني غداً، 11 سبتمبرأو توصيل أسرع غداً 1 م,True,,,,,,False,False
B0GS1SB8ZT,موتورولا G77 5G 8+16GB RAM بوست، ذاكرة روم 256GB، كاميرا فائقة الدقة 108MP تعمل بواسطة موتو ايه اي، ميديا تيك ديمنستي 6400، شاشة اكستريم اموليد 6.8 انش 120 هرتز، بانتون مظلل التنوب,858.0,858.0,SAR,4.0,14,https://www.amazon.sa/dp/B0GS1SB8ZT,https://m.media-amazon.com/images/I/81WNozGvUrL._AC_UL960_QL65_.jpg,1,858.0,False,False,False,False,تم شراء 50+ سلعة في الشهر الماضي,توصيل مجاني غداً، 11 سبتمبرأو توصيل أسرع غداً 1 م,True,,,,,,False,False
B0GMRVWWM2,اتش تي سي وايلدفاير E5 ايليت اسود، تخزين 256GB، ذاكرة RAM 6+12GB، بطارية تدوم طويلا 7000mAh، ثنائي شرائح الاتصال 4G (اصدار المملكة العربية السعودية - ضمان لمدة عامين),509.0,599.0,SAR,1.6,3,https://www.amazon.sa/dp/B0GMRVWWM2,https://m.media-amazon.com/images/I/6190wbu90QL._AC_UL960_QL65_.jpg,1,509.0,False,False,False,False,,توصيل مجاني غداً، 11 سبتمبرأو توصيل أسرع غداً 1 م,False,,,,,,False,True
B08PNH6XNT,جوال ايفون 12 ميني من ابل (64 جيجابايت) - لون أزرق (مجدد),650.0,650.0,SAR,2.4,229,https://www.amazon.sa/dp/B08PNH6XNT,https://m.media-amazon.com/images/I/71h79A7wE1L._AC_UL960_QL65_.jpg,1,650.0,False,False,False,False,,توصيل مجاني سبتمبر 16 - 17يشحن من خارج السعودية,True,,,,,,False,False
B0G5ZP8Y75,جوال ريدمي نوت 15 شبكة الجيل الخامس 5G ثنائي شرائح الاتصال بذاكرة رام 8 جيجابايت وذاكرة داخلية 256 جيجابايت - النسخة العالمية,978.9,978.9,SAR,3.6,38,https://www.amazon.sa/dp/B0G5ZP8Y75,https://m.media-amazon.com/images/I/61tsEdci4EL._AC_UL960_QL65_.jpg,1,978.9,False,False,False,False,تم شراء 100+ سلعة في الشهر الماضي,توصيل مجاني اليوم 6:13 م,True,,,,,,False,False
B0H612FV7C,جوال هونر ذكي X7e بطارية سيليكون كربون وشريحتين وشحن فائق 45 واط وشاشة 120Hz وكاميرا 50MP مدعومة بالذكاء الاصطناعي، بتصنيف IP64 لمقاومة المياه والغبار، ذاكرة رام 6GB وذاكرة تخزين 128GB، لون أزرق فاتح,645.5,849.0,SAR,3.9,5,https://www.amazon.sa/dp/B0H612FV7C,https://m.media-amazon.com/images/I/51A54GsR3JL._AC_UL960_QL65_.jpg,1,645.5,False,False,False,False,,توصيل مجاني اليوم 6:13 م,True,,,,,,False,True
B0GSF4V8LM,"جوال ريدمي A7 برو من شاومي، ذاكرة وصول عشوائي 4 جيجابايت وذاكرة قراءة 128 جيجابايت، أزرق (Mist Blue) | 800nits Super Sunlight Display, 120Hz High Refresh Rate",448.0,448.0,SAR,4.0,23,https://www.amazon.sa/dp/B0GSF4V8LM,https://m.media-amazon.com/images/I/61KM1VBlEoL._AC_UL960_QL65_.jpg,1,448.0,False,False,False,False,,توصيل مجاني اليوم 6:13 م,True,,,,,,False,False
B0FLDHTQY4,جوال جالكسي ذكي A07 LTE بنظام أندرويد وذاكرة تخزين 64GB وذاكرة رام 4GB و6x تحديثات نظام التشغيل مع شاشة كبيرة ومعالج 6nm من سامسونج، أخضر (إصدار المملكة العربية السعودية),449.99,449.99,SAR,4.2,241,https://www.amazon.sa/dp/B0FLDHTQY4,https://m.media-amazon.com/images/I/61kjYICHEgL._AC_UL960_QL65_.jpg,1,449.99,False,False,False,False,تم شراء 100+ سلعة في الشهر الماضي,توصيل مجاني الأحد، 13 سبتمبرتبقى 1 فقط - اطلبه الآن.,True,,,تبقى 1 فقط - اطلبه الآن.,,,False,False
B0GZHY8DB5,ريلمي هاتف ذكي C100i 4G ثنائي شرائح الاتصال بذاكرة RAM 4GB وذاكرة تخزين 128GB وكاميرا ذكاء اصطناعي سريع الاداء ثنائي شرائح الاتصال اندرويد (ارجواني داون),529.0,529.0,SAR,,0,https://www.amazon.sa/dp/B0GZHY8DB5,https://m.media-amazon.com/images/I/61NsCpwCj7L._AC_UL960_QL65_.jpg,1,529.0,False,False,False,False,,توصيل مجاني اليوم 6:13 م,False,,,,,,False,False
B0G1KS6PNH,جوال ذكي اي تيل 4G A100c، ذاكرة تخزين 64 جيجابايت، اندرويد 14، ذاكرة رام 2 جيجابايت، يونيسوك T7100، شاشة LCD IPS مقاس 6.6 بوصة، دقة 1570x720، معدل تحديث 90 هرتز,359.0,359.0,SAR,4.1,12,https://www.amazon.sa/dp/B0G1KS6PNH,https://m.media-amazon.com/images/I/61kw3jzQ5JL._AC_UL960_QL65_.jpg,1,359.0,False,False,False,False,,توصيل مجاني غداً، 11 سبتمبرأو توصيل أسرع اليوم 6:13 م,False,,,,,,False,False
B0FKZNVTVQ,"جوال ريدمي 15 شبكة الجيل الخامس 5G ثنائي شرائح الاتصال 8 جيجابايت وذاكرة داخلية 256 جيجابايت - إصدار عالمي، لون تيتان جراي | Immersive 6.9” FHD+ Display, 50MP AI Dual Camera System - Global Version",849.99,909.0,SAR,4.3,212,https://www.amazon.sa/dp/B0FKZNVTVQ,https://m.media-amazon.com/images/I/6124ZneXwVL._AC_UL960_QL65_.jpg,1,849.99,False,False,False,False,تم شراء 50+ سلعة في الشهر الماضي,توصيل مجاني غداً، 11 سبتمبرأو توصيل أسرع غداً 1 م,True,,,,,,False,True
B0D8PYVHT3,جوال نوكيا 215 4G شبكة الجيل الرابع اصدار عام 2024، دي اس، لون خوخي,140.0,149.0,SAR,3.9,20,https://www.amazon.sa/dp/B0D8PYVHT3,https://m.media-amazon.com/images/I/71UflMMtlCL._AC_UL960_QL65_.jpg,1,140.0,False,False,False,False,,توصيل مجاني غداً، 11 سبتمبرأو توصيل أسرع غداً 1 م,False,,,,,,False,True
B0FDGDXKRG,جوال ماكس صغير غير مقفل في العالم بشاشة لمس HD مقاس 3 انش من بي ال كيه اي، هاتف ذكي صغير يعمل بنظام اندرويد للاطفال والطلاب، ثنائي شرائح الاتصال ثنائي شرائح الاتصال، lD2GB+16GB، ازرق,174.04,232.0,SAR,3.6,259,https://www.amazon.sa/dp/B0FDGDXKRG,https://m.media-amazon.com/images/I/61a7Sjos94L._AC_UL960_QL65_.jpg,1,174.04,False,False,False,False,,توصيل بـ‏56.96 ريال الاثنين، 5 أكتوبريشحن من خارج السعودية,True,,,,,,False,True
B0FMY6MXR3,هاتف شاومي ريدمي 15C الذكي 8+256 جيجابايت، برتقالي توايلايت، بطارية 6000mAh | شاشة 120 هرتز 6.9 بوصة، تصميم أنيق، كاميرا مزدوجة بتقنية الذكاء الاصطناعي 50 ميجابكسل، شحن سريع 33 واط - إصدار عالمي,669.0,669.0,SAR,3.4,108,https://www.amazon.sa/dp/B0FMY6MXR3,https://m.media-amazon.com/images/I/7102U2593VL._AC_UL960_QL65_.jpg,1,669.0,False,False,False,False,,توصيل مجاني غداً، 11 سبتمبرأو توصيل أسرع غداً 1 م,True,,,,,,False,False
B0GSZGYBR3,اونر هاتف ذكي 600 لايت 5G، ذاكرة RAM 8GB + تخزين 128GB، بطارية متينة 3180mAh، شاشة AMOLED 6.6 انش 120Hz، كاميرا ذكاء اصطناعي 108MP مع زر كاميرا، اطار معدني، مقاومة للماء IP66، ذهبي صحراوي,,,SAR,4.7,6,https://www.amazon.sa/dp/B0GSZGYBR3,https://m.media-amazon.com/images/I/71IAWTbsrUL._AC_UL960_QL65_.jpg,1,,False,False,False,False,تم شراء 50+ سلعة في الشهر الماضي,توصيل مجاني اليوم 6:13 م,True,,,,,,True,False
B0FY6T8GPM,هاتف HONOR X9d 5G، رام 12 جيجابايت+تخزين 256 جيجابايت، بطارية سيليكون كربون، كاميرا OIS 108 ميجابكسل، شاشة أموليد 6.79 بوصة 120 هرتز، شحن 66 واط، سناب دراجون 6 الجيل 4، بني محمر,,,SAR,4.3,49,https://www.amazon.sa/dp/B0FY6T8GPM,https://m.media-amazon.com/images/I/613o8wHBH+L._AC_UL960_QL65_.jpg,1,,False,False,False,False,تم شراء 500+ سلعة في الشهر الماضي,توصيل مجاني غداً، 11 سبتمبرأو توصيل أسرع غداً 1 م,True,,,,,,True,False
B0DG6JHQM8,نوكيا 3210 | ثنائي شرائح الاتصال | جي اس ام | غير مقفل | اصدار عالمي | لون اسود جرونج,209.0,209.0,SAR,3.5,167,https://www.amazon.sa/dp/B0DG6JHQM8,https://m.media-amazon.com/images/I/61TG7vZ7pjL._AC_UL960_QL65_.jpg,1,209.0,False,False,False,False,,توصيل بـ‏12 ريال سبتمبر 13 - 14تبقى 1 فقط - اطلبه الآن.,False,,,تبقى 1 فقط - اطلبه الآن.,,,False,False
B0H6127H6D,هاتف HONOR X7e، بطارية سيليكون كربون، شحن 45 واط، شاشة 120 هرتز، كاميرا 50 ميجابكسل ذكاء اصطناعي، مقاوم للماء IP64، رام 6 جيجابايت+تخزين 256 جيجابايت، شريحتين، أزرق فاتح,718.0,949.0,SAR,4.6,3,https://www.amazon.sa/dp/B0H6127H6D,https://m.media-amazon.com/images/I/51A54GsR3JL._AC_UL960_QL65_.jpg,6,717.0,False,False,False,False,,توصيل مجاني اليوم 6:13 م,True,,,,,,False,True
B0FQJQQ6MY,موتورولا جوال موتو G06 ثنائي شرائح الاتصال بذاكرة روم 256GB وذاكرة RAM 4GB (جي اس ام فقط | بدون سي دي ام ايه) هاتف ذكي 4G/LTE مفتوح من المصنع (بانتون تيندريل) - اصدار عالمي,489.0,489.0,SAR,4.0,31,https://www.amazon.sa/dp/B0FQJQQ6MY,https://m.media-amazon.com/images/I/817Db7vKQ2L._AC_UL960_QL65_.jpg,1,489.0,False,False,False,False,,توصيل مجاني اليوم 6:13 م,False,,,,,,False,False
B0CH9TMBJC,جوال نوكيا 106 NENA1 ثنائي شرائح الاتصال، ذاكرة رام 48 ميجابايت + ذاكرة روم 128 ميجابايت، (1.8 بوصة) (شبكة الجيل الثاني 2G) - (لون فحمي)، TA-1564 DS,112.5,112.5,SAR,3.6,221,https://www.amazon.sa/dp/B0CH9TMBJC,https://m.media-amazon.com/images/I/61qUjmxsgpL._AC_UL960_QL65_.jpg,4,99.0,False,False,False,False,تم شراء 50+ سلعة في الشهر الماضي,توصيل مجاني السبت، 12 سبتمبرأو توصيل أسرع غداً، 11 سبتمبرتبقى 1 فقط - اطلبه الآن.,False,,,تبقى 1 فقط - اطلبه الآن.,,,False,False
B09SGPV4LV,سامسونج موبايل SM-B315E ثنائي شرائح الاتصال اقل من 512 ميجابايت - ابيض,125.0,125.0,SAR,3.1,13,https://www.amazon.sa/dp/B09SGPV4LV,https://m.media-amazon.com/images/I/61HD8qEpK6L._AC_UL960_QL65_.jpg,1,125.0,False,False,False,False,,توصيل بـ‏11.97 ريال سبتمبر 14 - 15,False,,,,,,False,False
B0GGT5KYL9,جوال منزلق غير مقفل بشاشة HD 2.0 انش جي اس ام مع مكبر صوت عالي ومشغل ام بي 3 وام بي 4 وشحن من النوع سي للاطفال المسنين سهل الاستخدام من زوميوزي (ارجواني),196.03,196.03,SAR,1.0,2,https://www.amazon.sa/dp/B0GGT5KYL9,https://m.media-amazon.com/images/I/61H9BC3LjJL._AC_UL960_QL65_.jpg,1,196.03,False,False,False,False,,توصيل مجاني السبت، 12 سبتمبرأو توصيل أسرع غداً، 11 سبتمبر,True,,,,,,False,False
B0CQ2R1YFH,جوال ابل ايفون XR (128 جيجابايت) - لون ازرق (محدث),,,SAR,2.9,166,https://www.amazon.sa/dp/B0CQ2R1YFH,https://m.media-amazon.com/images/I/71xb2xkN5qL._AC_UL960_QL65_.jpg,1,,False,False,False,False,تم شراء 50+ سلعة في الشهر الماضي,توصيل مجاني السبت، 12 سبتمبرأو توصيل أسرع غداً، 11 سبتمبرتبقى 2 فقط - اطلبه الآن.,True,,,تبقى 2 فقط - اطلبه الآن.,,,True,False
B0G5ZFCZQ1,جوال ريدمي نوت 15 برو شبكة الجيل الخامس 5G ثنائي شرائح الاتصال + شريحة الكترونية وذاكرة رام 8GB وذاكرة داخلية 256GB، إصدار عالمي/لون ذهبي وتيتانيوم,,,SAR,5.0,3,https://www.amazon.sa/dp/B0G5ZFCZQ1,https://m.media-amazon.com/images/I/61dlZifiHQL._AC_UL960_QL65_.jpg,1,,False,False,False,False,,توصيل مجاني اليوم 6:13 م,True,,,,,,True,False
B08N5RQYNV,جوال بوكو C85 ثنائي شرائح الاتصال بذاكرة رام 6 جيجا وذاكرة داخلية 128 جيجابايت ويدعم تقنية 4G - إصدار دولي، أخضر,599.0,599.0,SAR,4.1,37,https://www.amazon.sa/dp/B08N5RQYNV,https://m.media-amazon.com/images/I/51ft5QxeynL._AC_UL960_QL65_.jpg,1,599.0,False,False,False,False,تم شراء 50+ سلعة في الشهر الماضي,توصيل مجاني اليوم 6:13 م,True,,,,,,False,False
B0H61H6Z9G,هاتف HONOR X7e، بطارية سيليكون كربون، شحن 45 واط، شاشة 120 هرتز، كاميرا 50 ميجابكسل ذكاء اصطناعي، مقاوم للماء IP64، رام 6 جيجابايت+تخزين 128 جيجابايت، شريحتين، برتقالي فاتح,695.0,849.0,SAR,3.9,5,https://www.amazon.sa/dp/B0H61H6Z9G,https://m.media-amazon.com/images/I/51U6fN4WQpL._AC_UL960_QL65_.jpg,2,629.1,False,False,False,False,تم شراء 50+ سلعة في الشهر الماضي,توصيل مجاني السبت، 12 سبتمبرأو توصيل أسرع غداً، 11 سبتمبر,True,,,,,,False,True
B0DDKLRFVV,جوال سامسونج جالكسي A06 LTE ثنائي شرائح الاتصال يعمل بنظام أندرويد بذاكرة رام 4 جيجابايت وسعة تخزين 64 جيجابايت، لون أسود (إصدار المملكة العربية السعودية),499.0,499.0,SAR,4.2,1216,https://www.amazon.sa/dp/B0DDKLRFVV,https://m.media-amazon.com/images/I/71OVNSFWVLL._AC_UL960_QL65_.jpg,1,499.0,False,False,False,False,,توصيل مجاني السبت، 12 سبتمبرأو توصيل أسرع غداً، 11 سبتمبر,False,,,,,,False,False
B0DYD8XWH8,جوال نوثينج (3a) بمساحة تخزين 128 جيجابايت بكاميرا أمامية بدقة 32 ميجابكسل وقدرة تكبير فائقة حتى 30 مرة يتمتع بشحن سريع بقدرة 50 واط وشاشة اموليد مرنة FHD+ مقاس 6.75 بوصة - أبيض,,,SAR,4.2,284,https://www.amazon.sa/dp/B0DYD8XWH8,https://m.media-amazon.com/images/I/71b3HI25YgL._AC_UL960_QL65_.jpg,2,,False,False,False,False,تم شراء 50+ سلعة في الشهر الماضي,توصيل مجاني غداً، 11 سبتمبرأو توصيل أسرع غداً 1 م,True,,,,,,True,False
B0G5YXK3T5,جوال ريدمي نوت 15 برو 5G ثنائي شرائح الاتصال + شريحة الكترونية بذاكرة رام 8 | شاشة كريستال ريس اموليد 17.35 سم 1.5 كيه، زجاج غوريلا فيكتوس 2، كاميرا جديدة بدقة 200 ميجابكسل فائقة الوضوح - النسخة العالمية,,,SAR,5.0,3,https://www.amazon.sa/dp/B0G5YXK3T5,https://m.media-amazon.com/images/I/61HKBaOTtJL._AC_UL960_QL65_.jpg,1,,False,False,False,False,,توصيل مجاني غداً، 11 سبتمبرأو توصيل أسرع غداً 1 م,True,,,,,,True,False
B0BJCDD1F6,جوال نوكيا 5710 اكسبرس منفذ صوت دي اس، لون أسود,167.0,167.0,SAR,3.8,22,https://www.amazon.sa/dp/B0BJCDD1F6,https://m.media-amazon.com/images/I/51eWLgyTWIL._AC_UL960_QL65_.jpg,1,167.0,False,False,False,False,,توصيل مجاني غداً، 11 سبتمبرأو توصيل أسرع اليوم 6:13 م,False,,,,,,False,False
B0GZHRKDFD,ريلمي هاتف ذكي C100i 4G ثنائي شرائح الاتصال بذاكرة RAM 4GB وذاكرة تخزين 128GB وكاميرا ذكاء اصطناعي سريع الاداء ثنائي شرائح الاتصال اندرويد (رمادي داكن),529.0,529.0,SAR,,0,https://www.amazon.sa/dp/B0GZHRKDFD,https://m.media-amazon.com/images/I/61ztY0bMsyL._AC_UL960_QL65_.jpg,1,529.0,False,False,False,False,,توصيل مجاني اليوم 6:13 م,False,,,,,,False,False
B0H13V9HL5,ايه جي ام هاتف ذكي نوت ان 2 الجيل الرابع اندرويد 16 جو، هاتف ذكي صغير 12.60 | ذاكرة رام 3 جيجابايت + ذاكرة روم 32 جيجابايت | بطارية 3000 مللي أمبير في الساعة | ثنائي شرائح الاتصال | تصنيف IP54 | هواتف,349.0,349.0,SAR,3.8,14,https://www.amazon.sa/dp/B0H13V9HL5,https://m.media-amazon.com/images/I/71GEcAWa8cL._AC_UL960_QL65_.jpg,1,349.0,False,False,False,False,,توصيل مجاني غداً، 11 سبتمبرأو توصيل أسرع اليوم 6:13 م,True,,,,,,False,False
B0FXXW7PK9,جوال نوثينج (3a) لايت 5G / 8 جيجابايت / 128 جيجابايت / 6.77 بوصة اموليد مرن LTPS/ كاميرا 50 ميجابكسل / 5000 ميلي امبير في الساعة / أسود,849.0,849.0,SAR,4.1,81,https://www.amazon.sa/dp/B0FXXW7PK9,https://m.media-amazon.com/images/I/81Qz-rzm2SL._AC_UL960_QL65_.jpg,1,849.0,False,False,False,False,تم شراء 50+ سلعة في الشهر الماضي,توصيل مجاني اليوم 6:13 م,True,,,,,,False,False
B0FY6X1FRG,هاتف HONOR X9d 5G، رام 12 جيجابايت+تخزين 256 جيجابايت، بطارية سيليكون كربون، كاميرا OIS 108 ميجابكسل، شاشة أموليد 6.79 بوصة 120 هرتز، شحن 66 واط، سناب دراجون 6 الجيل 4، صن رايز جولد,,,SAR,4.3,49,https://www.amazon.sa/dp/B0FY6X1FRG,https://m.media-amazon.com/images/I/51bwwLYbu9L._AC_UL960_QL65_.jpg,4,,False,False,False,False,تم شراء 100+ سلعة في الشهر الماضي,توصيل مجاني غداً، 11 سبتمبرأو توصيل أسرع غداً 1 م,True,,,,,,True,False
B0H9R4VFL4,جوال ريدمي 17 ثنائي شرائح الاتصال شبكة الجيل الخامس 5G، بذاكرة رام 4 جيجابايت وتخزين 128 جيجابايت، برتقالي زاهي - النسخة العالمية,761.0,761.0,SAR,1.0,1,https://www.amazon.sa/dp/B0H9R4VFL4,https://m.media-amazon.com/images/I/61UavlI7mwL._AC_UL960_QL65_.jpg,7,734.07,False,False,False,False,,توصيل مجاني السبت، 12 سبتمبرأو توصيل أسرع غداً، 11 سبتمبر,False,,,,,,False,False
B0H7X1S5LR,جوال موتو G37 5G ورام 4+8 جيجابايت تخزين 128 جيجابايت وكاميرا 50 ميجابكسل بشاشة 6.67 بوصة 120 هرتز بطارية 5100 ميلّي امبير معالج ديمنستي 6300 وزجاج غوريلا جلاس 7i من موتورولا، لون أحمر (PANTONE),690.0,690.0,SAR,,0,https://www.amazon.sa/dp/B0H7X1S5LR,https://m.media-amazon.com/images/I/710YwmBauoL._AC_UL960_QL65_.jpg,5,689.0,False,False,False,False,,توصيل مجاني غداً، 11 سبتمبرأو توصيل أسرع غداً 1 م,True,,,,,,False,False
B0GMQYF45R,اتش تي سي هاتف وايلدفاير E7 اليت 5G ثنائي شرائح الاتصال، 256 جيجابايت، ذاكرة رام 6 جيجابايت، 17.22 سم، UHD+ (6 جيجابايت + 12 جيجابايت ممتدة),658.0,658.0,SAR,2.4,4,https://www.amazon.sa/dp/B0GMQYF45R,https://m.media-amazon.com/images/I/614prRq39XL._AC_UL960_QL65_.jpg,3,646.0,False,False,False,False,,توصيل مجاني غداً، 11 سبتمبرأو توصيل أسرع غداً 1 م,False,,,,,,False,False
B0GSVSN4QC,جوال جالكسي A57/شبكة الجيل الخامس 5G نظام أندرويد سعة تخزين 128 جيجابايت ذاكرة رام 8 جيجابايت وشاشة كبيرة وكاميرا 50 ميجابكسل وبطارية طويلة و6 تحديثات للنظام من سامسونج، أزرق رائع (إصدار السعودية),,,SAR,4.3,15,https://www.amazon.sa/dp/B0GSVSN4QC,https://m.media-amazon.com/images/I/71osmLqm8FL._AC_UL960_QL65_.jpg,1,,False,False,False,False,,توصيل مجاني اليوم 6:13 م,True,,,,,,True,False
B0CQ2RC5GT,جوال ابل ايفون 11 (64 جيجا) - أبيض (المطور),740.0,740.0,SAR,2.9,293,https://www.amazon.sa/dp/B0CQ2RC5GT,https://m.media-amazon.com/images/I/61QmSEeQCzL._AC_UL960_QL65_.jpg,1,740.0,False,False,False,False,,توصيل مجاني السبت، 12 سبتمبرأو توصيل أسرع غداً، 11 سبتمبرتبقى 4 فقط - اطلبه الآن.,True,,,تبقى 4 فقط - اطلبه الآن.,,,False,False
B0H1H2KY4G,ايه جي ام هاتف ذكي صغير غير مقفل 4G، شاشة صغيرة 12.60 سم بيد واحدة مع اندرويد 16 جو. IP54 مقاوم للغبار والرذاذ، بطارية 3000mAh، ثنائي شرائح الاتصال، 256GB قابلة للتوسيع للنسخ الاحتياطي وكبار السن,349.0,349.0,SAR,4.3,22,https://www.amazon.sa/dp/B0H1H2KY4G,https://m.media-amazon.com/images/I/71SrFKtMFCL._AC_UL960_QL65_.jpg,1,349.0,False,False,False,False,,توصيل مجاني السبت، 12 سبتمبرأو توصيل أسرع غداً، 11 سبتمبر,True,,,,,,False,False
B0F48H546B,موتورولا جوال ايدج 60 فيوجن ثنائي شرائح الاتصال بذاكرة روم 256GB وذاكرة RAM 8GB (جي اس ام فقط | بدون سي دي ام ايه) هاتف ذكي 5G مفتوح من المصنع (بانتون سليب ستريم) - اصدار عالمي,989.0,989.0,SAR,4.5,310,https://www.amazon.sa/dp/B0F48H546B,https://m.media-amazon.com/images/I/61j-+Qv97xL._AC_UL960_QL65_.jpg,1,989.0,False,False,False,False,,توصيل مجاني اليوم 6:13 م,False,,,,,,False,False
B0GZCJP7D2,هاتف HONOR 600 5G، رام 12 جيجابايت+تخزين 256 جيجابايت، كاميرا 200 ميجابكسل ذكاء اصطناعي، بطارية سيليكون كربون، شحن 80 وات، شاشة AMOLED 6.57 بوصة 120 هرتز، أبيض ذهبي,,,SAR,4.5,10,https://www.amazon.sa/dp/B0GZCJP7D2,https://m.media-amazon.com/images/I/710tZlhDXOL._AC_UL960_QL65_.jpg,1,,False,False,False,False,تم شراء 50+ سلعة في الشهر الماضي,توصيل مجاني غداً، 11 سبتمبرأو توصيل أسرع غداً 1 م,True,,,,,,True,False
B0FK5SS2BY,جوال بوكو M7 برام 6 جيجا وسعة داخلية 128 جيجا، إصدار اللغة الإنجليزية، أسود,679.0,679.0,SAR,4.2,36,https://www.amazon.sa/dp/B0FK5SS2BY,https://m.media-amazon.com/images/I/61c9T2URweL._AC_UL960_QL65_.jpg,1,679.0,False,False,False,False,,توصيل مجاني غداً، 11 سبتمبرأو توصيل أسرع غداً 1 م,True,,,,,,False,False
B0GGZCHMQS,اي تيل هاتف ذكي A100c، ثنائي شرائح الاتصال، ذاكرة تخزين 64GB، هاتف ذكي 4G، ذهبي تيتانيوم 14، ذاكرة RAM 3GB، يونيسوك T7100، 6.6 انش FHD+، 1570x720، 90Hz,353.0,353.0,SAR,4.2,33,https://www.amazon.sa/dp/B0GGZCHMQS,https://m.media-amazon.com/images/I/619p86eEMmL._AC_UL960_QL65_.jpg,1,353.0,False,False,False,False,,توصيل مجاني الأربعاء، 16 سبتمبر,False,,,,,,False,False
B0G6KW1J2F,تكنو سبارك جو 3 4+4GB RAM 64GB 5000mAH 4G بطارية اورورا ارجواني,489.0,489.0,SAR,4.8,15,https://www.amazon.sa/dp/B0G6KW1J2F,https://m.media-amazon.com/images/I/61N7DsdeWqL._AC_UL960_QL65_.jpg,3,479.0,False,False,False,False,,توصيل مجاني السبت، 12 سبتمبرأو توصيل أسرع غداً، 11 سبتمبر,False,,,,,,False,False
B0DCJMMGNF,سامسونج هاتف ذكي جالكسي A06 4G | شاشة 6.7 انش HD+ | كاميرا مزدوجة 50MP | معالج هيليو G85 | بطارية 5000mAh | اندرويد 14 ون UI 7 | ذاكرة RAM 4GB وذاكرة تخزين 64GB | بصمة جانبية (اسود),470.0,470.0,SAR,3.9,163,https://www.amazon.sa/dp/B0DCJMMGNF,https://m.media-amazon.com/images/I/71dV6k9W8ZL._AC_UL960_QL65_.jpg,1,470.0,False,False,False,False,,توصيل مجاني غداً، 11 سبتمبرأو توصيل أسرع غداً 1 م,False,,,,,,False,False
B0CJXPYJC3,هاتف ذكي سامسونج جالكسي S23 FE شبكة الجيل الخامس 5G ثنائي شرائح الاتصال ويعمل بنظام تشغيل اندرويد، ذاكرة دخول عشوائي 8GB، ذاكرة تخزين 128GB، أخضر مينت (إصدار المملكة العربية السعودية),,,SAR,4.2,2126,https://www.amazon.sa/dp/B0CJXPYJC3,https://m.media-amazon.com/images/I/617l83eY1rL._AC_UL960_QL65_.jpg,1,,False,False,False,False,,توصيل مجاني غداً، 11 سبتمبرأو توصيل أسرع غداً 1 م,True,,,,,,True,False
B0DLBFMPRR,جوال ايفون 12 بذاكرة 64 جيجابايت من ابل، لون أسود (تصميم مطور),890.0,890.0,SAR,2.7,267,https://www.amazon.sa/dp/B0DLBFMPRR,https://m.media-amazon.com/images/I/51fYXSnSu9L._AC_UL960_QL65_.jpg,1,890.0,False,False,False,False,,توصيل مجاني سبتمبر 16 - 17يشحن من خارج السعودية,True,,,,,,False,False
B0CV48TJB5,ابل ايفون 13 (128 جيجابايت) - كحلي (مجدد),,,SAR,2.8,30,https://www.amazon.sa/dp/B0CV48TJB5,https://m.media-amazon.com/images/I/61VuVU94RnL._AC_UL960_QL65_.jpg,1,,False,False,False,False,,توصيل مجاني السبت، 12 سبتمبرأو توصيل أسرع غداً، 11 سبتمبرتبقى 1 فقط - اطلبه الآن.,False,,,تبقى 1 فقط - اطلبه الآن.,,,True,False
B0GY123BQW,جوال موتورولا ايدج 60 5G: رام 12+12GB، تخزين 512GB، كاميرا 50MP، مقاوم للماء IP68/IP69، معالج ديمنستي 7300، شاشة pOLED 6.67&quot; 120Hz معتمد بالإمارات، أزرق PANTONE Gibraltar Sea,,,SAR,4.4,11,https://www.amazon.sa/dp/B0GY123BQW,https://m.media-amazon.com/images/I/61wSiJU+aIL._AC_UL960_QL65_.jpg,1,,False,False,False,False,,توصيل مجاني اليوم 6:13 م,True,,,,,,True,False
B0F5X4Y2H2,جوال جالكسي S25 مدعوم بالذكاء الاصطناعي، ذاكرة تخزين 256GB، ذاكرة RAM 12GB، نظام اندرويد، كاميرا 200 ميجابكسل، إصدار المملكة العربية السعودية [حصري من أمازون، تيتانيوم أزرق فضي,,,SAR,4.1,217,https://www.amazon.sa/dp/B0F5X4Y2H2,https://m.media-amazon.com/images/I/61yurqSC+rL._AC_UL960_QL65_.jpg,1,,False,False,False,False,تم شراء 50+ سلعة في الشهر الماضي,توصيل مجاني اليوم 6:13 م,True,,,,,,True,False
B0GNK1B8NV,جوال سامسونج جالكسي S26 الترا كوبالت بنفسجي، ذاكرة تخزين 256GB، ذكاء اصطناعي وذاكرة RAM 12GB، تطبيق مخصص، شاشة خصوصية مدمجة، مساعد صور، كاميرا 200MP، بطارية 5000mAh، (إصدار المملكة العربية السعودية),,,SAR,4.3,185,https://www.amazon.sa/dp/B0GNK1B8NV,https://m.media-amazon.com/images/I/71rg6+uACyL._AC_UL960_QL65_.jpg,1,,False,False,False,False,تم شراء 50+ سلعة في الشهر الماضي,توصيل مجاني اليوم 6:13 م,True,,,,,,True,False
B0GS1WYFKX,جوال بوكو X8 برو ثنائي شرائح الاتصال 5G بذاكرة رام 8 جيجابايت، ومساحة تخزين 512 جيجابايت، إصدار عالمي، لون أبيض,,,SAR,4.3,13,https://www.amazon.sa/dp/B0GS1WYFKX,https://m.media-amazon.com/images/I/61ugBbAoIbL._AC_UL960_QL65_.jpg,1,,False,False,False,False,,توصيل مجاني غداً، 11 سبتمبرأو توصيل أسرع غداً 1 م,True,,,,,,True,False
B0DYPF1NV3,جوال ثينك فون 25 5G من موتورولا، ذاكرة رام 8+8 جيجابايت، ذاكرة روم 256 جيجابايت، معالج ميديا تيك دايمنسيتي 7300، شاشة بي او ال اي دي 6.36 بوصة، 120 هرتز، تقنية الشحن السريع 68 واط لون أسود كربون,999.0,999.0,SAR,4.3,15,https://www.amazon.sa/dp/B0DYPF1NV3,https://m.media-amazon.com/images/I/71u1O6pITML._AC_UL960_QL65_.jpg,1,999.0,False,False,False,False,,توصيل مجاني اليوم 6:13 م,False,,,,,,False,False
B0GQBNZCFM,جوال جالكسي S26 الترا بسعة تخزين 256 جيجابايت وذكاء اصطناعي ورام 12GBومعالج مخصص وشاشة وخصوصية مدمجة ومساعد الصور وكاميرا 200 ميجابكسل وبطارية 5000 mAh من سامسونج، أسود (المملكة العربية السعودية),,,SAR,3.6,52,https://www.amazon.sa/dp/B0GQBNZCFM,https://m.media-amazon.com/images/I/61bBivf3pqL._AC_UL960_QL65_.jpg,6,,False,False,False,False,تم شراء 400+ سلعة في الشهر الماضي,توصيل مجاني غداً، 11 سبتمبرأو توصيل أسرع غداً 1 م,False,,,,,,True,False
B0H1S829WN,انفينيكس سمارت 20، 4 جيجابايت رام + 64 جيجابايت، بولاريس تيتانيوم,435.0,435.0,SAR,3.6,3,https://www.amazon.sa/dp/B0H1S829WN,https://m.media-amazon.com/images/I/61X9fCvOORL._AC_UL960_QL65_.jpg,1,435.0,False,False,False,False,,توصيل مجاني سبتمبر 17 - 19,False,,,,,,False,False
B0GSVV3SBQ,جوال سامسونج جالكسي 5G A37 بنظام اندرويد، سعة تخزين 128 جيجابايت، رام 8 جيجابايت، 6 تحديثات لنظام التشغيل وشاشة كبيرة وكاميرا بدقة 50 ميجابكسل، بطارية تدوم طويلًا إصدار السعودية، فحمي رائع,,,SAR,4.3,3,https://www.amazon.sa/dp/B0GSVV3SBQ,https://m.media-amazon.com/images/I/61UwXzCNd+L._AC_UL960_QL65_.jpg,1,,False,False,False,False,,توصيل مجاني اليوم 6:13 م,True,,,,,,True,False
B0CQ2S717L,جوال ابل ايفون 14 برو ماكس 5G بسعة 256 جيجابايت - أرجواني داكن (مجدد),,,SAR,2.2,235,https://www.amazon.sa/dp/B0CQ2S717L,https://m.media-amazon.com/images/I/71yzJoE7WlL._AC_UL960_QL65_.jpg,1,,False,False,False,False,,توصيل مجاني الأربعاء، 16 سبتمبر,False,,,,,,True,False
B0FJS8J4FX,سامسونج هاتف ذكي جالكسي ايه 17 5G، شاشة 6.7 انش سوبر اموليد 90 هرتز، كاميرا ثلاثية 50MP OIS | اكسينوس 1330 | بطارية 5000mAh | اندرويد 15 ون UI 7 | 8GB RAM 256GB | شحن سريع 25 واط (اسود),989.0,989.0,SAR,4.2,29,https://www.amazon.sa/dp/B0FJS8J4FX,https://m.media-amazon.com/images/I/61xQmhi-stL._AC_UL960_QL65_.jpg,1,989.0,False,False,False,False,,توصيل مجاني اليوم 6:13 م,False,,,,,,False,False
B0FRSPH88Z,هاتف هونر X5c بلس ثنائي شرائح الاتصال بذاكرة روم 128GB وذاكرة RAM 4GB (جي اس ام فقط | بدون سي دي ام ايه) هاتف ذكي 4G/LTE غير مغلق من المصنع (أسود ميدنايت) - إصدار عالمي,529.0,529.0,SAR,4.4,122,https://www.amazon.sa/dp/B0FRSPH88Z,https://m.media-amazon.com/images/I/81ssr3xSKwL._AC_UL960_QL65_.jpg,1,529.0,False,False,False,False,,توصيل بـ‏12 ريال سبتمبر 14 - 15,False,,,,,,False,False
B0FH6H7MQS,A7 بدون كاميرا وبدون نظام تحديد المواقع، ذاكرة RAM 12GB (4GB + 8GB قابلة للتوسيع) روم 128GB، شاشة 6.67 انش HD+، شريحتين اتصال، بطارية 5000mAh، 4G، ان اف سي، اندرويد 16 - اسود كوزميك,869.0,869.0,SAR,3.8,12,https://www.amazon.sa/dp/B0FH6H7MQS,https://m.media-amazon.com/images/I/51SwJnfHCOL._AC_UL960_QL65_.jpg,1,869.0,False,False,False,False,,توصيل مجاني اليوم 6:13 م,False,,,,,,False,False
B0DSLTQQL3,سامسونج جالكسي S25 الترا، 256 جيجابايت,,,SAR,4.1,1469,https://www.amazon.sa/dp/B0DSLTQQL3,https://m.media-amazon.com/images/I/61jUIWKN9vL._AC_UL960_QL65_.jpg,1,,False,False,False,False,تم شراء 100+ سلعة في الشهر الماضي,توصيل مجاني السبت، 12 سبتمبر,True,,,,,,True,False
B0GVNGBKQV,ريلمي بي 4 باور 5G، هاتف ذكي بنظام اندرويد، ثنائي شرائح الاتصال، ذاكرة رام 12 جيجا، تخزين 256 جيجا، كاميرا 50 ميجابكسل، اندرويد 16 (فضي باور),,,SAR,,0,https://www.amazon.sa/dp/B0GVNGBKQV,https://m.media-amazon.com/images/I/61p-b9YMBQL._AC_UL960_QL65_.jpg,1,,False,False,False,False,,توصيل مجانيتبقى 4 فقط - اطلبه الآن.,False,,,تبقى 4 فقط - اطلبه الآن.,,,True,False
B0F5X712LS,جوال جالكسي S25 بتقنية الذكاء الاصطناعي، ذاكرة تخزين 256GB، ذاكرة RAM 12GB، جوال ذكي يعمل بنظام اندرويد، كاميرا 50MP، (إصدار المملكة العربية السعودية) حصري من أمازون من سامسونج، أزرق (Icyblue),,,SAR,3.9,61,https://www.amazon.sa/dp/B0F5X712LS,https://m.media-amazon.com/images/I/61ogRoPlIHL._AC_UL960_QL65_.jpg,1,,False,False,False,False,تم شراء 50+ سلعة في الشهر الماضي,توصيل مجاني اليوم 6:13 م,True,,,,,,True,False
B0GV437Z28,"ريلمي هاتف ذكي 15 5G 12+256GB، رمادي، شاشة 6.75 انش، شاشة AMOLED 144Hz وبطارية 6500mAh، شحن فائق 45 واط، كاميرا ذكاء اصطناعي 50MP، ميديا تيك ديمنستي 7300+5G، تصنيف IP69 | 6325mAh Battery, 45W Ultra Charge, 6.77-inch 144Hz Display, 50MP&amp;50MP+8MP Camera, MediaTek Dimensity 7300+5G Chipset, IP69",,,SAR,4.2,2586,https://www.amazon.sa/dp/B0GV437Z28,https://m.media-amazon.com/images/I/61rl4uPJ+bL._AC_UL960_QL65_.jpg,1,,False,False,False,False,,توصيل مجاني غداً، 11 سبتمبرأو توصيل أسرع غداً 1 م,False,,,,,,True,False
B0F5X5141S,جوال جالكسي اس 25 الترا بالذكاء الاصطناعي، ذاكرة تخزين 512GB، ذاكرة رام 12 جيجابايت، جوال ذكي اندرويد، كاميرا 200 ميجابكسل،، (إصدار المملكة العربية السعودية) من سامسونج,,,SAR,4.1,217,https://www.amazon.sa/dp/B0F5X5141S,https://m.media-amazon.com/images/I/61PW9+hSV-L._AC_UL960_QL65_.jpg,1,,False,False,False,False,,توصيل مجاني غداً، 11 سبتمبرأو توصيل أسرع غداً 1 م,True,,,,,,True,False
B0B3DWBM5Y,هاتف ذكي سامسونج جالكسي ام 13 LTE بنظام تشغيل اندرويد، وذاكرة تخزين 64 GB، وذاكرة RAM 4 GB، ثنائي شرائح الاتصال، باللون الازرق الفاتح (اصدار المملكة العربية السعودية)، ازرق فاتح,719.01,719.01,SAR,4.2,843,https://www.amazon.sa/dp/B0B3DWBM5Y,https://m.media-amazon.com/images/I/61qa7gvYBZL._AC_UL960_QL65_.jpg,1,719.01,False,False,False,False,,توصيل مجاني غداً، 11 سبتمبرأو توصيل أسرع غداً 1 م,True,,,,,,False,False
B0H2B653LY,هواوي نوفا 15 ماكس رام 16 جيجا 8+8 مع ذاكرة 256 جيجا (ذهبي وردي),,,SAR,3.9,5,https://www.amazon.sa/dp/B0H2B653LY,https://m.media-amazon.com/images/I/51U78lK55hL._AC_UL960_QL65_.jpg,9,,False,False,False,False,,توصيل مجاني سبتمبر 17 - 19تبقى 1 فقط - اطلبه الآن.,True,,,تبقى 1 فقط - اطلبه الآن.,,,True,False
B0CQ2NSR9Q,ابل موبايل ايفون 14 الجيل الخامس 128 جيجابايت (مجدد) - ميدنايت,,,SAR,2.3,17,https://www.amazon.sa/dp/B0CQ2NSR9Q,https://m.media-amazon.com/images/I/51bMWLQJAhL._AC_UL960_QL65_.jpg,1,,False,False,False,False,,توصيل مجاني اليوم 6:13 م,False,,,,,,True,False
B0FQG9CR3N,جوال ابل يفون 17 برو ماكس 512 جيجابايت: شاشة 6.9 بوصة بتقنية بروموشن وشريحة A19 برو، وعمر البطارية استثنائي، ونظام كاميرا بروفيوجن، وكاميرا أمامية بخاصية سنترستيج؛ برتقالي كوني (كوزميك اورانج),,,SAR,4.3,1722,https://www.amazon.sa/dp/B0FQG9CR3N,https://m.media-amazon.com/images/I/714TxWv1JYL._AC_UL960_QL65_.jpg,1,,False,False,False,False,تم شراء 50+ سلعة في الشهر الماضي,توصيل مجاني اليوم 6:13 م,True,,,,,,True,False
B0FLDJP93D,جوال سامسونج جالكسي A17 شبكة الجيل الخامس 5G بذاكرة تخزين 256 جيجابايت وذاكرة رام 8 جيجابايت ولون رمادي رائع مع 6 تحديثات لنظام التشغيل وشاشة كبيرة وعمر بطارية طويل، كاميرا OIS بدقة 50 ميجابكسل (إصدار,,,SAR,4.4,101,https://www.amazon.sa/dp/B0FLDJP93D,https://m.media-amazon.com/images/I/71tJmKyqHfL._AC_UL960_QL65_.jpg,1,,False,False,False,False,,توصيل مجاني السبت، 12 سبتمبرأو توصيل أسرع غداً، 11 سبتمبرتبقى 3 فقط -- (سيتوفر المزيد قريباً).,True,,,تبقى 3 فقط -- (سيتوفر المزيد قريباً).,,,True,False
B0DZHM5979,جوال ذكي سامسونج جالكسي A26 الجيل الخامس 5G بنظام اندرويد بذاكرة تخزين 256 جيجابايت وذاكرة رام 8 جيجابايت وكاميرا 50 ميجابكسل وشاشة كبيرة وعمر بطارية طويل، لون أبيض (إصدار المملكة العربية السعودية),,,SAR,4.3,1362,https://www.amazon.sa/dp/B0DZHM5979,https://m.media-amazon.com/images/I/61ZW-77OXQL._AC_UL960_QL65_.jpg,3,955.22,False,False,False,False,,توصيل مجاني سبتمبر 13 - 15,True,,,,,,True,False
B0FNCY8VKD,سامسونج جوال جالكسي ايه 17 ال تي اي، هاتف ذكي بنظام اندرويد، ذاكرة تخزين 128GB، ذاكرة RAM 6GB، رمادي، 6x تحديثات نظام التشغيل، شاشة كبيرة، كاميرا 50MP OIS (اصدار بي ايه اي),719.0,719.0,SAR,4.4,69,https://www.amazon.sa/dp/B0FNCY8VKD,https://m.media-amazon.com/images/I/71ybmzfTkHL._AC_UL960_QL65_.jpg,2,710.99,False,False,False,False,,توصيل مجاني الاثنين، 14 سبتمبر,False,,,,,,False,False
B0FPG2DK8N,جوال سامسونج جوال جالكسي S25 FE AI شاشة 6.7 بوصة، ايس بلو، ذاكرة RAM سعة 8 جيجابايت وتخزين 256 جيجابايت وكاميرا 50MP بتصميم نحيف وخفيف الوزن (لون أبيض، إصدار المملكة العربية السعودية),,,,4.5,59,https://www.amazon.sa/dp/B0FPG2DK8N,https://m.media-amazon.com/images/I/61fUY7gI+RL._AC_UL960_QL65_.jpg,1,,False,False,False,False,,,True,,,,,,True,False
B0GMRBCCDH,جوال نوثنج (4a) بهيكل معدني موحد، كاميرا ثلاثية 50 ميجابكسل مع تقريب فائق 140 ضعف، بطارية تدوم طويلًا مع شحن سريع 50 واط، شاشة أموليد بتردد 144 هرتز مع شريط غليف، 12 جيجابايت + 256 جيجابايت، لون فضي,,,SAR,4.0,12,https://www.amazon.sa/dp/B0GMRBCCDH,https://m.media-amazon.com/images/I/81wZGJM0zEL._AC_UL960_QL65_.jpg,1,,False,False,False,False,,توصيل مجاني الاثنين، 14 سبتمبرتبقى 2 فقط - اطلبه الآن.,True,,,تبقى 2 فقط - اطلبه الآن.,,,True,False
B0FN7W26Q8,سامسونج جوال جالكسي M17 5G (فضي مونلايت، ذاكرة RAM 6GB، تخزين 128GB) | دائرة للبحث | جيميني لايف | كاميرا ثلاثية 50MP OIS | تصنيف IP54 | زجاج غوريلا فيكتوس | ذكاء اصطناعي | 6 جيل من ترقيات نظام التشغيل | بدون شاحن,878.24,950.94,SAR,4.2,868,https://www.amazon.sa/dp/B0FN7W26Q8,https://m.media-amazon.com/images/I/71S8BY96MwL._AC_UL960_QL65_.jpg,3,748.69,False,False,False,False,,توصيل مجاني الأحد، 13 سبتمبرتبقى 2 فقط - اطلبه الآن.,False,,,تبقى 2 فقط - اطلبه الآن.,,,False,True
B0FPLYLTQC,جوال سامسونج جالكسي اس 25 اف اي شبكة الجيل الخامس 5G أندرويد، ذاكرة RAM سعة 8 GB، معالج ثماني النواة بتردد 1.3 GHz، شاشة 6.7 بوصة، دقة FHD بتردد 120 Hz، لون أبيض، 256 GB,,,SAR,4.5,437,https://www.amazon.sa/dp/B0FPLYLTQC,https://m.media-amazon.com/images/I/61jcNsSidiL._AC_UL960_QL65_.jpg,1,,False,False,False,False,,توصيل مجاني السبت، 12 سبتمبرتبقى 1 فقط - اطلبه الآن.,True,,,تبقى 1 فقط - اطلبه الآن.,,,True,False
B0B8HLNG2C,نوكيا جوال 2660 فليب 2.8 انش 4G (ثنائي شرائح الاتصال) مع شاشة كبيرة وزر طوارئ لالعاب جيم لوفت المحملة مسبقا والعاب بيانات المنشأ - اسود، 1GF012CPA1A01,330.61,330.61,SAR,3.9,280,https://www.amazon.sa/dp/B0B8HLNG2C,https://m.media-amazon.com/images/I/51mwc4CokBL._AC_UL960_QL65_.jpg,1,330.61,False,False,False,False,,توصيل بـ‏20.24 ريال سبتمبر 22 - 23يشحن من خارج السعودية,True,,,,,,False,False
B0FQG1XQ31,ايفون 17 سعة 256 جيجابايت، جوال بشاشة 6.3 بوصة مع تقنية برو موشن وشريحة A19 وكاميرا أمامية بميزة سنتر ستديج لصور سيلفي جماعية أذكى مقاومة محسنة للخدوش مع بطارية تدوم طوال اليوم، أزرق ميست,,,SAR,4.5,385,https://www.amazon.sa/dp/B0FQG1XQ31,https://m.media-amazon.com/images/I/61Da45h7jCL._AC_UL960_QL65_.jpg,1,,False,False,False,False,تم شراء 100+ سلعة في الشهر الماضي,توصيل مجانيغير متوفر مؤقتاً.,True,,,,,,True,False
B0FSL278M5,ابل ايفون 16 (128 جيجابايت) - ابيض (مجدد),,,SAR,5.0,1,https://www.amazon.sa/dp/B0FSL278M5,https://m.media-amazon.com/images/I/61mIdbtma3L._AC_UL960_QL65_.jpg,1,,False,False,False,False,,توصيل مجاني السبت، 12 سبتمبرأو توصيل أسرع غداً، 11 سبتمبر,False,,,,,,True,False
B0CND3G3PC,جوال جالكسي S22 الترا ثنائي شرائح الاتصال بذاكرة رام 12 جيجا وذاكرة داخلية 256 جيجا 5G من سامسونج - إصدار عالمي، لون بورغندي,,,SAR,4.1,12,https://www.amazon.sa/dp/B0CND3G3PC,https://m.media-amazon.com/images/I/71aZcE8K+eL._AC_UL960_QL65_.jpg,1,,False,False,False,False,,توصيل مجاني السبت، 12 سبتمبرأو توصيل أسرع غداً، 11 سبتمبرتبقى 1 فقط - اطلبه الآن.,False,,,تبقى 1 فقط - اطلبه الآن.,,,True,False
B0GMRKX2GL,جوال نوثينج 4a بذاكرة 12 جيجابايت + مساحة تخزين 256 جيجابايت، أزرق,,,SAR,4.2,16,https://www.amazon.sa/dp/B0GMRKX2GL,https://m.media-amazon.com/images/I/81vLPvZMO2L._AC_UL960_QL65_.jpg,1,,False,False,False,False,,توصيل مجاني غداً، 11 سبتمبرأو توصيل أسرع غداً 1 متبقى 4 فقط -- (سيتوفر المزيد قريباً).,True,,,تبقى 4 فقط -- (سيتوفر المزيد قريباً).,,,True,False
B0GZ8NRJNT,"شاومي 17T برو ثنائي الشريحة + eSIM بتقنية 5G باللون الأسود، ذاكرة رام سعة 12 جيجابايت وذاكرة داخلية سعة 512 جيجابايت – الإصدار العالمي. | Leica 5x Periscope Camera,6.83&quot; 144Hz AMOLED Display, 100W HyperCharge - Global Version",,,SAR,4.4,89,https://www.amazon.sa/dp/B0GZ8NRJNT,https://m.media-amazon.com/images/I/51M8lKHAg1L._AC_UL960_QL65_.jpg,5,,False,False,False,False,,توصيل مجاني غداً، 11 سبتمبرأو توصيل أسرع غداً 1 م,True,,,,,,True,False
B0DXR22LVC,جوال ايفون 16e من ابل (128GB)، أبيض,,,SAR,4.5,179,https://www.amazon.sa/dp/B0DXR22LVC,https://m.media-amazon.com/images/I/610vqacJO2L._AC_UL960_QL65_.jpg,1,,False,False,False,False,تم شراء 50+ سلعة في الشهر الماضي,توصيل مجانيغير متوفر مؤقتاً.,True,,,,,,True,False
B0GNJTJLSG,جوال جالكسي S26 بذاكرة تخزين 256GB وذاكرة رام 12 جيجابايت وتطبيق مخصص ومساعد صور وكاميرا 50 ميجابكسل، بطارية 4300 مللي أمبير في الساعة من سامسونج، أزرق سماوي (إصدار المملكة العربية السعودية),,,SAR,3.8,19,https://www.amazon.sa/dp/B0GNJTJLSG,https://m.media-amazon.com/images/I/717E1Z0dJQL._AC_UL960_QL65_.jpg,2,,False,False,False,False,,توصيل مجاني السبت، 12 سبتمبرأو توصيل أسرع غداً، 11 سبتمبر,True,,,,,,True,False
B0FV349BX9,Infinix Hot 60i Dual SIM Sleek Black 8GB RAM 256GB 5G - Middle East Version,548.79,548.79,SAR,,0,https://www.amazon.sa/dp/B0FV349BX9,https://m.media-amazon.com/images/I/51B3pIdRgkL._AC_UL960_QL65_.jpg,1,548.79,False,False,False,False,,توصيل مجانيتبقى 1 فقط - اطلبه الآن.,False,,,تبقى 1 فقط - اطلبه الآن.,,,False,False
B0F48G2SJN,موتورولا جوال ايدج 60 فيوجن ثنائي شرائح الاتصال بذاكرة روم 256GB وذاكرة RAM 8GB (جي اس ام فقط | بدون سي دي ام ايه) هاتف ذكي 5G مفتوح من المصنع (بانتون امازونيت) - اصدار عالمي,989.0,989.0,SAR,4.4,53,https://www.amazon.sa/dp/B0F48G2SJN,https://m.media-amazon.com/images/I/61+vvvcQ9zL._AC_UL960_QL65_.jpg,1,989.0,False,False,False,False,,توصيل مجاني غداً، 11 سبتمبرأو توصيل أسرع غداً 1 م,False,,,,,,False,False
B0GNK1DJXL,جوال جالاكسي إس 26+، سعة تخزين 256 جيجابايت، بتقنية الذكاء الاصطناعي، 12 جيجابايت RAM، AP مخصص، مساعد تصوير، كاميرا 50 ميجابكسل، بطارية 4900 مللي أمبير، (نسخة السعودية)، لون أرجواني، من سامسونج,,,SAR,4.8,10,https://www.amazon.sa/dp/B0GNK1DJXL,https://m.media-amazon.com/images/I/71tGT52OTVL._AC_UL960_QL65_.jpg,1,,False,False,False,False,,توصيل مجانيغير متوفر مؤقتاً.,True,,,,,,True,False
B0FQFGFJPY,جوال ابل ايفون 17 برو 512 جيجابايت: شاشة 6.3 بوصة مع تقنية برو موشن حتى 120 هرتز، شريحة A19 برو، عمر بطارية محسّن، نظام كاميرا برو فيوجن مع كاميرا أمامية مركزية، فضي,,,SAR,4.4,724,https://www.amazon.sa/dp/B0FQFGFJPY,https://m.media-amazon.com/images/I/617b0iQyo9L._AC_UL960_QL65_.jpg,3,,False,False,False,False,,توصيل مجانيغير متوفر مؤقتاً.,True,,,,,,True,False
B09RQT3KWT,جوال سامسونج جالكسي +S22 | هاتف ذكي 5G ثنائي شرائح الاتصال | نسخة المملكة العربية السعودية | ابيض فانتوم | 256 GB,,,SAR,4.2,318,https://www.amazon.sa/dp/B09RQT3KWT,https://m.media-amazon.com/images/I/71m1Jx31JRL._AC_UL960_QL65_.jpg,1,,False,False,False,False,,توصيل مجاني غداً، 11 سبتمبرأو توصيل أسرع غداً 1 متبقى 3 فقط - اطلبه الآن.,True,,,تبقى 3 فقط - اطلبه الآن.,,,True,False
B0GYT32W4V,فيفو X300 FE 5G (اخضر، 12GB 256GB) | AMOLED 1.5K | كاميرا زيس 50MP | بطارية 6500mAh | سناب دراغون 8 ايليت الجيل 5 | IP69 | ضمان 24 متر، استبدال شاشة 12 متر,,,SAR,,0,https://www.amazon.sa/dp/B0GYT32W4V,https://m.media-amazon.com/images/I/51GF5bOnYEL._AC_UL960_QL65_.jpg,1,,False,False,False,False,,توصيل مجاني السبت، 12 سبتمبرأو توصيل أسرع غداً، 11 سبتمبرتبقى 2 فقط -- (سيتوفر المزيد قريباً).,True,,,تبقى 2 فقط -- (سيتوفر المزيد قريباً).,,,True,False
B08S3F6YKZ,جوال سامسونج جالكسي اس 21 بلس، ثنائي شرائح الاتصال، بذاكرة تخزين بسعة 256GB، وذاكرة RAM‏ بسعة 8GB‏، بخاصية 5G، بلون اسود، (اصدار المملكة العربية السعودية),,,SAR,3.5,139,https://www.amazon.sa/dp/B08S3F6YKZ,https://m.media-amazon.com/images/I/71bxSbDE3gL._AC_UL960_QL65_.jpg,1,,False,False,False,False,,توصيل مجاني غداً، 11 سبتمبرأو توصيل أسرع غداً 1 متبقى 2 فقط - اطلبه الآن.,True,,,تبقى 2 فقط - اطلبه الآن.,,,True,False
B0DQYL8J15,جوال ريدمي نوت 14 برو بلس شبكة الجيل الخامس 5G بذاكرة رام 12 جيجابايت وسعة تخزينية 512 جيجابايت,,,SAR,3.8,120,https://www.amazon.sa/dp/B0DQYL8J15,https://m.media-amazon.com/images/I/711ZFANSJsL._AC_UL960_QL65_.jpg,1,,False,False,False,False,,توصيل مجاني غداً، 11 سبتمبرأو توصيل أسرع غداً 1 م,True,,,,,,True,False
B0H4HC31RC,تكنو هاتف ذكي بوفا كيرف 2 شبكة الجيل الخامس 5G، 256GB + 12GB RAM، فضي,,,SAR,,0,https://www.amazon.sa/dp/B0H4HC31RC,https://m.media-amazon.com/images/I/41AquSU0C4L._AC_UL960_QL65_.jpg,1,,False,False,False,False,,توصيل بـ‏10 ريال سبتمبر 14 - 15أو توصيل أسرع سبتمبر 13 - 14تبقى 4 فقط - اطلبه الآن.,False,,,تبقى 4 فقط - اطلبه الآن.,,,True,False
B0FM8GV1H9,موتورولا جوال موتو G86 باور ثنائي شرائح الاتصال بذاكرة روم 512GB وذاكرة RAM 8GB (جي اس ام فقط | بدون سي دي ام ايه) هاتف ذكي 5G مفتوح من المصنع (بانتون اقحوان) - اصدار عالمي,,,SAR,4.6,9,https://www.amazon.sa/dp/B0FM8GV1H9,https://m.media-amazon.com/images/I/51Mwzk1Kl2L._AC_UL960_QL65_.jpg,1,,False,False,False,False,,توصيل مجاني غداً، 11 سبتمبرأو توصيل أسرع غداً 1 م,False,,,,,,True,False
B0GMRLYTQT,جوال نوثينج (4a) - كاميرا ثلاثية 50 ميجابكسل بتقريب فائق حتى 70×، جوال ذكي بتصميم شفاف، بطارية طويلة الأمد وشحن سريع 50 واط، شاشة اموليد 120 هرتز وشريط جليف، تخزين 8 جيجابايت + 128 جيجابايت، أسود,,,SAR,4.1,26,https://www.amazon.sa/dp/B0GMRLYTQT,https://m.media-amazon.com/images/I/81nv+jCDG7L._AC_UL960_QL65_.jpg,1,,False,False,False,False,,توصيل مجاني اليوم 6:13 م,True,,,,,,True,False
B0DZHMVV91,سامسونج هاتف ذكي جالكسي ايه 56 الجيل الخامس 5G، ذاكرة تخزين 256GB، ذاكرة RAM 12GB، رمادي فاتح، 6 تحديثات لنظام التشغيل، شاشة كبيرة، عمر بطارية طويل (اصدار المملكة العربية السعودية),,,SAR,4.3,299,https://www.amazon.sa/dp/B0DZHMVV91,https://m.media-amazon.com/images/I/61wjqIirjZL._AC_UL960_QL65_.jpg,1,,False,False,False,False,,توصيل مجاني غداً، 11 سبتمبرأو توصيل أسرع غداً 1 م,True,,,,,,True,False
B0HB4QRZ9H,هواوي جوال بورا 90s برو 5G+ ثنائي شرائح الاتصال 12GB+256GB، اسود، 12 شهر | شاشة ال سي دي 6.6 انش شحن فائق 100 واط، كاميرا مقربة بمستشعر فائق 200 ميجابكسل مع فري بادز برو 5 وشاحن وحافظة شفافة وخدمة,,,SAR,5.0,1,https://www.amazon.sa/dp/B0HB4QRZ9H,https://m.media-amazon.com/images/I/61R0iaK-MbL._AC_UL960_QL65_.jpg,1,,False,False,False,False,,توصيل بـ‏12 ريال سبتمبر 14 - 15تبقى 2 فقط - اطلبه الآن.,False,,,تبقى 2 فقط - اطلبه الآن.,,,True,False
B0F485XR5V,موبايل ريدمي A5 اوشين بلو بذاكرة رام 3 جيجابايت وذاكرة روم 64 جيجابايت,578.46,578.46,SAR,4.1,21,https://www.amazon.sa/dp/B0F485XR5V,https://m.media-amazon.com/images/I/51b2K7V1Q3L._AC_UL960_QL65_.jpg,1,578.46,False,False,False,False,,توصيل بـ‏20.40 ريال سبتمبر 22 - 23يشحن من خارج السعودية,True,,,,,,False,False
B0GKQD8C8G,شاومي 17 الترا 16 جيجا رام 512 جيجا الجيل الخامس - النسخة العالمية بلون أخضر ستارليت,,,SAR,5.0,5,https://www.amazon.sa/dp/B0GKQD8C8G,https://m.media-amazon.com/images/I/71vXuWH6JNL._AC_UL960_QL65_.jpg,4,,False,False,False,False,,توصيل مجاني الأربعاء، 16 سبتمبر,True,,,,,,True,False
B0GMR9G1CF,جوال نوثنج (4a) - كاميرا ثلاثية بدقة 50 ميجابكسل مع تكبير فائق حتى 70X، هاتف ذكي بتصميم شفاف، بطارية طويلة الأمد وشحن سريع 50 واط، شاشة اموليد 120Hz وشريط رسومي، 12GB + 256GB - أبيض,,,SAR,4.2,16,https://www.amazon.sa/dp/B0GMR9G1CF,https://m.media-amazon.com/images/I/818ld366NXL._AC_UL960_QL65_.jpg,1,,False,False,False,False,,توصيل مجاني اليوم 6:13 م,True,,,,,,True,False
B0GYHY57RJ,ايه جي ام هاتف ذكي متين 4G من اتش ماكس، اندرويد 14، 4GB+128GB، 10000mAh | شاشة 16.66 سم HD+ | IP68|IP69K|خاصية التعرف على الوجه| شريحتين اتصال|ان اف سي| هاتف خارجي,629.0,699.0,SAR,5.0,2,https://www.amazon.sa/dp/B0GYHY57RJ,https://m.media-amazon.com/images/I/71bv6UJiqFL._AC_UL960_QL65_.jpg,1,629.0,False,False,False,False,,توصيل مجاني السبت، 12 سبتمبرأو توصيل أسرع غداً، 11 سبتمبر,False,,عرض لمدة محدودة,,,,False,True
B0DTHXY4HR,جوال ذكي XS24-Pro 3G ميني، شاشة 3 بوصة ورام 2 جيجابايت وروم 16 جيجابايت وبطارية بسعة 900 مللي أمبير واندرويد 9 وثنائي شرائح الاتصال وخاصية التعرف على الوجه وكاميرا مزدوجة وواي فاي وبلوتوث من سويز,293.67,293.67,SAR,2.9,2,https://www.amazon.sa/dp/B0DTHXY4HR,https://m.media-amazon.com/images/I/41kJhU+ToeL._AC_UL960_QL65_.jpg,1,293.67,False,False,False,False,,توصيل بـ‏10.56 ريال سبتمبر 19 - 20أو توصيل أسرع سبتمبر 14 - 15تبقى 2 فقط - اطلبه الآن.,False,,,تبقى 2 فقط - اطلبه الآن.,,,False,False
B0F13SQDRZ,جوال سامسونج جالكسي A26 الذكي ثنائي الشريحة شبكة الجيل الخامس 5G بذاكرة روم 128GB وذاكرة رام 6GB غير مقيد بشريحة اتصال معينة - يدعم GSM فقط ولا يدعم CDMA - أخضر فاتح - إصدار عالمي,,,SAR,4.6,78,https://www.amazon.sa/dp/B0F13SQDRZ,https://m.media-amazon.com/images/I/51Ptdp8NSRL._AC_UL960_QL65_.jpg,1,,False,False,False,False,,توصيل مجاني الجمعة، 18 سبتمبر,False,,,,,,True,False
B0DXFB2W4M,جوال شاومي 15 ثنائي شرائح الاتصال برام 12 جيجابايت وذاكرة داخلية 512 جيجابايت بشبكة اتصال 5G، أخضر، إصدار عالمي,,,SAR,3.9,14,https://www.amazon.sa/dp/B0DXFB2W4M,https://m.media-amazon.com/images/I/61fDgo5JcUL._AC_UL960_QL65_.jpg,1,,False,False,False,False,,توصيل مجاني غداً، 11 سبتمبرأو توصيل أسرع غداً 1 متبقى 4 فقط - اطلبه الآن.,False,,,تبقى 4 فقط - اطلبه الآن.,,,True,False
B0DJBWMSRF,جوال موتورولا G35 شبكة الجيل الخامس 5G، ذاكرة RAM 8+16 جيجابايت، شريحة اتصال PSIM + eSIM، ذاكرة روم 128 جيجابايت، يونيسوك T760، شاشة POLED 6.7 بوصة 120 هرتز، اندرويد 14، أسود ميدنايت,849.0,849.0,SAR,4.2,297,https://www.amazon.sa/dp/B0DJBWMSRF,https://m.media-amazon.com/images/I/61AKh29u2gL._AC_UL960_QL65_.jpg,1,849.0,False,False,False,False,,,True,,,,,,False,False
B0CQ2V995N,ابل (مجدد) ايفون 11 برو ماكس مع فيس تايم (64 جيجابايت) - رمادي سبيس,,,SAR,3.3,302,https://www.amazon.sa/dp/B0CQ2V995N,https://m.media-amazon.com/images/I/71L4dy+X7EL._AC_UL960_QL65_.jpg,1,,False,False,False,False,,توصيل مجاني سبتمبر 16 - 17تبقى 3 فقط - اطلبه الآن. يشحن من خارج السعودية,True,,,تبقى 3 فقط - اطلبه الآن.,,,True,False
B0CHXS73N7,جوال ابل ايفون 15 (128 جيجابايت) - ازرق,,,SAR,4.5,1132,https://www.amazon.sa/dp/B0CHXS73N7,https://m.media-amazon.com/images/I/61CjBAnIfGL._AC_UL960_QL65_.jpg,2,,False,False,False,False,تم شراء 300+ سلعة في الشهر الماضي,توصيل مجانيغير متوفر مؤقتاً.,True,,,,,,True,False
B0H959SC9X,جوال جالكسي زد فولد 8 سعة 256 جيجابايت وشكل مميز ومعالج مخصص وبطارية 4800 ميلي أمبير في الساعة وذاكرة رام 12 جيجابايت وكاميرا مزدوجة 50 ميجابكسل وخاصية ناو نودج ومساعد صور، إصدار السعودية,,,SAR,3.4,3,https://www.amazon.sa/dp/B0H959SC9X,https://m.media-amazon.com/images/I/71GkXtNcRlL._AC_UL960_QL65_.jpg,2,,False,False,False,False,,توصيل مجاني غداً، 11 سبتمبرأو توصيل أسرع غداً 1 م,True,,,,,,True,False
B0CWPBH93K,جوال ذكي 12+256 بنظام اندرويد 14 بالذكاء الاصطناعي، كاميرا مزدوجة 50 ميجابكسل بطارية تدوم طويلا 5000 ميلي امبير في الساعة مع شاشة اموليد مرنة 6.7 بوصة ميدياتك ديمنستي 7200 برو من لاشيء، لون ميلك,,,SAR,4.4,40,https://www.amazon.sa/dp/B0CWPBH93K,https://m.media-amazon.com/images/I/61gwRsJw8VL._AC_UL960_QL65_.jpg,1,,False,False,False,False,,توصيل مجاني السبت، 12 سبتمبرأو توصيل أسرع غداً، 11 سبتمبرتبقى 1 فقط - اطلبه الآن.,False,,,تبقى 1 فقط - اطلبه الآن.,,,True,False
B0BQRQDDDY,هاتف سامسونج جالكسي S23 بذاكرة رام 8 جيجابايت وذاكرة داخلية 256 جيجابايت بلون أسود فانتوم، إصدار دولي، شبكة الجيل الخامس 5G، ثنائي شرائح الاتصال، هاتف ذكي اندرويد,,,SAR,4.5,762,https://www.amazon.sa/dp/B0BQRQDDDY,https://m.media-amazon.com/images/I/61syAHZg8KL._AC_UL960_QL65_.jpg,1,,False,False,False,False,,توصيل مجاني السبت، 12 سبتمبرأو توصيل أسرع غداً، 11 سبتمبر,True,,,,,,True,False
B0BXQQ7K4D,ابل ايفون 14 بلس (128 جيجابايت) - اصفر,,,,4.5,151,https://www.amazon.sa/dp/B0BXQQ7K4D,https://m.media-amazon.com/images/I/61BjthBu9tL._AC_UL960_QL65_.jpg,1,,False,False,False,False,,غير متوفر حالياً.,False,,,,,,True,False
B0H4WX9VCC,هاتف ذكي ماجيك V6 5G قابل للطي بذاكرة رام 16 جيجابايت وذاكرة تخزين 512 جيجابايت| سناب دراجون 8 ايليت الجيل 5 | كاميرا مقربة 64 ميجابكسل | هدية مجانية ساعة اونر ووتش 6 من اونر، لون أسود,,,SAR,,0,https://www.amazon.sa/dp/B0H4WX9VCC,https://m.media-amazon.com/images/I/61auWJuClfL._AC_UL960_QL65_.jpg,1,,False,False,False,False,,توصيل مجاني غداً، 11 سبتمبرأو توصيل أسرع غداً 1 متبقى 3 فقط -- (سيتوفر المزيد قريباً).,True,,,تبقى 3 فقط -- (سيتوفر المزيد قريباً).,,,True,False
B0DGJVQ21W,جوال ابل ايفون 16 (128 جيجابايت) - أبيض,,,SAR,4.5,597,https://www.amazon.sa/dp/B0DGJVQ21W,https://m.media-amazon.com/images/I/61mIdbtma3L._AC_UL960_QL65_.jpg,1,,False,False,False,False,تم شراء 50+ سلعة في الشهر الماضي,توصيل مجانيغير متوفر مؤقتاً.,True,,,,,,True,False
B08L5NZHK6,جوال ايفون 12 بذاكرة 64 جيجابايت من ابل، لون أسود,,,SAR,4.4,1869,https://www.amazon.sa/dp/B08L5NZHK6,https://m.media-amazon.com/images/I/71fVoqRC0wL._AC_UL960_QL65_.jpg,1,,False,False,False,False,,توصيل مجاني اليوم 6:13 م,True,,,,,,True,False
B0G8HH6JF6,جوال هواوي ميت X7 القابل للطي بسعة 16+512 جيجابايت بشاشة LTPO قابلة للطي بمقاس 8 بوصة بتردد 120 هرتز مع زجاج كونلون وكاميرا ترو تو كولور لدقة ألوان فائقة,,,SAR,,0,https://www.amazon.sa/dp/B0G8HH6JF6,https://m.media-amazon.com/images/I/71pWBnlWBxL._AC_UL960_QL65_.jpg,2,,False,False,False,False,,توصيل مجاني غداً، 11 سبتمبرأو توصيل أسرع غداً 1 متبقى 4 فقط -- (سيتوفر المزيد قريباً).,True,,,تبقى 4 فقط -- (سيتوفر المزيد قريباً).,,,True,False
B0F9W28QCV,اصغر جوال جي اس ام مصغر صغير بتقنية البلوتوث للمنزل (اصفر),77.11,83.31,SAR,3.0,2,https://www.amazon.sa/dp/B0F9W28QCV,https://m.media-amazon.com/images/I/61n8lpcrcYL._AC_UL960_QL65_.jpg,1,77.11,False,False,False,False,,توصيل مجاني غداً، 11 سبتمبر على طلبك الأول.أو توصيل أسرع اليوم 6:13 م,False,,,,,,False,True
B0FD7S1WWR,جوال انيق على شكل شفاه من بوينفبو لاتصال سلس في المنزل والاعدادات (احمر),107.5,107.5,SAR,5.0,1,https://www.amazon.sa/dp/B0FD7S1WWR,https://m.media-amazon.com/images/I/51cbJ0pXZfL._AC_UL960_QL65_.jpg,1,107.5,False,False,False,False,,توصيل مجاني السبت، 12 سبتمبرأو توصيل أسرع غداً، 11 سبتمبر,False,,,,,,False,False
B0FPM1P4W2,جوال ذكي جالكسي اس 25 اف اي، الجيل الخامس، اندرويد، ذاكرة رام 8 جيجا، ثماني النواة، 1.3 جيجاهرتز، 6.7 بوصة، FHD قوة 120 هرتز من سامسونج، لون أزرق جيتبلاك، مساحة 256 جيجابايت,,,SAR,4.5,437,https://www.amazon.sa/dp/B0FPM1P4W2,https://m.media-amazon.com/images/I/618G9wsXU8L._AC_UL960_QL65_.jpg,1,,False,False,False,False,,توصيل مجاني غداً، 11 سبتمبرأو توصيل أسرع غداً 1 متبقى 4 فقط - اطلبه الآن.,True,,,تبقى 4 فقط - اطلبه الآن.,,,True,False
B0GNK4G85Y,جوال سامسونج جالكسي S26 بلس سعة 256 جيجابايت مع ذكاء صناعي وذاكرة رام 12 جيجابايت ومعالج مخصص ومساعد صور وكاميرا بدقة 50 ميجابكسل وبطارية بسعة 4900 مللي أمبير من سامسونج، أزرق (Sky Blue),,,SAR,4.8,10,https://www.amazon.sa/dp/B0GNK4G85Y,https://m.media-amazon.com/images/I/712jFNIRADL._AC_UL960_QL65_.jpg,1,,False,False,False,False,,توصيل مجاني غداً، 11 سبتمبرأو توصيل أسرع غداً 1 م,True,,,,,,True,False
B0DZHPG513,جوال سامسونج جالكسي A36 الجيل الخامس 5G، سعة 256 جيجابايت، ذاكرة وصول عشوائي 8 جيجابايت بنظام اندرويد، 6 تحديثات لنظام التشغيل، وبشاشة كبيرة ومعالج ثماني النواة، لون أخضر أنيق، إصدار خاص للسعودية,,,SAR,4.3,1087,https://www.amazon.sa/dp/B0DZHPG513,https://m.media-amazon.com/images/I/61DWlwKyntL._AC_UL960_QL65_.jpg,2,,False,False,False,False,,توصيل مجاني غداً، 11 سبتمبرأو توصيل أسرع غداً 1 متبقى 2 فقط - اطلبه الآن.,True,,,تبقى 2 فقط - اطلبه الآن.,,,True,False
B0DBRF1KRG,اوبو جوال رينو 12 اف اس ثنائي شرائح الاتصال بذاكرة روم 512GB وذاكرة RAM 12GB (جي اس ام فقط | بدون سي دي ام ايه) هاتف ذكي 5G مفتوح من المصنع (اسود اخضر) - اصدار عالمي,,,SAR,4.5,149,https://www.amazon.sa/dp/B0DBRF1KRG,https://m.media-amazon.com/images/I/61ou+IEPKqL._AC_UL960_QL65_.jpg,1,,False,False,False,False,,,False,,,,,,True,False
B07XYB1V1B,جوال ون بلس 7 تي الذكي بشاشة AMOLED مقاس 6.67 انش، 16.9 سم، بقوة 90 هرتز، 8 جيجا ذاكرة RAM وسعة تخزين 256 جيجا، كاميرا ثلاثية وكاميرا امامية منبثقة، بتقنية راب تشارج 30، لون ازرق,,,SAR,4.2,251,https://www.amazon.sa/dp/B07XYB1V1B,https://m.media-amazon.com/images/I/71bhhd0LETL._AC_UL960_QL65_.jpg,1,,False,False,False,False,,توصيل مجاني السبت، 12 سبتمبرأو توصيل أسرع غداً، 11 سبتمبر,True,,,,,,True,False
B0FGWKKFL5,جوال هونر X6c بذاكرة وصول عشوائي سعة 6 جيجابايت وسعة تخزين داخلية 256 جيجابايت بنظام ثنائي شرائح الاتصال من هونر، لون أسود (Midnight Black),649.0,649.0,SAR,4.3,310,https://www.amazon.sa/dp/B0FGWKKFL5,https://m.media-amazon.com/images/I/6118i8yP+lL._AC_UL960_QL65_.jpg,2,649.0,False,False,False,False,,,True,,,,,,False,False
B0DGJLH3D6,جوال ابل ايفون 16 بلس بذاكرة 128 جيجابايت، أسود,,,SAR,4.5,445,https://www.amazon.sa/dp/B0DGJLH3D6,https://m.media-amazon.com/images/I/61qsfmPhNQL._AC_UL960_QL65_.jpg,1,,False,False,False,False,,توصيل مجانيغير متوفر مؤقتاً.,True,,,,,,True,False
B0FN167451,جوال بكبسات كبيرة لكبار السن، هاتف محمول 2G مع ثلاث شرائح وثلاثة أوضاع استعداد، خاصية الساعة الناطقة، جوال للمكالمات دون استخدام اليدين من سينسيليبطارية 3000 مللي امبير في الساعة للوالدين (أسود),118.87,118.87,SAR,3.4,4,https://www.amazon.sa/dp/B0FN167451,https://m.media-amazon.com/images/I/61Efv9o15EL._AC_UL960_QL65_.jpg,1,118.87,False,False,False,False,,توصيل مجاني السبت، 12 سبتمبرأو توصيل أسرع غداً، 11 سبتمبرتبقى 3 فقط - اطلبه الآن.,True,,,تبقى 3 فقط - اطلبه الآن.,,,False,False
B0FMSDGVTB,هاتف محمول سينيسيلي، ‏2G بشاشة HD مقاس ‎2.6 بوصة، يدعم شريحتين بوضع الاستعداد المزدوج، أزرار بلورية كبيرة، بطارية 3000 مللي أمبير، مع مفتاح جانبي علوي لكشاف الطوارئ (برتقالي),126.39,126.39,SAR,1.0,2,https://www.amazon.sa/dp/B0FMSDGVTB,https://m.media-amazon.com/images/I/61YfUqt-yCL._AC_UL960_QL65_.jpg,1,126.39,False,False,False,False,,توصيل مجاني السبت، 12 سبتمبرأو توصيل أسرع غداً، 11 سبتمبر,True,,,,,,False,False
B0D48Z3SJ7,جوال توكسيل رخيص، 5.0 انش، اندرويد 9.0، كاميرا مزدوجة الشريحة، رباعي النواة، روم 16GB 【قابل للتوسيع حتى 128GB】يدعم واي فاي/بلوتوث/اف ام، جوال مفتوح الوجه (ازرق),487.45,487.45,SAR,3.0,226,https://www.amazon.sa/dp/B0D48Z3SJ7,https://m.media-amazon.com/images/I/71Ls25FREWL._AC_UL960_QL65_.jpg,1,487.45,False,False,False,False,,توصيل مجاني الاثنين، 28 سبتمبرأو توصيل أسرع سبتمبر 22 - 26يشحن من خارج السعودية,False,,,,,,False,False
B0DSQ3JXQ3,سامسونج جالكسي S25 الترا، 512 جيجابايت,,,SAR,4.1,1469,https://www.amazon.sa/dp/B0DSQ3JXQ3,https://m.media-amazon.com/images/I/61f6coIY2IL._AC_UL960_QL65_.jpg,1,,False,False,False,False,,توصيل مجاني غداً، 11 سبتمبرأو توصيل أسرع غداً 1 م,True,,,,,,True,False
B0GYJHG4ST,ايه جي ام موبايل M8 اساسي متين قابل للطي، هاتف خلوي بخاصية 4G، مقاوم للماء والسقوط | Dual SIM｜SOS Side Key｜Speed Dial｜104dB Powerful Speaker｜ Large Keypad&amp;Fonts｜FM Radio,358.0,399.0,SAR,5.0,1,https://www.amazon.sa/dp/B0GYJHG4ST,https://m.media-amazon.com/images/I/61PwnUfVrtL._AC_UL960_QL65_.jpg,1,358.0,False,False,False,False,,توصيل مجاني السبت، 12 سبتمبرأو توصيل أسرع اليوم 6:13 م,False,,عرض لمدة محدودة,,,,False,True
B0F59T6HG1,ايه جي ام موبايل M10 متين مع قاعدة شحن، موبايل فيلب، هاتف محمول صغير الحجم IP68/69K/ثنائي شريحة اتصال نانو 4G LTE/SOS/ضوء فلاش/بطارية 1200mAh/بلو وث 5.0/نوع سي,339.0,399.0,SAR,4.7,5,https://www.amazon.sa/dp/B0F59T6HG1,https://m.media-amazon.com/images/I/71o9zQhz4fL._AC_UL960_QL65_.jpg,1,339.0,False,False,False,False,,توصيل مجاني غداً، 11 سبتمبرأو توصيل أسرع غداً 1 م,False,,عرض لمدة محدودة,,,,False,True
B0FHHSXJ2X,هاتف خلوي متين ثلاثي شرائح الاتصال 2G من ليكيفي، رفيع للغاية 2.6 انش، بطارية كبيرة 4800 مللي امبير في الساعة، لكبار السن (اسود),160.31,160.31,SAR,3.2,10,https://www.amazon.sa/dp/B0FHHSXJ2X,https://m.media-amazon.com/images/I/6100gU1AYJL._AC_UL960_QL65_.jpg,1,160.31,False,False,False,False,,توصيل مجاني غداً، 11 سبتمبرأو توصيل أسرع غداً 1 م,False,,,,,,False,False
B0H27WLXDP,تكنو هاتف ذكي سبارك 50، 256 جيجابايت، ذاكرة رام 4 جيجابايت، رمادي تيتانيوم,744.0,744.0,SAR,2.0,1,https://www.amazon.sa/dp/B0H27WLXDP,https://m.media-amazon.com/images/I/51o7b5LG0RL._AC_UL960_QL65_.jpg,1,744.0,False,False,False,False,,,False,,,,,,False,False
B0B2LQXBGW,جوال شاومي ريدمي 10C بذاكرة RAM 4Gb، وذاكرة روم 64Gb - لون رمادي جرافيت، 38611,599.0,599.0,SAR,4.0,142,https://www.amazon.sa/dp/B0B2LQXBGW,https://m.media-amazon.com/images/I/81UBtTmViJL._AC_UL960_QL65_.jpg,1,599.0,False,False,False,False,,توصيل مجاني غداً، 11 سبتمبرأو توصيل أسرع غداً 1 متبقى 2 فقط - اطلبه الآن.,False,,,تبقى 2 فقط - اطلبه الآن.,,,False,False
B0F6NKGB9T,ريد ماجيك هاتف ذكي 10S برو، 144 هرتز، اندرويد 5G، ذاكرة RAM 24GB وروم 1TB، اصدار سناب دراجون 8 ايليت الرائد، شاشة كاملة 6.8 انش 1.5K اموليد، كاميرا 50MP، موبايل غير مقفل ضوء القمر,,,SAR,4.7,14,https://www.amazon.sa/dp/B0F6NKGB9T,https://m.media-amazon.com/images/I/81rfSemWizL._AC_UL960_QL65_.jpg,1,,False,False,False,False,,توصيل مجاني غداً، 11 سبتمبرتبقى 2 فقط - اطلبه الآن.,False,,,تبقى 2 فقط - اطلبه الآن.,,,True,False
B0FBBLGN87,اونر هاتف ذكي X6c ثنائي شرائح الاتصال بذاكرة روم 128GB وذاكرة RAM 6GB (جي اس ام فقط | بدون سي دي ام ايه) هاتف ذكي 4G/LTE مفتوح من المصنع (ازرق سيان) - اصدار عالمي,599.0,599.0,SAR,4.4,303,https://www.amazon.sa/dp/B0FBBLGN87,https://m.media-amazon.com/images/I/61ZNYtsY+8L._AC_UL960_QL65_.jpg,3,558.0,False,False,False,False,,,False,,,,,,False,False
B0GDXNLV31,جوال قابل للطي، يدعم اللغة العربية، شاشة HD مقاس 2.4 انش، زر استغاثة وبث الوقت، ارقام ناطقة، راديو اف ام، مصباح يدوي، هاتف قابل للطي لكبار السن والاطفال 2025 (احمر),153.9,153.9,SAR,3.0,5,https://www.amazon.sa/dp/B0GDXNLV31,https://m.media-amazon.com/images/I/5100XNfFZOL._AC_UL960_QL65_.jpg,1,153.9,False,False,False,False,,توصيل مجاني غداً، 11 سبتمبرأو توصيل أسرع اليوم 6:13 م,True,,,,,,False,False
B0FVL2TGN1,موبايل بزر كبير - شاشة لمس 3.5 بوصة، مصباح يدوي مزدوج، اختصار رقم العائلة، مفتاح استغاثة، مكبر صوت كبير، ثنائي شرائح الاتصال لكبار السن، اسود,276.99,276.99,SAR,,0,https://www.amazon.sa/dp/B0FVL2TGN1,https://m.media-amazon.com/images/I/61hYPtSssvL._AC_UL960_QL65_.jpg,1,276.99,False,False,False,False,,توصيل مجاني السبت، 3 أكتوبريشحن من خارج السعودية,False,,,,,,False,False
B0GTQGT8LT,فيفو واي 11 5G (ذهبي، 4+4GB RAM، 128GB) 6500mAh، شاحن 44 واط | 120 هرتز| تصنيف IP65 | ان اف سي | شريط رقبة حصري، ضمان 24 شهر وحماية شاشة لمدة 6 اشهر,799.95,799.95,SAR,,0,https://www.amazon.sa/dp/B0GTQGT8LT,https://m.media-amazon.com/images/I/61vgkmBp5QL._AC_UL960_QL65_.jpg,2,799.95,False,False,False,False,,,False,,,,,,False,False
B076CCY2D3,هواوي موبايل ميت 10 برو (شريحة واحدة) 128 جيجابايت اندرويد 8.0 اصدار المملكة المتحدة بدون شريحة اتصال - رمادي تيتانيوم,823.0,823.0,SAR,4.4,384,https://www.amazon.sa/dp/B076CCY2D3,https://m.media-amazon.com/images/I/51L8udaFXxL._AC_UL960_QL65_.jpg,1,823.0,False,False,False,False,,توصيل مجاني سبتمبر 17 - 19يشحن من خارج السعودية,False,,,,,,False,False
B0CZ6LXSDD,هاتف خلوي من سويز XS15 بشريحتين ازرق,259.99,259.99,SAR,5.0,2,https://www.amazon.sa/dp/B0CZ6LXSDD,https://m.media-amazon.com/images/I/51kB64DAuUL._AC_UL960_QL65_.jpg,1,259.99,False,False,False,False,,توصيل بـ‏10 ريال سبتمبر 19 - 20أو توصيل أسرع سبتمبر 14 - 15تبقى 1 فقط - اطلبه الآن.,False,,,تبقى 1 فقط - اطلبه الآن.,,,False,False
B0F13SFF8X,سامسونج جوال جالكسي ايه 26 ثنائي شرائح الاتصال بذاكرة روم 256GB وذاكرة RAM 8GB (جي اس ام فقط | بدون سي دي ام ايه) هاتف ذكي 5G مفتوح من المصنع (ابيض) - اصدار عالمي,,,SAR,4.5,235,https://www.amazon.sa/dp/B0F13SFF8X,https://m.media-amazon.com/images/I/51ZmengIdlL._AC_UL960_QL65_.jpg,1,,False,False,False,False,,توصيل مجاني الأربعاء، 16 سبتمبرتبقى 2 فقط - اطلبه الآن.,False,,,تبقى 2 فقط - اطلبه الآن.,,,True,False
B0CQ3458C9,ابل موبايل ايفون 13 برو (128 جيجابايت) - جرافيت (مجدد),,,SAR,,0,https://www.amazon.sa/dp/B0CQ3458C9,https://m.media-amazon.com/images/I/61eDXs9QFNL._AC_UL960_QL65_.jpg,1,,False,False,False,False,,توصيل مجاني غداً، 11 سبتمبرأو توصيل أسرع غداً 1 متبقى 3 فقط - اطلبه الآن.,False,,,تبقى 3 فقط - اطلبه الآن.,,,True,False
B0FSZR3D48,جوال سينيور 2G قلاب بازرار كبيرة، شاشة كبيرة 2.8 انش، مصباح يدوي LED، ايقونات كبيرة، مكبر صوت عال، بدون استخدام اليدين، شريحتين اتصال، اس او اس، MP3/MP4، راديو اف ام، ذهبي,242.77,242.77,SAR,,0,https://www.amazon.sa/dp/B0FSZR3D48,https://m.media-amazon.com/images/I/61E3mtmTMHL._AC_UL960_QL65_.jpg,4,241.55,False,False,False,False,,توصيل مجاني سبتمبر 19 - 20يشحن من خارج السعودية,True,,,,,,False,False
B07V45HNH6,موبايل صغير ثنائي شرائح الاتصال bm10,69.03,69.03,SAR,3.2,58,https://www.amazon.sa/dp/B07V45HNH6,https://m.media-amazon.com/images/I/511ZBteQhBL._AC_UL960_QL65_.jpg,1,69.03,False,False,False,False,,توصيل بـ‏10.24 ريال سبتمبر 19 - 20أو توصيل أسرع سبتمبر 14 - 15تبقى 3 فقط - اطلبه الآن.,False,,,تبقى 3 فقط - اطلبه الآن.,,,False,False
B0G1J3NB73,جوال قابل للطي بتردد جي اس ام من سينيسيلي، يعمل بالبلوتوث مع شريحة اتصال ورسائل قائمة سوداء غير مقفلة لنظام اندرويد (اسود),151.0,151.0,SAR,,0,https://www.amazon.sa/dp/B0G1J3NB73,https://m.media-amazon.com/images/I/6194yw11oOL._AC_UL960_QL65_.jpg,1,151.0,False,False,False,False,,توصيل مجاني السبت، 12 سبتمبرأو توصيل أسرع غداً، 11 سبتمبرتبقى 1 فقط - اطلبه الآن.,True,,,تبقى 1 فقط - اطلبه الآن.,,,False,False
B0D3JGGXBH,هاتف موتورولا رازر 2024، غير مقفل، صُنع الولايات المتحدة ذاكرة رام 8 وتخزين 256 جيجابايت، كاميرا بدقة 50 ميجابكسل، بيتش ساند,,,SAR,4.2,538,https://www.amazon.sa/dp/B0D3JGGXBH,https://m.media-amazon.com/images/I/61sMPPbqbLL._AC_UL960_QL65_.jpg,1,,False,False,False,False,,توصيل مجاني سبتمبر 19 - 20يشحن من خارج السعودية,True,,,,,,True,False
B0G4CKJ3R2,ايه جي ام جوال M11 متين بتقنية 4G | مقاوم للماء بدرجة IP68، ثنائي شرائح الاتصال، بطارية 4000mAh، شحن عكسي، كيبل مدمج من النوع C، مصباح يدوي للطوارئ، نقطة اتصال 4G، دعم عربي، جهاز نجاة خارجي (اسود),349.0,399.0,SAR,4.2,58,https://www.amazon.sa/dp/B0G4CKJ3R2,https://m.media-amazon.com/images/I/71CtyrLJblL._AC_UL960_QL65_.jpg,1,349.0,False,False,False,False,,توصيل مجاني غداً، 11 سبتمبرأو توصيل أسرع غداً 1 م,False,,عرض لمدة محدودة,,,,False,True
B0FHKZG617,جوال منزلق غير مقفل من يوهيسي، شاشة 2.0 انش HD جي اس ام مع بطارية 1000mAh، مكبر صوت عال، مشغل MP3 MP4، راديو اف ام، لكبار السن (اسود),207.61,207.61,SAR,1.0,2,https://www.amazon.sa/dp/B0FHKZG617,https://m.media-amazon.com/images/I/61bUl0MLfuL._AC_UL960_QL65_.jpg,1,207.61,False,False,False,False,,توصيل مجاني السبت، 12 سبتمبرأو توصيل أسرع غداً، 11 سبتمبرتبقى 1 فقط - اطلبه الآن.,True,,,تبقى 1 فقط - اطلبه الآن.,,,False,False
B09992SYMJ,جوال Bm10 لاسلكي 2 في 1 بنمط قديم وحجم صغير غير مغلق ثنائي شرائح اتصال مع النظام العالمي لاتصالات الجوالات وبلوتوث بدون استخدام اليدين للاطفال لون ازرق من دي ام جي، بي ام 10,69.03,69.03,SAR,2.8,71,https://www.amazon.sa/dp/B09992SYMJ,https://m.media-amazon.com/images/I/61GXuRm+9lL._AC_UL960_QL65_.jpg,1,69.03,False,False,False,False,,توصيل بـ‏10.20 ريال سبتمبر 19 - 20أو توصيل أسرع سبتمبر 14 - 15تبقى 4 فقط - اطلبه الآن.,False,,,تبقى 4 فقط - اطلبه الآن.,,,False,False
B0D56VFMFV,جهاز نسخ احتياطي لكبار السن والأطفال، جوال كلاسيكي قابل للطي، ثنائي شرائح الاتصال، شاشة 2.8 بوصة + 2.4 بوصة، مع زر استغاثة وبطارية 1200 ميلي امبير في الساعة، جوال كبير بلوحة مفاتيح كبيرة - لون رمادي,249.99,249.99,SAR,2.0,3,https://www.amazon.sa/dp/B0D56VFMFV,https://m.media-amazon.com/images/I/61kRFVoDLpL._AC_UL960_QL65_.jpg,1,249.99,False,False,False,False,,توصيل مجاني السبت، 26 سبتمبريشحن من خارج السعودية,False,,,,,,False,False
B0DS2XJ5S1,هاتف بمينا فينتاج، هاتف مكتب ارضي كلاسيكي قديم قديم، الة هاتف اوروبية ريفية، نظام الوان لطيف ابيض واخضر فاتح,156.48,156.48,SAR,4.6,3,https://www.amazon.sa/dp/B0DS2XJ5S1,https://m.media-amazon.com/images/I/61RhzHuRacL._AC_UL960_QL65_.jpg,1,156.48,False,False,False,False,,توصيل مجاني غداً، 11 سبتمبرأو توصيل أسرع غداً 1 م,False,,,,,,False,False
B0GGR5SYQC,تلفزيون QLED مقاس 65 بوصة ودقة 4K من سلسلة QEF1 ومعالج ذكاء صناعي Q4 ولون 100% مع كوانتوم دوت بحماية نوكس ومحتوى مجاني، تلفزيون ذكي من سامسونج (نسخة المملكة العربية السعودية - 2025)، QA65QEF1AUXSA,,,SAR,3.1,35,https://www.amazon.sa/dp/B0GGR5SYQC,https://m.media-amazon.com/images/I/81x5FG7BAAL._AC_UL960_QL65_.jpg,1,,False,False,False,False,تم شراء 100+ سلعة في الشهر الماضي,توصيل مجاني بحلول السبت، 12 سبتمبر، 10 ص - 10 م,False,,,,,,True,False
B0H5WS7V2W,تلفزيون ليد ذكي HD 32 بوصة زيرا نظام اندرويد مع معالج رباعي النواة ولوحة درجة A+ بدون إطار وواي فاي ومشاركة الكترونية بزاوية عرض 176 درجة وتصميم نحيف للغاية بـ2 HDMI و2 USB وار جيه 45 من امبيكس,429.0,429.0,SAR,,0,https://www.amazon.sa/dp/B0H5WS7V2W,https://m.media-amazon.com/images/I/81jqSD5U5OL._AC_UL960_QL65_.jpg,1,429.0,False,False,False,False,تم شراء 50+ سلعة في الشهر الماضي,توصيل مجاني غداً، 11 سبتمبرأو توصيل أسرع غداً 1 م,False,,,,,,False,False
B0GSQM37T2,"تلفزيون زيرا ذكي اندرويد 40 بوصة FHD (100 سم) شاشة LED بدون إطار، اندرويد 14، معالج رباعي النواة، ذاكرة RAM 1GB + تخزين 8GB، واي فاي وصب، و2 HDMI, 2 USB، ار جيه 45، لوحة درجة A+ تصميم نحيف من امبيكس",579.0,579.0,SAR,2.0,4,https://www.amazon.sa/dp/B0GSQM37T2,https://m.media-amazon.com/images/I/71VARVLi0YL._AC_UL960_QL65_.jpg,1,579.0,False,False,False,False,تم شراء 50+ سلعة في الشهر الماضي,توصيل مجاني غداً، 11 سبتمبرأو توصيل أسرع غداً 1 م,False,,,,,,False,False
B0GZL5GXP4,تلفزيون ليد 55NU850B6LA α7 ai UHD 4k جيل 9 ترقية فائقة للدقة4k HDR10/HLG لوحة تحكم ألعاب صوت ذكي محيطي احترافي (ترقية صوتية افتراضية 9.1.2) جهاز تحكم ai ويب او اس26 وضع ألعاب 2026 من ال جي، 55 بوصة,,,SAR,3.5,6,https://www.amazon.sa/dp/B0GZL5GXP4,https://m.media-amazon.com/images/I/71wuQP-7-vL._AC_UL960_QL65_.jpg,1,,False,False,False,False,تم شراء 50+ سلعة في الشهر الماضي,توصيل مجاني بحلول السبت، 12 سبتمبر، 10 ص - 6 م,False,,,,,,True,False
B07MJZ6HB9,تلفزيون ليد NTV3200SLED 32 بوصة دقة وضوح عالية HD 1366×768 نظام تشغيل اندرويد مع واي فاي ودي ال ان ايه ومعالج رباعي النواة/مكبر صوت 16 واط/2 منفذ HDMI و2 USB/يدعم نتفليكس ويوتيوب وشاهد من نيكاي، أسود,449.0,449.0,SAR,3.6,662,https://www.amazon.sa/dp/B07MJZ6HB9,https://m.media-amazon.com/images/I/71bCcxiQQhL._AC_UL960_QL65_.jpg,1,449.0,False,False,False,False,تم شراء 50+ سلعة في الشهر الماضي,توصيل مجاني غداً، 11 سبتمبرأو توصيل أسرع غداً 1 م,False,,,,,,False,False
B0H5X1SS86,تلفزيون جوجل سمارت 43 بوصة فئة A4 بدقة FHD بدقة 1080P وتردد 60HZ مع خاصية DTS فيرتشوال X الألعاب والأوضاع الرياضية، كروم كاست مدمج من هايسينس,760.0,760.0,SAR,1.0,1,https://www.amazon.sa/dp/B0H5X1SS86,https://m.media-amazon.com/images/I/81s+ngT4asL._AC_UL960_QL65_.jpg,1,760.0,False,False,False,False,,توصيل مجاني بحلول السبت، 12 سبتمبر، 10 ص - 6 متبقى 1 فقط - اطلبه الآن.,False,,,تبقى 1 فقط - اطلبه الآن.,,,False,False
B0HFWTKG8K,تلفزيون ذكي LED مقاس 55 بوصة بدقة 4 كيه الترا اتش دي مع اندرويد 14، واي فاي، بلوتوث، HDR10، تحكم صوتي، تصميم بدون اطار، تلفزيون بث ترفيه منزلي NC-55T,999.0,999.0,SAR,,0,https://www.amazon.sa/dp/B0HFWTKG8K,https://m.media-amazon.com/images/I/716R6UDBhnL._AC_UL960_QL65_.jpg,1,999.0,False,False,False,False,,توصيل مجاني بحلول الأحد، 13 سبتمبر، 10 ص - 6 م,False,,,,,,False,False
B0C6KFF73Q,تلفزيون LED ذكي الترا اتش دي 50 بوصة من نيكاي UHD | 4K-3840X2160 | واي فاي | اندرويد 9.0 | HDMI | USB | موالف تلفزيون انالوج مدمج | UHD50SLED-FL، أخضر,879.0,879.0,SAR,3.1,63,https://www.amazon.sa/dp/B0C6KFF73Q,https://m.media-amazon.com/images/I/51VB4qr3TQL._AC_UL960_QL65_.jpg,1,879.0,False,False,False,False,,توصيل مجاني بحلول الأحد، 13 سبتمبر، 10 ص - 6 م,False,,,,,,False,False
B0GWJ4K1HR,سامسونج تلفزيون كريستال UHD مقاس 50 بوصة، U8000H، معالج كريستال، حزمة صوت ديناميكية، محتوى مجاني لا نهاية له، مؤمن بواسطة نوكس، تلفزيون ذكي، UA50U8000HUXSA (2026 - نسخة المملكة العربية السعودية),,,SAR,4.5,9,https://www.amazon.sa/dp/B0GWJ4K1HR,https://m.media-amazon.com/images/I/51YycOqn59L._AC_UL960_QL65_.jpg,6,,False,False,False,False,,توصيل مجاني بحلول السبت، 12 سبتمبر، 10 ص - 6 م,False,,,,,,True,False
B0GD6TYL2C,تي اي تي تلفزيون جوجل بريميوم 43 بوصة 2K FHD TI43G2025 مع دولبي فيجن واتموس، HDR10/HLG، وضع اللعب، اندرويد 14، لوحة A+، مساعد جوجل، HDMI ARC، اتصال ذكي,609.0,609.0,SAR,,0,https://www.amazon.sa/dp/B0GD6TYL2C,https://m.media-amazon.com/images/I/61PaUCpsDtL._AC_UL960_QL65_.jpg,1,609.0,False,False,False,False,,توصيل مجاني اليوم 6 م - 8 م على الطلبات التي تزيد عن ‏50 ريال مع برايم,False,,,,,,False,False
B0F1MPWV27,تلفزيون ذكي 4K QLED من هايسنس، 55 بوصة/كوانتوم دوت/120 هرتز/دعم دولبي فيجن ودولبي اتموس/وضع الألعاب بلس/تحكم صوتي/مستشعر إضاءة بالذكاء الاصطناعي/سطوع 350 نيت نموذجي/تحديثات نظام تشغيل 8 سنوات، 55E7Q,,,SAR,4.4,774,https://www.amazon.sa/dp/B0F1MPWV27,https://m.media-amazon.com/images/I/81hJFkkonyL._AC_UL960_QL65_.jpg,1,,False,False,False,False,,توصيل مجاني الأحد، 13 سبتمبرأو توصيل أسرع السبت، 12 سبتمبر,False,,,,,,True,False
B0DYDN6ZC8,ستار تراك تلفزيون LED 61 سم | جاهز HD، صوت محيطي، موفر للطاقة، USB فائق السرعة، ريسيفر ستالايت,256.45,316.19,SAR,3.3,12,https://www.amazon.sa/dp/B0DYDN6ZC8,https://m.media-amazon.com/images/I/61van1g1h0L._AC_UL960_QL65_.jpg,1,208.0,False,False,False,False,,توصيل مجاني الأحد، 13 سبتمبر,False,,,,,,False,True
B076T8WSHX,تلفزيون نيكاي 65 بوصة ذكي 4K UHD مع نظام تشغيل أندرويد | إطار رفيع للغاية، تطبيقات ذكية (نتفليكس، يوتيوب)، HDMI، USB، واي فاي | معالج رباعي النواة عالي الأداء، بدقة وضوح 3840 × 2160 | موديل UHD65SLED,,,SAR,3.1,190,https://www.amazon.sa/dp/B076T8WSHX,https://m.media-amazon.com/images/I/61Rfpox2LwL._AC_UL960_QL65_.jpg,1,,False,False,False,False,تم شراء 50+ سلعة في الشهر الماضي,توصيل مجاني بحلول السبت، 12 سبتمبر، 10 ص - 6 م,False,,,,,,True,False
B0GJ64R2H5,تلفزيون LED ذكي FHD مقاس 32 بوصة FX32SHD-SM - 1000575 من فليكسي,419.38,419.38,SAR,2.7,5,https://www.amazon.sa/dp/B0GJ64R2H5,https://m.media-amazon.com/images/I/61Zu3qAbapL._AC_UL960_QL65_.jpg,2,344.0,False,False,False,False,,توصيل مجاني غداً، 11 سبتمبرأو توصيل أسرع غداً 1 م,False,,,,,,False,False
B0FB42NKN9,تلفزيون QLED ذكي 50 بوصة بتقنية HDR10 بنظام جوجل تي في مع تقنية صوت دولبي ووضع اللعب وعناية متعددة للعين مع تصميم رفيع (إصدار 2025) طراز 50S5K من تي سي ال,,,SAR,4.0,56,https://www.amazon.sa/dp/B0FB42NKN9,https://m.media-amazon.com/images/I/71Xwv+ccB0L._AC_UL960_QL65_.jpg,1,,False,False,False,False,,توصيل مجاني بحلول الأربعاء، 16 سبتمبر، 10 ص - 6 م,False,,,,,,True,False
B07MTT55ZS,تلفزيون ذكي FHD LED طراز NTV4300SLEDT من نيكاي، مزود بواي فاي مدمج، 2 منفذ HDMI، معالج رباعي النواة، تصميم فائق النحافة، مؤقت نوم، إيقاف تشغيل تلقائي,562.0,999.0,SAR,3.5,135,https://www.amazon.sa/dp/B07MTT55ZS,https://m.media-amazon.com/images/I/71Xw6Hk8T0L._AC_UL960_QL65_.jpg,2,505.8,False,False,False,False,,توصيل مجاني بحلول السبت، 12 سبتمبر، 10 ص - 10 م,False,,,,,,False,True
B0F9KPTKJG,تلفزيون سامسونج 43 بوصة FHD F6000F، محتويات مجانية من سامسونج TV بلس ومؤمن بواسطة نوكس ويدعم HDR واو تي اس لايت طراز UA43F6000FUXSA من سامسونج (نسخة 2025 المملكة العربية السعودية),979.0,979.0,SAR,4.2,13,https://www.amazon.sa/dp/B0F9KPTKJG,https://m.media-amazon.com/images/I/61T-aEI2HlL._AC_UL960_QL65_.jpg,1,979.0,False,False,False,False,,توصيل مجاني,False,,,,,,False,False
B0F8W1L48Q,تلفزيون نيو QLED 65 بوصة QN1EF 4K بتقنية ميني ليد مزود بمعالج NQ4 AI الجيل الثاني مع 4K بالذكاء الاصطناعي و144 هرتز مناسب لألعاب الفيديو، QA65QN1EFAUXSA من سامسونج، نسخة المملكة العربية السعودية,,,SAR,4.2,49,https://www.amazon.sa/dp/B0F8W1L48Q,https://m.media-amazon.com/images/I/71veDbem6GL._AC_UL960_QL65_.jpg,1,,False,False,False,False,تم شراء 50+ سلعة في الشهر الماضي,توصيل مجاني بحلول السبت، 12 سبتمبر، 10 ص - 6 م,False,,,,,,True,False
B0GGRKQQTT,تلفزيون QLED مقاس 55 بوصة ودقة 4K من سلسلة QEF1 ومعالج ذكاء صناعي Q4 ولون 100% مع كوانتوم دوت بحماية نوكس ومحتوى مجاني، تلفزيون ذكي من سامسونج (نسخة المملكة العربية السعودية - 2025)،QA55QEF1AUXSA,,,SAR,3.1,35,https://www.amazon.sa/dp/B0GGRKQQTT,https://m.media-amazon.com/images/I/81q0bAGFTCL._AC_UL960_QL65_.jpg,1,,False,False,False,False,,توصيل مجاني بحلول السبت، 12 سبتمبر، 10 ص - 6 م,False,,,,,,True,False
B0F1MRPC4B,تلفزيون ذكي E7Q QLED 4K مقاس 65 بوصة - لون كوانتوم دوت، HDR10+، دولبي فيجن، محسن الذكاء الاصطناعي 4K، وضع اللعب بلس، فري سينك، فيدا U9، اليكسا واير بلاي 2 من هايسينس,,,SAR,4.4,211,https://www.amazon.sa/dp/B0F1MRPC4B,https://m.media-amazon.com/images/I/810fX+6CuLL._AC_UL960_QL65_.jpg,1,,False,False,False,False,,توصيل مجاني بحلول السبت، 12 سبتمبر، 10 ص - 10 م,False,,,,,,True,False
B0FQ58VSGJ,تلفزيون QLED+ جوجل 60 بوصة، موديل 60Q6800H، معدل تحديث 120Hz، موديل 2025، 134.54×8.81×78.48 سم، تلفزيون ذكي مع دولبي فيجن واتموس من سكاي ورث,,,SAR,4.2,18,https://www.amazon.sa/dp/B0FQ58VSGJ,https://m.media-amazon.com/images/I/51UW3g1GFRL._AC_UL960_QL65_.jpg,1,,False,False,False,False,,توصيل مجاني بحلول السبت، 12 سبتمبر، 10 ص - 10 متبقى 4 فقط -- (سيتوفر المزيد قريباً).,False,,,تبقى 4 فقط -- (سيتوفر المزيد قريباً).,,,True,False
B0GVFYKYG1,اوسكار تلفزيون سمارت UHD 4K مقاس 55 بوصة | نظام تشغيل ال جي ويب او اس | تصميم بدون اطار | HDR10 | تحكم صوتي | واي فاي وبلوتوث | تلفزيون LED UHD - OS55PW4KM,,,SAR,5.0,1,https://www.amazon.sa/dp/B0GVFYKYG1,https://m.media-amazon.com/images/I/71+pRluOHuL._AC_UL960_QL65_.jpg,1,,False,False,False,False,,توصيل مجاني بحلول السبت، 12 سبتمبر، 10 ص - 6 م,False,,,,,,True,False
B0DJBWW6NJ,تلفزيون ذكي 98UT90006LA 98 بوصة، دقة عالية الجودة UT90 4K بتقنية الذكاء الاصطناعي ماجيك HDR 10 برو/HLG webOS24 2024 120 هرتز الفا 8 AI معالج 4K من ال جي (صوت محيطي افتراضي 9.1.2),,,SAR,3.8,11,https://www.amazon.sa/dp/B0DJBWW6NJ,https://m.media-amazon.com/images/I/51N+ZjdF45L._AC_UL960_QL65_.jpg,1,,False,False,False,False,تم شراء 50+ سلعة في الشهر الماضي,توصيل مجاني بحلول السبت، 12 سبتمبر، 10 ص - 10 م,False,,,,,,True,False
B0DG32KHK6,تلفزيون LED ذكي بنظام أندرويد 14 مقاس 32 بوصة بتصميم بدون إطار تصميم عاكس ومشاركة الكترونية HDMI USB واي فاي نتفليكس ويوتيوب من ARRQW، اسم الطراز RO-32LPS.,399.0,399.0,SAR,2.6,8,https://www.amazon.sa/dp/B0DG32KHK6,https://m.media-amazon.com/images/I/51UmZJ49IUL._AC_UL960_QL65_.jpg,1,399.0,False,False,False,False,,توصيل مجاني الاثنين، 14 سبتمبرتبقى 1 فقط - اطلبه الآن.,False,,,تبقى 1 فقط - اطلبه الآن.,,,False,False
B0FCXRJ6V5,شاومي تلفزيون اف 32، 32 بوصة (81 سم)، اتش دي، تلفزيون ذكي، فاير تي في، دولبي اوديو، دي تي اس فيرتشوال: اكس، DTS-HD، تحكم صوتي اليكسا، يعمل مع ابل اير بلاي,656.95,656.95,SAR,4.4,481,https://www.amazon.sa/dp/B0FCXRJ6V5,https://m.media-amazon.com/images/I/71rjJjUnYSL._AC_UL960_QL65_.jpg,1,656.95,False,False,False,False,,توصيل مجاني سبتمبر 21 - 23أو توصيل أسرع سبتمبر 18 - 20,False,,,,,,False,False
B081TPG9X8,تلفزيون غلوريا من امبيكس 32 بوصة اتش دي ريدي سمارت ليد، لون اسود,459.0,459.0,SAR,3.5,321,https://www.amazon.sa/dp/B081TPG9X8,https://m.media-amazon.com/images/I/71ca4IWB4BL._AC_UL960_QL65_.jpg,1,459.0,False,False,False,False,,توصيل مجاني غداً، 11 سبتمبرأو توصيل أسرع غداً 1 م,False,,,,,,False,False
B0G1Z3M757,تلفزيون LED ذكي FHD بنظام اندرويد مع جهاز استقبال مدمج من فيزيو، مقاس 40 بوصة,549.0,549.0,SAR,4.2,5,https://www.amazon.sa/dp/B0G1Z3M757,https://m.media-amazon.com/images/I/71WRzbq+vCL._AC_UL960_QL65_.jpg,1,549.0,False,False,False,False,,توصيل مجانيغير متوفر مؤقتاً.,False,,,,,,False,False
B0CXJBHHHJ,تلفزيون جوجل سمارت برو 60 بوصة QLED 4K من نيكاي بنظام تشغيل اندرويد وبحث صوتي ويوتيوب ونتفليكس وشاهد وتدرج لوني واسع، 3860×2160 بكسل، HDR10+، دولبي اتموس، كروم كاست مدمج - NPROG60QLED,,,SAR,3.5,14,https://www.amazon.sa/dp/B0CXJBHHHJ,https://m.media-amazon.com/images/I/71NeQ4iO9SL._AC_UL960_QL65_.jpg,4,,False,False,False,False,,,False,,,,,,True,False
B085751JSW,تلفزيون LED متعدد الوسائط وبقياس 32 انش من دانسات، لون اسود,397.0,397.0,SAR,4.2,15,https://www.amazon.sa/dp/B085751JSW,https://m.media-amazon.com/images/I/615i4s5hR4L._AC_UL960_QL65_.jpg,1,397.0,False,False,False,False,,توصيل مجاني الأحد، 13 سبتمبرتبقى 1 فقط - اطلبه الآن.,False,,,تبقى 1 فقط - اطلبه الآن.,,,False,False
B0C49Q54P3,تلفزيون جوجل LED ذكي 50 بوصة فائق الدقة 4K UHD من امبيكس، تقنية صوت دولبي، يدعم نطاق واي فاي مزدوج، بلوتوث، تقريب بصري، HDMI ARC مع eARC، HDR10، نظام بث فيديو رقمي T2/S2 - evoQ 50S4RLC2,,,SAR,4.1,165,https://www.amazon.sa/dp/B0C49Q54P3,https://m.media-amazon.com/images/I/71KSl4ZcczL._AC_UL960_QL65_.jpg,1,,False,False,False,False,,توصيل مجاني بحلول السبت، 12 سبتمبر، 10 ص - 10 م,False,,,,,,True,False
B0FWKHZTC5,تلفزيون ذكي 58 بوصة 4K UHD 58E6Q، دولبي فيجن، محسن 4K بـAI، ألعاب في دولبي، حركة سلسة مع MEMC، وضع رياضي بـAI، مشاركة مع التلفزيون، يوتيوب، نتفليكس، ديزني+، شاهد، تحديثات فيدا 8 سنوات من هايسينس,,,SAR,3.8,105,https://www.amazon.sa/dp/B0FWKHZTC5,https://m.media-amazon.com/images/I/81iSuby5OIL._AC_UL960_QL65_.jpg,1,,False,False,False,False,,توصيل مجاني بحلول السبت، 12 سبتمبر، 10 ص - 10 م,False,,,,,,True,False
B0GVF1X2NF,اوسكار تلفزيون ذكي 50 بوصة UHD 4K QLED | ال جي ويب او اس مع شاشة عرض متعددة اللغات | تصميم بدون اطار | HDR10، صوت دولبي | تحكم صوتي | واي فاي وبلوتوث | ضمان لمدة عامين - OS50QLEDWP,929.0,929.0,SAR,,0,https://www.amazon.sa/dp/B0GVF1X2NF,https://m.media-amazon.com/images/I/81KjFM6nNsL._AC_UL960_QL65_.jpg,1,929.0,False,False,False,False,,توصيل مجاني بحلول السبت، 12 سبتمبر، 10 ص - 10 م,False,,,,,,False,False
B0F9KV483D,تلفزيون عالي الدقة مقاس 32 بوصة H5000F مزود بمحتويات مجانية من سامسونج TV بلس ومؤمن بواسطة نوكس ويدعم HDR واو تي اس لايت طراز UA32H5000FUXSA من سامسونج (نسخة المملكة العربية السعودية),729.0,799.0,SAR,,0,https://www.amazon.sa/dp/B0F9KV483D,https://m.media-amazon.com/images/I/61-ZI00iLaL._AC_UL960_QL65_.jpg,1,729.0,False,False,False,False,,توصيل مجاني غداً، 11 سبتمبرأو توصيل أسرع غداً 1 م,False,,,,,,False,True
B08BCSTNWW,تلفزيون غلوريا الذكي بتصميم شاشة LED مقاس 40 بوصة بتقنية HD عالية الجودة من امبيكس، أسود,659.0,659.0,SAR,3.7,179,https://www.amazon.sa/dp/B08BCSTNWW,https://m.media-amazon.com/images/I/71I4XhO3zBL._AC_UL960_QL65_.jpg,1,659.0,False,False,False,False,,توصيل مجاني غداً، 11 سبتمبرأو توصيل أسرع غداً 1 م,False,,,,,,False,False
B0FL7NBM29,تلفزيون QLED FHD 43 بوصة بتصميم بإطار رفيع وجهاز تحكم عن بعد ودعم تحكم بالصوت ومساعد جوجل ومدمج بجوجل تي في وجوجول كاست و4 × HDMI و2 × USB وذاكرة RAM 1GB وروم 8GB ولوحة بدرجة A+ من امبيكس، Evoq43QLC,949.0,949.0,SAR,3.3,9,https://www.amazon.sa/dp/B0FL7NBM29,https://m.media-amazon.com/images/I/71NIp2CyDhL._AC_UL960_QL65_.jpg,1,949.0,False,False,False,False,,توصيل مجاني بحلول السبت، 12 سبتمبر، 10 ص - 10 متبقى 4 فقط - اطلبه الآن.,False,,,تبقى 4 فقط - اطلبه الآن.,,,False,False
B0DSTZBZ78,تلفزيون سمارت LED 42 بوصة من دانسات بنظام اندرويد 14 بتقنية FHD عالية الدقة بالكامل,739.0,739.0,SAR,5.0,5,https://www.amazon.sa/dp/B0DSTZBZ78,https://m.media-amazon.com/images/I/51wAeqbfKlL._AC_UL960_QL65_.jpg,2,729.0,False,False,False,False,,توصيل مجاني الأحد، 13 سبتمبر,False,,,,,,False,False
B0F1WJ8X9P,تلفزيون ذكي 75 بوصة 4K 144Hz QLED 75E8Q، لون كوانتوم دوت، HDR10+، HSR 240Hz، دولبي فيجن. أتموس، تحكم صوتي، وضع فيلم ميكر، تحديثات تشغيل فيدا 8 سنوات، سطوع نموذجي 450 وحدة مضيئة في البكسل من هايسينس,,,SAR,4.3,24,https://www.amazon.sa/dp/B0F1WJ8X9P,https://m.media-amazon.com/images/I/81+uv-KBRXL._AC_UL960_QL65_.jpg,1,,False,False,False,False,,توصيل مجاني الأحد، 13 سبتمبرأو توصيل أسرع السبت، 12 سبتمبرتبقى 4 فقط - اطلبه الآن.,False,,,تبقى 4 فقط - اطلبه الآن.,,,True,False
B0H6FP3N5Q,تلفزيون سمارت 50 بوصة بدقة 4K UHD QLED من ارو، RO-50LPWQ | شاشة كبيرة مقاس 50 انش مع تقنية كيو ال اي دي المتقدمة للحصول على ألوان نابضة بالحياة وسطوع محسن.,993.0,993.0,SAR,,0,https://www.amazon.sa/dp/B0H6FP3N5Q,https://m.media-amazon.com/images/I/51ZUo9n7QVL._AC_UL960_QL65_.jpg,1,993.0,False,False,False,False,,توصيل مجاني بحلول الأحد، 13 سبتمبر، 10 ص - 6 متبقى 1 فقط - اطلبه الآن.,False,,,تبقى 1 فقط - اطلبه الآن.,,,False,False
B09965CFDB,تلفزيون ذكي 50 بوصة 4K ليد الترا اتش دي من نيكاي، موديل NIK50MEU4STN، أسود,949.0,949.0,SAR,3.7,15,https://www.amazon.sa/dp/B09965CFDB,https://m.media-amazon.com/images/I/71V8FreaQuL._AC_UL960_QL65_.jpg,1,949.0,False,False,False,False,,توصيل مجاني بحلول السبت، 12 سبتمبر، 10 ص - 10 م,False,,,,,,False,False
B0GLQ2ZF9R,تلفزيون اس ميني ليد 75 بوصة 2026، QLED 4K يو اتش دي من شاومي، تلفزيون ذكي جوجل تي في HDR10+، ثلاثي التوليف، DVB T2، 60هرتز مع وضع تعزيز الألعاب 120هرتز، تقنية ام اي ام سي، تقنية صوت دولبي، ايربلاي 2,,,SAR,3.5,9,https://www.amazon.sa/dp/B0GLQ2ZF9R,https://m.media-amazon.com/images/I/71FwWpv9asL._AC_UL960_QL65_.jpg,1,,False,False,False,False,,توصيل مجاني بحلول السبت، 12 سبتمبر، 10 ص - 10 م,False,,,,,,True,False
B0H5QP8NPX,سامسونج تلفزيون ذكي بدقة 4 كيه، ميني ليد، 65 بوصة، اسود، 120 هرتز، نظام تشغيل تايزن، مع جهاز تحكم عن بعد,,,SAR,,0,https://www.amazon.sa/dp/B0H5QP8NPX,https://m.media-amazon.com/images/I/418aKRwk-0L._AC_UL960_QL65_.jpg,1,,False,False,False,False,,توصيل مجاني بحلول الأربعاء، 16 سبتمبر، 10 ص - 6 متبقى 2 فقط - اطلبه الآن.,False,,,تبقى 2 فقط - اطلبه الآن.,,,True,False
B0GZL49LZT,تلفزيون ليد صغير، M1EH، 4K، HDR 75 بوصة +، موشن اكسسيليراتور، صوت ديناميكي، لون نقي، معالج ليد صغير 4K، تلفزيون ذكي من سامسونج، UA75M1EHAUXSA (10 - نسخة المملكة العربية السعودية),,,SAR,4.1,5,https://www.amazon.sa/dp/B0GZL49LZT,https://m.media-amazon.com/images/I/51S-Z1GKkLL._AC_UL960_QL65_.jpg,1,,False,False,False,False,,توصيل مجاني بحلول السبت، 12 سبتمبر، 10 ص - 10 م,False,,,,,,True,False
B0F9KVBQLY,تلفزيون QLED ذكي مقاس 75 بوصة، Q7F، معالج ذكاء اصطناعي 4K، حجم لون 100% مع كوانتوم دوت، مؤمن بواسطة نوكس، محتوى مجاني لا نهائي من سامسونج، طراز QA75Q7FAAUXSA (2025 - نسخة المملكة العربية السعودية),,,SAR,4.0,68,https://www.amazon.sa/dp/B0F9KVBQLY,https://m.media-amazon.com/images/I/61n6QKcGf+L._AC_UL960_QL65_.jpg,1,,False,False,False,False,,توصيل مجاني بحلول الأحد، 13 سبتمبر، 10 ص - 6 م,False,,,,,,True,False
B0GQF24H9M,هايسينس -تلفزيون ذكي صغير LED 4K مقاس 65 بوصة، 65E8S، تحديث نظام تشغيل 8 سنوات، محرك ذكاء اصطناعي عالي الرؤية، 144 هرتز، HSR 240Hz، مضخم صوت مدمج، دولبي فيجن IQ، حركة سلسة بالذكاء الاصطناعي، وضع صانع,,,SAR,4.3,19,https://www.amazon.sa/dp/B0GQF24H9M,https://m.media-amazon.com/images/I/81Yq1+L3tkL._AC_UL960_QL65_.jpg,1,,False,False,False,False,,توصيل مجاني بحلول السبت، 12 سبتمبر، 10 ص - 10 م,False,,,,,,True,False
B07Q8Z1RL2,تلفزيون ليد ذكي 4 كيه الترا اتش دي 55 بوصة من امبيكس غلوريا - (ذكي، واي فاي، يو اس بي، اتش دي ام اي، ار جي 46، نقطة وصول، اي شير، كروم كاست)، اسود,,,SAR,3.8,89,https://www.amazon.sa/dp/B07Q8Z1RL2,https://m.media-amazon.com/images/I/71HcoUPNBYL._AC_UL960_QL65_.jpg,1,,False,False,False,False,,توصيل مجاني بحلول السبت، 12 سبتمبر، 2 م - 11 م,False,,,,,,True,False
B0DNYPZDXD,تلفزيون ذكي QLED بدقة 4K، ونظام ويب او اس مع تحكم صوتي بدون استخدام اليدين وخاصية دولبي ديجيتال وواي فاي مدمج وبلوتوث ونطاق لوني عالي واتصال سهل بأجهزة اندرويد وابل من نيكاي، 70 بوصة NIK70MEU4QLED,,,SAR,3.8,14,https://www.amazon.sa/dp/B0DNYPZDXD,https://m.media-amazon.com/images/I/71cqeRAMBHL._AC_UL960_QL65_.jpg,1,,False,False,False,False,,توصيل مجاني بحلول الأربعاء، 16 سبتمبر، 10 ص - 6 متبقى 1 فقط - اطلبه الآن.,False,,,تبقى 1 فقط - اطلبه الآن.,,,True,False
B0H1MCWLLK,تلفزيون 98Q6C ذكي 98 بوصة 4K كيو دي-ميني ليد ملون كوانتوم كريستال يدعم HDR 10+ للألعاب وجوجل تي في وتحديث أصلي 144 هرتز ونظام صوت اونكيو 2.1 عالي الدقة ودولبي اتموس ذكاء اصطناعي/جيم ماستر من تي سي ال,,,SAR,4.7,110,https://www.amazon.sa/dp/B0H1MCWLLK,https://m.media-amazon.com/images/I/811UCtGlEHL._AC_UL960_QL65_.jpg,1,,False,False,False,False,,توصيل مجاني بحلول الأحد، 13 سبتمبر، 10 ص - 6 م,False,,,,,,True,False
B0F62XV1RZ,تلفزيون جوجل ذكي 55 بوصة 4K QLED، ألعاب عند 120 هرتز وتقنية صوت دولبي MEMC/VRR/ALLM وذاكرة رام 2+32GB / روم وكروم كاست وHDMI 2.1 وتصميم بدون حواف H55S80FUX من هاير، أسود,,,SAR,4.1,42,https://www.amazon.sa/dp/B0F62XV1RZ,https://m.media-amazon.com/images/I/7161kXGIkUL._AC_UL960_QL65_.jpg,1,,False,False,False,False,,توصيل مجاني بحلول السبت، 12 سبتمبر، 10 ص - 6 م,False,,,,,,True,False
B0FJLNCGCL,شاشة تلفزيون ذكي طراز 32LP70G من سكايورث، مقاس 32 بوصة FHD بنظام تشغيل جوجل تي في موديل 2025، شاشة ال اي دي 60 هرتز، صوت دي بي اكس، حامل/جهاز تحكم عن بعد/كيبل متضمن، منافذ HDMI/USB، مقاس 71.9×6.6×45.9,999.0,999.0,SAR,2.6,3,https://www.amazon.sa/dp/B0FJLNCGCL,https://m.media-amazon.com/images/I/61x+Cdesn2L._AC_UL960_QL65_.jpg,1,999.0,False,False,False,False,,توصيل مجاني غداً، 11 سبتمبرأو توصيل أسرع غداً 1 م,False,,,,,,False,False
B0F9KWTWJH,تلفزيون كريستال UHD 85 بوصة U8000F بمعالج كريستال وترقية الدقة إلى 4K مع تقنية كيو سيمفوني ومحتوى مجاني عبر سامسونج تي في بلس محمي بواسطة نوكس، UA85U8000FUXSA (2025، نسخة السعودية) من سامسونج,,,SAR,4.2,18,https://www.amazon.sa/dp/B0F9KWTWJH,https://m.media-amazon.com/images/I/61CsZMwg42L._AC_UL960_QL65_.jpg,1,,False,False,False,False,,توصيل مجاني بحلول الأربعاء، 16 سبتمبر، 10 ص - 6 متبقى 2 فقط - اطلبه الآن.,False,,,تبقى 2 فقط - اطلبه الآن.,,,True,False
B0GDMW4B6H,تلفزيون ذكي فائق الدقة من نوع QLED مقاس 32 بوصة، بتقنية تلفاز جوجل بمعدل تردد 60 هرتز وإضاءة منخفضة مريحة للعين وخالٍ من الوميض لضمان تباين وألوان محسنة، وتقنية الصوت دولبي، لون أسود، طراز 32Q5600H,599.0,599.0,SAR,4.8,7,https://www.amazon.sa/dp/B0GDMW4B6H,https://m.media-amazon.com/images/I/61wpki6SKfL._AC_UL960_QL65_.jpg,1,599.0,False,False,False,False,,,False,,,,,,False,False
B0GZKZ8L2R,تلفزيون ليد 85NU850B6LA 85 α7 AI UHD 4k جيل 9 ترقية فائقة للدقة4k HDR10/HLG لوحة تحكم ألعاب صوت ذكي محيطي احترافي (ترقية صوتية افتراضية 9.1.2) جهاز تحكم ai ويب او اس26 وضع ألعاب 2026 من ال جي 85 بوصة,,,SAR,,0,https://www.amazon.sa/dp/B0GZKZ8L2R,https://m.media-amazon.com/images/I/71wuQP-7-vL._AC_UL960_QL65_.jpg,1,,False,False,False,False,,توصيل مجاني بحلول السبت، 12 سبتمبر، 10 ص - 10 م,False,,,,,,True,False
B0H9Z2XTXF,تلفزيون محمول 27 بوصة - شاشة متنقلة، شاشة ذكية تعمل باللمس بنظام اندرويد 15، ذاكرة وصول عشوائي 6 جيجابايت وسعة تخزين 128 جيجابايت، شاشة بدقة 1080P، بطارية 27000 ميلي أمبير في الساعة، حامل متحرك قابل,,,SAR,4.6,16,https://www.amazon.sa/dp/B0H9Z2XTXF,https://m.media-amazon.com/images/I/61j06iaJHxL._AC_UL960_QL65_.jpg,1,,False,False,False,False,,توصيل مجاني غداً، 11 سبتمبرأو توصيل أسرع غداً 1 متبقى 1 فقط - اطلبه الآن.,False,,,تبقى 1 فقط - اطلبه الآن.,,,True,False
B0DLKLMLL5,شاشة أرضية 21.5 بوصة مع حامل قابل للتعديل من اف اتش - شاشة LCD ذكية تعمل باللمس محمولة وبطارية مدمجة ودوران كامل و2 حامل شاشة، لون أبيض,,,SAR,3.7,6,https://www.amazon.sa/dp/B0DLKLMLL5,https://m.media-amazon.com/images/I/51F-Q0Me2zL._AC_UL960_QL65_.jpg,1,,False,False,False,False,,توصيل مجاني السبت، 12 سبتمبرأو توصيل أسرع غداً، 11 سبتمبر,False,,,,,,True,False
B08B1B729Q,جيباس تلفزيون LED رفيع 32 بوصة مع جهاز تحكم عن بعد، منافذ HDMI وUSB، وضع ايه في، مقبس للجوال، مدخل صوت للكمبيوتر، VGA، تقنية توفير الطاقة، صوت ديناميكي، GLED3201EHD، اسود,388.7,388.7,SAR,3.3,10,https://www.amazon.sa/dp/B08B1B729Q,https://m.media-amazon.com/images/I/819nCQqql-L._AC_UL960_QL65_.jpg,1,388.7,False,False,False,False,,توصيل مجانيغير متوفر مؤقتاً.,False,,,,,,False,False
B0H1M7X5R7,تلفزيون 85T8D ذكي 85 بوصة 4K QD-Mini LED ملون كوانتوم كريستال HDR 10+ للألعاب، جوجل تي في معدل تحديث 144Hz، اونكيو 2.1 هاي فاي، فيجن اتموس، جيم ماستر من تي سي ال (موديل 2026),,,SAR,4.1,16,https://www.amazon.sa/dp/B0H1M7X5R7,https://m.media-amazon.com/images/I/81zr6Cm8erL._AC_UL960_QL65_.jpg,1,,False,False,False,False,,توصيل مجاني الخميس، 17 سبتمبر,False,,,,,,True,False
B0H6ZXV476,شاشة تلفزيون جوجل ذكية 4K QLED 65 بوصة للألعاب بتحديث 120Hz وتقنية دولبي وMEMC/VRR/ALLM وRAM سعة 2GB وذاكرة ROM سعة 32GB وكروم كاست وHDMI 2.1 بتصميم أنيق بدون حواف موديل 65H5GUX من هاير، أسود,,,SAR,4.0,79,https://www.amazon.sa/dp/B0H6ZXV476,https://m.media-amazon.com/images/I/71mdaWH2wZL._AC_UL960_QL65_.jpg,1,,False,False,False,False,,توصيل مجاني بحلول السبت، 12 سبتمبر، 10 ص - 10 م,False,,,,,,True,False
B0F9KWT5HY,تلفزيون QA55Q8FAAUXSA بشاشة QLED 55 بوصة، Q8F 4K، بمعالج Q4 بتقنية ال AI، كثافة لون 100% بنقاط الكم، تصميم ايرسليم، محتوى مجاني غير محدود، تلفزيون ذكي من سامسونج (إصدار المملكة العربية السعودية),,,SAR,4.7,29,https://www.amazon.sa/dp/B0F9KWT5HY,https://m.media-amazon.com/images/I/610-gFfMlVL._AC_UL960_QL65_.jpg,1,,False,False,False,False,,توصيل مجاني الثلاثاء، 15 سبتمبرأو توصيل أسرع الاثنين، 14 سبتمبر,False,,,,,,True,False
B0FM45QVMF,تلفزيون QLED سمارت 43 بوصة FHD، تلفزيون ويل او اس مع مساعد صوت ذكاء صناعي (ChatGPT)، نتفليكس يوتيوب ديزني برايم فيديو، زاوية عرض 176 درجة، استجابة 6.5 مللي ثانية، RJ45 لوحة A+؛ 2 HDMI؛ 2 USB؛ 90 واط,799.0,799.0,SAR,3.1,2,https://www.amazon.sa/dp/B0FM45QVMF,https://m.media-amazon.com/images/I/71gVcXTQC4L._AC_UL960_QL65_.jpg,1,799.0,False,False,False,False,,توصيل مجاني بحلول السبت، 12 سبتمبر، 10 ص - 10 م,False,,,,,,False,False
B0GWM2ZCF5,تلفزيون ذكي 55 بوصة من سلسلة CS6 بتقنية OLED evo ايفو بدقة 4K (طراز 2026 OLED55CS6VA) معدل تحديث 144 هرتز مع دعم VRR معالج الذكاء الاصطناعي الجيل الثامن دولبي فيجن واتموس محسن للألعاب من ال جي,,,SAR,,0,https://www.amazon.sa/dp/B0GWM2ZCF5,https://m.media-amazon.com/images/I/618luizFzmL._AC_UL960_QL65_.jpg,1,,False,False,False,False,,توصيل مجاني بحلول السبت، 12 سبتمبر، 10 ص - 10 م,False,,,,,,True,False
B0DJ1KCWXY,تلفزيون LED FHD مسطح بشاشة 40 بوصة من دانسات، DTD40BF، أسود,529.0,529.0,SAR,,0,https://www.amazon.sa/dp/B0DJ1KCWXY,https://m.media-amazon.com/images/I/61UkQhSVZeL._AC_UL960_QL65_.jpg,1,529.0,False,False,False,False,,توصيل مجاني بحلول الأحد، 13 سبتمبر، 10 ص - 6 متبقى 3 فقط - اطلبه الآن.,False,,,تبقى 3 فقط - اطلبه الآن.,,,False,False
B0DJ1J48N4,دانسات تلفزيون DTD70BU الترا اتش دي 4 كيه اندرويد 13، مقاس شاشة 70 بوصة، أسود,,,SAR,3.2,12,https://www.amazon.sa/dp/B0DJ1J48N4,https://m.media-amazon.com/images/I/51Ps3L8bOwL._AC_UL960_QL65_.jpg,1,,False,False,False,False,,توصيل مجاني بحلول الأحد، 13 سبتمبر، 10 ص - 6 متبقى 4 فقط - اطلبه الآن.,False,,,تبقى 4 فقط - اطلبه الآن.,,,True,False
B0FLCP3BBW,تلفزيون برافيا 2 II 75 بوصة 4K UHD HDR LED 120 هرتز من سوني، تلفزيون جوجل الذكي (موديل 2025) مع دولبي اتموس بتحكم صوتي لتشغيل بلاي ستيشن عن بعد - K75S20M2,,,SAR,5.0,4,https://www.amazon.sa/dp/B0FLCP3BBW,https://m.media-amazon.com/images/I/81bB4HTWVXL._AC_UL960_QL65_.jpg,1,,False,False,False,False,,توصيل مجانيغير متوفر مؤقتاً.,False,,,,,,True,False
B0GX6QS4MZ,تلفزيون 75T61D ذكي موديل 2026 مقاس 75 بوصة بدقة 4K QLED وكريستال كوانتوم ملون HDR 10+ لتلفزيون جوجل للألعاب ودولبي فيجن اتموس ودي تي اس فيرتشوال:اكس وام اي ام سي وجيم ماستر بتصميم نحيف من تي سي ال,,,SAR,4.0,14,https://www.amazon.sa/dp/B0GX6QS4MZ,https://m.media-amazon.com/images/I/71pFrFjMqML._AC_UL960_QL65_.jpg,3,,False,False,False,False,,توصيل مجاني بحلول السبت، 12 سبتمبر، 10 ص - 10 م,False,,,,,,True,False
B0D4MBRSW6,تلفزيون سمارت 32 بوصة من سرين، شاشة LED FHD بنظام اندرويد 14، موديل SRET-32S1، تصميم بدون إطار، يوتيوب ونتفليكس، HDMI USB، واي فاي، يثبت على الحائط، إصدار 2025,469.0,469.0,SAR,2.8,11,https://www.amazon.sa/dp/B0D4MBRSW6,https://m.media-amazon.com/images/I/612eFtmKLJL._AC_UL960_QL65_.jpg,1,469.0,False,False,False,False,,توصيل مجاني الأحد، 13 سبتمبرتبقى 3 فقط - اطلبه الآن.,False,,,تبقى 3 فقط - اطلبه الآن.,,,False,False
B09965LXQN,تلفزيون 75 بوصة الترا اتش دي ذكي بنظام التشغيل ويب او اس وتقنية دوبلي ديجيتال من نيكاي - NIK75MEU4STN، أسود,,,SAR,3.9,30,https://www.amazon.sa/dp/B09965LXQN,https://m.media-amazon.com/images/I/71F5DnYwNqL._AC_UL960_QL65_.jpg,1,,False,False,False,False,,توصيل مجاني بحلول الأحد، 13 سبتمبر، 10 ص - 6 م,False,,,,,,True,False
B0F8VXZKMC,تلفزيون OLED مقاس 55 بوصة، S85F، دقة 4K، معالج NQ4 AI من الجيل الثاني، ترقية 4K بالذكاء الاصطناعي وتردد 120 هرتز بتقنية دولبي اتموس، QA55S85FAEXSA (2025 - نسخة المملكة العربية السعودية)، من سامسونج,,,SAR,4.0,10,https://www.amazon.sa/dp/B0F8VXZKMC,https://m.media-amazon.com/images/I/61YmGar-SFL._AC_UL960_QL65_.jpg,1,,False,False,False,False,,,False,,,,,,True,False
B071JBFDCV,تلفزيون ذكي LED جلوريا من امبيكس 43 بوصة FHD ريدي من امبيكس - جلوريا 43 سمارت، اسود,749.0,749.0,SAR,3.7,218,https://www.amazon.sa/dp/B071JBFDCV,https://m.media-amazon.com/images/I/81gFBRi1VPL._AC_UL960_QL65_.jpg,1,749.0,False,False,False,False,,توصيل مجاني بحلول السبت، 12 سبتمبر، 10 ص - 10 م,False,,,,,,False,False
B0GZL8DHX1,شاشة ال جي 85QNED80B6 بتقنية ميني ليد 4K ألوان QNED حيوية برو، وترقية الحركة معدل تحديث 120 هرتز، ومعالج α7 4K من الجيل التاسع ووضع الألعاب وجهاز التحكم السحري ونظام التشغيل ويب او اس 26 حجم 85 بوصة,,,SAR,3.0,2,https://www.amazon.sa/dp/B0GZL8DHX1,https://m.media-amazon.com/images/I/71KTeNltRoL._AC_UL960_QL65_.jpg,2,,False,False,False,False,,توصيل مجاني بحلول السبت، 12 سبتمبر، 10 ص - 10 م,False,,,,,,True,False
B0HCTNDJBQ,تلفزيون ذكي محمول على عجلات من في ال اتش، شاشة متنقلة لاسلكية تعمل باللمس مع واي فاي واندرويد 15، كاميرا مدمجة تعمل بالبطارية,,,SAR,4.3,33,https://www.amazon.sa/dp/B0HCTNDJBQ,https://m.media-amazon.com/images/I/61ma9pBEi4L._AC_UL960_QL65_.jpg,1,,False,False,False,False,,توصيل مجاني بحلول السبت، 12 سبتمبر، 10 ص - 10 م,False,,,,,,True,False
B07JL5H3T6,تلفزيون ذكي 85 بوصة 144 هرتز 4K QLED 85E8Q، لون كوانتوم دوت من هايسينس، HDR10+، HSR 240Hz، دولبي فيجن اتموس، تحكم صوتي، وضع فيلم ميكر، تحديثات تشغيل فيدا 8 سنوات، سطوع نموذجي 400 وحدة مضيئة في البكسل,,,SAR,2.2,3,https://www.amazon.sa/dp/B07JL5H3T6,https://m.media-amazon.com/images/I/819ip50dFuL._AC_UL960_QL65_.jpg,1,,False,False,False,False,,توصيل مجاني الأحد، 13 سبتمبرأو توصيل أسرع السبت، 12 سبتمبرتبقى 3 فقط - اطلبه الآن.,False,,,تبقى 3 فقط - اطلبه الآن.,,,True,False
B0FFKVPNTD,تلفزيون RGB 116UX ميني ليد ذكي 4 كي، 116 بوصة، معدل تحديث متغير 165 هرتز، سطوع 8000 شمعة، دولبي فيجن، دولبي اتموس HDR10+، HLG، صوت محيطي 102 واط 6.2.2 تقنية AMD فري سينك بريميوم من هايسنس,,,SAR,,0,https://www.amazon.sa/dp/B0FFKVPNTD,https://m.media-amazon.com/images/I/81IJ-2gi8yL._AC_UL960_QL65_.jpg,1,,False,False,False,False,,توصيل مجاني بحلول السبت، 12 سبتمبر، 10 ص - 10 متبقى 3 فقط -- (سيتوفر المزيد قريباً).,False,,,تبقى 3 فقط -- (سيتوفر المزيد قريباً).,,,True,False
B0D4626K1Y,شاشة تلفزيون 32 بوصة سمارت فل اتش دي نظام تشفيل اندوريد 12 اطار نحيف من SREEN,450.0,450.0,SAR,3.2,28,https://www.amazon.sa/dp/B0D4626K1Y,https://m.media-amazon.com/images/I/51+kC-XowtL._AC_UL960_QL65_.jpg,1,450.0,False,False,False,False,,توصيل مجاني الأحد، 13 سبتمبرتبقى 2 فقط - اطلبه الآن.,False,,,تبقى 2 فقط - اطلبه الآن.,,,False,False
B0DJBW4M7Q,تلفزيون سمارت 65 بوصة 4K OLED65CS4VA OLED ويب أو إس 24 من LG، دولبي أتموس و HDR 10، دولبي فيجن وHLG، معالج صوت ذكي ألفا 11 برو (9.1.2)، جهاز تحكم ماجيك إيفو 120hz α9، (2024، نسخة المملكة السعودية),,,SAR,4.4,30,https://www.amazon.sa/dp/B0DJBW4M7Q,https://m.media-amazon.com/images/I/71N9AZ6+3zL._AC_UL960_QL65_.jpg,1,,False,False,False,False,,توصيل مجاني بحلول الخميس، 17 سبتمبر، 10 ص - 6 متبقى 2 فقط - اطلبه الآن.,False,,,تبقى 2 فقط - اطلبه الآن.,,,True,False
B0H4HDC5JK,تي اي تي تلفزيون جوجل بريميوم 127 سم 4K FHD مع دولبي فيجن واتموس، HDR10/HLG، وضع اللعب، اندرويد 14، لوحة A+، مساعد جوجل، HDMI ARC، اتصال ذكي، موديل TI502025,,,SAR,,0,https://www.amazon.sa/dp/B0H4HDC5JK,https://m.media-amazon.com/images/I/41yTfeS8HNL._AC_UL960_QL65_.jpg,1,,False,False,False,False,,توصيل مجاني بحلول السبت، 12 سبتمبر، 10 ص - 10 م,False,,,,,,True,False
B0GX6VQQ2Y,تلفزيون 65P8L ذكي 65 بوصة 4K QD-Mini LED ملون كوانتوم كريستال HDR 10+ للألعاب، جوجل تي في معدل تحديث 144Hz، اونكيو 2.1 هاي فاي، فيجن اتموس، جيم ماستر من تي سي ال (موديل 2026),,,SAR,,0,https://www.amazon.sa/dp/B0GX6VQQ2Y,https://m.media-amazon.com/images/I/812Gzqj83DL._AC_UL960_QL65_.jpg,1,,False,False,False,False,,توصيل مجاني بحلول الأحد، 13 سبتمبر، 10 ص - 6 م,False,,,,,,True,False
B0DK18GLLG,تلفزيون جوجل مقاس 55 بوصة بدقة QLED منفذ اتش دي ام اي 2.1 وتردد 144 هرتز من سكاي ورث موديل 55Q7700G، أسود,,,,4.2,2,https://www.amazon.sa/dp/B0DK18GLLG,https://m.media-amazon.com/images/I/61wpPAZpe4L._AC_UL960_QL65_.jpg,1,,False,False,False,False,,,False,,,,,,True,False
B0DJ1JGJZW,تلفزيون ذكي 42 بوصة بدقة FHD 4K واندرويد 13 ومعه حامل يثبت على الحائط من دانسات، أسود، DTD42BF,739.0,739.0,SAR,2.1,12,https://www.amazon.sa/dp/B0DJ1JGJZW,https://m.media-amazon.com/images/I/51oGMfOAssL._AC_UL960_QL65_.jpg,1,739.0,False,False,False,False,,توصيل مجاني بحلول الأحد، 13 سبتمبر، 10 ص - 6 م,False,,,,,,False,False
B0H1MCJVY3,تلفزيون 75T8D 75 بوصة ذكي 4 كيه مع ميني إل إي دي وكيو دي وألوان كمومية إتش دي آر 10 بلس وألعاب جوجل و144 هرتز ونظام صوتي 2.1 هاي-فاي من أونكيو ودولبي فيجن ودولبي أتموس من تي سي إل، جيم ماستر 2026,,,SAR,4.1,16,https://www.amazon.sa/dp/B0H1MCJVY3,https://m.media-amazon.com/images/I/81t1m7+WJ2L._AC_UL960_QL65_.jpg,1,,False,False,False,False,,توصيل مجانيغير متوفر مؤقتاً.,False,,,,,,True,False
B0GX6C39GG,تلفزيون 65P61L 65 بوصة ذكي 4K فائق الدقة بتقنية HDR 10+ ألعاب بنظام جوجل تي في وتحسين ديناميكي للألوان ودولبي فيجن أتموس وتقنية MEMC وتحكم صوتي وجيم ماستر بتصميم نحيف من تي سي ال (2026),,,SAR,3.6,5,https://www.amazon.sa/dp/B0GX6C39GG,https://m.media-amazon.com/images/I/81xhVtRyo5L._AC_UL960_QL65_.jpg,1,,False,False,False,False,,توصيل مجاني بحلول السبت، 12 سبتمبر، 10 ص - 10 م,False,,,,,,True,False
B0GW5X3HWY,دانسات شاشة تلفزيون ذكية 85 بوصة بدقة 4 كيه ويب او اس مع جهاز تحكم عن بعد سحري موديل DTD85UWS,,,SAR,5.0,1,https://www.amazon.sa/dp/B0GW5X3HWY,https://m.media-amazon.com/images/I/515w6qhjJXL._AC_UL960_QL65_.jpg,1,,False,False,False,False,,توصيل مجاني بحلول الأربعاء، 16 سبتمبر، 10 ص - 6 متبقى 1 فقط - اطلبه الآن.,False,,,تبقى 1 فقط - اطلبه الآن.,,,True,False
B0GXZZL47T,تلفزيون بتقنية كوانتوم دوت ميني ليد مقاس 75 بوصة، معدل تحديث أصلي 144 هرتز، معالج بتقنية جودة الصورة بالذكاء الاصطناعي، نظام صوت هاي فاي اونكيو، دولبي فيجن اتموس، HDR10+، 75P8L من TCL,,,SAR,1.0,1,https://www.amazon.sa/dp/B0GXZZL47T,https://m.media-amazon.com/images/I/511MJsvrQRL._AC_UL960_QL65_.jpg,1,,False,False,False,False,,توصيل مجاني بحلول الأحد، 13 سبتمبر، 10 ص - 6 م,False,,,,,,True,False
B0F8JK45YM,تلفزيون ذكي 65 بوصة 65QNED86A6A ميني LED بتقنية QNED evo بنظام WebOS 25 VRR 144hz بدقة 4k، معالج ذكاء اصطناعي الفا 8 الجيل 2 صوت برو بتقنية دولبي فيجن الافتراضية 9.1.2 / HDR10 / HLG [2025] من ال جي,,,SAR,4.7,9,https://www.amazon.sa/dp/B0F8JK45YM,https://m.media-amazon.com/images/I/51yAoc-LrvL._AC_UL960_QL65_.jpg,1,,False,False,False,False,,توصيل مجاني بحلول السبت، 12 سبتمبر، 10 ص - 10 م,False,,,,,,True,False
B0FTW7WQW8,شاشة سمارت كيو إل إي دي مقاس 85 بوصة سرين، دقة 4 كي فائقة الوضوح، نظام تشغيل ويب أوس، تصميم بدون حواف، دعم تطبيقات نتفلكس ويوتيوب وشاهد، SRET-85S4KWQ3,,,SAR,4.6,3,https://www.amazon.sa/dp/B0FTW7WQW8,https://m.media-amazon.com/images/I/51vYR1JQWHL._AC_UL960_QL65_.jpg,1,,False,False,False,False,,توصيل مجاني بحلول الأحد، 13 سبتمبر، 10 ص - 6 متبقى 3 فقط - اطلبه الآن.,False,,,تبقى 3 فقط - اطلبه الآن.,,,True,False
B0CVQ877Y8,تلفزيون سوني برافيا 7 مقاس 75 بوصة، تلفزيون ميني LED اكس ار QLED متوازن بشكل مناسب للأفلام وألعاب بلايستيشن 5 والرياضة، تلفزيون ذكي HDR بدقة 4K مع تقنية تلفزيون جوجل,,,SAR,4.3,325,https://www.amazon.sa/dp/B0CVQ877Y8,https://m.media-amazon.com/images/I/81Y0y7dw-cL._AC_UL960_QL65_.jpg,2,,False,False,False,False,,توصيل مجانيغير متوفر مؤقتاً.,False,,,,,,True,False
B0F5NVZGLC,تلفزيون ذكي كيو نيد ايفو بتقنية الذكاء الاصطناعي QNED86 بدقة 4K بتردد 120 هرتز ونظام تشغيل ويب او اس 25 وجهاز تحكم سحري من ال جي، 55 بوصة، 2025,,,SAR,4.7,5,https://www.amazon.sa/dp/B0F5NVZGLC,https://m.media-amazon.com/images/I/51yAoc-LrvL._AC_UL960_QL65_.jpg,3,,False,False,False,False,,توصيل مجاني بحلول السبت، 12 سبتمبر، 10 ص - 10 متبقى 3 فقط - اطلبه الآن.,False,,,تبقى 3 فقط - اطلبه الآن.,,,True,False
B0CVPCLY6X,تلفزيون سوني برافيا 3 85 بوصة 4K HDR، جوجل تي في مع تقنية دولبي فيجن اتموس,,,SAR,4.3,420,https://www.amazon.sa/dp/B0CVPCLY6X,https://m.media-amazon.com/images/I/81eD8TnuGrL._AC_UL960_QL65_.jpg,1,,False,False,False,False,,توصيل مجاني بحلول الأحد، 13 سبتمبر، 10 ص - 6 متبقى 1 فقط -- (سيتوفر المزيد قريباً).,False,,,تبقى 1 فقط -- (سيتوفر المزيد قريباً).,,,True,False
B0H6QX548J,TCL تلفزيون جوجل 65T69D سمارت 65 بوصة T69D QLED 4K (موديل 2026) 65 بوصة UHD مع كوانتوم كريستال ملون HDR 10+، جودة صورة فائقة، دولبي فيجن + اتموس، دي تي اس فيرتشوال: X - 65T69D,,,SAR,5.0,2,https://www.amazon.sa/dp/B0H6QX548J,https://m.media-amazon.com/images/I/71mZ7dNyYZL._AC_UL960_QL65_.jpg,1,,False,False,False,False,,توصيل مجاني بحلول الأحد، 13 سبتمبر، 10 ص - 6 م,False,,,,,,True,False
B0F5NWD7Y9,تلفزيون ال جي الذكي 65NANO80A6A بحجم 65 بوصة بتقنية NanoCell AI NANO80 ودقة 4K مع جهاز التحكم عن بعد السحري AI وتقنية HDR10 ونظام تشغيل webOS 25,,,SAR,5.0,4,https://www.amazon.sa/dp/B0F5NWD7Y9,https://m.media-amazon.com/images/I/71gquf68KOL._AC_UL960_QL65_.jpg,1,,False,False,False,False,,توصيل مجاني بحلول الأحد، 13 سبتمبر، 10 ص - 6 متبقى 2 فقط - اطلبه الآن.,False,,,تبقى 2 فقط - اطلبه الآن.,,,True,False
B0F32JG9DR,تلفزيون ذكي 65 بوصة من سلسلة U7Q ULED 4K UHD - QLED، أصلي 144 هرتز، 1000 نيت، بتقنية دولبي فيجن اي كيو، تعتيم محلي كامل المصفوفة، وضع الألعاب برو، متوافق مع اليكسا من هايسينس (65U7Q، موديل 2025),,,SAR,4.6,148,https://www.amazon.sa/dp/B0F32JG9DR,https://m.media-amazon.com/images/I/8109bFURVdL._AC_UL960_QL65_.jpg,3,,False,False,False,False,,توصيل مجاني بحلول السبت، 12 سبتمبر، 10 ص - 10 م,False,,,,,,True,False
B0H17WK51V,TCL تلفزيون ذكي 75 بوصة 4K QLED، تلفزيون جوجل، 120Hz VRR، دولبي اتموس، دي تي اس فيرتشوال: اكس، واي فاي، بلوتوث 5.4، 3 منافذ HDMI,,,SAR,,0,https://www.amazon.sa/dp/B0H17WK51V,https://m.media-amazon.com/images/I/51exBV9shgL._AC_UL960_QL65_.jpg,1,,False,False,False,False,,توصيل مجاني بحلول الأربعاء، 16 سبتمبر، 10 ص - 6 م,False,,,,,,True,False
B0HCPMF4DZ,LG تلفزيون ذكي نانو سيل بتقنية الذكاء الاصطناعي 4K UHD مقاس 75 انش، معالج α7 AI 4K، لون نانو، HDR10 برو، ترقية فائقة 4K، صوت ذكاء اصطناعي برو، وضع صانع الافلام، محسن الالعاب، ويب او اس 26، اسود، ميزات,,,SAR,,0,https://www.amazon.sa/dp/B0HCPMF4DZ,https://m.media-amazon.com/images/I/7167imMbNiL._AC_UL960_QL65_.jpg,1,,False,False,False,False,,توصيل مجاني سبتمبر 15 - 16تبقى 4 فقط - اطلبه الآن.,False,,,تبقى 4 فقط - اطلبه الآن.,,,True,False
B0CPWBG33F,تلفاز، بشاشة اوليد، 65 بوصة (سمارت ايه اي -4K الترا اتش دي - جوجل تي في - ألعاب 120 هرتز - HDMI 2.1، بلوتوث 5.1 - دولبي فيجن والصوت - HDR10) من هاير، H65C900UX,,,SAR,5.0,1,https://www.amazon.sa/dp/B0CPWBG33F,https://m.media-amazon.com/images/I/715NKSSwBwL._AC_UL960_QL65_.jpg,1,,False,False,False,False,,توصيل مجاني بحلول السبت، 12 سبتمبر، 10 ص - 10 م,False,,,,,,True,False
B0GZKXJ45N,تلفزيون ذكي QA77S90HAUXSA OLED بدقة 4K HDR 10+ وتصميم ليزر سليم مضاد للوهج بلون أسود حقيقي وألوان واقعية بتقنية موشن اكسليراتور 165 هرتز ودولبي اتموس مع حزمة ألعاب إصدار السعودية من سامسونج، 77 بوصة,,,SAR,5.0,1,https://www.amazon.sa/dp/B0GZKXJ45N,https://m.media-amazon.com/images/I/51BOIX89GCL._AC_UL960_QL65_.jpg,1,,False,False,False,False,,توصيل مجاني بحلول السبت، 12 سبتمبر، 10 ص - 10 م,False,,,,,,True,False
B0D1V7VTS4,تلفزيون ذكي سوبر فائق الحجم من سامسونج، شاشة كريستال يو اتش دي، DU9000، مقاس 98 بوصة، 2024، محسن صورة كبير الحجم، موشن اكسسيليراتور 120 هرتز، نظام تشغيل سامسونج تايزن، كيو سيمفوني، أسود جرافيت،,,,SAR,1.0,2,https://www.amazon.sa/dp/B0D1V7VTS4,https://m.media-amazon.com/images/I/61ZQ6NVXCHL._AC_UL960_QL65_.jpg,1,,False,False,False,False,,توصيل مجاني بحلول الأحد، 13 سبتمبر، 10 ص - 6 متبقى 1 فقط - اطلبه الآن.,False,,,تبقى 1 فقط - اطلبه الآن.,,,True,False
B0DWNDSPX7,حامل تلفزيون متحرك للتلفزيون من بنتيفار، مقاس 32-75 بوصة، ارتفاع قابل للتعديل، عجلات قابلة للقفل، رف قابل للإزالة، يدعم تلفزيونات LCD LED 4K المسطحة والمنحنية، ماكس فيسا، 60 × 40 سم، لون أسود (1700),169.0,189.0,SAR,4.4,249,https://www.amazon.sa/dp/B0DWNDSPX7,https://m.media-amazon.com/images/I/71tBNTKrU6L._AC_UL960_QL65_.jpg,1,169.0,False,False,False,False,تم شراء 300+ سلعة في الشهر الماضي,توصيل مجاني غداً، 11 سبتمبرأو توصيل أسرع غداً 1 م,True,,عرض لمدة محدودة,,,,False,True
B0GS65PCTJ,تلفزيون ذكي 4K LED صغير جوجل تي في 55 بوصة من سكاي ورث، شاشة حماية العين 5.0، دولبي فيجن ودولبي اتموس، HDR10+، تعتيم محلي، ام اي ام سي، وضع اللعب، وضع صانع الأفلام نتفليكس/يوتيوب/برايم فيديو 55×6600H,,,SAR,3.9,5,https://www.amazon.sa/dp/B0GS65PCTJ,https://m.media-amazon.com/images/I/814KlO0dbvL._AC_UL960_QL65_.jpg,1,,False,False,False,False,,توصيل مجاني بحلول السبت، 12 سبتمبر، 10 ص - 10 م,False,,,,,,True,False
B0DHW5X2Q6,شاشة 75 بوصة بتقنية نانو سيل الذكاء الاصطناعي وساوند برو (افتراضي 9.1.2 اب ميكس) من ال جي، تلفزيون سمارت نانو 81 4K بتقنية الذكاء الاصطناعي ماجيك ريموت وHDR10 مع نظام ويب او اس 24 2024، 75NANO81T6A,,,SAR,4.1,10,https://www.amazon.sa/dp/B0DHW5X2Q6,https://m.media-amazon.com/images/I/61KQ2tu9YsL._AC_UL960_QL65_.jpg,1,,False,False,False,False,,توصيل مجاني بحلول السبت، 12 سبتمبر، 10 ص - 10 م,False,,,,,,True,False
B0H181S537,تلفزيون ليد بشاشة 4K 55 بوصة من تي سي ال، يعمل بنظام جوجل تي في، بمعدل تحديث 120 هرتز، ويدعم تقنية صوت دولبي، مزود بـ 3 منافذ HDMI، واتصال واي-فاي مدمج، وتقنية بلوتوث 5.2,,,SAR,1.0,1,https://www.amazon.sa/dp/B0H181S537,https://m.media-amazon.com/images/I/51l9lC+3XfL._AC_UL960_QL65_.jpg,1,,False,False,False,False,,توصيل مجاني بحلول الأربعاء، 16 سبتمبر، 10 ص - 6 متبقى 1 فقط - اطلبه الآن.,False,,,تبقى 1 فقط - اطلبه الآن.,,,True,False
B0D484YSR9,شاشة تلفزيون سرين 85 بوصة سمارت فوركي 4K نظام تشفيل Web OS، بدون إطار ريسيفر داخلي، 2 ريموت | SRET-854KW1,,,SAR,3.1,2,https://www.amazon.sa/dp/B0D484YSR9,https://m.media-amazon.com/images/I/51HyB88MLEL._AC_UL960_QL65_.jpg,1,,False,False,False,False,,توصيل مجاني بحلول الأحد، 13 سبتمبر، 10 ص - 6 متبقى 1 فقط - اطلبه الآن.,False,,,تبقى 1 فقط - اطلبه الآن.,,,True,False
B0DWXXRBRP,تلفزيون ذكي QLED 65 بوصة بدقة 4K يعمل بنظام ويب او اس تحكم صوتي بدون استخدام اليدين، دولبي ديجيتال، واي فاي مدمج وبلوتوث، نطاق لوني عالي، واتصال سهل مع أجهزة اندرويد وابل من نيكاي، NIK65MEU4QLED,,,SAR,4.5,9,https://www.amazon.sa/dp/B0DWXXRBRP,https://m.media-amazon.com/images/I/71TLl13Q2GL._AC_UL960_QL65_.jpg,1,,False,False,False,False,,توصيل مجانيغير متوفر مؤقتاً.,False,,,,,,True,False
B0F9KRT7X4,تلفزيون ذكي شاشة QLED 75 بوصة دقة 4K سلسلة Q8F من سامسونج، QA75Q8FAAUXSA، معالج Q4 تقنية الذكاء الصناعي، كثافة لون 100% بنقاط الكم، ايرسليم، محتوى مجاني لا نهائي (إصدار المملكة العربية السعودية 2025),,,SAR,5.0,5,https://www.amazon.sa/dp/B0F9KRT7X4,https://m.media-amazon.com/images/I/610-gFfMlVL._AC_UL960_QL65_.jpg,1,,False,False,False,False,,,False,,,,,,True,False
B0GZKXNNTT,تلفزيون ذا فريم ذكي بدقة 4K وشاشة كيو ليد غير عاكسة، تقنية HDR 10+، معدل تحديث 144 هيرتز كود QA75LS03HEUXSA، إطار عصري مع حل توصيل مدمج مقاس 75 بوصة (إصدار السعودية - 2026) موديل LS03HE من سامسونج,,,SAR,3.0,1,https://www.amazon.sa/dp/B0GZKXNNTT,https://m.media-amazon.com/images/I/51QJdQP0ckL._AC_UL960_QL65_.jpg,1,,False,False,False,False,,توصيل مجاني بحلول السبت، 12 سبتمبر، 10 ص - 10 متبقى 3 فقط -- (سيتوفر المزيد قريباً).,False,,,تبقى 3 فقط -- (سيتوفر المزيد قريباً).,,,True,False
B0F9KRRY6S,تلفزيون ذكي OLED بدقة 4K وسرعة تحديث 144 Hz ومعالج من الجيل الثالث NQ4 AI، يدعم تقنية ترقية لدقة 4K بالذكاء الاصطناعي وأوضاع HDR+ طراز S90F من سامسونج (نسخة المملكة العربية السعودية)، 65 بوصة,,,SAR,4.1,11,https://www.amazon.sa/dp/B0F9KRRY6S,https://m.media-amazon.com/images/I/61DK4+FYfXL._AC_UL960_QL65_.jpg,1,,False,False,False,False,,توصيل مجاني الثلاثاء، 15 سبتمبرأو توصيل أسرع الاثنين، 14 سبتمبر,False,,,,,,True,False
B0F9FR75GB,نموذج عالمي امبيكس وستارجولد، ستار تراك جيباس ايكون ال سي دي، تلفزيون LED ذكي اندرويد مع ازرار يوتيوب ونتفليكس.,22.0,22.0,SAR,2.7,10,https://www.amazon.sa/dp/B0F9FR75GB,https://m.media-amazon.com/images/I/51bg63OgmCL._AC_UL960_QL65_.jpg,1,22.0,False,False,False,False,,توصيل مجاني غداً، 11 سبتمبر على طلبك الأول.أو توصيل أسرع اليوم 6:13 م,False,,,,,,False,False
B0GZKXQ16G,تلفزيون سامسونج 65 بوصة 4K مايكرو ار جي بي ليد (R85H) ذكي، HDR 10+، تقنية موشن اكسسيليراتور، بمعدل تحديث 144 هرتز، دولبي اتموس، محرك ايه اي، MRA65R85HAUXSA (إصدار 2026، نسخة السعودية),,,SAR,,0,https://www.amazon.sa/dp/B0GZKXQ16G,https://m.media-amazon.com/images/I/51aKGNgaNfL._AC_UL960_QL65_.jpg,1,,False,False,False,False,,توصيل مجاني بحلول السبت، 12 سبتمبر، 10 ص - 10 م,False,,,,,,True,False
B0D1V9YW8C,تلفزيون سامسونج 75 بوصة 4K QLED HDR ذكي كبير حجم لون 100% مع كوانتوم دوت، نظام تشغيل سامسونج تايزن، تصميم اير سليم، أسود، QA75Q60DAUXSA (موديل 2024 - نسخة المملكة العربية السعودية),,,SAR,4.8,5,https://www.amazon.sa/dp/B0D1V9YW8C,https://m.media-amazon.com/images/I/81Vg0tmi4bL._AC_UL960_QL65_.jpg,1,,False,False,False,False,,توصيل مجاني بحلول الخميس، 17 سبتمبر، 10 ص - 6 متبقى 1 فقط - اطلبه الآن.,False,,,تبقى 1 فقط - اطلبه الآن.,,,True,False
B0BZSFXR3N,تلفزيون مقاس 75 بوصة من سامسونج تقنية نيو كيو ليد معالج برو نيورال كوانتوم 8K شاشة انفينيتي 8K OTS برو - QA75QN900CUXSA (موديل 2023)، أسود,,,SAR,,0,https://www.amazon.sa/dp/B0BZSFXR3N,https://m.media-amazon.com/images/I/91LRZSeDoXL._AC_UL960_QL65_.jpg,1,,False,False,False,False,,توصيل مجاني بحلول السبت، 12 سبتمبر، 10 ص - 10 م,False,,,,,,True,False
B0F6NLWGCH,تلفزيون 2025 75Q7C ذكي 75 بوصة QD-ميني LED ملون كوانتوم كريستال HDR 3000 نيت للالعاب جوجل تي في معدل تحديث اصلي 144Hz وتقنية صوت من بانج اند اولفسن ودولبي اتموس وجيم ماستر من تي سي ال,,,SAR,3.8,19,https://www.amazon.sa/dp/B0F6NLWGCH,https://m.media-amazon.com/images/I/81Fedz6vOjL._AC_UL960_QL65_.jpg,2,,False,False,False,False,,توصيل مجاني بحلول السبت، 12 سبتمبر، 10 ص - 10 م,False,,,,,,True,False
B0F38NKF9Q,تلفزيون 100QNED86A6 ايفو بتقنية الذكاء الاصطناعي مقاس 100 بوصة بدقة 4 كيه QNED (معالج بالذكاء الصناعي ايه 8 الجيل الثاني 4 كيه، نظام تشغيل ويب 25، 120 هرتز (VRR حتى 144 هرتز)) [موديل عام 2025],,,SAR,,0,https://www.amazon.sa/dp/B0F38NKF9Q,https://m.media-amazon.com/images/I/61zX6ryUBLL._AC_UL960_QL65_.jpg,1,,False,False,False,False,,توصيل مجاني بحلول الأحد، 13 سبتمبر، 10 ص - 6 م,False,,,,,,True,False
B0D1V7BDFK,شاشة نيو من سامسونج 75 بوصة 8K بالذكاء الاصطناعي QLED HDR لتحسين جودة الصورة ومعالج NQ8 AI الجيل الثاني، كوانتوم ماتريكس، نظام تشغيل سامسونج تايزن، أسود جرافيت (2024، إصدار السعودية) QA75QN800DUXSA,,,SAR,4.3,4,https://www.amazon.sa/dp/B0D1V7BDFK,https://m.media-amazon.com/images/I/81dapPxo0DL._AC_UL960_QL65_.jpg,1,,False,False,False,False,,توصيل مجاني بحلول السبت، 12 سبتمبر، 10 ص - 6 متبقى 1 فقط - اطلبه الآن.,False,,,تبقى 1 فقط - اطلبه الآن.,,,True,False
B0DDTGLK72,تلفزيون 85 بوصة 4K UHD سمارت QLED من ايمبكس، جوجل، تصميم بدون إطار، تقنية صوت دولبي، جهاز تحكم عن بعد صوتي، يدعم واي فاي، بلوتوث، بصري، منفذ اتش دي ام اي ايه ار سي مع اي ايه ار سي ومنفذ USB,,,SAR,1.0,1,https://www.amazon.sa/dp/B0DDTGLK72,https://m.media-amazon.com/images/I/71TpnC5SvrL._AC_UL960_QL65_.jpg,1,,False,False,False,False,,توصيل مجاني بحلول الأحد، 13 سبتمبر، 10 ص - 6 م,False,,,,,,True,False
B0DF2DP2SC,تلفزيون ذكي بشاشة 75 بوصة UHD 4K تقنية QLED/تعتيم محلي كامل/وضع رياضي بالذكاء الاصطناعي/حركة سلسة /وضع لعب برو 144Hz/تحكم صوتي/دولبي فيجن IQ/دولبي اتموس,,,SAR,5.0,2,https://www.amazon.sa/dp/B0DF2DP2SC,https://m.media-amazon.com/images/I/71Vx3U8XV9L._AC_UL960_QL65_.jpg,1,,False,False,False,False,,توصيل مجاني بحلول الأحد، 13 سبتمبر، 10 ص - 6 م,False,,,,,,True,False
B081TZDQ9B,تلفزيون 65 بوصة DLED قياسي من ايه ار ار كيو دبليو، أسود - RO-65LP,,,SAR,4.0,1,https://www.amazon.sa/dp/B081TZDQ9B,https://m.media-amazon.com/images/I/71x4THFufzL._AC_UL960_QL65_.jpg,1,,False,False,False,False,,توصيل بـ‏52.60 ريال سبتمبر 15 - 16,False,,,,,,True,False
B0G1YJ5N9S,تلفزيون ذكي 75 بوصة QLED بدقة 4K الترا HD وصوت دولبي اتموس ونظام تشغيل فيدا الذكي ومعدل تحديث 144 هرتز ووضع الألعاب وتقنية الصور بالذكاء الاصطناعي طراز 75Q72Q من هايسنس، لون أسود,,,SAR,,0,https://www.amazon.sa/dp/B0G1YJ5N9S,https://m.media-amazon.com/images/I/71f13M9jyqL._AC_UL960_QL65_.jpg,4,,False,False,False,False,,توصيل مجاني بحلول السبت، 12 سبتمبر، 10 ص - 10 متبقى 4 فقط -- (سيتوفر المزيد قريباً).,False,,,تبقى 4 فقط -- (سيتوفر المزيد قريباً).,,,True,False
B0BG2PGRKY,تلفزيون هايسنس ليزر مقاس 100 بوصة بجودة 4K HDR تلفزيون اندرويد منفذ HDMI 2.1 تجربة سينمائية نقية - طراز 100L9G (2022)، أسود,,,,3.0,1,https://www.amazon.sa/dp/B0BG2PGRKY,https://m.media-amazon.com/images/I/71GVu4vqnOL._AC_UL960_QL65_.jpg,1,,False,False,False,False,,,False,,,,,,True,False
B0D6RXS5G6,تلفزيون ذكي 65 بوصة 4K LED مع معدل تحديث أصلي 120 هرتز من باناسونيك، مصفوفة LED كاملة مع لوحة كوانتوم دوت، تلفزيون جوجل، تصميم بدون إطار ودولبي فيجن اتموس ومساعد جوجل (موديل 2024 - نسخة السعودية,,,SAR,2.4,3,https://www.amazon.sa/dp/B0D6RXS5G6,https://m.media-amazon.com/images/I/61KtiLO5A4L._AC_UL960_QL65_.jpg,2,,False,False,False,False,,توصيل مجاني بحلول السبت، 12 سبتمبر، 10 ص - 6 متبقى 1 فقط - اطلبه الآن.,False,,,تبقى 1 فقط - اطلبه الآن.,,,True,False
B0BGHW24JH,تلفزيون سوني برافيا 32 بوصة 2K تلفزيون جوجل ترقية كل بكسل لوضوح استثنائي - KD-32W830 (طراز 2022) وسوني 2.0 قناة HT-S100F، أخضر,,,SAR,,0,https://www.amazon.sa/dp/B0BGHW24JH,https://m.media-amazon.com/images/I/5142vV9rvML._AC_UL960_QL65_.jpg,1,,False,False,False,False,,,False,,,,,,True,False
B07JKTYYQ8,تلفزيون ذكي 50 بوصة 4K UHD LCD دولبي فيجن، محسن اللون الطبيعي، نظام تشغيل فيدا U5 لليوتيوب، نتفليكس، ديزني بلس، فري فيو بلاي وواي فاي مع أوامر صوتية من هايسينس,999.0,999.0,SAR,4.5,4,https://www.amazon.sa/dp/B07JKTYYQ8,https://m.media-amazon.com/images/I/717dH4-Z+8L._AC_UL960_QL65_.jpg,1,999.0,False,False,False,False,,توصيل مجانيتبقى 2 فقط - اطلبه الآن.,False,,,تبقى 2 فقط - اطلبه الآن.,,,False,False
B0DK57911F,حامل تلفزيون متحرك للتلفزيون من بنتيفار، مقاس 32-75 بوصة، ارتفاع قابل للتعديل، عجلات قابلة للقفل، رف قابل للإزالة، يدعم تلفزيونات LCD LED 4K المسطحة والمنحنية، ماكس فيسا، 60 × 40 سم، لون أسود,143.0,159.0,SAR,4.1,75,https://www.amazon.sa/dp/B0DK57911F,https://m.media-amazon.com/images/I/61iyVnvLTTL._AC_UL960_QL65_.jpg,1,143.0,False,False,False,False,تم شراء 200+ سلعة في الشهر الماضي,توصيل مجاني غداً، 11 سبتمبرأو توصيل أسرع غداً 1 م,True,,عرض لمدة محدودة,,,,False,True
B0B6894XGM,جهاز بث مي تي في ستيك بدقة 4K UHD، اندرويد 11، دعم مساعد جوجل الصوتي ومشغل وسائط رقمية مدمج كروم كاست، مشغل صوت، سعة 2/8 جيجابايت، واتش دي ار/av1/2.4g/واي فاي 5g/ بي تي 5.2، إصدار 2022,225.0,225.0,SAR,4.1,1210,https://www.amazon.sa/dp/B0B6894XGM,https://m.media-amazon.com/images/I/61bPL3YfoTL._AC_UL960_QL65_.jpg,1,225.0,False,False,False,False,تم شراء 50+ سلعة في الشهر الماضي,توصيل مجاني غداً، 11 سبتمبرأو توصيل أسرع اليوم 6:13 م,False,,,,,,False,False
B09B9BPXF2,جهاز بث الوسائط من شاومي بتقنية HDMI متوافق مع تلفزيون يدعم يوتيوب وجوجل بلاي باللون الأسود,210.0,210.0,SAR,3.9,275,https://www.amazon.sa/dp/B09B9BPXF2,https://m.media-amazon.com/images/I/61bPL3YfoTL._AC_UL960_QL65_.jpg,1,210.0,False,False,False,False,,توصيل مجاني غداً، 11 سبتمبرأو توصيل أسرع غداً 1 متبقى 1 فقط - اطلبه الآن.,False,,,تبقى 1 فقط - اطلبه الآن.,,,False,False
B0FN84P86K,تلفزيون جوجل ذكي QLED مقاس 75 بوصة دقة 4K Ultra HD مساعد جوجل، صوت دولبي، واي فاي، بلوتوث شاهد، ابل تي في، نتفليكس، برايم فيديو، ديزني+، يوتيوب، رام سعة 2 جيجا، سعة تخزين 16 جيجا من امبيكس Evoq75QLC,,,SAR,1.0,1,https://www.amazon.sa/dp/B0FN84P86K,https://m.media-amazon.com/images/I/71gclUvZtdL._AC_UL960_QL65_.jpg,2,,False,False,False,False,,توصيل مجاني بحلول السبت، 12 سبتمبر، 10 ص - 10 متبقى 1 فقط -- (سيتوفر المزيد قريباً).,False,,,تبقى 1 فقط -- (سيتوفر المزيد قريباً).,,,True,False
B0DHQTKHYC,تلفزيون ذكي 70 بوصة 4K UHD LED سلسلة بلاتينيوم مع ويبوس NIK70MEU4STN - اسود,,,SAR,5.0,1,https://www.amazon.sa/dp/B0DHQTKHYC,https://m.media-amazon.com/images/I/61YaTYd6-6L._AC_UL960_QL65_.jpg,1,,False,False,False,False,,توصيل مجاني بحلول الأحد، 13 سبتمبر، 10 ص - 6 متبقى 1 فقط - اطلبه الآن.,False,,,تبقى 1 فقط - اطلبه الآن.,,,True,False
B0H872ZJ9V,شاشة سامسونج 85 بوصة بتقنية Neo QLED بدقة 4K مع خاصية رفع الجودة بالذكاء الاصطناعي، معدل تحديث 120 هرتز مع خاصية مضاعفة معدل التحديث (DLG) بتصميم نحيف,,,SAR,,0,https://www.amazon.sa/dp/B0H872ZJ9V,https://m.media-amazon.com/images/I/8118+gbNi4L._AC_UL960_QL65_.jpg,1,,False,False,False,False,,توصيل مجاني بحلول السبت، 12 سبتمبر، 10 ص - 10 م,False,,,,,,True,False
B0FWD28BWY,تلفزيون ذكي 98Q7C 98 انش 4K QD ميني LED جوجل تي في HDR 3000 وحدة مضيئة في البكسل، معدل تحديث اصلي 144Hz، دولبي فيجن واتموس، صوت بانج اند اولفسن، لوحة كريستال جلو اتش في ايه، تلفزيون العاب مع HDMI 4K (موديل 2025),,,SAR,,0,https://www.amazon.sa/dp/B0FWD28BWY,https://m.media-amazon.com/images/I/615P0+C5VKL._AC_UL960_QL65_.jpg,1,,False,False,False,False,,توصيل مجاني بحلول الخميس، 17 سبتمبر، 10 ص - 6 متبقى 2 فقط - اطلبه الآن.,False,,,تبقى 2 فقط - اطلبه الآن.,,,True,False
B0CVH8RWWJ,تلفزيون ذكي 4K UHD بدون إطار من تورنيدو، 65 بوصة، نظام أندرويد، يدعم يوتيوب ونتفليكس، تلفزيون بحجم كبير ودقة الترا اتش دي مع شاشة كاملة الحجم، أسود، موديل 65UA1410E,,,SAR,3.9,9,https://www.amazon.sa/dp/B0CVH8RWWJ,https://m.media-amazon.com/images/I/712zX193r-L._AC_UL960_QL65_.jpg,1,,False,False,False,False,,توصيل مجاني بحلول السبت، 12 سبتمبر، 10 ص - 10 م,False,,,,,,True,False
B07V37MN6Q,تلفزيون ذكي بدقة FHD باضاءة LED وقياس 55 بوصة من كيه ام سي -K20M55262S (تم تثبيت ما يلي مسبقا: يوتيوب، نتفليكس ،شاهد..الخ)، أسود,,,SAR,3.2,14,https://www.amazon.sa/dp/B07V37MN6Q,https://m.media-amazon.com/images/I/61ZZ3w08G7L._AC_UL960_QL65_.jpg,1,,False,False,False,False,,توصيل مجاني بحلول الأربعاء، 16 سبتمبر، 10 ص - 6 متبقى 3 فقط - اطلبه الآن.,False,,,تبقى 3 فقط - اطلبه الآن.,,,True,False
B0GZKWNS9T,تلفزيون ذكي 4K نيو كيو ليد طراز QA75QN1EHAUXSA كوانتوم ميني ليد HDR 10بلس تقنية تسريع الحركة والصوت التكيفي تصميم فائق النحافة حقيقي كيو ليد مع حجم لون 100% من سامسونج، 75 بوصة، إصدار 2026 السعودية,,,SAR,,0,https://www.amazon.sa/dp/B0GZKWNS9T,https://m.media-amazon.com/images/I/51wRDScyYXL._AC_UL960_QL65_.jpg,1,,False,False,False,False,,توصيل مجاني بحلول السبت، 12 سبتمبر، 10 ص - 10 م,False,,,,,,True,False
B0GH161KK1,تلفزيون ذكي 85 بوصة 4K QLED لجوجل تي في (اندرويد 14) دولبي فيجن + HDR10/HLG ووضع لعب HSR 120 هرتز وصوت دولبي، 3 × HDMI (ARC)، طراز TI85QG2025 من تي اي تي، واي فاي، بلوتوث، أسود,,,SAR,,0,https://www.amazon.sa/dp/B0GH161KK1,https://m.media-amazon.com/images/I/71If4QPrPTL._AC_UL960_QL65_.jpg,1,,False,False,False,False,,توصيل مجاني بحلول السبت، 12 سبتمبر، 10 ص - 10 متبقى 1 فقط - اطلبه الآن.,False,,,تبقى 1 فقط - اطلبه الآن.,,,True,False
B0DL6JX5D3,تلفزيون ذكي 75 بوصة بدقة 4 كيه من هايسنس، مناطق تعتيم محلية كاملة، 2 × HDMI 4K عند 60Hz مع اتش دي سي بي إصدار 2.2، eARc* HDMI*1، تلفزيون ذكي، HDR10+، دولبي فيجن، دولبي فيجن اتموس,,,SAR,,0,https://www.amazon.sa/dp/B0DL6JX5D3,https://m.media-amazon.com/images/I/71dtVg62TIL._AC_UL960_QL65_.jpg,1,,False,False,False,False,,توصيل مجاني بحلول السبت، 12 سبتمبر، 10 ص - 6 متبقى 4 فقط - اطلبه الآن.,False,,,تبقى 4 فقط - اطلبه الآن.,,,True,False
B0H87DR4G6,"TCL Television 65 Inch P71L 4K QLED Smart TV (2026 Model) 65&quot; QLED Google TV, AiPQ Processor, TCL AI, Dolby Vision, HDR10+, 93% DCI-P3 Color Gamut, Dolby Audio, DTS Virtual X, Game Master - 4K 65P71L",,,SAR,,0,https://www.amazon.sa/dp/B0H87DR4G6,https://m.media-amazon.com/images/I/81YLEZhAAtL._AC_UL960_QL65_.jpg,1,,False,False,False,False,,توصيل مجاني بحلول الأربعاء، 16 سبتمبر، 10 ص - 6 م,False,,,,,,True,False
B0FHH6YX87,تلفزيون ذكي OLED77G56LA بتقنية اوليد ايفو ايه اي جي 5 77 بوصة بدقة 4K و165Hz وVRR من ال جي، صوت محيطي افتراضي 11.1.2، يدعم تقنيات دولبي اتموس وفيجن وHDR10، يأتي بريموت ايه اي ماجيك webOS25,,,SAR,,0,https://www.amazon.sa/dp/B0FHH6YX87,https://m.media-amazon.com/images/I/818spvetnoL._AC_UL960_QL65_.jpg,1,,False,False,False,False,,توصيل مجاني بحلول السبت، 12 سبتمبر، 10 ص - 6 م,False,,,,,,True,False
B0FNMYZCDN,تلفزيون ذكي QNED82 مقاس 75 بوصة بتقنية الذكاء الاصطناعي QNED82 وبدقة 4K وخاصية HDR 10 وwebOS25 2025 من ال جي,,,SAR,,0,https://www.amazon.sa/dp/B0FNMYZCDN,https://m.media-amazon.com/images/I/61Mg5LcPbdL._AC_UL960_QL65_.jpg,1,,False,False,False,False,,توصيل مجاني بحلول السبت، 12 سبتمبر، 10 ص - 6 متبقى 4 فقط - اطلبه الآن.,False,,,تبقى 4 فقط - اطلبه الآن.,,,True,False
B0DPJKP5RS,دانسات تلفزيون ذكي، 85 بوصة، 4 كيه، اندرويد 13، ريسيفر مدمج، حامل حائط مجاني، اسود,,,SAR,3.1,10,https://www.amazon.sa/dp/B0DPJKP5RS,https://m.media-amazon.com/images/I/51099RUrbDL._AC_UL960_QL65_.jpg,1,,False,False,False,False,,توصيل مجاني بحلول الأحد، 13 سبتمبر، 10 ص - 6 متبقى 2 فقط - اطلبه الآن.,False,,,تبقى 2 فقط - اطلبه الآن.,,,True,False
B0F9KS9WL8,تلفزيون نيو QLED بدقة 4K ميني ليد 65 بوصة QN85F مع معالج NQ4 AI الجيل الثاني وتقنية كوانتوم ماتريكس بلس مع دولبي اتموس ونيو كوانتوم HDR+QA65QN85FAUXSA من سامسونج، نسخة السعودية 2025,,,SAR,5.0,3,https://www.amazon.sa/dp/B0F9KS9WL8,https://m.media-amazon.com/images/I/71sW+k-hmxL._AC_UL960_QL65_.jpg,1,,False,False,False,False,,توصيل مجاني الثلاثاء، 15 سبتمبرأو توصيل أسرع الاثنين، 14 سبتمبر,False,,,,,,True,False
B0DW4BLHR8,تلفزيون ذكي 85 بوصة بدقة QLED 4k - تصميم جمالي رائع، دقة 3840 × 2160، مثالي لسطح المكتب وتحرير الصور والفيديو، DTQ85UWS,,,SAR,3.7,4,https://www.amazon.sa/dp/B0DW4BLHR8,https://m.media-amazon.com/images/I/61aRFouRbrL._AC_UL960_QL65_.jpg,1,,False,False,False,False,,توصيل مجاني بحلول الأحد، 13 سبتمبر، 10 ص - 6 متبقى 2 فقط - اطلبه الآن.,False,,,تبقى 2 فقط - اطلبه الآن.,,,True,False
B0BH3775BC,تلفزيون جوجل مقاس 75 بوصة 4 من تي سي ال بدقة 4K واضاءة LED ومعالج HDR10 A55 60Hz- 75T635 (طراز 2022) 55T635، أسود,,,SAR,4.6,170,https://www.amazon.sa/dp/B0BH3775BC,https://m.media-amazon.com/images/I/81VyQS224VL._AC_UL960_QL65_.jpg,1,,False,False,False,False,,توصيل مجاني بحلول السبت، 12 سبتمبر، 10 ص - 10 متبقى 1 فقط - اطلبه الآن.,False,,,تبقى 1 فقط - اطلبه الآن.,,,True,False
B0BKFYJH5J,شاشة دانسات 75 بوصة اندرويد 13,,,SAR,3.1,25,https://www.amazon.sa/dp/B0BKFYJH5J,https://m.media-amazon.com/images/I/51-3UwLd0zL._AC_UL960_QL65_.jpg,1,,False,False,False,False,,توصيل مجاني بحلول الأحد، 13 سبتمبر، 10 ص - 6 متبقى 1 فقط - اطلبه الآن.,False,,,تبقى 1 فقط - اطلبه الآن.,,,True,False
B0DDXPHPNL,تلفزيون برافيا 9 مقاس 85 بوصة اكس ار بإضاءة خلفية ماستر درايف مع إضاءة عالية الأكثر سطوعًا على الإطلاق من سوني، للسينما والرياضة وألعاب بلاي ستيشن 5، تلفزيون ذكي 4K HDR (جوجل تي في) موديل 2024,,,SAR,5.0,1,https://www.amazon.sa/dp/B0DDXPHPNL,https://m.media-amazon.com/images/I/61A-OL5EXzL._AC_UL960_QL65_.jpg,1,,False,False,False,False,,توصيل مجاني بحلول السبت، 12 سبتمبر، 10 ص - 6 متبقى 2 فقط - اطلبه الآن.,False,,,تبقى 2 فقط - اطلبه الآن.,,,True,False
B0H17Z9M48,TCL تلفزيون ذكي بدقة 4K QLED مقاس 85 بوصة، تلفزيون جوجل، دولبي اتموس، دي تي اس فيرتشوال: اكس، صوت اونكيو، واي فاي، بلوتوث 5.4,,,SAR,,0,https://www.amazon.sa/dp/B0H17Z9M48,https://m.media-amazon.com/images/I/71rMEa9EMML._AC_UL960_QL65_.jpg,1,,False,False,False,False,,توصيل مجاني بحلول الأحد، 13 سبتمبر، 10 ص - 6 م,False,,,,,,True,False
B0FB3VQNQP,تلفزيون LED ذكي مقاس 75 بوصة بدقة 4K الترا HD بتصميم لامع بدون إطار، يدعم خاصية المشاركة الإلكترونية ومنافذ HDMI وUSB والواي فاي ونتفليكس ويوتيوب من اس ايه اتش ام، رقم الطراز SHM-75LPS,,,SAR,,0,https://www.amazon.sa/dp/B0FB3VQNQP,https://m.media-amazon.com/images/I/41h-Y9vel0L._AC_UL960_QL65_.jpg,1,,False,False,False,False,,توصيل مجاني بحلول السبت، 12 سبتمبر، 10 ص - 10 م,False,,,,,,True,False
B0H5WTL6WR,تلفزيون ذكي QLED بدقة 4K مقاس 85 بوصة بتردد 60 هرتز وتقنية دولبي اتموس فيجن وتقنية الذكاء الاصطناعي سموث موشن ورفع الدقة إلى 4K وخاصية فيدا والتحكم الصوتي من هايسينس,,,SAR,,0,https://www.amazon.sa/dp/B0H5WTL6WR,https://m.media-amazon.com/images/I/814OxKrtt4L._AC_UL960_QL65_.jpg,1,,False,False,False,False,,توصيل مجاني بحلول الأحد، 13 سبتمبر، 10 ص - 6 م,False,,,,,,True,False
B0CWLLMZLX,تلفزيون ذكي 55 بوصة سلسلة نانو سيل 4K LED من سلسلة نانو77 من ال جي 55NANO776RA، أسود,,,SAR,5.0,1,https://www.amazon.sa/dp/B0CWLLMZLX,https://m.media-amazon.com/images/I/51pJsfwgsqL._AC_UL960_QL65_.jpg,1,,False,False,False,False,,,False,,,,,,True,False
B0GZL17CHX,تلفزيون ذكي S85H اوليد 48 بوصة من سامسونج بدقة 4K وتقنية HDR 10+ ومسرع حركة 120 هرتز ودولبي اتموس وتقنية المدى الديناميكي العالي لاوليد (OLED HDR) وباقة ألعاب متميزة، QA48S85HAEXSA (سعودية),,,SAR,,0,https://www.amazon.sa/dp/B0GZL17CHX,https://m.media-amazon.com/images/I/51XbzeYSbrL._AC_UL960_QL65_.jpg,1,,False,False,False,False,,توصيل مجاني بحلول السبت، 12 سبتمبر، 10 ص - 6 م,False,,,,,,True,False
B0F487V6FJ,دانسات تلفزيون ذكي QLED مقاس 65 بوصة بدقة 4K UHD ومعدل تحديث 120 هرتز ونظام تشغيل ويب او اس DTD65QLED120HZ,,,SAR,3.1,3,https://www.amazon.sa/dp/B0F487V6FJ,https://m.media-amazon.com/images/I/41GHAic03QL._AC_UL960_QL65_.jpg,1,,False,False,False,False,,توصيل مجاني بحلول الأحد، 13 سبتمبر، 10 ص - 6 متبقى 1 فقط - اطلبه الآن.,False,,,تبقى 1 فقط - اطلبه الآن.,,,True,False
B0H41Q2LN3,تلفزيون ذكي مقاس 77 بوصة من سلسلة B6 اوليد بدقة 4K (OLED77B66LA) - موديل 2026، بمعدل تحديث 144 هرتز مع تقنية في ار ار ومعالج ايه اي ودعم دوبلي فيجن واتموس من ال جي,,,SAR,,0,https://www.amazon.sa/dp/B0H41Q2LN3,https://m.media-amazon.com/images/I/61eGsjASM7L._AC_UL960_QL65_.jpg,1,,False,False,False,False,,توصيل مجاني بحلول السبت، 12 سبتمبر، 10 ص - 10 م,False,,,,,,True,False
B0FR3917PN,تلفاز ال جي كيند ايفو الذكي، تقنية ميني ليد 4K، تردد 144 هرتز، مع جهاز التحكم عن بعد السحري ونظام ويب او اس 25 لعام 2025 من ال جي، مقاس 75 بوصة، QNED9M,,,SAR,,0,https://www.amazon.sa/dp/B0FR3917PN,https://m.media-amazon.com/images/I/71i0D9oyy5L._AC_UL960_QL65_.jpg,5,,False,False,False,False,,,False,,,,,,True,False
B0G1YGNLQX,تلفزيون ذكي 65 بوصة QLED بدقة 4K الترا HD بصوت دولبي اتموس ونظام تشغيل فيدا الذكي ومعدل تحديث 144 هرتز ووضع الألعاب وتقنية الصور بالذكاء الاصطناعي من هايسنس,,,SAR,3.1,2,https://www.amazon.sa/dp/B0G1YGNLQX,https://m.media-amazon.com/images/I/71Tc8h+11dL._AC_UL960_QL65_.jpg,1,,False,False,False,False,,توصيل مجاني بحلول الأحد، 13 سبتمبر، 10 ص - 6 م,False,,,,,,True,False
B0BJVQ5B91,تلفزيون QLED صغير LED 4K1080 ايريا HDR بتقنية دولبي فيجن اي كيو جوجل معالج 120Hz MEMC 144Hz VRR ومنفذ HDMI 2.1 وجوجل تي في 65C935 (موديل 2022) مقاس 65 بوصة من تي سي ال، أسود,,,SAR,3.5,2,https://www.amazon.sa/dp/B0BJVQ5B91,https://m.media-amazon.com/images/I/61Psbqjm25L._AC_UL960_QL65_.jpg,1,,False,False,False,False,,توصيل مجاني بحلول الخميس، 17 سبتمبر، 10 ص - 6 متبقى 2 فقط - اطلبه الآن.,False,,,تبقى 2 فقط - اطلبه الآن.,,,True,False
B0H17Z3G9J,TCL تلفزيون ذكي 65 بوصة 4K UHD LED تلفزيون جوجل، صوت دولبي، معالج ايه اي بي كيو، جيم ماستر، واي فاي 5، 3 منافذ HDMI,,,SAR,,0,https://www.amazon.sa/dp/B0H17Z3G9J,https://m.media-amazon.com/images/I/51eFibWuXyL._AC_UL960_QL65_.jpg,3,,False,False,False,False,,,False,,,,,,True,False
B0GZKXW7JG,سامسونج تلفزيون OLED مقاس 83 بوصة، S85H، 4K، HDR 10+، موشن اكسليراتور 120 هرتز، دولبي اتموس، OLED HDR، حزمة العاب ممتازة، تلفزيون ذكي، QA83S85HAEXSA (2026 - نسخة المملكة العربية السعودية),,,SAR,,0,https://www.amazon.sa/dp/B0GZKXW7JG,https://m.media-amazon.com/images/I/51CFX6VI2CL._AC_UL960_QL65_.jpg,1,,False,False,False,False,,توصيل مجانيغير متوفر مؤقتاً.,False,,,,,,True,False
B083XH53TM,تلفزيون LED قياسي مقاس 39 بوصة - اسود - D39G50,569.0,569.0,SAR,5.0,1,https://www.amazon.sa/dp/B083XH53TM,https://m.media-amazon.com/images/I/618T6jgW1LL._AC_UL960_QL65_.jpg,1,569.0,False,False,False,False,,توصيل مجاني الاثنين، 14 سبتمبرأو توصيل أسرع الأحد، 13 سبتمبرتبقى 2 فقط - اطلبه الآن.,False,,,تبقى 2 فقط - اطلبه الآن.,,,False,False
B0D1V7R2BD,شاشة نيو من سامسونج 75 بوصة 4K بالذكاء الاصطناعي QLED HDR لتحسين جودة الصورة ومعالج NQ4 AI الجيل الثاني، كوانتوم ماتريكس، نظام تشغيل سامسونج تايزن، أسود جرافيت (2024، إصدار السعودية) QA75QN85DBUXSA,,,SAR,4.5,2,https://www.amazon.sa/dp/B0D1V7R2BD,https://m.media-amazon.com/images/I/71-+g2To8EL._AC_UL960_QL65_.jpg,1,,False,False,False,False,,توصيل مجاني بحلول السبت، 12 سبتمبر، 10 ص - 10 متبقى 2 فقط - اطلبه الآن.,False,,,تبقى 2 فقط - اطلبه الآن.,,,True,False
B0CYXZH8B9,تلفزيون ذكي QLED 4K UHD مقاس 65 بوصة مع جوجل تي في ودولبي فيجن واتموس ومسرع ألعاب 120 هرتز ومعالج MEMC وHDR10 وVRR وتصميم معدني بدون حواف من هاير، أسود، H65S800UX,,,SAR,3.4,5,https://www.amazon.sa/dp/B0CYXZH8B9,https://m.media-amazon.com/images/I/7129OVy0ypL._AC_UL960_QL65_.jpg,1,,False,False,False,False,,توصيل مجانيغير متوفر مؤقتاً.,False,,,,,,True,False
B0B4HC8Z6V,تلفزيون تي سي ال 75 بوصة بدقة 4 كيه وصورة فائقة الدقة يو اتش دي بالمدى الديناميكي اتش دي ار 10 بتطبيق جوجل تي في بمعالج 60 هرتز- موديل 75P735 (عام 2022)، أسود,,,SAR,4.6,34,https://www.amazon.sa/dp/B0B4HC8Z6V,https://m.media-amazon.com/images/I/81-hin0LTgL._AC_UL960_QL65_.jpg,1,,False,False,False,False,,توصيل مجاني بحلول الخميس، 17 سبتمبر، 10 ص - 6 متبقى 1 فقط - اطلبه الآن.,False,,,تبقى 1 فقط - اطلبه الآن.,,,True,False
B0D1V9SQNK,تلفاز سامسونج أو ليد الذكي، طِراز S95D، مقاس 65 بوصة، موديل عام 2024، معالج بقوة استشعار 4 اعتمادًا على الذكاء الاصطناعي للجيل الثاني، وهو خالٍ من الوهج، أو ليد أتش دي آر برو، نظام تشغيل سامسونج، أسود,,,SAR,3.0,1,https://www.amazon.sa/dp/B0D1V9SQNK,https://m.media-amazon.com/images/I/81-PRXqMVWL._AC_UL960_QL65_.jpg,1,,False,False,False,False,,توصيل مجاني بحلول السبت، 12 سبتمبر، 10 ص - 6 متبقى 2 فقط - اطلبه الآن.,False,,,تبقى 2 فقط - اطلبه الآن.,,,True,False
B0CMSGKMBC,تلفزيون صغير محمول تيني تي في 2 من تايني سيركيتس - شاشة IPS 1.14 بوصة، مقاطع فيديو محملة مسبقا وقابلة للتحميل، USB نوع سي قابل لاعادة الشحن، تحكم بمقبض + جهاز تحكم صغير (بني),336.0,336.0,SAR,4.6,366,https://www.amazon.sa/dp/B0CMSGKMBC,https://m.media-amazon.com/images/I/61KhKqas-kL._AC_UL960_QL65_.jpg,1,336.0,False,False,False,False,,توصيل مجاني السبت، 26 سبتمبرأو توصيل أسرع الثلاثاء، 22 سبتمبريشحن من خارج السعودية,False,,,,,,False,False
B07NDXSY4G,جلوكلوز، لمبتان لضبط اضاءة التلفزيون الخلفية، مثالية لسطح مكتب جهاز الكمبيوتر، حوض اسماك زينة، شاشة مراقبة اضاءة مقاومة للماء بجهاز تحكم عن بعد، مزود بوصلة USB للطاقة,17.49,17.49,SAR,3.4,2172,https://www.amazon.sa/dp/B07NDXSY4G,https://m.media-amazon.com/images/I/61PNzfdnt5L._AC_UL960_QL65_.jpg,7,15.0,False,False,False,False,تم شراء 300+ سلعة في الشهر الماضي,توصيل مجاني غداً، 11 سبتمبر على طلبك الأول.أو توصيل أسرع اليوم 6:13 م,False,,,,,,False,False
B079KR8NZS,تلفزيون 4 كيه من ابل (32GB),836.12,836.12,SAR,4.2,18,https://www.amazon.sa/dp/B079KR8NZS,https://m.media-amazon.com/images/I/51U3+fQyk-L._AC_UL960_QL65_.jpg,1,836.12,False,False,False,False,,توصيل مجانيغير متوفر مؤقتاً.,False,,,,,,False,False
B0DZ78CSNH,جهاز ابل ايباد 11 بوصة: بشريحة A16 وشاشة ليكويد ريتينا 11 بوصة وذاكرة 128 GB وواي فاي 6 مع شبكة اتصال وكاميرا أمامية 12 MP وخلفية 12 MP وتاتش اي دي وبطارية تدوم طوال اليوم، فضي,,,SAR,4.5,1419,https://www.amazon.sa/dp/B0DZ78CSNH,https://m.media-amazon.com/images/I/616FFqht2sL._AC_UL960_QL65_.jpg,1,,False,False,False,False,تم شراء 1 ألف+ سلعة في الشهر الماضي,توصيل مجاني اليوم 6:13 م,True,,,,,,True,False
B0DZ77H5J7,جهاز ابل ايباد 11 بوصة: بشريحة A16 وشاشة ليكويد ريتينا 11 بوصة وذاكرة 128 جيجابايت وواي فاي 6 مع شبكة اتصال وكاميرا أمامية 12 ميجابكسل وخلفية 12 ميجابيكسل وتاتش اي دي وبطارية تدوم طوال اليوم، أزرق,,,SAR,4.5,1419,https://www.amazon.sa/dp/B0DZ77H5J7,https://m.media-amazon.com/images/I/616z23YvqML._AC_UL960_QL65_.jpg,1,,False,False,False,False,تم شراء 1 ألف+ سلعة في الشهر الماضي,توصيل مجاني اليوم 6:13 م,True,,,,,,True,False
B0DZ78R3ZG,جهاز ابل ايباد 11 بوصة: شريحة A16، ليكويد ريتينا 11 بوصة وذاكرة 128 GB وواي فاي 6 مع شبكة اتصال وكاميرا أمامية وخلفية 12MP وتاتش اي دي وبطارية تدوم طوال اليوم، زهري,,,SAR,4.5,1419,https://www.amazon.sa/dp/B0DZ78R3ZG,https://m.media-amazon.com/images/I/61xD2n6ttEL._AC_UL960_QL65_.jpg,1,,False,False,False,False,تم شراء 200+ سلعة في الشهر الماضي,توصيل مجاني اليوم 6:13 م,True,,,,,,True,False
B0DZ78TB4N,جهاز ابل ايباد 11 بوصة: شاشة ليكويد ريتينا بشريحة A16،11 بوصة وذاكرة 128 جيجابايت وواي فاي 6 مع شبكة اتصال وكاميرا أمامية 12 ميجابكسل بخلفية 12 ميجابيكسل وتاتش اي دي وبطارية تدوم طوال اليوم، أصفر,,,SAR,4.5,1419,https://www.amazon.sa/dp/B0DZ78TB4N,https://m.media-amazon.com/images/I/61opXmF-vsL._AC_UL960_QL65_.jpg,1,,False,False,False,False,تم شراء 100+ سلعة في الشهر الماضي,توصيل مجاني اليوم 6:13 م,True,,,,,,True,False
B0DZ7X7MKF,جهاز ابل ايباد 11 بوصة: شريحة A16 وشاشة ليكويد ريتينا 11 بوصة وذاكرة 256 جيجابايت وواي فاي 6 مع شبكة اتصال، وكاميرا أمامية 12 ميجابكسل وكاميرا خلفية 12 ميجابيكسل وخاصية تاتش اي دي وبطارية تدوم طوال,,,SAR,4.5,1419,https://www.amazon.sa/dp/B0DZ7X7MKF,https://m.media-amazon.com/images/I/616FFqht2sL._AC_UL960_QL65_.jpg,1,,False,False,False,False,تم شراء 300+ سلعة في الشهر الماضي,توصيل مجاني اليوم 6:13 م,True,,,,,,True,False
B0GQVBJ3KT,ايباد اير 11 بوصة (شريحة M4) من آبل: شاشة ليكويد ريتينا 128 جيجابايت، كاميرا امامية وخلفية 12 ميجابكسل، واي فاي 7 مع ابل N1، خاصية التعرف باللمس، بطارية تدوم طوال اليوم - رمادي (Space Grey),,,SAR,4.4,50,https://www.amazon.sa/dp/B0GQVBJ3KT,https://m.media-amazon.com/images/I/71u9WvH1okL._AC_UL960_QL65_.jpg,1,,False,False,False,False,تم شراء 100+ سلعة في الشهر الماضي,توصيل مجاني اليوم 6:13 م,True,,,,,,True,False
B0CQ2YB75G,ايباد ابل 2021 (10.2 بوصة، واي فاي، 64 جيجابايت) - رمادي سبيس (الجيل التاسع) (مجدد),,,,3.3,37,https://www.amazon.sa/dp/B0CQ2YB75G,https://m.media-amazon.com/images/I/61AMxJG2wcL._AC_UL960_QL65_.jpg,1,,False,False,False,False,تم شراء 50+ سلعة في الشهر الماضي,,False,,,,,,True,False
B0FKC36CC9,تابلت باد اكس 7 8.7 بوصة مع واي فاي، ذاكرة رام 4 جيجا، تخزين 128 جيجا، شاشة 90 هرتز، سناب دراغون 680، اندرويد 15، رمادي مع غطاء حماية مجاني، إصدار الشرق الأوسط، من هونر,454.98,479.0,SAR,4.5,229,https://www.amazon.sa/dp/B0FKC36CC9,https://m.media-amazon.com/images/I/71fbm1grMLL._AC_UL960_QL65_.jpg,14,406.8,False,False,False,False,تم شراء 300+ سلعة في الشهر الماضي,توصيل مجاني اليوم 6:13 م,False,,,,,,False,True
B0GQVFZ7W7,جهاز ايباد اير واي فاي (M4) من آبل، 11 بوصة: شاشة ليكويد ريتينا، سعة 128 جيجابايت، كاميرا أمامية وخلفية 12 ميجابكسل، واي فاي 7 مع آبل N1، خاصية التعرف باللمس، بطارية تدوم طوال اليوم، أزرق,,,SAR,4.4,50,https://www.amazon.sa/dp/B0GQVFZ7W7,https://m.media-amazon.com/images/I/71BoLrdGBsL._AC_UL960_QL65_.jpg,1,,False,False,False,False,تم شراء 50+ سلعة في الشهر الماضي,توصيل مجاني غداً، 11 سبتمبرأو توصيل أسرع غداً 1 متبقى 1 فقط -- (سيتوفر المزيد قريباً).,True,,,تبقى 1 فقط -- (سيتوفر المزيد قريباً).,,,True,False
B0CQ2Y6C22,ابل ايباد ميني 2021 (8.3 بوصة، واي فاي + شبكة خلوية، 64 جيجابايت) - ستارلايت (الجيل السادس) (مجدد),,,SAR,5.0,6,https://www.amazon.sa/dp/B0CQ2Y6C22,https://m.media-amazon.com/images/I/61sNaXFi2QL._AC_UL960_QL65_.jpg,1,,False,False,False,False,,توصيل مجاني سبتمبر 13 - 14تبقى 2 فقط - اطلبه الآن.,True,,,تبقى 2 فقط - اطلبه الآن.,,,True,False
B0GQVR3RSL,ابل ايباد اير 13 انش (M4): شاشة ليكويد ريتينا، 128 جيجا، كاميرا امامية وخلفية 12 ميجابكسل، واي فاي 7 مع ابل N1، تاتش اي دي، بطارية تدوم طوال اليوم - رمادي سبيس,,,SAR,4.3,21,https://www.amazon.sa/dp/B0GQVR3RSL,https://m.media-amazon.com/images/I/71Rq7Io5CFL._AC_UL960_QL65_.jpg,1,,False,False,False,False,,توصيل مجاني غداً، 11 سبتمبرأو توصيل أسرع غداً 1 م,True,,,,,,True,False
B0F54T2J1S,تابلت باد X9a واي فاي شاشة 11.5 بوصة 120Hz ذاكرة رام 8GB + تخزين 128GB اندرويد 15 سناب دراجون 685 بطارية 8300mAh شحن سريع 35 واط يدعم قلم ستايلس موديل 2025 + غطاء حماية قابل للطي مجاني من هونر، رمادي,939.0,939.0,SAR,4.5,333,https://www.amazon.sa/dp/B0F54T2J1S,https://m.media-amazon.com/images/I/71bziAUUpbL._AC_UL960_QL65_.jpg,7,935.0,False,False,False,False,تم شراء 50+ سلعة في الشهر الماضي,توصيل مجاني اليوم 6:13 م,False,,,,,,False,False
B0FWD56VGZ,جهاز ايباد برو 11 بوصة (M5) 256 جيجابايت من ابل: شاشة الترا ريتينا اكس دي ار، كاميرا أمامية 12 ميجابكسل/كاميرا خلفية 12 ميجابكسل، ماسح ليدار، واي فاي 7 مع ابل N1، بطارية تدوم طوال اليوم - فضي,,,SAR,4.5,37,https://www.amazon.sa/dp/B0FWD56VGZ,https://m.media-amazon.com/images/I/61u0+Ry4lUL._AC_UL960_QL65_.jpg,1,,False,False,False,False,,توصيل مجاني السبت، 12 سبتمبرأو توصيل أسرع غداً، 11 سبتمبر,True,,,,,,True,False
B0CQ31KZWL,جهاز ايباد آبل إصدار 2020 (مجدد) بشاشة 10.2 بوصة واتصال واي فاي وتخزين 32 جيجابايت واتصالي خلوي - رمادي سبيس (الجيل الثامن 8th),699.0,999.0,SAR,1.0,5,https://www.amazon.sa/dp/B0CQ31KZWL,https://m.media-amazon.com/images/I/61D8oRfVkWL._AC_UL960_QL65_.jpg,1,699.0,False,False,False,False,,توصيل بـ‏10 ريال سبتمبر 15 - 16أو توصيل أسرع سبتمبر 13 - 14تبقى 4 فقط - اطلبه الآن.,True,,,تبقى 4 فقط - اطلبه الآن.,,,False,True
B0D4ZJXM4Y,تابلت هواوي ميت SE مقاس 11 بوصة بذاكرة 4+128 جيجا وشاشة عرض كاملة وبطارية كبيرة السعة، لون رمادي، واي فاي,649.0,799.0,SAR,4.7,16,https://www.amazon.sa/dp/B0D4ZJXM4Y,https://m.media-amazon.com/images/I/51-WNs5cVkL._AC_UL960_QL65_.jpg,1,649.0,False,False,False,False,,توصيل مجاني السبت، 12 سبتمبرأو توصيل أسرع غداً، 11 سبتمبرتبقى 3 فقط - اطلبه الآن.,True,,,تبقى 3 فقط - اطلبه الآن.,,,False,True
B0CQ2Y11BZ,ابل (مجدد) ايباد برو 2021 (11 انش، واي فاي، 256 جيجابايت) - رمادي سبيس (الجيل الثالث),,,SAR,2.9,6,https://www.amazon.sa/dp/B0CQ2Y11BZ,https://m.media-amazon.com/images/I/81Y5WuARqpS._AC_UL960_QL65_.jpg,1,,False,False,False,False,,توصيل مجاني سبتمبر 15 - 16تبقى 1 فقط - اطلبه الآن.,False,,,تبقى 1 فقط - اطلبه الآن.,,,True,False
B0H8ZGPK56,تابلت هونر باد X9b ماكس 13 بوصة 2.5K وتحديث 120Hz وRAM 6GB وتخزين 128سعة وبطارية 10100mAh مع شحن سريع 45W وتقنية آيماكس محسنة ومكبرات صوت رباعية وغطاء حماية قلاب وواي فاي، رمادي فاتح (Space Grey),,,SAR,5.0,1,https://www.amazon.sa/dp/B0H8ZGPK56,https://m.media-amazon.com/images/I/71TUk7gd56L._AC_UL960_QL65_.jpg,1,,False,False,False,False,تم شراء 50+ سلعة في الشهر الماضي,توصيل مجاني اليوم 6:13 م,False,,,,,,True,False
B0DK3X7VHH,ابل ايباد ميني 2024 (واي فاي، 128 جيجابايت) - ستارلايت (الجيل السابع),,,SAR,4.6,113,https://www.amazon.sa/dp/B0DK3X7VHH,https://m.media-amazon.com/images/I/61qiZJ99M7L._AC_UL960_QL65_.jpg,1,,False,False,False,False,,توصيل مجاني اليوم 6:13 متبقى 4 فقط -- (سيتوفر المزيد قريباً).,True,,,تبقى 4 فقط -- (سيتوفر المزيد قريباً).,,,True,False
B0C3Y2YC6D,تابلت 10.1 بوصة، ذاكرة رام سعة 4 GB وذاكرة داخلية سعة 128 GB، معالج ثماني النواة، شاشة بدقة 1280×800 بخاصية IPS، تقنية واي فاي، جي بي إس، ثنائي شرائح الاتصال، غطاء من المعدن (أرجواني),428.88,428.88,SAR,3.0,62,https://www.amazon.sa/dp/B0C3Y2YC6D,https://m.media-amazon.com/images/I/611ib-M0xWL._AC_UL960_QL65_.jpg,1,428.88,False,False,False,False,,توصيل مجاني اليوم 6:13 متبقى 4 فقط - اطلبه الآن.,True,,,تبقى 4 فقط - اطلبه الآن.,,,False,False
B0CQ2ZL9SS,ايباد برو إصدار 2021 شبكة الجيل الخامس بشاشة مقاس 12.9 بوصة وسعة 1 تيرابايت ويدعم اتصال واي فاي من آبل، رمادي (Space Grey) (مجدد),,,SAR,3.4,14,https://www.amazon.sa/dp/B0CQ2ZL9SS,https://m.media-amazon.com/images/I/81+N4PFF7jS._AC_UL960_QL65_.jpg,1,,False,False,False,False,,توصيل مجاني سبتمبر 13 - 14,False,,,,,,True,False
B0FWDB4YLJ,ايباد برو 13 بوصة (M5) 256 جيجابايت: شاشة الترا ريتينا اكس دي ار، كاميرا أمامية 12 ميجابكسل/كاميرا خلفية 12 ميجابكسل، ماسح ليدار، واي فاي 7 مع ابل N1، بطارية تدوم طوال اليوم - فضي,,,SAR,4.6,28,https://www.amazon.sa/dp/B0FWDB4YLJ,https://m.media-amazon.com/images/I/71B28ircIKL._AC_UL960_QL65_.jpg,1,,False,False,False,False,,توصيل مجاني غداً، 11 سبتمبرأو توصيل أسرع غداً 1 متبقى 1 فقط -- (سيتوفر المزيد قريباً).,True,,,تبقى 1 فقط -- (سيتوفر المزيد قريباً).,,,True,False
B07Y5M67K7,تابلت سيرفس برو 7 12.3 بوصة (بلاتيني)، معالج انتل من الجيل العاشر رباعي النواة i5، ذاكرة رام 8GB، قرص صلب SSD سعة 128GB، نظام تشغيل ويندوز 10 هوم، إصدار 2019 من مايكروسوفت,,,SAR,4.4,628,https://www.amazon.sa/dp/B07Y5M67K7,https://m.media-amazon.com/images/I/511U9UhYT5L._AC_UL960_QL65_.jpg,1,,False,False,False,False,,توصيل مجاني الاثنين، 14 سبتمبر,False,,,,,,True,False
B0F4RMHDV6,هواوي تابلت ميت باد اس اي 11 انش، ذاكرة RAM 4GB، تخزين 128GB، تصميم معدني واحد، شاشة فل فيو مريحة للعين 11 انش، بطارية 7700mAh، زاوية للاطفال، واي فاي، بلوتوث، رمادي نيبولا,649.99,649.99,SAR,3.9,33,https://www.amazon.sa/dp/B0F4RMHDV6,https://m.media-amazon.com/images/I/51oPOa9BxhL._AC_UL960_QL65_.jpg,7,645.99,False,False,False,False,,توصيل مجاني اليوم 6:13 م,False,,,,,,False,False
B0F9SKGRRT,"تابلت تابوي T80 اندرويد 15 مع كيبورد - 18GB RAM + 128GB ROM (2TB TF)، تابلت 10 انش، 6000mAh، 5MP + 2MP، جيميني AI، واي فاي 5G، جي بي اس، التعرف على الوجه | 6000mAh Battery, 5MP Camera, Gemini AI, 5G WiFi, GPS, Face ID, Tablet with Keyboard, Mouse, Case &amp; Stylus",729.99,899.99,SAR,4.4,306,https://www.amazon.sa/dp/B0F9SKGRRT,https://m.media-amazon.com/images/I/812GTyI0J4L._AC_UL960_QL65_.jpg,1,729.99,False,False,False,False,,توصيل مجاني السبت، 12 سبتمبرأو توصيل أسرع غداً، 11 سبتمبر,False,أنت تدفع ‏599.99 ريال باستخدام القسيمة,,,,,False,True
B0FDH43N59,تابلت هونر باد 10 12.1 بوصة بخاصية واي فاي رمادي 8 جيابايت رام، وذاكرة تخزين 256 جيجابايت مع حافظة لوحة مفاتيح مجانية - إصدار الشرق الأوسط,,,SAR,3.6,210,https://www.amazon.sa/dp/B0FDH43N59,https://m.media-amazon.com/images/I/71hXoH4LSjL._AC_UL960_QL65_.jpg,6,,False,False,False,False,تم شراء 100+ سلعة في الشهر الماضي,,False,,,,,,True,False
B0CGWTH8YH,تابلت اندرويد 15 بشاشة 10 بوصة وذاكرة RAM 20GB + ذاكرة ROM 128GB/قابلة للتوسيع حتى 2 تيرابايت ومعالج رباعي النواة بسرعة 2.0GHZ وشاشة عالية الدقة 1280×800P، G5، واي فاي 6، بلوتوث 5.0 وحافظة من كوبيسي,391.41,391.41,SAR,4.1,2131,https://www.amazon.sa/dp/B0CGWTH8YH,https://m.media-amazon.com/images/I/71OiP0du3ZL._AC_UL960_QL65_.jpg,1,391.41,False,False,False,False,,,True,,,,,,False,False
B0FC2TF8MP,تابلت اونر باد 10 واي فاي 12.1 بوصة 120Hz 2.5K شاشة مريحة للعين 256GB/8GB RAM 10100mAh، تابلت سناب دراجون 4 نانومتر الجيل 3 مع 6 مكبرات صوت، كفاءة الذكاء الاصطناعي، اندرويد 15+ بلوتوث، رمادي,,,SAR,4.5,66,https://www.amazon.sa/dp/B0FC2TF8MP,https://m.media-amazon.com/images/I/61YPZCfpc3L._AC_UL960_QL65_.jpg,2,,False,False,False,False,تم شراء 50+ سلعة في الشهر الماضي,توصيل مجاني غداً، 11 سبتمبرأو توصيل أسرع غداً 1 م,False,,,,,,True,False
B09G93BHLJ,جهاز ابل ايباد ميني 2021 (8.3 بوصة، واي فاي، 256 جيجابايت) - زهري، الجيل السادس,,,SAR,4.7,391,https://www.amazon.sa/dp/B09G93BHLJ,https://m.media-amazon.com/images/I/71d9VedmTsL._AC_UL960_QL65_.jpg,1,,False,False,False,False,,توصيل مجاني غداً، 11 سبتمبرأو توصيل أسرع غداً 1 متبقى 2 فقط - اطلبه الآن.,True,,,تبقى 2 فقط - اطلبه الآن.,,,True,False
B0DT464XW3,تابلت بيشينج مع حافظة بنظام اندرويد 12 7 بوصة، وذاكرة رام 4 جيجا وسعة تخزين 32 جيجا، ومعالج رباعي النواة 1.5 جيجا هرتز، وكاميرا مزدوجة، وشاشة عرض IPS 1024×600، وزيادة سعة التخزين حتى 512 جيجا، أسود,202.19,216.0,SAR,3.6,83,https://www.amazon.sa/dp/B0DT464XW3,https://m.media-amazon.com/images/I/61D3GG7uD1L._AC_UL960_QL65_.jpg,1,202.19,False,False,False,False,,,False,,,,,,False,True
B0FM78XTGF,تابلت هونر باد X8a مقاس 11 بوصة بذاكرة رام 4 جيجابايت وتخزين سعة 128 جيجابايت ومعالج ثماني النواة، رمادي (Special Grey),743.39,743.39,SAR,4.6,167,https://www.amazon.sa/dp/B0FM78XTGF,https://m.media-amazon.com/images/I/61s4rRHa45L._AC_UL960_QL65_.jpg,1,743.39,False,False,False,False,,توصيل مجاني الخميس، 17 سبتمبرتبقى 3 فقط - اطلبه الآن.,False,,,تبقى 3 فقط - اطلبه الآن.,,,False,False
B0FGYCJ7NJ,تابلت ايديا تاب بشاشة لمس IPS 11 بوصة 2.5 بكسل 90 هرتز بمعالج ميدياتك ديمنستي 6300 وذاكرة رام 4 جيجا ذاكرة ROM 128 جيجا ووحدة معالجة رسومات ارم مالي-جي57 MC2 وقلم لينوفو تاب وحافظة للطلاب من لينوفو,,,SAR,4.3,545,https://www.amazon.sa/dp/B0FGYCJ7NJ,https://m.media-amazon.com/images/I/61-7FkUAw-L._AC_UL960_QL65_.jpg,1,,False,False,False,False,,,False,,,,,,True,False
B0G2M446Z1,تابلت T50 اندرويد 16 11 بوصة ذاكرة رام 24GB (6+18GB قابلة للتوسيع) 128GB ROM (2TB TF) تابلت ألعاب ثماني النواة، شاشة 90Hz للعناية بالعين بطارية 8000mAh شحن عكسي اوه تي جي جيميني ذكاء اصطناعي من تابوي,599.99,719.99,SAR,4.3,48,https://www.amazon.sa/dp/B0G2M446Z1,https://m.media-amazon.com/images/I/71FWgGmo4YL._AC_UL960_QL65_.jpg,1,599.99,False,False,False,False,,توصيل مجاني اليوم 6:13 م,False,,,,,,False,True
B0DZ77CW8W,تابلت ابل ايباد اير 11 بوصة بشريحة M3 مصمم لذكاء ابل وشاشة ليكويد ريتينا و512 جيجا/كاميرا أمامية وخلفية 12 ميجابكسل/واي فاي 6E/شبكة خلوية 5G/خاصية تعرف باللمس/بطارية تدوم طوال اليوم/رمادي (سبيس جراي),,,SAR,4.2,26,https://www.amazon.sa/dp/B0DZ77CW8W,https://m.media-amazon.com/images/I/712whXeVlvL._AC_UL960_QL65_.jpg,1,,False,False,False,False,,توصيل مجاني غداً، 11 سبتمبرأو توصيل أسرع غداً 1 م,True,,,,,,True,False
B0D3J9TPGG,ابل ايباد اير 11 بوصة (M2): شاشة ليكويد ريتينا 1 تيرا، كاميرا امامية 12 ميجابكسل/كاميرا خلفية 12 ميجابيكسل، واي فاي 6E + 5G خلوية مع شريحة اتصال الكترونية وخاصية التعرف باللمس وبطارية تدوم طوال اليوم,,,SAR,4.4,32,https://www.amazon.sa/dp/B0D3J9TPGG,https://m.media-amazon.com/images/I/71zcFm51xEL._AC_UL960_QL65_.jpg,2,,False,False,False,False,,توصيل مجاني غداً، 11 سبتمبرأو توصيل أسرع غداً 1 متبقى 4 فقط - اطلبه الآن.,True,,,تبقى 4 فقط - اطلبه الآن.,,,True,False
B0G1BS88B9,"Samsung Galaxy Tab A11+ Plus 2026 (256GB, 8GB, Wi-Fi Only) 11.0&quot; 90Hz | 90Hz Android 16 Tablet, All Day Battery, Octa-Core (4nm), 4-Speakers",,,SAR,4.2,47,https://www.amazon.sa/dp/B0G1BS88B9,https://m.media-amazon.com/images/I/61FC9Mjv6SL._AC_UL960_QL65_.jpg,1,,False,False,False,False,,,False,,,,,,True,False
B0FLVW1QTM,تابلت TB305FU بذاكرة رام 4 جيجابايت وتخزين 128 جيجابايت من لينوفو، لون لونا جراي,476.1,476.1,SAR,3.8,5,https://www.amazon.sa/dp/B0FLVW1QTM,https://m.media-amazon.com/images/I/61rMc4PumOL._AC_UL960_QL65_.jpg,5,469.94,False,False,False,False,,توصيل مجاني غداً، 11 سبتمبرأو توصيل أسرع غداً 1 م,False,,,,,,False,False
B0CQ2XYWLV,ابل ايباد برو 2022 12.9 انش (واي فاي، 256 جيجابايت) - رمادي سبيس (الجيل السادس) (مجدد),,,SAR,2.6,5,https://www.amazon.sa/dp/B0CQ2XYWLV,https://m.media-amazon.com/images/I/81c+9BOQNWL._AC_UL960_QL65_.jpg,1,,False,False,False,False,,توصيل مجاني سبتمبر 13 - 14تبقى 1 فقط - اطلبه الآن.,False,,,تبقى 1 فقط - اطلبه الآن.,,,True,False
B0DZ7RFXJD,تابلت ابل ايباد اير 13 بوصة بشريحة M3 لذكاء ابل وشاشة ليكويد ريتينا سعة 256 جيجابايت وكاميرا أمامية وخلفية 12 ميجابكسل وواي فاي 6E+ شبكة اتصال 5G وخاصية التعرف باللمس وبطارية تدوم طوال اليوم ستارلايت,,,SAR,4.5,11,https://www.amazon.sa/dp/B0DZ7RFXJD,https://m.media-amazon.com/images/I/7156f4gZ-vL._AC_UL960_QL65_.jpg,1,,False,False,False,False,,توصيل مجاني غداً، 11 سبتمبرأو توصيل أسرع غداً 1 م,True,,,,,,True,False
B0DXV5L9LV,تابلت 10 انش اندرويد 15 من هوت تابلت، 12 (4+8 توسيع) GB RAM + ذاكرة روم 64GB، كاميرا مزدوجة 2+8MP، بطارية 6000mAh (تابلت + حافظة + قلم ستايلس) (اسود),297.26,297.26,SAR,4.0,346,https://www.amazon.sa/dp/B0DXV5L9LV,https://m.media-amazon.com/images/I/71G8NXVYN8L._AC_UL960_QL65_.jpg,1,297.26,False,False,False,False,,,True,,,,,,False,False
B0FF4XRLY7,تابلت شاومي ريدمي باد 2، 8 جيجا + 256 جيجا، شاشة ال سي دي 11 انش 90 هرتز، بطارية 9000 mAh، رمادي (الشاحن متضمن),936.32,936.32,SAR,4.5,101,https://www.amazon.sa/dp/B0FF4XRLY7,https://m.media-amazon.com/images/I/61bHgrIOf3L._AC_UL960_QL65_.jpg,2,799.19,False,False,False,False,,توصيل مجاني الأربعاء، 16 سبتمبر,False,,,,,,False,False
B0DY6TW5QQ,تابلت شاومي باد 7 بذاكرة 8+ 256GB وشاشة 12.1 بوصة ووقت استعداد يصل إلى 33.9 يومًا، لون أخضر,,,SAR,4.5,192,https://www.amazon.sa/dp/B0DY6TW5QQ,https://m.media-amazon.com/images/I/61djyI664IL._AC_UL960_QL65_.jpg,1,,False,False,False,False,,,True,,,,,,True,False
B0FGYGBY3C,تابلت ايديا تاب للطلاب، شاشة لمس 11 بوصة 2.5K شاشة لمس اي بي اس 90 هرتزـ ميديا تيك ديمنستي 6300 8 جيجابايت، تخزين 256 جيجابايت، ذراع مدمج مالي G57 MC2 قلم تاب وحافظة قابلة للطي من لينوفو,,,SAR,4.6,791,https://www.amazon.sa/dp/B0FGYGBY3C,https://m.media-amazon.com/images/I/714VRmqcVmL._AC_UL960_QL65_.jpg,1,,False,False,False,False,,توصيل بـ‏12 ريال سبتمبر 13 - 14,False,,,,,,True,False
B0DTK8M568,تابلت ميت باد إصدار بيبر ميت من هواوي، 11.5S 8 جيجابايت + 256 جيجابايت، كيبورد قابل للفصل، شاشة عرض كاملة هواوي 2.8K، بنفسجي,,,SAR,3.1,6,https://www.amazon.sa/dp/B0DTK8M568,https://m.media-amazon.com/images/I/61vLP+RfcWL._AC_UL960_QL65_.jpg,1,,False,False,False,False,,توصيل مجاني غداً، 11 سبتمبرأو توصيل أسرع غداً 1 متبقى 1 فقط - اطلبه الآن.,False,,,تبقى 1 فقط - اطلبه الآن.,,,True,False
B0G52MQR6Q,تابلت ميت باد 11.5 S بشاشة بيبر مات فائقة الوضوح وذاكرة 12 جيجابايت + 256 جيجابايت وبطارية 8800 ميلي امبير في الساعة وشحن فائق السرعة بقوة 40 واط مع لوحة مفاتيح قابلة للفصل من هواوي، رمادي,,,,3.2,10,https://www.amazon.sa/dp/B0G52MQR6Q,https://m.media-amazon.com/images/I/61XGGoRiaDL._AC_UL960_QL65_.jpg,1,,False,False,False,False,,,True,,,,,,True,False
B0DG5CY849,تابلت 10 بوصة مع لوحة مفاتيح 2 في 1 اندرويد 14 مع حافطة وماوس وقلم ستايلس وبطارية 6000 مللي امبير وذاكرة 8GB + GB64 جيجا قابلة للتوسيع حتى 1024GB وشاشة 10.1 بوصة وكاميرا مزدوجة وواي فاي وبلوتوث، بينك,367.25,367.25,SAR,4.0,329,https://www.amazon.sa/dp/B0DG5CY849,https://m.media-amazon.com/images/I/71FysQ3g1-L._AC_UL960_QL65_.jpg,1,367.25,False,False,False,False,,,True,,,,,,False,False
B0GXC4SYNC,تابلت ماجيك باد 4 16+ 512 جيجابايت واي فاي مع كيبورد وقلم ستايلس (في علبة)، رمادي - اصدار الشرق الأوسط من هونر,,,SAR,,0,https://www.amazon.sa/dp/B0GXC4SYNC,https://m.media-amazon.com/images/I/71PLp-t6gUL._AC_UL960_QL65_.jpg,3,,False,False,False,False,,توصيل مجاني اليوم 6:13 م,True,,,,,,True,False
B0BJ74GJ6Q,تابلت 10.1 بوصة، ذاكرة رام سعة 4 GB وذاكرة داخلية سعة 128 GB، معالج ثماني النواة، شاشة بدقة 1280×800 بخاصية IPS، تقنية واي فاي، جي بي إس، ثنائي شرائح الاتصال، غطاء من المعدن (ذهبي),408.88,408.88,SAR,2.9,130,https://www.amazon.sa/dp/B0BJ74GJ6Q,https://m.media-amazon.com/images/I/61X4coEoyxL._AC_UL960_QL65_.jpg,1,408.88,False,False,False,False,,توصيل مجاني غداً، 11 سبتمبرأو توصيل أسرع غداً 1 م,True,,,,,,False,False
B0F5WZRFFT,جهاز لوحي تاب ون بشاشة 8.7 بوصة LCD 1340 × 800 ومعالج ميديا تيك هيليو G85 وذاكرة رام 4 جيجابايت وسعة تخزينية 64 جيجابايت ونظام اندرويد 14 من لينوفو، لون لونا جراي، يتضمن حافظة قابلة للطي,477.51,477.51,SAR,3.9,263,https://www.amazon.sa/dp/B0F5WZRFFT,https://m.media-amazon.com/images/I/71+pDebuOKL._AC_UL960_QL65_.jpg,1,477.51,False,False,False,False,,توصيل مجاني أكتوبر 4 - 5تبقى 1 فقط - اطلبه الآن.,False,,,تبقى 1 فقط - اطلبه الآن.,,,False,False
B0D3J8TVQF,ابل ايباد اير 13 بوصة (M2): شاشة ليكويد ريتينا 512 جيجا، كاميرا امامية 12 ميجابيكسل/كاميرا خلفية 12 ميجابكسل، واي فاي 6E + شبكة الجيل الخامس 5G خلوية مع شريحة الكترونية وخاصية التعرف باللمس وبطارية,,,SAR,5.0,16,https://www.amazon.sa/dp/B0D3J8TVQF,https://m.media-amazon.com/images/I/71T-0CDPdBL._AC_UL960_QL65_.jpg,1,,False,False,False,False,,توصيل مجاني غداً، 11 سبتمبرأو توصيل أسرع غداً 1 متبقى 2 فقط - اطلبه الآن.,True,,,تبقى 2 فقط - اطلبه الآن.,,,True,False
B0FMFRFNWG,سامسونج جالكسي تاب اس 10 لايت مع قلم اس | 128 جيجا، ذاكرة رام 6 جيجا، واي | يتضمن قلم اس الأصلي,,,SAR,4.8,2333,https://www.amazon.sa/dp/B0FMFRFNWG,https://m.media-amazon.com/images/I/51oHT85gdeL._AC_UL960_QL65_.jpg,4,,False,False,False,False,,توصيل مجاني الخميس، 17 سبتمبر,False,,,,,,True,False
B0F4R5V3M6,تابلت فولينتكس 10 انش للاطفال مع حافظة، تابلت اندرويد 15 للاعمار من 3-12، لوحة تعليمية 64GB، تحكم ابوي، 5G WIFI6، كاميرا مزدوجة، 6000mAh، بلوتوث (ازرق),374.12,374.12,SAR,3.8,103,https://www.amazon.sa/dp/B0F4R5V3M6,https://m.media-amazon.com/images/I/81PZGz1vHgL._AC_UL960_QL65_.jpg,1,374.12,False,False,False,False,,,True,,,,,,False,False
B0DG5MD9JQ,تابلت اندرويد 10 انش مع حافظة، ذاكرة RAM 6GB + روم 64GB، تابلت قابل للتوسيع 1TB، معالج رباعي النواة 1.8Ghz، شاشة لمس 1280×800 IPS، كاميرا 8MP، بطارية 6000mAH، 2.4G/5G واي فاي 6 بلوتوث 5.0,279.44,279.44,SAR,3.8,141,https://www.amazon.sa/dp/B0DG5MD9JQ,https://m.media-amazon.com/images/I/71hPy2HMivL._AC_UL960_QL65_.jpg,1,279.44,False,False,False,False,,,True,,,,,,False,False
B0DJWBDNCW,لينوفو تابلت تاب | شاشة 10.1 انش FHD | ميديا تيك G85 | ذاكرة رام 4 جيجا | اي ام ام سي 64 جيجا | اندرويد 14 | ازرق بولار | يتضمن حافظة حماية شفافة,648.49,648.49,SAR,4.4,812,https://www.amazon.sa/dp/B0DJWBDNCW,https://m.media-amazon.com/images/I/71PfRtQrkdL._AC_UL960_QL65_.jpg,1,648.49,False,False,False,False,,توصيل مجاني الخميس، 17 سبتمبر,True,,,,,,False,False
B0F3365JDL,تابلت اندرويد 10.1 انش ثنائي شرائح الاتصال بذاكرة RAM 6GB وذاكرة روم 128GB وشاشة لمس IPS HD 1280×800 وبطارية 4000mAh وبلوتوث وكاميرا مزدوجة وجي ام اس وواي فاي من سي جي واي كيو (رمادي),398.88,398.88,SAR,3.1,7,https://www.amazon.sa/dp/B0F3365JDL,https://m.media-amazon.com/images/I/61u5F32moqL._AC_UL960_QL65_.jpg,1,398.88,False,False,False,False,,توصيل مجاني غداً، 11 سبتمبرأو توصيل أسرع غداً 1 متبقى 4 فقط - اطلبه الآن.,False,,,تبقى 4 فقط - اطلبه الآن.,,,False,False
B0D3J8GXT3,ابل ايباد برو 11 بوصة مع شريحة M4 بشاشة الترا ريتينا اكس دي ار و2 تيرابايت وكاميرا أمامية وخلفية 12 ميجابكسل وواي فاي 6E وشبكة الجيل الخامس 5G وعمر بطارية طوال اليوم وزجاج قياسي، لون أسود سبيس,,,SAR,4.2,25,https://www.amazon.sa/dp/B0D3J8GXT3,https://m.media-amazon.com/images/I/71CfJzlRtzL._AC_UL960_QL65_.jpg,1,,False,False,False,False,,توصيل مجاني غداً، 11 سبتمبرأو توصيل أسرع غداً 1 متبقى 2 فقط - اطلبه الآن.,True,,,تبقى 2 فقط - اطلبه الآن.,,,True,False
B0C6M1WRG3,زد زد بي تابلت اندرويد مقاس 10 انش بذاكرة روم 32GB وسعة 512GB وبطارية 6000mAh ومعالج رباعي النواة وذاكرة RAM 2GB وكاميرا 8MP وواي فاي وشاشة لمس IPS HD مقاس 10.1 انش,272.92,272.92,SAR,3.8,258,https://www.amazon.sa/dp/B0C6M1WRG3,https://m.media-amazon.com/images/I/71hYB-jDJXL._AC_UL960_QL65_.jpg,1,272.92,False,False,False,False,,,False,,,,,,False,False
B082QK137H,سامسونج جالكسي تاب اكتيف برو 10.1 انش 64 جيجا/4 جيجا، الجيل الرابع ال تي اي، اسود - SM-T545,749.0,899.0,SAR,2.6,2,https://www.amazon.sa/dp/B082QK137H,https://m.media-amazon.com/images/I/61ro7zzJ9dL._AC_UL960_QL65_.jpg,1,749.0,False,False,False,False,,توصيل مجاني غداً، 11 سبتمبرأو توصيل أسرع غداً 1 م,False,,,,,,False,True
B0DDY6JVX9,تابلت اونر ماجيك باد 2 بذاكرة رام 12 جيجابايت وذاكرة روم 256 جيجابايت مقاس 12.3 بوصة وواي فاي مع كيبورد بلوتوث ذكي وقلم سحري - إصدار الشرق الأوسط، لون أبيض (Moonlight White),,,,4.5,65,https://www.amazon.sa/dp/B0DDY6JVX9,https://m.media-amazon.com/images/I/7102KNUVVFL._AC_UL960_QL65_.jpg,1,,False,False,False,False,,,False,,,,,,True,False
B0D3J8R1RJ,جهاز ابل ايباد برو 13 بوصة (M4): بشاشة الترا ريتينا XDR و256 جيجابايت وكاميرا أمامية وخلفية 12 ميجابكسل وماسح ليدار وواي فاي 6E + شبكة الجيل الخامس 5G مع شريحة إلكترونية وبطارية طوال اليوم - لون فضي,,,SAR,4.4,21,https://www.amazon.sa/dp/B0D3J8R1RJ,https://m.media-amazon.com/images/I/71mGIkKRhCL._AC_UL960_QL65_.jpg,1,,False,False,False,False,,توصيل مجاني غداً، 11 سبتمبرأو توصيل أسرع غداً 1 متبقى 1 فقط - اطلبه الآن.,False,,,تبقى 1 فقط - اطلبه الآن.,,,True,False
B0CHRDJBMH,جهاز تابلت اندرويد 15 2 في 1 ذاكرة رام 18GB وذاكرة ROM سعة 128GB حتى 2TB معالج رباعي النواة 2.0GHz وشاشة لمس HD 10 بوصة واي فاي 6 تردد 2.4G/5G بلوتوث 5.0 مع لوحة مفاتيح وحافظة وماوس وقلم لمس، 10 بوصة,364.75,364.75,SAR,3.9,437,https://www.amazon.sa/dp/B0CHRDJBMH,https://m.media-amazon.com/images/I/715D-p8dTNL._AC_UL960_QL65_.jpg,1,364.75,False,False,False,False,,,True,,,,,,False,False
B0CBLPQ4V3,تابلت 2 في 1 من نوفوجوي 10 انش بنظام اندرويد 15 مع كيبورد وماوس وحافظة وقلم ستايلس وذاكرة روم 32GB وذاكرة RAM 8GB وكاميرا مزدوجة 2MP+8MP ومعالج رباعي النواة وبطارية 6000mAh وشاشة FHD مقاس 10.1 انش بلون زهري,401.18,428.98,SAR,3.8,539,https://www.amazon.sa/dp/B0CBLPQ4V3,https://m.media-amazon.com/images/I/71t51vC0XWL._AC_UL960_QL65_.jpg,1,401.18,False,False,False,False,,توصيل مجاني السبت، 26 سبتمبرأو توصيل أسرع الثلاثاء، 22 سبتمبريشحن من خارج السعودية,True,,,,,,False,True
B0F1FQCL1R,تابلت 11 بوصة اندرويد 15 احدث تحديث 2025 128 جيجا ROM 16 جيجا RAM 4G LTE واي فاي 5G + شبكة خلوية، ثماني النواة MTK8786، كاميرا خلفية وأمامية 13+8 ميجابكسل، شاشة انسيل FHD، دعم شريحة اتصال تي موبايل,734.0,734.0,SAR,4.3,811,https://www.amazon.sa/dp/B0F1FQCL1R,https://m.media-amazon.com/images/I/61d0nRJ7UJL._AC_UL960_QL65_.jpg,1,734.0,False,False,False,False,,توصيل مجاني سبتمبر 17 - 19يشحن من خارج السعودية,False,,,,,,False,False
B0F3XD9M6C,تابلت هوتابلت 7 انش اندرويد 14.0 مع حافظة واقية، ذاكرة RAM 8GB (4+4GB موسعة) + ذاكرة روم 32GB، شاشة IPS، كاميرا مزدوجة، بلوتوث 5.0 واي فاي تاب (اسود),219.25,219.25,SAR,3.7,1082,https://www.amazon.sa/dp/B0F3XD9M6C,https://m.media-amazon.com/images/I/713kqvNOS3L._AC_UL960_QL65_.jpg,1,219.25,False,False,False,False,,,True,,,,,,False,False
B0DX234NWP,تابلت ملاحظات رقمي ملون 10.95 بوصة 3 في 1 لتدوين الملاحظات الورقية مع مستوى ضغط 16384 وقلم X3 برو و2 ملف مغناطيسي، 6+128 جيجا بايت، نوت بوك سحري للكتابة والقراءة والاجتماعات والدراسة من اكس بي بين,,,SAR,4.2,344,https://www.amazon.sa/dp/B0DX234NWP,https://m.media-amazon.com/images/I/71ulpUdMaJL._AC_UL960_QL65_.jpg,1,,False,False,False,False,,توصيل مجاني السبت، 12 سبتمبرأو توصيل أسرع غداً، 11 سبتمبر,False,,,,,,True,False
B0FCLTXVM7,تابلت بيشينج 7 انش اندرويد 14.0، ذاكرة RAM 8GB (توسيع 3+5) + تابلت روم 32GB، كاميرا مزدوجة، شاشة IPS 1024x600، توسيع 1 تيرابايت، تابلت مع حافظة (بينك),236.0,236.0,SAR,3.6,60,https://www.amazon.sa/dp/B0FCLTXVM7,https://m.media-amazon.com/images/I/71pOTCUEt3L._AC_UL960_QL65_.jpg,5,207.24,False,False,False,False,,توصيل مجاني سبتمبر 20 - 21يشحن من خارج السعودية,False,,,,,,False,False
B0CCRY7QB2,تابلت اندرويد من رويكياي، تابلت 7 انش مع معالج ثماني النواة، ذاكرة RAM 2GB + توسيع 32GB + 1TB، عمر بطارية طويل، واي فاي 2.4G/5G، بلوتوث، كاميرا مزدوجة، بلاي معتمد من جي ام اس,198.1,198.1,SAR,3.6,157,https://www.amazon.sa/dp/B0CCRY7QB2,https://m.media-amazon.com/images/I/71jjvdIHNPL._AC_UL960_QL65_.jpg,1,198.1,False,False,False,False,,,False,,,,,,False,False
B0F1ZV79WH,تابلت للاطفال من ينوش مقاس 7 انش بنظام اندرويد 3-7، تابلت 32GB للاطفال الصغار مع حافظة واي فاي وكاميرا مزدوجة، تحكم ابوي، تابلت معتمد من جي ام اس,177.61,194.95,SAR,3.8,189,https://www.amazon.sa/dp/B0F1ZV79WH,https://m.media-amazon.com/images/I/71Nid20S7EL._AC_UL960_QL65_.jpg,1,177.61,False,False,False,False,,,True,,,,,,False,True
B0CCRTB5ST,تابلت اي دبليو اي جي جو بنظام اندرويد 14 مع حافظة مقاس 7 انش وذاكرة RAM 8GB وروم 32GB قابل للتوسيع و1TB وكاميرا 5MP ومعالج رباعي النواة 1.6GHz وبطارية 3000,197.28,197.28,SAR,3.7,627,https://www.amazon.sa/dp/B0CCRTB5ST,https://m.media-amazon.com/images/I/617mY6sbhhL._AC_UL960_QL65_.jpg,1,197.28,False,False,False,False,,,True,,,,,,False,False
B0DJD44SQ3,سامسونج تابلت جالاكسي تاب S10+، تابلت ذكاء اصطناعي، تابلت اندرويد، واي فاي، ذاكرة RAM 12، تخزين 256 جيجا، شاشة اموليد، مضاد للانعكاس، متين، يتضمن قلم S، فضي بلاتينيوم (إصدار المملكة العربية السعودية),,,SAR,4.5,92,https://www.amazon.sa/dp/B0DJD44SQ3,https://m.media-amazon.com/images/I/61zKvJJVF4L._AC_UL960_QL65_.jpg,1,,False,False,False,False,,توصيل مجاني اليوم 6:13 م,True,,,,,,True,False
B0FBC5FXBP,تابلت باد 10 12.1 بوصة 2.5K (شاشة 120Hz للعناية بالعين) من اونر، سناب دراجون 7 الجيل 3، بطارية 10100 ملي أمبير في الساعة، تابلت اندرويد 15 واي فاي - لوحة ترفيه وإنتاجية عالية الأداء,,,SAR,4.6,142,https://www.amazon.sa/dp/B0FBC5FXBP,https://m.media-amazon.com/images/I/51RHCSCxrNL._AC_UL960_QL65_.jpg,1,,False,False,False,False,,توصيل مجاني سبتمبر 25 - 26تبقى 2 فقط - اطلبه الآن.,False,,,تبقى 2 فقط - اطلبه الآن.,,,True,False
B0FBWPYQRG,ايباد برو 16 جيجا بايت رام 512 جيجا بايت واي فاي من نوبيا - إصدار عالمي(أسود),,,SAR,3.8,10,https://www.amazon.sa/dp/B0FBWPYQRG,https://m.media-amazon.com/images/I/6161ZIqIyNL._AC_UL960_QL65_.jpg,1,,False,False,False,False,,توصيل مجاني غداً، 11 سبتمبرأو توصيل أسرع غداً 1 متبقى 1 فقط - اطلبه الآن.,True,,,تبقى 1 فقط - اطلبه الآن.,,,True,False
B0D6CJCRRF,سامسونج تابلت جالكسي تاب A9 4G LTE (64GB، 4GB، شبكة خلوية) 8.7 انش، ثماني النواة (6 نانومتر)، مكبرات صوت مزدوجة (نموذج عالمي مفتوح بالكامل للولايات المتحدة والعالمية) X115 (مع شاحن سريع 15 واط، جرافيت),810.85,810.85,SAR,4.4,754,https://www.amazon.sa/dp/B0D6CJCRRF,https://m.media-amazon.com/images/I/51XJi6jUQrL._AC_UL960_QL65_.jpg,1,810.85,False,False,False,False,,تبقى 3 فقط - اطلبه الآن.,False,,,تبقى 3 فقط - اطلبه الآن.,,,False,False
B0BRQP92VP,تابلت للأطفال بشاشة 8 بوصة من سي ايديا، موديل CM822 - اندرويد تاب واي فاي وشريحة اتصال واحدة شبكة الجيل الخامس 5G LTE، يدعم زووم ومايكروسوفت (أزرق),210.0,210.0,SAR,2.5,15,https://www.amazon.sa/dp/B0BRQP92VP,https://m.media-amazon.com/images/I/61Q2XBwVyrL._AC_UL960_QL65_.jpg,1,210.0,False,False,False,False,,توصيل بـ‏12 ريال سبتمبر 14 - 15تبقى 3 فقط - اطلبه الآن.,False,,,تبقى 3 فقط - اطلبه الآن.,,,False,False
B0GD78K8XT,تابلت 10.1 انش اندرويد 15 من ويوهو، ذاكرة RAM 8GB، تخزين 32GB، شاشة HD IPS، واي فاي 5G، بطارية 6000mAh، كاميرا مزدوجة لمكالمات الفيديو، تاب مع حافظة وقلم ستايلس للعمل والدراسة (ازرق),314.48,314.48,SAR,3.9,67,https://www.amazon.sa/dp/B0GD78K8XT,https://m.media-amazon.com/images/I/71Qk03rGWKL._AC_UL960_QL65_.jpg,1,314.48,False,False,False,False,,,True,,,,,,False,False
B0FL6PCBGP,تابلت بيشينج مع حافظة واقية 7 انش IPS 1024*600 اندرويد 15.0 تابلت كمبيوتر RAM 8GB (3+5 توسيع) + روم 32GB بلوتوث 5.0 واي فاي 6 2.4G+5G 2MP + 5MP كاميرا مزدوجة (اسود),201.2,201.2,SAR,3.5,135,https://www.amazon.sa/dp/B0FL6PCBGP,https://m.media-amazon.com/images/I/712KfAVPboL._AC_UL960_QL65_.jpg,1,201.2,False,False,False,False,,,True,,,,,,False,False
B0D9W9V4WY,تابلت كوبيسي اندرويد 14 مقاس 7 انش مع حافظة وذاكرة RAM 8GB وروم 32GB قابل للتوسيع 1TB ومعالج رباعي النواة 1.6GHz وشاشة لمس HD 1024×600 IPS 7 انش وكاميرا 5MP وواي فاي والالعاب وبلوتوث,209.48,209.48,SAR,3.2,61,https://www.amazon.sa/dp/B0D9W9V4WY,https://m.media-amazon.com/images/I/71L-3nAFRtL._AC_UL960_QL65_.jpg,1,209.48,False,False,False,False,,,False,,,,,,False,False
B0FWD4X5VQ,لوحة مفاتيح ماجيك لجهاز ايباد اير 11 بوصة (M3) من ابل - تدعم اللغة العربية - لون أسود,,,SAR,4.6,3,https://www.amazon.sa/dp/B0FWD4X5VQ,https://m.media-amazon.com/images/I/71NXjZCM1VL._AC_UL960_QL65_.jpg,1,,False,False,False,False,,توصيل مجاني اليوم 6:13 م,False,,,,,,True,False
B0D2NZG5VT,تابلت اندرويد 15، تابلت 11 انش مع معالج ثماني النواة، ذاكرة RAM 12GB + 128GB ROM 1TB، قابل للتوسيع وايدفاين L1، بطارية 8000mAh، واي فاي ثنائي التردد 2.4/5GHz وGPS/راديو اف ام، كاميرات 5/8MP,489.79,489.79,SAR,4.2,1180,https://www.amazon.sa/dp/B0D2NZG5VT,https://m.media-amazon.com/images/I/71f4eCZ6HNL._AC_UL960_QL65_.jpg,1,489.79,False,False,False,False,,,True,,,,,,False,False
B0DX67CYDY,تابلت اندرويد 15 10 بوصة 2 في 1 بحافظة لوحة مفاتيح وماوس ستايلس وRAM 10 جيجا وذاكرة روم 64 جيجا قابلة للتوسيع 1TB ومعالج رباعي النواة 5G WiFi6 وبلوتوث 5.0 و6000mAh وشاشة IPS 1280×800 وايدفاين L1،زهري,355.17,355.17,SAR,4.0,101,https://www.amazon.sa/dp/B0DX67CYDY,https://m.media-amazon.com/images/I/61TkPCUH90L._AC_UL960_QL65_.jpg,1,355.17,False,False,False,False,,,True,,,,,,False,False
B0CDWM3L8S,تابلت 10 بوصة 2 في 1 مع لوحة مفاتيح وفأرة وقلم وواقي شاشة، نظام اندرويد 12.0، RAM 6 جيجابايت وROM 32 جيجابايت، قابل للتوسيع حتى 1 تيرابايت وكاميرا مزدوجة 2+8MP، يدعم واي فاي 6 وبلوتوث,519.13,519.13,SAR,3.9,778,https://www.amazon.sa/dp/B0CDWM3L8S,https://m.media-amazon.com/images/I/61Ek50bGiUL._AC_UL960_QL65_.jpg,1,519.13,False,False,False,False,,توصيل مجاني سبتمبر 19 - 20يشحن من خارج السعودية,True,,,,,,False,False
B0DG55JMP9,تابلت اتوزي 10 انش بنظام اندرويد 14 وذاكرة RAM 8GB وروم 64GB وسعة 1024GB وكاميرا 2MP+ 8MP وبلوتوث وواي فاي 6 وشاشة IPS 10.1 انش HD وبطارية تدوم طويلا 6000mAh,297.34,297.34,SAR,3.9,202,https://www.amazon.sa/dp/B0DG55JMP9,https://m.media-amazon.com/images/I/71fquU758fL._AC_UL960_QL65_.jpg,1,297.34,False,False,False,False,,,True,,,,,,False,False
B0D3J5YXS7,لوحة مفاتيح ماجيك لجهاز ايباد برو 11 بوصة (M4) من ابل - بلغة إنجليزية عالمية - لون أسود-​-​-​-​-​-​,,,SAR,4.6,36,https://www.amazon.sa/dp/B0D3J5YXS7,https://m.media-amazon.com/images/I/7112119JgrL._AC_UL960_QL65_.jpg,1,,False,False,False,False,,توصيل مجاني غداً، 11 سبتمبرأو توصيل أسرع غداً 1 م,False,,,,,,True,False
B09ZTXVNVD,قلم ايباد A8 من ميتابين لجهاز ابل 2018+، شحن سريع مرتين ودقة 0.1 ملم | هيكل معدني، قلم ابل مع رفض مغناطيسي لراحة اليد لايباد A16/11-6، برو 32.8/27.9/33 سم M4، اير 3/4/5/M2/M3/M4، ميني 5/6,63.99,79.99,SAR,4.3,52461,https://www.amazon.sa/dp/B09ZTXVNVD,https://m.media-amazon.com/images/I/41yUOq1wFtL._AC_UL960_QL65_.jpg,1,63.99,False,False,False,False,تم شراء 1 ألف+ سلعة في الشهر الماضي,توصيل مجاني غداً، 11 سبتمبر على طلبك الأول.أو توصيل أسرع اليوم 6:13 م,True,,ينتهي في,,,,False,True
B0FB36VF45,جهاز شاومي باد 8 إصدار واي فاي عالمي (بدون مكالمات أو رسائل نصية)، شاشة 11.2 بوصة، دقة 3.2K تردد 144 هرتز، بطارية 9200 ميلي امبير/ساعة، 4 مكبرات صوت، 13 ميجابكسل، 25097RP43G (أزرق، 256 جيجا+8 جيجا),,,SAR,4.6,39,https://www.amazon.sa/dp/B0FB36VF45,https://m.media-amazon.com/images/I/61yY51UvIVL._AC_UL960_QL65_.jpg,1,,False,False,False,False,,,True,,,,,,True,False
B0FDKZJKVV,تابلت 2026 احدث تابلت اندرويد 16 مع كيبورد وماوس، تابلت 10 انش، ذاكرة RAM 24GB وروم 256GB (توسيع 2TB)، العاب ثماني النواة، واي فاي 5G، وايدفاين L1 FHD، GPS، حزمة لابتوب 2 في 1 للعمل والمدرسة,657.62,657.62,SAR,4.3,52,https://www.amazon.sa/dp/B0FDKZJKVV,https://m.media-amazon.com/images/I/71yBzDL22UL._AC_UL960_QL65_.jpg,1,657.62,False,False,False,False,,تبقى 3 فقط - اطلبه الآن.,False,,,تبقى 3 فقط - اطلبه الآن.,,,False,False
B0GPY9GX4S,قلم إدخال من باروكس متوافق مع تابلت، أورا أبيض,49.0,49.0,SAR,4.2,8,https://www.amazon.sa/dp/B0GPY9GX4S,https://m.media-amazon.com/images/I/41o5WtW9i7L._AC_UL960_QL65_.jpg,1,49.0,False,False,False,False,تم شراء 100+ سلعة في الشهر الماضي,توصيل مجاني غداً، 11 سبتمبر على طلبك الأول.أو توصيل أسرع اليوم 6:13 م,False,,,,,,False,False
B0DZ745RCR,لوحة مفاتيح ماجيك لجهاز ايباد اير 11 بوصة (M3) من ابل - بلغة انجليزية عالمية - لون أبيض​​​​​​,949.0,949.0,SAR,4.2,19,https://www.amazon.sa/dp/B0DZ745RCR,https://m.media-amazon.com/images/I/71cAfmVyOaL._AC_UL960_QL65_.jpg,1,949.0,False,False,False,False,,توصيل مجاني غداً، 11 سبتمبرأو توصيل أسرع غداً 1 م,False,,,,,,False,False
B0D6Z2WT58,تابلت تاب بلس بنظام اندرويد، شاشة 29.2 سم عرض 2K، سعة 128 جيجابايت، واي فاي 5، ذاكرة رام 8 جيجابايت، لون رمادي لونا من لينوفو,,,SAR,4.6,397,https://www.amazon.sa/dp/B0D6Z2WT58,https://m.media-amazon.com/images/I/71ZDdzMNZ-L._AC_UL960_QL65_.jpg,2,,False,False,False,False,,,False,,,,,,True,False
B0D3J7ZJ3X,قلم ابل برو,499.0,592.0,SAR,4.4,487,https://www.amazon.sa/dp/B0D3J7ZJ3X,https://m.media-amazon.com/images/I/41iLLpfSWxL._AC_UL960_QL65_.jpg,2,449.1,False,False,False,False,تم شراء 400+ سلعة في الشهر الماضي,توصيل مجاني اليوم 6:13 م,False,,,,,,False,True
B0F823WLKX,حامل أجهزة إلكترونية محمول من كوبر متوافق مع أجهزة لوحية و شاشات محمولة، قابل لتعديل الارتفاع و إمالة 270°، ألومنيوم، أسود,54.95,54.95,SAR,4.6,1628,https://www.amazon.sa/dp/B0F823WLKX,https://m.media-amazon.com/images/I/610hcMSMVYL._AC_UL960_QL65_.jpg,1,54.95,False,False,False,False,تم شراء 50+ سلعة في الشهر الماضي,توصيل مجاني السبت، 12 سبتمبر على طلبك الأول.أو توصيل أسرع اليوم 6:13 م,False,,,,,,False,False
B0DGXGRHV8,يوجرين حامل تابلت قابل للدوران 360 درجة مناسب للاجهزة مقاس 13 بوصة، لون | حامل جوال وتابلت معدني للمكتب قابل للتعديل والطي متوافق مع ايفون 17 برو ماكس وايباد برو/اير/ميني,60.96,79.0,SAR,4.5,3297,https://www.amazon.sa/dp/B0DGXGRHV8,https://m.media-amazon.com/images/I/71uX2aAUFaL._AC_UL960_QL65_.jpg,1,60.96,False,False,False,False,تم شراء 100+ سلعة في الشهر الماضي,توصيل مجاني غداً، 11 سبتمبر على طلبك الأول.أو توصيل أسرع اليوم 6:13 م,False,,عرض لمدة محدودة,,,,False,True
B0DM5ZLR2S,ESR قلم ايباد جيو ديجيتال لجهاز ايباد 2018-2026، فايند ماي، اختصارات سهلة | يعمل مع ابل فايند مي، لايباد (A16) 11/10/9/8 الجيل واير 13/11 وبرو 12.9/13/11 وميني 7/6/5، أبيض (بدون شحن لاسلكي),144.49,169.99,SAR,4.4,3585,https://www.amazon.sa/dp/B0DM5ZLR2S,https://m.media-amazon.com/images/I/61uhttNrz+L._AC_UL960_QL65_.jpg,1,144.49,False,False,False,False,تم شراء 100+ سلعة في الشهر الماضي,توصيل مجاني السبت، 12 سبتمبرأو توصيل أسرع اليوم 6:13 م,True,,ينتهي في,,,,False,True
B0D7JZFP4L,تابلت شاومي ريدمي باد برو إصدار واي فاي، شاشة 12.1 بوصة، معالج ثماني النواة وذاكرة روم، بطارية 10000mAh، بلوتوث 5.3، كاميرا مزدوجة 8MP، أزرق (مينت جرين)، ذاكرة تخزين 256 جيجابايت ورام 8 جيجابايت),,,SAR,4.7,655,https://www.amazon.sa/dp/B0D7JZFP4L,https://m.media-amazon.com/images/I/51YY32ZrojL._AC_UL960_QL65_.jpg,1,,False,False,False,False,,توصيل مجاني أكتوبر 6 - 7يشحن من خارج السعودية,True,,,,,,True,False
B0DK3P2ZMZ,ابل كيبورد ماجيك لجهاز ايباد برو 13 بوصة (M4) - انجليزي عالمي - اسود (مجدد),899.0,899.0,SAR,,0,https://www.amazon.sa/dp/B0DK3P2ZMZ,https://m.media-amazon.com/images/I/71YMMFyaCPL._AC_UL960_QL65_.jpg,1,899.0,False,False,False,False,,توصيل مجاني سبتمبر 13 - 14تبقى 1 فقط - اطلبه الآن.,False,,,تبقى 1 فقط - اطلبه الآن.,,,False,False
B0DDPMQJVH,"قلم اير 8 لجهاز ابل ايباد 2018-2025، (عمر بطارية 20 ساعة)، شحن سريع خلال دقائق، قلم عالي الدقة لأجهزة ايباد 11 A16/10/9/8/7/الجيل السادس، برو 12.9/11/13 بوصة M4، اير 3/4/5/M2/M3 من ميتابين (أبيض) | 20-Hour Battery Life, 0.1mm Precision Pencil for iPad A16/11/10/9/8/7/6, Pro 12.9/11/13&quot; M4/M5, Air3/4/5/M2/M3/M4, Mini 5/6",64.99,64.99,SAR,4.1,10176,https://www.amazon.sa/dp/B0DDPMQJVH,https://m.media-amazon.com/images/I/41H4oohMx8L._AC_UL960_QL65_.jpg,1,64.99,False,False,False,False,تم شراء 1 ألف+ سلعة في الشهر الماضي,توصيل مجاني غداً، 11 سبتمبر على طلبك الأول.أو توصيل أسرع اليوم 6:13 م,False,,,,,,False,False
B08X2J8PMF,قارئ بطاقة SD للايفون والايباد من اوياسلي، قارئ بطاقة SD الخاصة بالكاميرا مع فتحة لبطاقة SD و MicroSD، فقط قم بالتوصيل والتشغيل,17.9,17.9,SAR,3.7,12074,https://www.amazon.sa/dp/B08X2J8PMF,https://m.media-amazon.com/images/I/71C0DUKcDmL._AC_UL960_QL65_.jpg,1,17.9,False,False,False,False,تم شراء 400+ سلعة في الشهر الماضي,توصيل مجاني غداً، 11 سبتمبر على طلبك الأول.أو توصيل أسرع اليوم 6:13 م,False,,,,,,False,False
B0D3J6XXYT,حافظة سمارت بنمط ملف لجهاز ايباد برو 13 بوصة (M4) من ابل - لون أسود​​​​​​,399.0,468.0,SAR,4.4,781,https://www.amazon.sa/dp/B0D3J6XXYT,https://m.media-amazon.com/images/I/51UMJjQdfDL._AC_UL960_QL65_.jpg,1,399.0,False,False,False,False,,توصيل مجاني غداً، 11 سبتمبرأو توصيل أسرع اليوم 6:13 م,True,,,,,,False,True
B0CRHHP7M1,حافظة حماية من إي إس آر لآيباد برو 13 إنش M5/M4 2025/2024، غطاء من الثيرموبلاستيك بولي يوريثان باللون الأزرق,99.99,99.99,SAR,4.3,2910,https://www.amazon.sa/dp/B0CRHHP7M1,https://m.media-amazon.com/images/I/71SYl2k+PQL._AC_UL960_QL65_.jpg,1,99.99,False,False,False,False,,توصيل مجاني غداً، 11 سبتمبر على طلبك الأول.أو توصيل أسرع غداً 1 م,True,,,,,,False,False
B0F8VDNV6R,"كيبورد QPHWHFQ بلوتوث مضاء خلفياً مع تراك باد و حامل مغناطيسي بإضاءة 7 ألوان لآيباد برو 11 و آيباد إير M4/M3/M2 | Arabic &amp; English, Keyboard Case with Magnetic Stand, Multi-Touch Trackpad, 7-Color Backlight, White",296.99,329.99,SAR,4.3,480,https://www.amazon.sa/dp/B0F8VDNV6R,https://m.media-amazon.com/images/I/61TFsnFNa7L._AC_UL960_QL65_.jpg,1,296.99,False,False,False,False,,توصيل مجاني السبت، 12 سبتمبرأو توصيل أسرع غداً، 11 سبتمبر,False,,عرض لمدة محدودة,,,,False,True
B0DK5MNGH9,حافظة كيبورد برو ايباد مع حامل مغناطيسي، كيبورد بإضاءة خلفية عربية/انجليزية، أزرار تحكم متعددة الإيماءات، تخزين مغناطيسي لقلم ابل، مفاتيح وسائط متعددة لجهاز ايباد M4 برو 11 بوصة من بلكن,599.0,599.0,SAR,3.4,5,https://www.amazon.sa/dp/B0DK5MNGH9,https://m.media-amazon.com/images/I/61bGoJLhQ3L._AC_UL960_QL65_.jpg,3,249.48,False,False,False,False,,توصيل مجاني غداً، 11 سبتمبرأو توصيل أسرع غداً 1 م,False,,,,,,False,False
B0CN33NNQH,جراب دوار 360 درجة من جيتك لجهاز ايباد اير 11 بوصة M4/M3/M2 وايباد اير 5/4 | غطاء لجهاز ايباد اير 11 بوصة (2026-2024) واير 5/4 10.9 بوصة (2022/2020)، حامل متعدد الزوايا، ظهر شفاف، حامل قلم,70.99,70.99,SAR,4.4,8383,https://www.amazon.sa/dp/B0CN33NNQH,https://m.media-amazon.com/images/I/61ekX32I7ZL._AC_UL960_QL65_.jpg,1,70.99,False,False,False,False,تم شراء 50+ سلعة في الشهر الماضي,توصيل مجاني غداً، 11 سبتمبر على طلبك الأول.أو توصيل أسرع اليوم 6:13 م,True,,,,,,False,False
B0D3J7SQYP,حافظة سمارت فوليو لجهاز ايباد اير 11 بوصة (M2) من ابل - رمادي فحمي​​​​​​,379.0,379.0,SAR,4.5,1131,https://www.amazon.sa/dp/B0D3J7SQYP,https://m.media-amazon.com/images/I/51DQw9hmJhL._AC_UL960_QL65_.jpg,2,275.96,False,False,False,False,,توصيل مجاني غداً، 11 سبتمبرأو توصيل أسرع غداً 1 متبقى 4 فقط -- (سيتوفر المزيد قريباً).,True,,,تبقى 4 فقط -- (سيتوفر المزيد قريباً).,,,False,False
B0BLCR44ZH,جيتك شاشة حماية ورقية غير لامعة لجهاز ايباد (A16) الجيل 11/10، عبوة واحدة | لطراز 2025/2022، لمسة نهائية غير لامعة مضادة للوهج، تحسين الكتابة والرسم، مضاد لبصمات الأصابع,46.99,46.99,SAR,4.0,17189,https://www.amazon.sa/dp/B0BLCR44ZH,https://m.media-amazon.com/images/I/71t2qqMKtUL._AC_UL960_QL65_.jpg,1,46.99,False,False,False,False,تم شراء 100+ سلعة في الشهر الماضي,توصيل مجاني غداً، 11 سبتمبر على طلبك الأول.أو توصيل أسرع اليوم 6:13 م,False,,,,,,False,False
B0D17WV3CC,مبرد جوال مغناطيسي من بلاك شارك، مروحة تبريد للجوال بالوان الفضاء اللوني ار جي بي، مروحة تبريد محمولة وخفيفة الوزن للجوال مع مساحة تبريد اكبر للجوال/التابلت/الايباد (ابيض),823.0,823.0,SAR,4.1,47,https://www.amazon.sa/dp/B0D17WV3CC,https://m.media-amazon.com/images/I/61tbRQEZaIL._AC_UL960_QL65_.jpg,1,823.0,False,False,False,False,,توصيل مجاني أكتوبر 12 - 14يشحن من خارج السعودية,False,,,,,,False,False
B071ZP3M7B,جيتك شاشة حماية لجهاز ايباد برو 10.5 انش، ايباد اير الجيل الثالث 2019، عبوة | لجهاز ايباد برو 10.5 انش 2017، ايباد اير موديل 2019، HD شفاف، زجاج مقوى مضاد للخدش,45.99,45.99,SAR,4.5,228447,https://www.amazon.sa/dp/B071ZP3M7B,https://m.media-amazon.com/images/I/71gB+SvP5-L._AC_UL960_QL65_.jpg,1,45.99,False,False,False,False,,توصيل مجاني غداً، 11 سبتمبر على طلبك الأول.أو توصيل أسرع اليوم 6:13 م,False,,,,,,False,False
B0C1S95QCC,تايب كيس حافظة كيبورد تعمل باللمس لجهاز ايباد الجيل 11/10، قابلة للدوران | لوحة تحكم باللمس لجهاز ايباد الجيل 11/10 A16 11 انش/10.9 انش، 11 لون، حامل قلم رصاص، للعمل والسفر والدراسة، ازرق داكن,234.99,259.99,SAR,4.4,3080,https://www.amazon.sa/dp/B0C1S95QCC,https://m.media-amazon.com/images/I/711OVtFbJZL._AC_UL960_QL65_.jpg,1,234.99,False,False,False,False,,توصيل مجاني السبت، 12 سبتمبرأو توصيل أسرع اليوم 6:13 م,False,,,,,,False,True
B0F7RC42PB,جيتك حافظة جليتر لجهاز ايباد (A16) الجيل 11/10، بينك | غطاء لموديل 2025/2022، تصميم لامع لامع، حامل أقلام، ظهر شفاف رفيع، مناسب للأطفال والبنات,58.99,58.99,SAR,4.7,1583,https://www.amazon.sa/dp/B0F7RC42PB,https://m.media-amazon.com/images/I/91tBk3SIhtL._AC_UL960_QL65_.jpg,1,58.99,False,False,False,False,تم شراء 100+ سلعة في الشهر الماضي,توصيل مجاني غداً، 11 سبتمبر على طلبك الأول.أو توصيل أسرع اليوم 6:13 م,True,,,,,,False,False
B0B8GN3TXM,حافظة لجهاز ايباد من الجيل الـ10 مع حامل اقلام من برو كيس، حافظة ايباد 2022 10.9 انش، غطاء حماية خلفي شفاف ثلاثي الطي، غطاء مضاد للصدمات لايباد 2022 الجيل الـ10 A2696 A2757 A2777 -كحلي | Hybrid Clear Back Soft TPU Case Cover with Pencil Holder and Auto Wake/Sleep for iPad A16 11th Gen 2025 and 10th Gen 2022,56.99,56.99,SAR,4.4,26982,https://www.amazon.sa/dp/B0B8GN3TXM,https://m.media-amazon.com/images/I/61rzmbBWxtL._AC_UL960_QL65_.jpg,1,56.99,False,False,False,False,تم شراء 200+ سلعة في الشهر الماضي,توصيل مجاني غداً، 11 سبتمبر على طلبك الأول.أو توصيل أسرع اليوم 6:13 م,True,,,,,,False,False
B0H1W9WGTR,ديجيروت قلم فائق الهدوء لجهاز ابل ايباد 2018-2026 مع خاصية رفض راحة اليد | قلم ستايلس لجهاز ايباد a16 متوافق مع ايباد الجيل السادس والحادي عشر، برو 12.9/11/13/M4/M5، اير 3/4/5/M2/M3، ميني الجيل 5-7,79.99,89.99,SAR,4.6,770,https://www.amazon.sa/dp/B0H1W9WGTR,https://m.media-amazon.com/images/I/41EOSltce6L._AC_UL960_QL65_.jpg,1,79.99,False,False,False,False,,توصيل مجاني السبت، 12 سبتمبر على طلبك الأول.أو توصيل أسرع غداً، 11 سبتمبر,True,,عرض لمدة محدودة,,,,False,True
B0CQ8F27YB,"لوحة مفاتيح ماجيك عربية لايباد ميني 6 مقاس 8.3 بوصة مع غطاء خلفي مغناطيسي من ايمبانج، حافظة لوحة مفاتيح ذكية متعددة اللمس بإضاءة خلفية، غطاء بدعامة عائمة لايباد ميني الجيل السادس - أبيض | Magnetic Back Cover, Smart Multi-Touch Trackpad Backlit Keyboard Case Floating Cantilever Case mini 7th 6th Generation White",399.99,399.99,SAR,4.0,1,https://www.amazon.sa/dp/B0CQ8F27YB,https://m.media-amazon.com/images/I/71zoF-uZHjL._AC_UL960_QL65_.jpg,1,399.99,False,False,False,False,,توصيل مجاني غداً، 11 سبتمبرأو توصيل أسرع غداً 1 متبقى 1 فقط - اطلبه الآن.,True,,,تبقى 1 فقط - اطلبه الآن.,,,False,False
B0F1D3CC93,شنطة حبال من أركتيك هانتر للرجال باللون الأسود بحجم متوسط,98.01,98.01,SAR,4.6,3,https://www.amazon.sa/dp/B0F1D3CC93,https://m.media-amazon.com/images/I/61KURZDMWYL._AC_UL960_QL65_.jpg,1,98.01,False,False,False,False,,توصيل مجاني السبت، 12 سبتمبر على طلبك الأول.أو توصيل أسرع غداً، 11 سبتمبر,False,,,,,,False,False
B0FL71VF42,قلم ستايلس لجهاز ايباد مع مغناطيس عالي الحساسية وقابل لاعادة الشحن من يوجرين,139.0,139.0,SAR,4.6,44,https://www.amazon.sa/dp/B0FL71VF42,https://m.media-amazon.com/images/I/61AcBkZxVSL._AC_UL960_QL65_.jpg,1,139.0,False,False,False,False,,توصيل مجاني غداً، 11 سبتمبرأو توصيل أسرع اليوم 6:13 م,True,,,,,,False,False
B0D862JY8L,سبكيس حافظة لجهاز ايباد برو 11 انش M4 2024 الجيل الخامس مع حامل قلم (يونيكورن بيتل برو)، [واقي شاشة مدمج وحامل] غطاء متين لكامل الجسم (اركتيك، ايباد برو 11),130.0,130.0,SAR,4.4,856,https://www.amazon.sa/dp/B0D862JY8L,https://m.media-amazon.com/images/I/71ZgUK03wWL._AC_UL960_QL65_.jpg,1,130.0,False,False,False,False,,توصيل مجاني غداً، 11 سبتمبرأو توصيل أسرع غداً 1 متبقى 2 فقط - اطلبه الآن.,True,,,تبقى 2 فقط - اطلبه الآن.,,,False,False
B0F7QTX7KB,حافظة كيبورد(عربي/انجليزي) مع ماوس لايباد | الجيل السابع(2019)/الثامن(2020)/التاسع(2021) 10.2انش، و اير الجيل الثالث، و برو 10.5انش. بلوتوث. بينك,158.0,158.0,SAR,4.5,14,https://www.amazon.sa/dp/B0F7QTX7KB,https://m.media-amazon.com/images/I/61y+VyKhrnL._AC_UL960_QL65_.jpg,1,158.0,False,False,False,False,,توصيل مجاني السبت، 12 سبتمبرأو توصيل أسرع غداً، 11 سبتمبر,False,,,,,,False,False
B0CG32J4QK,جيتك حافظة لجهاز ايباد اير 11 انش M4/M3/M2 وايباد اير 5/4 10.9 انش | غطاء لجهاز ايباد اير 11 انش (2026-2024) واير 5/4 10.9 انش (2022/2020)، ظهر شفاف، حامل ثلاثي الطيات، خاصية التنبيه/السكون,54.99,54.99,SAR,4.3,23053,https://www.amazon.sa/dp/B0CG32J4QK,https://m.media-amazon.com/images/I/61Q6QpLrb1L._AC_UL960_QL65_.jpg,1,54.99,False,False,False,False,تم شراء 50+ سلعة في الشهر الماضي,توصيل مجاني السبت، 12 سبتمبر على طلبك الأول.أو توصيل أسرع اليوم 6:13 م,True,,,,,,False,False
B0BD4PXRDC,شنطة ماسنجر من سوسيمكوتي للرجال باللون الرمادي مقاس 23 x 28 x 9 سم,89.99,89.99,SAR,4.6,41,https://www.amazon.sa/dp/B0BD4PXRDC,https://m.media-amazon.com/images/I/71WDRzr+RLL._AC_UL960_QL65_.jpg,1,89.99,False,False,False,False,,توصيل مجاني غداً، 11 سبتمبر على طلبك الأول.أو توصيل أسرع اليوم 6:13 م,False,,,,,,False,False
B01DU7IF0Q,"Joso Wired One Ear Headset with Mic, Single Ear Headset for PS5/PS4/Xbox/Switch/PC/iPad/Mac &amp; Tablet with 3.5mm to Type C &amp; USB-A Adapter - Chat Headphone, Office Business, Coach, Gaming, Remote Work",106.0,106.0,SAR,3.9,1159,https://www.amazon.sa/dp/B01DU7IF0Q,https://m.media-amazon.com/images/I/71LlpEErIZL._AC_UL960_QL65_.jpg,1,106.0,False,False,False,False,,توصيل مجاني السبت، 12 سبتمبرأو توصيل أسرع غداً، 11 سبتمبرتبقى 2 فقط - اطلبه الآن.,True,,,تبقى 2 فقط - اطلبه الآن.,,,False,False
B0D5Y46VHF,بروكيس حافظة لجهاز ايباد برو 13 انش M5 2025/ M4 2024، غطاء ذكي ايباد برو M5 M4 13 انش، ظهر صلب شفاف، يدعم خاصية التعرف باللمس، خاصية التنبيه/النوم التلقائي - رمادي,,,,4.4,1875,https://www.amazon.sa/dp/B0D5Y46VHF,https://m.media-amazon.com/images/I/61DcGKmFgEL._AC_UL960_QL65_.jpg,1,,False,False,False,False,,غير متوفر حالياً.,True,,,,,,True,False
B07K9K5QTN,جيتك شاشة حماية لجهاز ايباد برو 11 انش وايباد اير 5/4 10.9 انش، عبوة من | لجهاز ايباد اير 5/4 10.9 انش (2022/2020) وبرو 11 انش (2022/2021/2020/2018)، زجاج مقوى شفاف HD مضاد للخدش,56.99,56.99,SAR,4.6,85348,https://www.amazon.sa/dp/B07K9K5QTN,https://m.media-amazon.com/images/I/71KpBivHFfL._AC_UL960_QL65_.jpg,1,56.99,False,False,False,False,,توصيل مجاني غداً، 11 سبتمبر على طلبك الأول.أو توصيل أسرع غداً 1 م,False,,,,,,False,False
B0BC48VWNF,حقيبة مع محفظة لجهاز ايباد واللوازم الشخصية، حقيبة كتف للرجال، حقيبة ماسنجر جلدية صغيرة، حقيبة كروس جلدية عتيقة للأعمال,47.49,47.49,SAR,3.2,29,https://www.amazon.sa/dp/B0BC48VWNF,https://m.media-amazon.com/images/I/51VRFJ5FSIL._AC_UL960_QL65_.jpg,1,47.49,False,False,False,False,,توصيل مجاني غداً، 11 سبتمبر على طلبك الأول.,True,,عرض لمدة محدودة,,,,False,False
B0DQCXGM7Z,بروكيس حافظة شفافة لجهاز ايباد A16 الجيل الحادي عشر 11 انش/الجيل العاشر | جراب خلفي رفيع وشفاف مضاد للاصفرار لجهاز ايباد A16 الجيل 11 11 انش 2025 والجيل العاشر 10.9 انش 2022,42.99,42.99,SAR,4.5,1670,https://www.amazon.sa/dp/B0DQCXGM7Z,https://m.media-amazon.com/images/I/61r5oK5750L._AC_UL960_QL65_.jpg,1,42.99,False,False,False,False,,توصيل مجاني غداً، 11 سبتمبر على طلبك الأول.أو توصيل أسرع غداً 1 م,True,,,,,,False,False
B08DS58TMP,واقي شاشة من بروكيس لآيباد إير 5 و4 وآيباد برو 11 من الزجاج المقسى عدد 2 بصلابة 9H مقاوم للخدش ومضاد للصدمات | Tempered Glass for iPad Air 10.9&quot; 5th/4th Gen 2022/2020 and iPad Pro 11&quot; 4th/3rd/2nd/1st Gen 2022-2018,48.99,48.99,SAR,4.6,6781,https://www.amazon.sa/dp/B08DS58TMP,https://m.media-amazon.com/images/I/61eBKyEtibL._AC_UL960_QL65_.jpg,1,48.99,False,False,False,False,تم شراء 50+ سلعة في الشهر الماضي,توصيل مجاني السبت، 12 سبتمبر على طلبك الأول.أو توصيل أسرع غداً، 11 سبتمبر,False,,,,,,False,False
B0DQCZX2PS,ايه بيوتي حافظة لجهاز ايباد اير 11 بوصة M4/M3/M2، ايباد اير 5/4 10.9 بوصة | غطاء خلفي شفاف رفيع على شكل حرف Y لجهاز ايباد برو 11 انش الجيل الرابع/الثالث/الثاني/الأول، حامل قلم، خاصية السكون التلقائي,39.99,39.99,SAR,4.0,115,https://www.amazon.sa/dp/B0DQCZX2PS,https://m.media-amazon.com/images/I/61SLOJn-A1L._AC_UL960_QL65_.jpg,1,39.99,False,False,False,False,,توصيل مجاني السبت، 12 سبتمبر على طلبك الأول.أو توصيل أسرع غداً، 11 سبتمبر,True,,,,,,False,False
B0CNY2PV67,شنطة ظهر بحزام طويل يمر بالجسم من زد ام اي اي كيه جيه، شنطة ماسنجر للسفر والمشي لمسافات طويلة، شنطة كتف للرجال والنساء، شنطة ساتشيل صغيرة للعمل,153.18,153.18,SAR,4.0,66,https://www.amazon.sa/dp/B0CNY2PV67,https://m.media-amazon.com/images/I/81q0och1v7L._AC_UL960_QL65_.jpg,1,153.18,False,False,False,False,,,True,,,,,,False,False
B08FWN3M6Z,مارك رايدن شنطة ظهر محمولة للايباد، مصنوعة من قماش اكسفورد المقاوم للماء والسرقة للرجال بكتف واحد وجودة,175.0,175.0,SAR,4.4,74,https://www.amazon.sa/dp/B08FWN3M6Z,https://m.media-amazon.com/images/I/5151t1uJsyL._AC_UL960_QL65_.jpg,1,175.0,False,False,False,False,,توصيل مجاني الاثنين، 28 سبتمبريشحن من خارج السعودية,False,,,,,,False,False
B0BM743CFM,"واقي شاشة من جيه تك لآيباد برو 12.9 بوصة (2022/2021/2020/2018) من الزجاج المقسى قطعة واحدة مقاوم للخدش و مضاد للبصمات | For 2022/2021/2020/2018 Model, Auto Alignment Installation, HD Clear, Tempered Glass, Bubble-Free Application",56.99,56.99,SAR,4.2,4139,https://www.amazon.sa/dp/B0BM743CFM,https://m.media-amazon.com/images/I/71ZeC-rGHLL._AC_UL960_QL65_.jpg,1,56.99,False,False,False,False,,توصيل مجاني غداً، 11 سبتمبر على طلبك الأول.أو توصيل أسرع اليوم 6:13 م,False,,,,,,False,False
B0B5115YWR,"حافظة حماية من جيه تك لآيباد إير 11 و10.9 بوصة وآيباد برو 11، غطاء من جلد PU وألياف دقيقة باللون الأسود | For iPad Air 11&quot; (2026-2024) &amp; Air 5/4 10.9&quot; (2022/2020)&amp;iPad Pro 11 (2018), Slim Smart Design Cover, Lightweight Protection",65.69,72.99,SAR,4.5,3502,https://www.amazon.sa/dp/B0B5115YWR,https://m.media-amazon.com/images/I/61yMvC9u0GL._AC_UL960_QL65_.jpg,1,65.69,False,False,False,False,تم شراء 50+ سلعة في الشهر الماضي,توصيل مجاني السبت، 12 سبتمبر على طلبك الأول.أو توصيل أسرع اليوم 6:13 م,True,,عرض لمدة محدودة,,,,False,True
B0BTP3NJGV,"حافظة خلفية واقية ورفيعة ومتينة وذكية بتصميم قائم من برو كيس متوافقة مع ايباد الجيل الـ 10 اصدار 2022 مقاس 10.9 انش - لون رمادي | Slim Smart Cover with Translucent Hard Shell Back, Touch ID and Auto Wake/Sleep for iPad A16 11th Gen 2025 and 10th Gen 2022",49.99,49.99,SAR,4.5,25149,https://www.amazon.sa/dp/B0BTP3NJGV,https://m.media-amazon.com/images/I/61u4go49HkL._AC_UL960_QL65_.jpg,1,49.99,False,False,False,False,,توصيل مجاني السبت، 12 سبتمبر على طلبك الأول.أو توصيل أسرع غداً، 11 سبتمبرتبقى 2 فقط - اطلبه الآن.,True,,,تبقى 2 فقط - اطلبه الآن.,,,False,False
B0D316JFSD,غطاء حماية رايز 360 لجهاز ايباد اير 11 (2024) من يونيك - ميدنايت,,,,5.0,1,https://www.amazon.sa/dp/B0D316JFSD,https://m.media-amazon.com/images/I/51cKvDWSkBL._AC_UL960_QL65_.jpg,1,,False,False,False,False,,,False,,,,,,True,False
B0CDRLSVSN,جيتك شاشة حماية لجهاز ايباد برو 11 انش وايباد اير 5/4 10.9 انش، عبوة من | لجهاز ايباد برو 11 انش (2022-2018) واير 5/4 10.9 انش (2022/2020)، زجاج مقوى بدرجة صلابة 9، شفاف عالي الدقة، مضاد للخدش، أداة,63.99,63.99,SAR,4.5,7654,https://www.amazon.sa/dp/B0CDRLSVSN,https://m.media-amazon.com/images/I/71mdqkjLwaL._AC_UL960_QL65_.jpg,1,63.99,False,False,False,False,,توصيل مجاني غداً، 11 سبتمبر على طلبك الأول.أو توصيل أسرع غداً 1 م,False,,,,,,False,False
B0DHS45FYS,رؤوس بديلة متوافقة مع قلم ابل ايباد برو الجيل الثاني، قلم ايباد 1 الجيل الثاني، ابيض، عبوة من 4 قطع,4.32,4.32,SAR,4.0,12,https://www.amazon.sa/dp/B0DHS45FYS,https://m.media-amazon.com/images/I/516ZR5Q5AiL._AC_UL960_QL65_.jpg,1,4.32,False,False,False,False,,Crazy Low Prices,False,,Crazy Low Prices,,,,False,False
B0CXDQWMKB,"شاشة حماية من الزجاج المقوى من بروكيس لجهاز ايباد برو 11 بوصة (M4) 2024 A2836 A2837 A3006، قطعتين | Tempered Glass Film Guard for iPad Pro 11&quot; M5 2025 and M4 2024, 6th/5th Gen",46.99,46.99,SAR,4.5,70777,https://www.amazon.sa/dp/B0CXDQWMKB,https://m.media-amazon.com/images/I/71wXYusFs+L._AC_UL960_QL65_.jpg,1,46.99,False,False,False,False,,توصيل مجاني غداً، 11 سبتمبر على طلبك الأول.أو توصيل أسرع غداً 1 م,False,,,,,,False,False
B08X6JPYWP,"حافظة حماية من بروكيس متوافقة مع آيباد برو 11 بوصة 2021، غطاء مصنوع من البلاستيك باللون الأزرق | Slim stand hard-back shell smart cover for iPad Pro 11&quot; 4th/3rd/2nd/1st Gen, released 2022/2021/2020/2018",44.99,44.99,SAR,4.4,14615,https://www.amazon.sa/dp/B08X6JPYWP,https://m.media-amazon.com/images/I/71lxqnFr8+S._AC_UL960_QL65_.jpg,1,44.99,False,False,False,False,,توصيل مجاني غداً، 11 سبتمبر على طلبك الأول.أو توصيل أسرع اليوم 6:13 م,True,,,,,,False,False
B0BZ7G5MJR,"حافظة حماية من جيه تك لآيباد إير 11 إنش و10.9 إنش، حافظة مصنوعة من TPU بلون شفاف | For iPad Air 11&quot; (2026-2024) &amp; Air 5/4 10.9&quot; (2022/2020), Soft TPU Clear, Shockproof Slim, Support Pencil Pro/2nd Charging",39.99,39.99,SAR,4.6,8190,https://www.amazon.sa/dp/B0BZ7G5MJR,https://m.media-amazon.com/images/I/719AlF1OwiL._AC_UL960_QL65_.jpg,1,39.99,False,False,False,False,,توصيل مجاني غداً، 11 سبتمبر على طلبك الأول.أو توصيل أسرع اليوم 6:13 م,True,,,,,,False,False
B08GXYN5C6,حافظة حماية من بروكيس لآيباد إير 10.9 بوصة الجيل الرابع والخامس، حافظة من البولي كربونات والبولي يوريثان باللون الأسود | Protective hard-back smart cover with auto wake/sleep for iPad Air 11&quot; M4/M3/M2 and 10.9&quot; 5th/4th Gen,44.09,48.99,SAR,4.4,53688,https://www.amazon.sa/dp/B08GXYN5C6,https://m.media-amazon.com/images/I/71j1mWMENGL._AC_UL960_QL65_.jpg,1,44.09,False,False,False,False,,توصيل مجاني غداً، 11 سبتمبر على طلبك الأول.أو توصيل أسرع غداً 1 م,True,,عرض لمدة محدودة,,,,False,True
B0CMWLVYTW,حافظة حماية من هارفوبو متوافقة مع آيباد الجيل العاشر و الحادي عشر، حافظة مصنوعة من بولي يوريثان و TPU باللون الوردي,155.94,155.94,SAR,4.4,6526,https://www.amazon.sa/dp/B0CMWLVYTW,https://m.media-amazon.com/images/I/71oyxvkKqlL._AC_UL960_QL65_.jpg,4,137.21,False,False,False,False,,توصيل مجاني غداً، 11 سبتمبرأو توصيل أسرع غداً 1 متبقى 3 فقط - اطلبه الآن.,True,,,تبقى 3 فقط - اطلبه الآن.,,,False,True
B0BS11F3YN,جيتك حافظة متينة لجهاز ايباد (A16) الجيل 11/10، اسود | لطراز 2025/2022، واقي شاشة مدمج، حامل حزام يد دوار، حماية شديدة التحمل ضد الصدمات,78.99,78.99,SAR,4.4,3658,https://www.amazon.sa/dp/B0BS11F3YN,https://m.media-amazon.com/images/I/912gJ1Ey2oL._AC_UL960_QL65_.jpg,1,78.99,False,False,False,False,,توصيل مجاني السبت، 12 سبتمبر على طلبك الأول.أو توصيل أسرع اليوم 6:13 م,True,,,,,,False,False
B0F1CXPHM8,شنطة حبال من آركتيك هانتر للرجال باللون الأسود مقاس 27.7 سم,107.91,107.91,SAR,3.7,4,https://www.amazon.sa/dp/B0F1CXPHM8,https://m.media-amazon.com/images/I/61iX5+ukjyL._AC_UL960_QL65_.jpg,1,107.91,False,False,False,False,,توصيل مجاني غداً، 11 سبتمبرأو توصيل أسرع غداً 1 م,False,,,,,,False,False
B09F8VZ6HW,تومتوك حقيبة H02-A04,508.0,508.0,SAR,4.7,9730,https://www.amazon.sa/dp/B09F8VZ6HW,https://m.media-amazon.com/images/I/71l204+ltzL._AC_UL960_QL65_.jpg,5,503.0,False,False,False,False,,توصيل مجاني سبتمبر 21 - 22يشحن من خارج السعودية,True,,,,,,False,False
B0FD9RT7B2,موفت حافظة ديناميكية فوليو لجهاز ايباد اير 11 انش (M3 2025 / M2 2024) وايباد اير 10.9 انش الجيل الخامس والرابع 2022 2020، حافظة بحامل مغناطيسي رفيع مع اكثر من 20 زاوية عرض، بانا كوتا × جينز باهت,189.99,189.99,SAR,4.6,475,https://www.amazon.sa/dp/B0FD9RT7B2,https://m.media-amazon.com/images/I/81EfprMlgzL._AC_UL960_QL65_.jpg,1,189.99,False,False,False,False,,توصيل مجاني غداً، 11 سبتمبرأو توصيل أسرع غداً 1 متبقى 1 فقط - اطلبه الآن.,True,,,تبقى 1 فقط - اطلبه الآن.,,,False,False
B0D4VDHJFM,"غطاء ايباد برو 13 بوصة من جيه اي تي موديل (2024) مع حامل قلم، غطاء خلفي شفاف مع مسند ظهر مضاد للصدمات وتنبيه وغلق شاشة تلقائي (ستارلايت)، بولي يوريثين مقاوم للحرارة والبولي كربونات والبولي يوريثان | Cover for 2026/2025/2024 Model, Clear Back, Pencil Holder, Slim Shockproof Protection, Tri-Fold Stand, Auto Wake/Sleep",69.99,69.99,SAR,4.6,2602,https://www.amazon.sa/dp/B0D4VDHJFM,https://m.media-amazon.com/images/I/71tsOt4ab0L._AC_UL960_QL65_.jpg,1,69.99,False,False,False,False,,توصيل مجاني السبت، 12 سبتمبر على طلبك الأول.أو توصيل أسرع غداً، 11 سبتمبر,True,,,,,,False,False
B08W3B9RZ4,كيبل USB-C إلى USB-C بطول 4.6 م 100 واط، 20 فولت/5 امبير، شاحن سريع بي دي مضفر لماك بوك برو، ايباد برو/اي ماك اير، سامسونج جالاكسي S21 S20 نوت 20 10، تاب S7، ون بلس 9، سوني PS5، ايباد ميني 6، أحمر,72.22,72.22,SAR,4.4,465,https://www.amazon.sa/dp/B08W3B9RZ4,https://m.media-amazon.com/images/I/71tP39hQQmL._AC_UL960_QL65_.jpg,1,72.22,False,False,False,False,,,False,,,,,,False,False
B0D4QVSX7Y,جيتك شاشة حماية الخصوصية لجهاز ايباد اير 33 سم M4/M3/M2، عبوة واحدة | لطراز 2026/2025/2024، حماية الخصوصية ضد التجسس، زجاج مقسى، أداة سهلة التركيب، تصميم مضاد للخدش,73.99,73.99,SAR,4.2,1112,https://www.amazon.sa/dp/B0D4QVSX7Y,https://m.media-amazon.com/images/I/712NJ0+UvdL._AC_UL960_QL65_.jpg,1,73.99,False,False,False,False,,توصيل مجاني غداً، 11 سبتمبر على طلبك الأول.أو توصيل أسرع اليوم 6:13 م,False,,,,,,False,False
B0D2VPM2NV,"غطاء حماية من جيتك مصنوع من البولي يوريثين الحراري والبولي كربونات ل ايباد برو 13 انش M4 (2024) شفاف | Anti-Yellowing, Shockproof, Hard PC Back, Soft TPU Bumper, Slim Fit Cover, Supports Pencil Pro Charging",48.99,48.99,SAR,4.6,2445,https://www.amazon.sa/dp/B0D2VPM2NV,https://m.media-amazon.com/images/I/61c-JjyhuRL._AC_UL960_QL65_.jpg,1,48.99,False,False,False,False,,توصيل مجاني غداً، 11 سبتمبر على طلبك الأول.أو توصيل أسرع اليوم 6:13 م,True,,,,,,False,False
B09M8FN7C1,شنطة كتف A54,278.74,278.74,SAR,4.6,3645,https://www.amazon.sa/dp/B09M8FN7C1,https://m.media-amazon.com/images/I/71JpJVM30GL._AC_UL960_QL65_.jpg,1,278.74,False,False,False,False,,توصيل بـ‏57.94 ريال الخميس، 8 أكتوبريشحن من خارج السعودية,True,,,,,,False,False
B0BXGQHVV3,جيتك حافظة للأطفال لجهاز ايباد برو 11 انش وايباد اير 5/4 10.9 انش، ازرق | لجهاز ايباد برو 11 انش (2022-2018) واير 5/4 10.9 انش (2022/2020)، واقي شاشة مدمج، حامل مقبض، مضاد للصدمات، صديق للأطفال,76.99,76.99,SAR,4.4,3526,https://www.amazon.sa/dp/B0BXGQHVV3,https://m.media-amazon.com/images/I/71fUuZ4iOTL._AC_UL960_QL65_.jpg,1,76.99,False,False,False,False,,توصيل مجاني غداً، 11 سبتمبر على طلبك الأول.أو توصيل أسرع اليوم 6:13 م,True,,,,,,False,False
B07RYSFCTP,حافظة حماية من بروكيس للأجهزة اللوحية، بتصميم حافظة مصنوعة من البلاستيك الصلب باللون الكحلي,57.99,57.99,SAR,4.4,15143,https://www.amazon.sa/dp/B07RYSFCTP,https://m.media-amazon.com/images/I/61paUrMst3L._AC_UL960_QL65_.jpg,1,57.99,False,False,False,False,,توصيل مجاني غداً، 11 سبتمبر على طلبك الأول.أو توصيل أسرع غداً 1 متبقى 3 فقط - اطلبه الآن.,True,,,تبقى 3 فقط - اطلبه الآن.,,,False,False
B0DZGCRMG6,بروكيس حافظة لجهاز ايباد A16 الجيل 11 11 انش 2025/الجيل العاشر 10.9 انش | حافظة حماية كاملة للكاميرا مع ظهر ناعم من البولي يوريثين الحراري وحامل قلم لجهاز ايباد A16 الجيل الحادي عشر 2025 والجيل,49.99,49.99,SAR,4.6,7273,https://www.amazon.sa/dp/B0DZGCRMG6,https://m.media-amazon.com/images/I/71gCksfhLqL._AC_UL960_QL65_.jpg,1,49.99,False,False,False,False,,توصيل مجاني غداً، 11 سبتمبر على طلبك الأول.أو توصيل أسرع غداً 1 متبقى 2 فقط - اطلبه الآن.,True,,,تبقى 2 فقط - اطلبه الآن.,,,False,False
B0D4QXZV6R,"واقي شاشة من جيتك لآيباد برو 11 إنش M5/M4 (2025/2024) مصنوع من الزجاج المقسى 4 قطع بصلابة 9H و مقاوم للخدش و عالي الوضوح | For 2025/2024 Model, with Camera Lens Protector, HD Clear Tempered Glass, Anti-Scratch Protection, Easy Installation Tool",64.79,71.99,SAR,4.6,8596,https://www.amazon.sa/dp/B0D4QXZV6R,https://m.media-amazon.com/images/I/71eEdzBoB0L._AC_UL960_QL65_.jpg,1,64.79,False,False,False,False,,توصيل مجاني السبت، 12 سبتمبر على طلبك الأول.أو توصيل أسرع اليوم 6:13 م,False,,عرض لمدة محدودة,,,,False,True
B0FH1PY6QC,حافظة حماية قابلة للطي لجهاز ايباد (A16) الجيل 11/10 من جي تيك، ازرق | لطراز 2025/2022، غطاء حامل متعدد الزوايا، حامل أقلام، غطاء واقي رفيع، خاصية التنبيه/النوم التلقائي,62.99,62.99,SAR,4.6,3600,https://www.amazon.sa/dp/B0FH1PY6QC,https://m.media-amazon.com/images/I/81Zw8lq53RL._AC_UL960_QL65_.jpg,1,62.99,False,False,False,False,,توصيل مجاني السبت، 12 سبتمبر على طلبك الأول.أو توصيل أسرع اليوم 6:13 م,True,,,,,,False,False
B07175N8XP,"حافظة حماية من جيتك لآيباد إير 3 10.5 و آيباد برو 10.5، غطاء مصنوع من PC و PU باللون الأسود | Cover for iPad Pro 10.5&quot; 2017, iPad Air 2019 Model, Translucent Back, Tri-Fold Stand, Auto Wake/Sleep, Shockproof",51.99,51.99,SAR,4.5,35504,https://www.amazon.sa/dp/B07175N8XP,https://m.media-amazon.com/images/I/61p-LLxHZsL._AC_UL960_QL65_.jpg,1,51.99,False,False,False,False,,توصيل مجاني غداً، 11 سبتمبر على طلبك الأول.أو توصيل أسرع اليوم 6:13 م,True,,,,,,False,False
B0CG2ZJCMP,"جيتك حافظة مغناطيسية لجهاز ايباد برو 11 انش (موديل 2022/2021/2020/2018)، وايباد اير 5/4 (10.9 انش 2022/2020)، تدعم شحن القلم الجيل الثاني، مرفق مغناطيسي (بينك) | For iPad Air 5/4 10.9&quot; (2022/2020) &amp; Pro 11&quot; (2022/2021/2020/2018), Slim Smart Cover, Auto Wake/Sleep, Lightweight Protection",77.99,77.99,SAR,4.4,6530,https://www.amazon.sa/dp/B0CG2ZJCMP,https://m.media-amazon.com/images/I/71EcZ0Sk0XL._AC_UL960_QL65_.jpg,1,77.99,False,False,False,False,,توصيل مجاني السبت، 12 سبتمبر على طلبك الأول.أو توصيل أسرع غداً، 11 سبتمبر,True,,,,,,False,False
B0CN35X4PN,"جيتك حافظة دوارة لجهاز ايباد (A16) الجيل 11/10 (2025/2022) مع حامل قلم، غطاء حامل واقي دوار 360 درجة بظهر شفاف، خاصية التنبيه/السكون التلقائي (بينك) | Cover for 2025/2022 Model, Multi-Angle Stand, Clear Back, Auto Wake/Sleep, Pencil Holder, Full Protection",64.99,64.99,SAR,4.5,11031,https://www.amazon.sa/dp/B0CN35X4PN,https://m.media-amazon.com/images/I/616m2v4SMhL._AC_UL960_QL65_.jpg,1,64.99,False,False,False,False,تم شراء 50+ سلعة في الشهر الماضي,توصيل مجاني غداً، 11 سبتمبر على طلبك الأول.أو توصيل أسرع اليوم 6:13 م,True,,,,,,False,False
B0FK27ZSP2,ايبروكو واقي شاشة مغناطيسي ورقي متوافق مع ايباد اير 5 (2022) وايباد اير الجيل الرابع (2020) 10.9 انش وايباد برو 11 (2022، 2021، 2020، 2018)، غشاء ورقي من البولي ايثيلين تيرفثالات للكتابة والرسم,40.0,60.0,SAR,3.9,52,https://www.amazon.sa/dp/B0FK27ZSP2,https://m.media-amazon.com/images/I/71FQr1NxSfL._AC_UL960_QL65_.jpg,1,40.0,False,False,False,False,,توصيل مجاني غداً، 11 سبتمبر على طلبك الأول.أو توصيل أسرع غداً 1 م,False,,عرض لمدة محدودة,,,,False,True
B0CG2ZR1KM,جيتك حافظة لجهاز ايباد برو 11 انش 4/3/2/1 (2022/2021/2020/2018)، فضي | تصميم خلفي شفاف نحيف، حامل ثلاثي الطيات، خاصية التنبيه/النوم التلقائي، غطاء خفيف الوزن مضاد للصدمات,53.99,53.99,SAR,4.0,16848,https://www.amazon.sa/dp/B0CG2ZR1KM,https://m.media-amazon.com/images/I/61fbjQwaeuL._AC_UL960_QL65_.jpg,1,53.99,False,False,False,False,,توصيل مجاني غداً، 11 سبتمبر على طلبك الأول.أو توصيل أسرع اليوم 6:13 م,True,,,,,,False,False
B0BPNY4SVV,جيتك حافظة حماية للاطفال لجهاز ايباد (A16) الجيل 11/10، اسود | لطراز 2025/2022، واقي شاشة مدمج، حامل مقبض، مضاد للصدمات، صديق للأطفال,77.99,77.99,SAR,4.3,3159,https://www.amazon.sa/dp/B0BPNY4SVV,https://m.media-amazon.com/images/I/71ITXsL2JHL._AC_UL960_QL65_.jpg,1,77.99,False,False,False,False,,توصيل مجاني غداً، 11 سبتمبر على طلبك الأول.أو توصيل أسرع اليوم 6:13 م,True,,,,,,False,False
B07QMSWCXH,جيتك حافظة لجهاز ايباد الجيل السادس/الخامس 9.7 انش (2018/2017)، كحلي داكن | تصميم خلفي شفاف نحيف، حامل ثلاثي الطيات، خاصية التنبيه/النوم التلقائي، غطاء خفيف الوزن مضاد للصدمات,47.99,47.99,SAR,4.5,113019,https://www.amazon.sa/dp/B07QMSWCXH,https://m.media-amazon.com/images/I/618zTkY23iL._AC_UL960_QL65_.jpg,1,47.99,False,False,False,False,,توصيل مجاني غداً، 11 سبتمبر على طلبك الأول.أو توصيل أسرع غداً 1 م,True,,,,,,False,False
B0BLJK5R8W,"واقي شاشة من جيه تك لآيباد ميني A17 برو (2024) مصنوع من الزجاج المقسى مضاد للتجسس ومقاوم للخدش | For 8.3&quot; 2024/2021 Model, Anti-Spy Privacy Protection, Tempered Glass",69.99,69.99,SAR,4.3,5749,https://www.amazon.sa/dp/B0BLJK5R8W,https://m.media-amazon.com/images/I/61mMZqieBYL._AC_UL960_QL65_.jpg,1,69.99,False,False,False,False,,توصيل مجاني غداً، 11 سبتمبر على طلبك الأول.أو توصيل أسرع اليوم 6:13 م,False,,,,,,False,False
B09XBG1T3K,جيتك حافظة لجهاز ايباد الجيل التاسع/الثامن/السابع 10.2 بوصة، اسود | حماية ناعمة من البولي يوريثين الحراري، حامل أقلام، حامل ثلاثي الطيات، غطاء خفيف الوزن مضاد للصدمات، خاصية الاستيقاظ/النوم,57.59,63.99,SAR,4.6,7688,https://www.amazon.sa/dp/B09XBG1T3K,https://m.media-amazon.com/images/I/61AA1I46xTL._AC_UL960_QL65_.jpg,1,57.59,False,False,False,False,,توصيل مجاني غداً، 11 سبتمبر على طلبك الأول.أو توصيل أسرع اليوم 6:13 م,True,,عرض لمدة محدودة,,,,False,True
B0B5GKQVBC,"حافظة حماية من جيتك لجهاز آيباد إير 3، غطاء مصنوع من TPU و PU بلون ميستي أخضر | Soft TPU Protection, Pencil Holder, Tri-Fold Stand, Lightweight Shockproof Cover, Auto Wake/Sleep",62.99,62.99,SAR,4.6,3967,https://www.amazon.sa/dp/B0B5GKQVBC,https://m.media-amazon.com/images/I/71ip0cbUEbL._AC_UL960_QL65_.jpg,1,62.99,False,False,False,False,,توصيل مجاني السبت، 12 سبتمبر على طلبك الأول.أو توصيل أسرع غداً، 11 سبتمبر,True,,,,,,False,False
B0CG36QD5M,"حافظة حماية من جيتك لآيباد إير 11 إنش و10.9 إنش، حافظة مصنوعة من PU-TPU-PC باللون الفضي | Cover for iPad Air 11&quot; (2026-2024) &amp; Air 5/4 10.9&quot; (2022/2020), Clear Back, Pencil Holder, Shockproof, Tri-Fold Stand",69.99,69.99,SAR,4.6,14298,https://www.amazon.sa/dp/B0CG36QD5M,https://m.media-amazon.com/images/I/61zmUmtbKPL._AC_UL960_QL65_.jpg,1,69.99,False,False,False,False,,توصيل مجاني السبت، 12 سبتمبر على طلبك الأول.أو توصيل أسرع غداً، 11 سبتمبر,True,,,,,,False,False
B0DK9DC3TT,ايه بيوتي حافظة لجهاز ايباد الجيل التاسع/الثامن/السابع 10.2 بوصة - بينك | مع حامل قلم، غطاء حامل دوار خلفي شفاف، خاصية التنبيه/السكون التلقائي,59.99,59.99,SAR,4.2,638,https://www.amazon.sa/dp/B0DK9DC3TT,https://m.media-amazon.com/images/I/61VdY5mbEJL._AC_UL960_QL65_.jpg,1,59.99,False,False,False,False,,توصيل مجاني غداً، 11 سبتمبر على طلبك الأول.أو توصيل أسرع غداً 1 م,True,,,,,,False,False
B09P5WZJ3Y,"جيتك غطاء حماية لجهاز ايباد برو 12.9 انش الجيل السادس/الخامس (2022/2021)، كحلي | Slim Translucent Back Design, Tri-Fold Stand, Auto Wake/Sleep, Lightweight Shockproof Cover",62.99,62.99,SAR,4.4,8374,https://www.amazon.sa/dp/B09P5WZJ3Y,https://m.media-amazon.com/images/I/61RcsohhkrL._AC_UL960_QL65_.jpg,1,62.99,False,False,False,False,,توصيل مجاني غداً، 11 سبتمبر على طلبك الأول.أو توصيل أسرع غداً 1 م,True,,,,,,False,False
B0C589XW7Z,جيتك حافظة لجهاز ايباد (A16) الجيل 11/10، ازرق | غطاء لموديل 2025/2022، ظهر شفاف شفاف، حامل أقلام، نحيف مضاد للصدمات، حامل ثلاثي الطيات، خاصية الاستيقاظ/النوم التلقائي,68.99,68.99,SAR,4.6,10691,https://www.amazon.sa/dp/B0C589XW7Z,https://m.media-amazon.com/images/I/61AGO13n8GL._AC_UL960_QL65_.jpg,1,68.99,False,False,False,False,,توصيل مجاني غداً، 11 سبتمبر على طلبك الأول.أو توصيل أسرع غداً 1 م,True,,,,,,False,False
B08BTVPTWG,كومفيابل حافظة تابلت متوافقة مع ايباد اير 11 انش M3 2025 وايباد برو 11 انش M5 2025 وكيبورد ذكي/ماجيك مع حامل قلم - شنطة جلد البولي يوريثين - حافظة رفيعة مقاومة للماء - بني,119.99,119.99,SAR,4.6,2237,https://www.amazon.sa/dp/B08BTVPTWG,https://m.media-amazon.com/images/I/71ZaALKzwDL._AC_UL960_QL65_.jpg,1,119.99,False,False,False,False,,توصيل مجاني غداً، 11 سبتمبرأو توصيل أسرع غداً 1 متبقى 3 فقط - اطلبه الآن.,True,,,تبقى 3 فقط - اطلبه الآن.,,,False,False
B0CN34QV24,"حافظة حماية من جي إي تك لآيباد برو 11 إنش (موديل 2022/2021)، فوليو دوارة من البولي كربونات و البولي يوريثان باللون الوردي الذهبي | Cover for 2022/2021 Model, Multi-Angle Stand, Clear Back Design, Auto Wake/Sleep, Pencil Holder, Full Protection",70.99,70.99,SAR,4.3,2055,https://www.amazon.sa/dp/B0CN34QV24,https://m.media-amazon.com/images/I/71Juunm4MIL._AC_UL960_QL65_.jpg,1,70.99,False,False,False,False,,توصيل مجاني السبت، 12 سبتمبر على طلبك الأول.أو توصيل أسرع غداً، 11 سبتمبر,True,,,,,,False,False
B0DNM8GX79,بروكيس حافظة للاطفال لجهاز ايباد الجيل 11/10، حامل قلم، اكوا | غطاء خفيف الوزن مضاد للصدمات مع حامل مقبض قابل للتحويل للأطفال والأطفال الصغار,69.99,76.99,SAR,4.3,2227,https://www.amazon.sa/dp/B0DNM8GX79,https://m.media-amazon.com/images/I/61rS3Q2QMQL._AC_UL960_QL65_.jpg,1,69.99,False,False,False,False,,توصيل مجاني غداً، 11 سبتمبر على طلبك الأول.أو توصيل أسرع غداً 1 متبقى 2 فقط - اطلبه الآن.,True,,,تبقى 2 فقط - اطلبه الآن.,,,False,True
B0FJ84JQMB,ايه بيوتي حافظة لجهاز ايباد اير 11 انش M4/M3/M2، ايباد اير 5/4 10.9 انش | غطاء رفيع على شكل حرف Y مع غلاف خلفي شفاف، حامل قلم، خاصية السكون التلقائي,49.99,49.99,SAR,4.3,50,https://www.amazon.sa/dp/B0FJ84JQMB,https://m.media-amazon.com/images/I/71SHiM3PWyL._AC_UL960_QL65_.jpg,1,49.99,False,False,False,False,,توصيل مجاني السبت، 12 سبتمبر على طلبك الأول.أو توصيل أسرع غداً، 11 سبتمبر,True,,,,,,False,False
B0F7RBL38R,جيتك حافظة لامعة لجهاز ايباد اير 11 بوصة M4/M3/M2 وايباد اير 5/4، لون ذهبي | غطاء لجهاز ايباد اير 11 انش (2026-2024) واير 5/4 10.9 انش (2022/2020)، تصميم لامع، حامل أقلام، ظهر شفاف، صديق للأطفال,63.99,63.99,SAR,4.4,929,https://www.amazon.sa/dp/B0F7RBL38R,https://m.media-amazon.com/images/I/81-sFjOuxsL._AC_UL960_QL65_.jpg,1,63.99,False,False,False,False,,توصيل مجاني غداً، 11 سبتمبر على طلبك الأول.أو توصيل أسرع غداً 1 م,True,,,,,,False,False
B0GVKDXG8R,قلم ستايلس من ديجيروت متوافق مع آيباد، ميلك أبيض | قلم ايباد بمنفذ USB-C للشحن السريع لمدة 15 دقيقة مع خاصية رفض راحة اليد وحساسية الميل لجهاز ايباد 2018-2026 برو اير ميني,79.99,99.99,SAR,4.6,829,https://www.amazon.sa/dp/B0GVKDXG8R,https://m.media-amazon.com/images/I/51uq6AIN74L._AC_UL960_QL65_.jpg,1,79.99,False,False,False,False,,توصيل مجاني السبت، 12 سبتمبر على طلبك الأول.أو توصيل أسرع غداً، 11 سبتمبر,True,,عرض لمدة محدودة,,,,False,True
B0DS49BWZK,ايه بيوتي حافظة لجهاز ايباد اير 13 بوصة M4/M3/M2، ايباد برو 12.9 بوصة | غطاء رفيع على شكل حرف Y مع غلاف خلفي شفاف، حامل قلم، خاصية السكون التلقائي,69.99,69.99,SAR,4.3,111,https://www.amazon.sa/dp/B0DS49BWZK,https://m.media-amazon.com/images/I/61Cdss8ki4L._AC_UL960_QL65_.jpg,1,69.99,False,False,False,False,,توصيل مجاني السبت، 12 سبتمبر على طلبك الأول.أو توصيل أسرع غداً، 11 سبتمبرتبقى 4 فقط - اطلبه الآن.,True,,,تبقى 4 فقط - اطلبه الآن.,,,False,False
B07QQZDYGJ,"حافظة من جي تك لايباد 10.2 انش (موديل 2020/2021/2019 الجيل 9/8/7)، بغطاء لتنشيط/سكون تلقائي (كحلي)، بولي يوريثين وبولي كربونات | Slim Translucent Back Design, Tri-Fold Stand, Auto Wake/Sleep, Lightweight Shockproof Cover",53.99,53.99,SAR,4.4,157298,https://www.amazon.sa/dp/B07QQZDYGJ,https://m.media-amazon.com/images/I/61ZfiwzYf6L._AC_UL960_QL65_.jpg,1,53.99,False,False,False,False,,توصيل مجاني غداً، 11 سبتمبر على طلبك الأول.أو توصيل أسرع غداً 1 م,True,,,,,,False,False
B0BBMX31JL,"هارفوبو حافظة متوافقة مع ايباد اير 11 انش/ 10.9 انش اير الجيل الخامس الرابع مع كيبورد - اضاءة خلفية قابلة للفصل، غطاء كيبورد قابل للطي مع حامل قلم لجهاز ايباد اير 11 انش M4/M3/M2 واير 5/ اير 4 (اخضر) | 7 Colors Backlit, Detachable Keyboard Folio Cover for iPad Air 11-inch M4/M3/M2, Air 5/Air 4 10.9&quot; with Pencil Holder, Green",190.24,190.24,SAR,4.3,4304,https://www.amazon.sa/dp/B0BBMX31JL,https://m.media-amazon.com/images/I/61o4kb6qa3L._AC_UL960_QL65_.jpg,1,190.24,False,False,False,False,,,True,,,,,,False,False
B0GJDM3YL8,حافظة حماية من موفت للأجهزة اللوحية بتصميم فوليو مصنوعة من جلد موفاس و بوليكربونات باللون الأسود الفاحم,299.99,299.99,SAR,4.0,203,https://www.amazon.sa/dp/B0GJDM3YL8,https://m.media-amazon.com/images/I/711WuN3EfeL._AC_UL960_QL65_.jpg,1,299.99,False,False,False,False,,توصيل مجاني غداً، 11 سبتمبرأو توصيل أسرع غداً 1 متبقى 2 فقط - اطلبه الآن.,True,,,تبقى 2 فقط - اطلبه الآن.,,,False,False
B0CC4VP5XJ,"حافظة حماية من جيتك لآيباد إير 11 إنش و10.9 إنش، تصميم حافظة من TPU و PU باللون الكحلي | Cover for iPad Air 11&quot; (2026-2024) &amp; Air 5/4 10.9&quot; (2022/2020), Soft TPU, Pencil Holder, Tri-Fold Stand, Auto Wake",62.99,62.99,SAR,4.4,10106,https://www.amazon.sa/dp/B0CC4VP5XJ,https://m.media-amazon.com/images/I/711r-65T33L._AC_UL960_QL65_.jpg,1,62.99,False,False,False,False,,توصيل مجاني السبت، 12 سبتمبر على طلبك الأول.أو توصيل أسرع غداً، 11 سبتمبر,True,,,,,,False,False
B0BJKQPN5K,"حافظة حماية من جيه تك لآيباد برو 11 إنش (2021/2020/2018)، غطاء مصنوع من TPU و PC باللون الأزرق الفاتح | Cover for 2022/2021/2020/2018 Model, Clear Back, Pencil Holder, Slim Shockproof, Tri-Fold Stand, Auto Wake/Sleep",68.99,68.99,SAR,4.5,5752,https://www.amazon.sa/dp/B0BJKQPN5K,https://m.media-amazon.com/images/I/71s1m+RoDJL._AC_UL960_QL65_.jpg,1,68.99,False,False,False,False,,توصيل مجاني السبت، 12 سبتمبر على طلبك الأول.أو توصيل أسرع اليوم 6:13 م,True,,,,,,False,False
B0GT94WQTZ,حافظة كيبورد عربية قابلة للدوران 360 درجة لايباد 10.2 انش الجيل التاسع 2021/الجيل الثامن 2020/الجيل السابع 2019/اير 3/برو 10.5 انش مع لوحة تحكم باللمس ذكية متعددة اللمس، كيبورد باضاءة خلفية 11 لون,179.0,179.0,SAR,5.0,1,https://www.amazon.sa/dp/B0GT94WQTZ,https://m.media-amazon.com/images/I/61Y-nsqtYoL._AC_UL960_QL65_.jpg,1,179.0,False,False,False,False,,توصيل مجاني غداً، 11 سبتمبرأو توصيل أسرع غداً 1 م,False,,,,,,False,False
B0GX3CWGTS,غطاء كاميرا خصوصية، غطاء كاميرا ويب متوافق مع ايباد/ايباد برو/ايباد اير/ايباد ميني/جالكسي تاب اس 11/جالكسي تاب اس ال الترا، حماية الخصوصية والامان، حماية من انزلاق الكاميرا، عبوة من قطعتين,71.32,71.32,SAR,5.0,1,https://www.amazon.sa/dp/B0GX3CWGTS,https://m.media-amazon.com/images/I/61gXkUOAYaL._AC_UL960_QL65_.jpg,1,71.32,False,False,False,False,,,False,,,,,,False,False
B0GMWDK1N4,"قلم إدخال من ديجيروت متوافق مع آيباد برو 11/12.9/13 إنش و آيباد إير و آيباد ميني باللون الفاتح | Tilt Sensitivity Pencil Compatible with i-Pad Pro11&quot;/12.9&quot;/13&quot;, Air3-5/11&quot;/13&quot;, Mini5/6, i-Pad 6-11 for note-taking, drawing",59.99,79.99,SAR,4.6,770,https://www.amazon.sa/dp/B0GMWDK1N4,https://m.media-amazon.com/images/I/51fo6ysEzrL._AC_UL960_QL65_.jpg,1,59.99,False,False,False,False,,توصيل مجاني غداً، 11 سبتمبر على طلبك الأول.أو توصيل أسرع غداً 1 م,True,,,,,,False,True
B0D4VHXV1X,جيتك حافظة لجهاز ايباد برو 33 سم M5/M4 (2025/2024)، ارجواني | ظهر شفاف شفاف، حامل أقلام، غطاء نحيف مضاد للصدمات، حامل ثلاثي الطيات، خاصية الاستيقاظ/النوم التلقائي,69.99,69.99,SAR,4.6,1694,https://www.amazon.sa/dp/B0D4VHXV1X,https://m.media-amazon.com/images/I/712Lo7R1nGL._AC_UL960_QL65_.jpg,1,69.99,False,False,False,False,,توصيل مجاني غداً، 11 سبتمبر على طلبك الأول.أو توصيل أسرع غداً 1 م,True,,,,,,False,False
B0DX1X6TRT,"حافظة حماية من موكو لآيباد جيل 11 مقاس 11 إنش 2025 و آيباد جيل 10 مقاس 10.9 إنش 2022، مصنوعة من جلد PU و بولي كربونات بلون فضي | For iPad 10th Generation Case 10.9 Inch 2022, Slim Light Trifold Protective Cover with Hard PC Clear Back Shell, Silver",59.98,59.98,SAR,4.6,2624,https://www.amazon.sa/dp/B0DX1X6TRT,https://m.media-amazon.com/images/I/71wh8SwbyML._AC_UL960_QL65_.jpg,1,59.98,False,False,False,False,,توصيل مجاني غداً، 11 سبتمبر على طلبك الأول.أو توصيل أسرع غداً 1 م,True,,,,,,False,False
B0D5CQ1NCQ,"واقي شاشة من جيتك لآيباد برو 11 و13 إنش M4 مصنوع من الزجاج المقسى 3 قطع مقاوم للخدش وسهل التركيب | 9H HD Clear Tempered Glass, Full Coverage Protection, Anti-Scratch Design, Easy Installation",33.99,33.99,SAR,4.6,2685,https://www.amazon.sa/dp/B0D5CQ1NCQ,https://m.media-amazon.com/images/I/71i21zWyauL._AC_UL960_QL65_.jpg,1,33.99,False,False,False,False,,توصيل مجاني غداً، 11 سبتمبر على طلبك الأول.أو توصيل أسرع اليوم 6:13 م,False,,,,,,False,False
B0GVH684N6,كابل من أفيبريكس بطول 1 متر نوع USB-C إلى HDMI متوافق مع آيفون 17 وماك بوك برو وآيباد برو وجالاكسي S26 وسيرفس بوك 2,80.99,86.99,SAR,4.6,3512,https://www.amazon.sa/dp/B0GVH684N6,https://m.media-amazon.com/images/I/61by1T5lSoL._AC_UL960_QL65_.jpg,1,80.99,False,False,False,False,,توصيل مجاني غداً، 11 سبتمبر على طلبك الأول.أو توصيل أسرع اليوم 6:13 م,False,,عرض لمدة محدودة,,,,False,True
B0DH3646NX,جيتك حافظة حماية دوارة 360 درجة لجهاز ايباد اير 33 سم M4/M3/M2، زهري رملي | غطاء لموديل 2026/2025/2024، حامل متعدد الزوايا، تصميم خلفي شفاف، خاصية التنبيه/السكون التلقائي، حامل قلم، حماية كاملة,81.99,81.99,SAR,4.4,3635,https://www.amazon.sa/dp/B0DH3646NX,https://m.media-amazon.com/images/I/71J9+AN1atL._AC_UL960_QL65_.jpg,1,81.99,False,False,False,False,,توصيل مجاني غداً، 11 سبتمبر على طلبك الأول.أو توصيل أسرع اليوم 6:13 م,True,,,,,,False,False
B0D95QKXSG,"حافظة حماية من بروكيس للأجهزة اللوحية، بتصميم حافظة مصنوعة من البلاستيك الصلب باللون البنفسجي | Slim protective hard-back smart cover for iPad 10.2&quot; 9th/8th/7th Gen, released 2021/2020/2019",46.99,46.99,SAR,4.4,177861,https://www.amazon.sa/dp/B0D95QKXSG,https://m.media-amazon.com/images/I/71JO+9cBYtL._AC_UL960_QL65_.jpg,1,46.99,False,False,False,False,,توصيل مجاني السبت، 12 سبتمبر على طلبك الأول.أو توصيل أسرع غداً، 11 سبتمبرتبقى 1 فقط - اطلبه الآن.,True,,,تبقى 1 فقط - اطلبه الآن.,,,False,False
B07Q431Y7P,جيتك حافظة لجهاز ايباد ميني الجيل الخامس (2019)، اسود | تصميم خلفي شفاف نحيف، حامل ثلاثي الطيات، خاصية التنبيه/النوم التلقائي، غطاء خفيف الوزن مضاد للصدمات,44.99,44.99,SAR,4.5,18662,https://www.amazon.sa/dp/B07Q431Y7P,https://m.media-amazon.com/images/I/61b6CVieF5L._AC_UL960_QL65_.jpg,1,44.99,False,False,False,False,,توصيل مجاني السبت، 12 سبتمبر على طلبك الأول.أو توصيل أسرع غداً، 11 سبتمبر,True,,,,,,False,False
B0GX3MVD1D,غطاء كاميرا خصوصية، غطاء كاميرا ويب متوافق مع ايباد/ايباد برو/ايباد اير/ايباد ميني/جالكسي تاب اس 11/جالكسي تاب اس ال الترا، حماية الخصوصية والامان، حماية من انزلاق الكاميرا، عبوة من قطعتين,72.88,72.88,SAR,,0,https://www.amazon.sa/dp/B0GX3MVD1D,https://m.media-amazon.com/images/I/61XunRZ5-lL._AC_UL960_QL65_.jpg,1,72.88,False,False,False,False,,,False,,,,,,False,False
B0DLVWM3Z9,جيتك حافظة حماية دوارة 360 درجة لجهاز ايباد ميني A17 برو/الجيل السادس (2024 | غطاء حامل متعدد الزوايا، تصميم خلفي شفاف، خاصية التنبيه/النوم التلقائي، حامل قلم، حماية كاملة,69.99,69.99,SAR,4.3,3530,https://www.amazon.sa/dp/B0DLVWM3Z9,https://m.media-amazon.com/images/I/71GdhGGnoaL._AC_UL960_QL65_.jpg,1,69.99,False,False,False,False,,توصيل مجاني غداً، 11 سبتمبر على طلبك الأول.أو توصيل أسرع غداً 1 م,True,,,,,,False,False
B0B7ZSVFRF,"جيتك حافظة حماية للاطفال لجهاز ايباد 10.2 انش (الجيل التاسع/الثامن/السابع، 2021/2020/2019) مع شاشة حماية مدمجة، غطاء حماية للتابلت بمقبض كامل مضاد للصدمات (لون بنفسجي) | Built-in Screen Protector, Handle Stand, Shockproof Full-Body Protection, Kid-Friendly Design",77.99,77.99,SAR,4.5,3346,https://www.amazon.sa/dp/B0B7ZSVFRF,https://m.media-amazon.com/images/I/71MpbSx7UwL._AC_UL960_QL65_.jpg,1,77.99,False,False,False,False,,توصيل مجاني غداً، 11 سبتمبر على طلبك الأول.أو توصيل أسرع اليوم 6:13 م,True,,,,,,False,False
B0H1Q6QH75,بروكيس حافظة لجهاز ايباد اير 13 انش M4/M3/M2 (2026/2025/2024) مع حامل قلم | جراب حماية ذكي نحيف لجهاز ايباد 13 اير M4 M3 M2 مع ظهر شفاف يدعم خاصية التعرف باللمس وخاصية التنبيه/النوم التلقائي,59.99,59.99,SAR,3.9,58,https://www.amazon.sa/dp/B0H1Q6QH75,https://m.media-amazon.com/images/I/71ibtGan7CL._AC_UL960_QL65_.jpg,1,59.99,False,False,False,False,,توصيل مجاني غداً، 11 سبتمبر على طلبك الأول.أو توصيل أسرع غداً 1 متبقى 4 فقط - اطلبه الآن.,True,,,تبقى 4 فقط - اطلبه الآن.,,,False,False
B0DYDHGZ68,حافظة حماية من بروكيس لآيباد إير 11 و10.9 إنش، غطاء مصنوع من TPU بلون سكاي أزرق | Pencil holder with trifold stand and soft TPU back for iPad Air 11&quot; M4/M3/M2 and 10.9&quot; 5th/4th Gen,56.99,56.99,SAR,4.6,2491,https://www.amazon.sa/dp/B0DYDHGZ68,https://m.media-amazon.com/images/I/61gRqZ64rqL._AC_UL960_QL65_.jpg,1,56.99,False,False,False,False,,توصيل مجاني غداً، 11 سبتمبر على طلبك الأول.أو توصيل أسرع غداً 1 متبقى 3 فقط - اطلبه الآن.,True,,,تبقى 3 فقط - اطلبه الآن.,,,False,False
B0CG322SJZ,"حافظة حماية من جيتك لجهاز آيباد ميني A17 برو (2024)، بتصميم غطاء مصنوعة من PU-PC بلون ستارلايت | Slim Smart Design Cover, Auto Wake/Sleep, Lightweight Protection",64.99,64.99,SAR,4.5,2866,https://www.amazon.sa/dp/B0CG322SJZ,https://m.media-amazon.com/images/I/71Q5IANrURL._AC_UL960_QL65_.jpg,1,64.99,False,False,False,False,,توصيل مجاني غداً، 11 سبتمبر على طلبك الأول.أو توصيل أسرع غداً 1 م,True,,,,,,False,False
B0BSLL6B6B,"حافظة حماية من موكو لآيباد الجيل العاشر 10.9 بوصة 2022، بتصميم حافظة وغطاء مصنوعة من جلد PU وبولي كربونات بلون أزرق ستاري سكاي | For iPad 11/10.9 Inch Case 2025/2022, Slim Stand Hard PC Translucent Back Shell Smart Cover,Support Touch ID,Auto Wake/Sleep",49.94,49.94,SAR,4.6,36556,https://www.amazon.sa/dp/B0BSLL6B6B,https://m.media-amazon.com/images/I/91lv5DzwktL._AC_UL960_QL65_.jpg,1,49.94,False,False,False,False,,توصيل مجاني السبت، 12 سبتمبر على طلبك الأول.أو توصيل أسرع غداً، 11 سبتمبر,True,,,,,,False,False
B07WYCP6KS,"حافظة حماية من موكو لآيباد 10.2 بوصة الجيل 7 و 8 و 9، حافظة مصنوعة من بولي كربونات و جلد PU و مايكروفايبر بلون ووتر كلر | Slim Stand Hard Back Shell Smart Cover Case with Translucent Frosted Back ,Auto Wake/Sleep ,Fit iPad 10.2 Inch 2021/2020/2019",49.94,49.94,SAR,4.6,44595,https://www.amazon.sa/dp/B07WYCP6KS,https://m.media-amazon.com/images/I/61If7oSXllL._AC_UL960_QL65_.jpg,1,49.94,False,False,False,False,,توصيل مجاني غداً، 11 سبتمبر على طلبك الأول.أو توصيل أسرع غداً 1 م,True,,,,,,False,False
B0G4C5LXF3,حافظة حماية من فورتبولي متوافقة مع الأجهزة اللوحية، حافظة واقية مصنوعة من الأكريليك باللون الرمادي,59.99,59.99,SAR,4.1,34,https://www.amazon.sa/dp/B0G4C5LXF3,https://m.media-amazon.com/images/I/61xqES9fiNL._AC_UL960_QL65_.jpg,1,59.99,False,False,False,False,,توصيل مجاني غداً، 11 سبتمبر على طلبك الأول.أو توصيل أسرع غداً 1 متبقى 2 فقط - اطلبه الآن.,True,,,تبقى 2 فقط - اطلبه الآن.,,,False,False
B0FZBCTC22,تابلت سامسونج جالكسي تاب A11، واي فاي، اندرويد، ذاكرة رام 8 جيجابايت، وتخزين 128 جيجابايت، شاشة 11 بوصة (إصدار المملكة العربية السعودية)، رمادي,699.0,999.0,SAR,4.3,77,https://www.amazon.sa/dp/B0FZBCTC22,https://m.media-amazon.com/images/I/61CUazyp4SL._AC_UL960_QL65_.jpg,14,629.1,False,False,False,False,تم شراء 400+ سلعة في الشهر الماضي,توصيل مجاني اليوم 6:13 م,True,,,,,,False,True
B0FQ5TRQTD,تابلت سامسونج جالكسي تاب A11 واي فاي بنظام اندرويد وذاكرة رام 4 جيجابايت وتخزين 64 جيجابايت، شاشة 8.7 بوصة، رمادي، إصدار المملكة العربية السعودية,461.0,461.0,SAR,4.4,151,https://www.amazon.sa/dp/B0FQ5TRQTD,https://m.media-amazon.com/images/I/61qFnonfCEL._AC_UL960_QL65_.jpg,1,461.0,False,False,False,False,تم شراء 100+ سلعة في الشهر الماضي,توصيل مجاني غداً، 11 سبتمبرأو توصيل أسرع غداً 1 م,True,,,,,,False,False
B0GZWHPD35,تابلت هونر باد X8b واي فاي بشاشة 11 بوصة 90Hz FHD وبطارية 10100mAh ورام 4GB وسعة تخزين 64GB قابلة للتوسعة حتى 1TB مقاومة سقوط معتمدة من SGS 5 نجوم مع 4 مكبرات صوت وشحن سريع 15 واط وهيكل معدني، رمادي,649.0,649.0,SAR,4.4,47,https://www.amazon.sa/dp/B0GZWHPD35,https://m.media-amazon.com/images/I/51fLsZAMFsL._AC_UL960_QL65_.jpg,4,584.1,False,False,False,False,تم شراء 100+ سلعة في الشهر الماضي,توصيل مجاني اليوم 6:13 م,False,,,,,,False,False
B0GYNWBCJL,تابلت للاطفال مقاس 7 انش، اندرويد 14، ذاكرة RAM 8GB، تخزين 128GB، تحكم ابوي، حافظة مضادة للصدمات، واي فاي وبلوتوث، كاميرا مزدوجة، صديق للاطفال (ازرق),199.0,199.0,SAR,,0,https://www.amazon.sa/dp/B0GYNWBCJL,https://m.media-amazon.com/images/I/71CxqwIK0KL._AC_UL960_QL65_.jpg,1,199.0,False,False,False,False,,توصيل مجاني السبت، 12 سبتمبرأو توصيل أسرع غداً، 11 سبتمبر,False,,,,,,False,False
B0CW36162D,تابلت اوتيتو تاب 11 برو 5G+ واي فاي مع حافظة كيبورد وقلم وماوس - 8 جيجابايت / 512 جيجابايت - ازرق,350.0,350.0,SAR,2.6,88,https://www.amazon.sa/dp/B0CW36162D,https://m.media-amazon.com/images/I/71zQpL--tPL._AC_UL960_QL65_.jpg,3,290.0,False,False,False,False,,توصيل مجاني السبت، 12 سبتمبرأو توصيل أسرع غداً، 11 سبتمبر,True,,,,,,False,False
B0FQ5XPNH7,تابلت سامسونج جالكسي تاب A11، واي فاي، اندرويد، رمادي، ذاكرة رام 8 جيجابايت، وتخزين 128 جيجابايت، شاشة 8.7 بوصة (إصدار المملكة العربية السعودية),669.0,749.0,SAR,4.4,152,https://www.amazon.sa/dp/B0FQ5XPNH7,https://m.media-amazon.com/images/I/61qFnonfCEL._AC_UL960_QL65_.jpg,5,654.38,False,False,False,False,تم شراء 100+ سلعة في الشهر الماضي,توصيل مجاني اليوم 6:13 م,True,,,,,,False,True
B0FZBHY4F7,تابلت سامسونج جالكسي تاب A11+، واي فاي، اندرويد، فضي، 6 جيجابايت RAM، تخزين 128 جيجابايت، شاشة 11 بوصة (إصدار المملكة العربية السعودية),699.0,999.0,SAR,4.3,77,https://www.amazon.sa/dp/B0FZBHY4F7,https://m.media-amazon.com/images/I/61W8FPBdBML._AC_UL960_QL65_.jpg,1,699.0,False,False,False,False,تم شراء 100+ سلعة في الشهر الماضي,توصيل مجاني اليوم 6:13 م,True,,,,,,False,True
B0DCC2NZ6B,تابلت ذكي سي ايديا 10 انش CM8800 بلس بنظام اندرويد 13 للاطفال، يدعم كيبورد وماوس بدون اسلاك، ثنائي شرائح الاتصال 5G LTE واي فاي، يدعم زووم وتيك توك مع سماعات اذن ومكبر صوت بلوتوث صغير (اسود),309.0,309.0,SAR,5.0,1,https://www.amazon.sa/dp/B0DCC2NZ6B,https://m.media-amazon.com/images/I/71kq6DYkWZL._AC_UL960_QL65_.jpg,1,309.0,False,False,False,False,,توصيل بـ‏12 ريال سبتمبر 14 - 15تبقى 1 فقط - اطلبه الآن.,False,,,تبقى 1 فقط - اطلبه الآن.,,,False,False
B0DQQB1ZG1,تابلت لينوفو، 10 بوصة، لون رمادي لونا، معالج ميديا تك® جي 85 أو سي 2.0 جيجاهرتز، ذاكرة عشوائية 4 GB، سعة تخزين 64 GB، واي فاي، بطارية 5100 مللي أمبير، رقم الموديل TB311FU، مع حافظة شفافة، ZAEH0050SA,544.0,544.0,SAR,4.3,21,https://www.amazon.sa/dp/B0DQQB1ZG1,https://m.media-amazon.com/images/I/61wK-HLiFRL._AC_UL960_QL65_.jpg,1,544.0,False,False,False,False,,توصيل مجاني اليوم 6:13 م,False,,,,,,False,False
B0GDXY4W7J,تابلت ايه 17 برو ماكس 10.1 انش بنظام اندرويد 15 وذاكرة RAM 24GB وروم 1TB وبطارية 10000mAh وواي فاي 5G وشاشة FHD IPS ومعالج ثماني النواة وبلوتوث وكاميرا مزدوجة,400.0,400.0,SAR,,0,https://www.amazon.sa/dp/B0GDXY4W7J,https://m.media-amazon.com/images/I/71aruBpINlL._AC_UL960_QL65_.jpg,1,400.0,False,False,False,False,,توصيل مجاني السبت، 12 سبتمبرأو توصيل أسرع غداً، 11 سبتمبرتبقى 2 فقط - اطلبه الآن.,False,,,تبقى 2 فقط - اطلبه الآن.,,,False,False
B0GCRGNTM6,تابلت اندرويد 10.1 بوصة، رام 8 جيجابايت وذاكرة تخزين داخلية 256 جيجابايت وشاشة لمس IPS مقاس 1280×800 HD، ثنائي شرائح الاتصال مع واي فاي ثنائي التردد وGMS وبلوتوث 5.0 وكاميرا مزدوجة من اس في مان، ذهبي,409.88,409.88,SAR,2.4,6,https://www.amazon.sa/dp/B0GCRGNTM6,https://m.media-amazon.com/images/I/61WwuTp1AXL._AC_UL960_QL65_.jpg,1,409.88,False,False,False,False,,توصيل مجاني غداً، 11 سبتمبرأو توصيل أسرع غداً 1 م,True,,,,,,False,False
B0BRQM93XC,تابلت للأطفال بشاشة 8 بوصة من سي ايديا، موديل CM822 - اندرويد تاب واي فاي وشريحة اتصال واحدة شبكة الجيل الخامس 5G LTE، يدعم زووم ومايكروسوفت (أرجواني),197.0,210.0,SAR,2.2,15,https://www.amazon.sa/dp/B0BRQM93XC,https://m.media-amazon.com/images/I/51OAqu3705L._AC_UL960_QL65_.jpg,1,197.0,False,False,False,False,,توصيل بـ‏12 ريال سبتمبر 14 - 15تبقى 1 فقط - اطلبه الآن.,False,,,تبقى 1 فقط - اطلبه الآن.,,,False,True
B0GP73ZP6L,انفنيكس تابلت اكس باد 30E X1102B بشاشة FHD مقاس 11 انش وذاكرة RAM وذاكرة تخزين تخزين 4G LTE وبطارية 7200mAh [اللون],599.99,599.99,SAR,4.2,7,https://www.amazon.sa/dp/B0GP73ZP6L,https://m.media-amazon.com/images/I/71sLB9TuOvL._AC_UL960_QL65_.jpg,2,598.0,False,False,False,False,,توصيل مجاني غداً، 11 سبتمبرأو توصيل أسرع غداً 1 متبقى 1 فقط - اطلبه الآن.,True,,,تبقى 1 فقط - اطلبه الآن.,,,False,False
B0G9VMXB18,هواوي ميت باد SE 11 AGASSI6-W19B 128GB و4GB لون رمادي عربي، هواوي كير بلس لمدة 12 شهرًا (حصري من أمازون),699.0,699.0,SAR,3.6,15,https://www.amazon.sa/dp/B0G9VMXB18,https://m.media-amazon.com/images/I/51YnzfwkUuL._AC_UL960_QL65_.jpg,2,575.57,False,False,False,False,تم شراء 100+ سلعة في الشهر الماضي,توصيل مجاني اليوم 6:13 م,True,,,,,,False,False
B0GTL88WRL,تابلت 7 انش للاطفال مع حافظة صلبة، اندرويد 13، ذاكرة RAM 4GB، ذاكرة روم 32GB، واي فاي، بلوتوث، شاشة اي بي اس امنة لحماية العين، تحكم ابوي، كاميرا مزدوجة، تابلت للتعلم والالعاب للاولاد والبنات (ارجواني,209.0,209.0,SAR,3.1,5,https://www.amazon.sa/dp/B0GTL88WRL,https://m.media-amazon.com/images/I/71WcPPOUbRL._AC_UL960_QL65_.jpg,1,209.0,False,False,False,False,,توصيل مجاني غداً، 11 سبتمبرأو توصيل أسرع غداً 1 م,True,,,,,,False,False
B0DXV6145T,تابلت هوت تابليت 10 انش اندرويد 15، ذاكرة RAM 12GB (4+8 توسيع) + روم 64GB، كاميرا مزدوجة 2+8MP، بطارية 6000mAh (تابلت + حافظة + قلم ستايلس) (ازرق),301.28,301.28,SAR,4.0,346,https://www.amazon.sa/dp/B0DXV6145T,https://m.media-amazon.com/images/I/61JBODGQqjL._AC_UL960_QL65_.jpg,1,301.28,False,False,False,False,,,True,,,,,,False,False
B0DY6PMT6D,تابلت شاومي باد 7 بذاكرة 8+ 256 جيجابايت وشاشة 12.1 بوصة ووقت استعداد يصل إلى 33.9 يوم، لون أسود,,,SAR,4.5,192,https://www.amazon.sa/dp/B0DY6PMT6D,https://m.media-amazon.com/images/I/71smDnrlgwL._AC_UL960_QL65_.jpg,1,,False,False,False,False,,توصيل مجاني اليوم 6:13 متبقى 2 فقط - اطلبه الآن.,True,,,تبقى 2 فقط - اطلبه الآن.,,,True,False
B0FQ5S4CR9,تابلت سامسونج جالكسي تاب A11 بشبكة ال تي اي ونظام تشغيل اندرويد بذاكرة رام 4 جيجابايت وذاكرة تخزين 64 جيجابايت مع شاشة 8.7 بوصة، لون فضي (إصدار المملكة العربية السعودية),519.0,849.0,SAR,4.1,20,https://www.amazon.sa/dp/B0FQ5S4CR9,https://m.media-amazon.com/images/I/61FS5meobrL._AC_UL960_QL65_.jpg,1,519.0,False,False,False,False,,توصيل مجاني غداً، 11 سبتمبرأو توصيل أسرع غداً 1 متبقى 4 فقط - اطلبه الآن.,True,,,تبقى 4 فقط - اطلبه الآن.,,,False,True
B0CKW61HN6,آيباد باد اس اي (رمادي جرافيت RAM 8 جيجابايت من شاومي، تخزين 256) - شاشة 11 بوصة FHD+ للعناية بالعين، منصة موبايل سناب دراجون 680 6 نانومتر | معدل تحديث سلس 90 خرتز | مكبرات صوت رباعية مع دولبي اتموس,777.09,777.09,SAR,4.6,745,https://www.amazon.sa/dp/B0CKW61HN6,https://m.media-amazon.com/images/I/51FPbSLvOmL._AC_UL960_QL65_.jpg,2,660.73,False,False,False,False,,توصيل مجاني الأحد، 13 سبتمبر,False,,وفر 27%,,,,False,False
B0H1X65MLH,تابلت للاطفال 7 انش، رباعي النواة اندرويد 12 2GB 32GB، تحكم ابوي، حماية العين، حافظة مضادة للصدمات، كاميرا مزدوجة، واي فاي، بلوتوث، تابلت تعليمي للاطفال - شنطة (اسود),249.99,249.99,SAR,5.0,1,https://www.amazon.sa/dp/B0H1X65MLH,https://m.media-amazon.com/images/I/71vNusRhd0L._AC_UL960_QL65_.jpg,1,249.99,False,False,False,False,,توصيل مجاني غداً، 11 سبتمبرأو توصيل أسرع غداً 1 متبقى 2 فقط - اطلبه الآن.,False,,,تبقى 2 فقط - اطلبه الآن.,,,False,False
B0FQ5Z9XJY,جهاز تابلت سامسونج جالكسي تاب A11، يدعم شبكة ال تي اي، يعمل بنظام اندرويد، رام 4 جيجابايت، سعة تخزين 64 جيجابايت، شاشة مقاس 8.7 بوصة، لون رمادي (إصدار المملكة العربية السعودية),554.0,849.0,SAR,4.1,20,https://www.amazon.sa/dp/B0FQ5Z9XJY,https://m.media-amazon.com/images/I/61qFnonfCEL._AC_UL960_QL65_.jpg,1,554.0,False,False,False,False,,توصيل مجاني اليوم 6:13 م,True,,,,,,False,True
B0CGK7K5ZL,تابلت ذكي للأطفال من سي ايديا بنظام اندرويد، شاشة IPS مقاس 8 بوصة، شريحة اتصال واحدة، واي فاي، تابلت CM835، يدعم زووم مع زجاج مقوى مثبت مسبقا وغطاء قلاب، شبكة LTE الجيل الخامس 5G، (أزرق),210.0,210.0,SAR,2.8,15,https://www.amazon.sa/dp/B0CGK7K5ZL,https://m.media-amazon.com/images/I/71hqCtc89hL._AC_UL960_QL65_.jpg,1,210.0,False,False,False,False,,توصيل بـ‏12 ريال سبتمبر 14 - 15,True,,,,,,False,False
B0F4QYL5FV,تابلت سامسونج جالكسي تاب S10 FE، واي فاي اندرويد، ذاكرة رام 8 جيجابايت، تخزين 128 جيجابايت، شاشة 10.9 بوصة، شاشة 90Hz، يتضمن قلم S، IP68، عمر بطارية طويل، لون أزرق، اصدار المملكة العربية السعودية,,,SAR,4.4,124,https://www.amazon.sa/dp/B0F4QYL5FV,https://m.media-amazon.com/images/I/61rbzNSfrrL._AC_UL960_QL65_.jpg,1,,False,False,False,False,,توصيل مجاني اليوم 6:13 م,True,,,,,,True,False
B0F13DTV4K,تابلت تابوي اندرويد 16 مع كيبورد، ذاكرة رام 24 جيجابايت، ذاكرة روم 256 | تابلت للأعمال التجارية، ثماني النواة، جيميناي ايه اي، شاشة 10 انش للعناية بالعين، وايدفاين ال 1، التعرف على الوجه، نظام تحديد,549.99,575.99,SAR,4.4,376,https://www.amazon.sa/dp/B0F13DTV4K,https://m.media-amazon.com/images/I/71oZj-vOcDL._AC_UL960_QL65_.jpg,4,501.43,False,False,False,False,,توصيل مجاني اليوم 6:13 متبقى 2 فقط - اطلبه الآن.,True,,,تبقى 2 فقط - اطلبه الآن.,,,False,True
B0F54TX745,تابلت باد X9a واي فاي شاشة 11.5 بوصة 120Hz ذاكرة رام 8GB + تخزين 128GB اندرويد 15 سناب دراجون 685 بطارية 8300mAh شحن سريع 35 واط يدعم قلم ستايلس موديل 2025 + غطاء حماية قابل للطي مجاني من هونر، رمادي,999.0,999.0,SAR,4.4,58,https://www.amazon.sa/dp/B0F54TX745,https://m.media-amazon.com/images/I/71FFKHqKE1L._AC_UL960_QL65_.jpg,1,999.0,False,False,False,False,,توصيل مجاني السبت، 12 سبتمبرأو توصيل أسرع غداً، 11 سبتمبر,False,,,,,,False,False
B0DJ2LQ14L,تابلت اندرويد 15/10 بوصة/ 20GB RAM 128GB ROM/قابل للتوسيع حتى 2TB/رباعي النواة 2.0GHz/شاشة HD 1280×800 5G/WiFi6/بلوتوث 5.0/تابلت 2 في 1 بحافظة كيبورد/ماوس/قلم إلكتروني من كوبيسي/وايدفاين ال 1/برتقالي,375.15,399.22,SAR,4.1,2131,https://www.amazon.sa/dp/B0DJ2LQ14L,https://m.media-amazon.com/images/I/71ldyUnyKwL._AC_UL960_QL65_.jpg,1,375.15,False,False,False,False,,,True,,,,,,False,True
B0BHSVTHF1,اونر تابلت باد 8 6GB 128GB بشاشة عرض كاملة 12 انش 2K و8 مكبرات صوت 7250mAh وشحن سريع 22.5 واط، سناب دراغون 680 اندرويد مع خدمة واي فاي وتابلت جوجل، ازرق,729.0,729.0,SAR,4.1,25,https://www.amazon.sa/dp/B0BHSVTHF1,https://m.media-amazon.com/images/I/61ZaBvYBPoL._AC_UL960_QL65_.jpg,1,729.0,False,False,False,False,,توصيل مجاني غداً، 11 سبتمبرأو توصيل أسرع غداً 1 م,False,,,,,,False,False
B0DHS3WB2Q,تابلت اندرويد 10.1 بوصة من سي جي واي كيو، ذاكرة RAM سعة 6 جيجابايت وسعة تخزين 128 جيجابايت، شاشة IPS 1280×800، واي فاي ثنائي النطاق، GPS، ثنائي شرائح الاتصال، بلوتوث، شبكة 5G، شاشة تعمل باللمس (أسود),428.88,428.88,SAR,3.4,5,https://www.amazon.sa/dp/B0DHS3WB2Q,https://m.media-amazon.com/images/I/61cTmhF44bL._AC_UL960_QL65_.jpg,1,428.88,False,False,False,False,,توصيل مجاني غداً، 11 سبتمبرأو توصيل أسرع غداً 1 م,False,,,,,,False,False
B0FVL67HHY,"تابلت مقاس 12 بوصة مع لوحة مفاتيح وقلم، بشاشة كيو اتش دي+ بدقة 2.5K مريحة | 48 جيجابايت من ذاكرة الوصول العشوائي + 256 جيجابايت من ذاكرة التخزين الداخلية، بطارية بسعة 10,000 مللي أمبير، دعم وايدفاين إل",999.99,999.99,SAR,4.6,125,https://www.amazon.sa/dp/B0FVL67HHY,https://m.media-amazon.com/images/I/81zqga8WTuL._AC_UL960_QL65_.jpg,1,999.99,False,False,False,False,,توصيل مجاني اليوم 6:13 م,False,أنت تدفع ‏899.99 ريال باستخدام القسيمة,,,,,False,False
B0FF5JJ3CP,سامسونج جالكسي تاب اس 10 لايت، ذاكرة رام 6 جيجا، 128 جيجا، توسيع 2 تيرابايت | عمر بطارية طويل، قلم اس لتدوين الملاحظات، اكسينوس 1380، دائرة للبحث، أدوات الذكاء الاصطناعي,,,SAR,4.6,895,https://www.amazon.sa/dp/B0FF5JJ3CP,https://m.media-amazon.com/images/I/61jwusQUP2L._AC_UL960_QL65_.jpg,2,,False,False,False,False,,توصيل مجاني الأحد، 13 سبتمبر,True,,,,,,True,False
B0FFQNQMSP,جهاز هونر باد 10 واي فاي بسعة تخزين 256 جيجابايت وشاشة 12.1 بوصة مع لوحة مفاتيح، لون رمادي,,,SAR,4.8,24,https://www.amazon.sa/dp/B0FFQNQMSP,https://m.media-amazon.com/images/I/51ZZMTGHpoL._AC_UL960_QL65_.jpg,1,,False,False,False,False,تم شراء 50+ سلعة في الشهر الماضي,توصيل مجاني السبت، 12 سبتمبرأو توصيل أسرع غداً، 11 سبتمبر,False,,,,,,True,False
B0GXZKW7ND,جهاز ريدمي باد 2 9.7 فضي 4GB RAM 128GB واي فاي غطاء العلبة | شاشة 2 كيه 129 هرتز فائقة الوضوح، سناب دراجون® 6s الجيل الثاني، مدعوم من شاومي HyperOS 3 - الإصدار العالمي,609.0,609.0,SAR,5.0,3,https://www.amazon.sa/dp/B0GXZKW7ND,https://m.media-amazon.com/images/I/61ou83Lbp+L._AC_UL960_QL65_.jpg,3,580.5,False,False,False,False,,توصيل مجاني السبت، 12 سبتمبرأو توصيل أسرع غداً، 11 سبتمبر,False,,,,,,False,False
B0FCS17MJW,ريدمي باد 2 جرافيت جرافيت رام 8 جيجا روم 256 جيجا,,,SAR,3.8,13,https://www.amazon.sa/dp/B0FCS17MJW,https://m.media-amazon.com/images/I/61Zqee59gTL._AC_UL960_QL65_.jpg,4,702.6,False,False,False,False,,توصيل مجاني الأربعاء، 16 سبتمبرتبقى 3 فقط - اطلبه الآن.,False,,,تبقى 3 فقط - اطلبه الآن.,,,True,False
B0GD6VJKC2,تابلت اندرويد 15 مقاس 10 انش بذاكرة RAM 8GB وذاكرة تخزين 32GB وشاشة HD IPS مقاس 10.1 انش وواي فاي 5G وبطارية 6000mAh وكاميرا مزدوجة لمكالمات الفيديو مع حافظة وقلم ستايلس للعمل والدراسة,301.48,301.48,SAR,3.9,67,https://www.amazon.sa/dp/B0GD6VJKC2,https://m.media-amazon.com/images/I/714CsQsx1iL._AC_UL960_QL65_.jpg,1,301.48,False,False,False,False,,,True,,,,,,False,False
B0G1C5TGDS,تابلت سامسونج جالكسي تاب A11 بلس، شاشة 11 بوصة، ذاكرة وصول عشوائي 8GB، سعة تخزين 256GB، معدل تحديث 90Hz، ذكاء اصطناعي مع جوجل جيميني، تقنية دولبي اتموس، أربعة مكبرات صوت، دعم شبكات واي فاي+ 5G، رمادي,,,SAR,4.4,128,https://www.amazon.sa/dp/B0G1C5TGDS,https://m.media-amazon.com/images/I/61FC9Mjv6SL._AC_UL960_QL65_.jpg,1,,False,False,False,False,,توصيل مجاني غداً، 11 سبتمبرأو توصيل أسرع غداً 1 متبقى 3 فقط - اطلبه الآن.,False,,,تبقى 3 فقط - اطلبه الآن.,,,True,False
B0D4TDSXL8,تابلت اندرويد 7 انش من رويكياي، 2GB+32GB+1TB (توسيع)، رباعي النواة، بلوتوث، واي فاي، تعليمي، موسيقى، كاميرا مزدوجة,205.0,205.0,SAR,3.6,92,https://www.amazon.sa/dp/B0D4TDSXL8,https://m.media-amazon.com/images/I/71t2sKNk2YL._AC_UL960_QL65_.jpg,3,188.35,False,False,False,False,,توصيل مجاني سبتمبر 20 - 21يشحن من خارج السعودية,False,,,,,,False,False
B0F137P9DJ,"تابلت بنظام اندرويد 16 مع جيميناي ايه اي، شاشة FHD 11 بوصة، ذاكرة رام 24GB وذاكرة ROM 128GB / 2TB TF، وحدة معالجة مركزية T7250 + كاميرا 13MP، 8000mAh، وايدفاين L1، تابلت 2 في 1 2026 مع قلم ستايلس | T7250 CPU, 2GHz+5G WiFi, 13MP Camera, 8000mAh, Widevine L1, GPS, Tablet with Keyboard and Mouse, 2 in 1 Tablets with Stylus",789.99,999.99,SAR,4.5,533,https://www.amazon.sa/dp/B0F137P9DJ,https://m.media-amazon.com/images/I/81gTnTMDMnL._AC_UL960_QL65_.jpg,1,789.99,False,False,False,False,,توصيل مجاني اليوم 6:13 م,False,أنت تدفع ‏599.99 ريال باستخدام القسيمة,,,,,False,True
B0GZMHQV2T,تابلت للاطفال 7 انش اندرويد 13، ذاكرة RAM 6GB وروم 256GB، مع بطارية 3000mAh وقلم لمس، كاميرا مزدوجة 2MP+5MP، واي فاي 5G، تطبيقات تعليمية، تابلت للاطفال مع حافظة واقية (زهري),197.99,219.99,SAR,,0,https://www.amazon.sa/dp/B0GZMHQV2T,https://m.media-amazon.com/images/I/613sir+1gwL._AC_UL960_QL65_.jpg,1,197.99,False,False,False,False,,توصيل بـ‏12 ريال سبتمبر 14 - 15,False,,عرض لمدة محدودة,,,,False,True
B0FLVW2J3G,تاب لينوفو TB336ZU بذاكرة رام 8 جيجابايت وتخزين 256 جيجابايت، لون رمادي لونا,,,SAR,3.9,5,https://www.amazon.sa/dp/B0FLVW2J3G,https://m.media-amazon.com/images/I/618dITd6FVL._AC_UL960_QL65_.jpg,1,,False,False,False,False,,توصيل بـ‏12 ريال سبتمبر 13 - 14,False,,,,,,True,False
B0F7H9JT3C,تابلت اندرويد 15، تابلت 10 انش، تابلت 2 في 1 مع حافظة كيبورد | ذاكرة RAM 8GB + ذاكرة روم 32GB / 2TB قابلة للتوسيع، شاشة عرض IPS 1280x800، واي فاي 5G 6، كاميرا مزدوجة، بطارية 6000mAh BT5,325.39,325.39,SAR,4.1,375,https://www.amazon.sa/dp/B0F7H9JT3C,https://m.media-amazon.com/images/I/71HuSbc2uuL._AC_UL960_QL65_.jpg,1,325.39,False,False,False,False,,,True,,,,,,False,False
B0FHQGN2ZS,تابلت ميت باد 11.5 2025 2.5K 120Hz مريح للعين، 8+256GB، بطارية 10100 مللي أمبير في الساعة، شحن فائق 40 واط، واي فاي 6، بلوتوث 5.2، WPS اوفيس نوت، مكبرات صوت رباعية، هواوي كير بلس، من هواوي، رمادي,,,SAR,4.1,25,https://www.amazon.sa/dp/B0FHQGN2ZS,https://m.media-amazon.com/images/I/61-XztFirpL._AC_UL960_QL65_.jpg,1,,False,False,False,False,,توصيل مجاني غداً، 11 سبتمبرأو توصيل أسرع غداً 1 م,True,,,,,,True,False
B0DGX4MK98,ايه جي ام تابلت باد T2 اندرويد 14، شاشة FHD 1920x1200، ذاكرة RAM 4GB، روم 256GB (TF 512GB)، نظام تحديد المواقع/نوع C/بطارية 8000mAh، ثنائي شرائح الاتصال 4G LTE/5G Hz واي فاي/التعرف على الوجه,506.0,639.0,SAR,3.6,51,https://www.amazon.sa/dp/B0DGX4MK98,https://m.media-amazon.com/images/I/71dFJ411cbL._AC_UL960_QL65_.jpg,1,506.0,False,False,False,False,,توصيل مجاني غداً، 11 سبتمبرأو توصيل أسرع غداً 1 م,False,,عرض لمدة محدودة,,,,False,True
B0GXZF1HDJ,جهاز ريدمي باد 2 9.7 بوصة بلون رمادي جرافيت، ذاكرة وصول عشوائي 4 جيجابايت، سعة تخزين 64 جيجابايت، واي فاي، غطاء العلبة - الإصدار العالمي,569.05,569.05,SAR,4.4,3,https://www.amazon.sa/dp/B0GXZF1HDJ,https://m.media-amazon.com/images/I/61mSG93IFOL._AC_UL960_QL65_.jpg,1,569.05,False,False,False,False,,توصيل مجاني سبتمبر 15 - 16,False,,,,,,False,False
B0FMJXNLDW,"تابلت تابوي T60 برو مع اندرويد 15 وكيبورد - 34 سم، 24GB + 256GB (2TB TF)، يونيسوك T7280، 10000mAh، 16MP + 8MP، جيميني AI، وايد فاين L1، واي فاي 5G، كيبورد وماوس | Large 13 inch Tablet with 2K 120Hz IPS Display, 24GB RAM + 256GB ROM, 2.2Ghz Octa-Core,10000mAh Battery, Full Set of Tablets",,,SAR,4.6,318,https://www.amazon.sa/dp/B0FMJXNLDW,https://m.media-amazon.com/images/I/71wT2Me0MiL._AC_UL960_QL65_.jpg,1,,False,False,False,False,,توصيل مجاني غداً، 11 سبتمبرأو توصيل أسرع غداً 1 م,False,,,,,,True,False
B0H2H5YSFD,كريلاندر تابلت اندرويد 13 10.1 انش مع فتحة شريحة اتصال واتصال 4G LTE، 24GB + 128GB، بطارية 5000mAh، كاميرا مزدوجة، بلوتوث/واي فاي، حزمة مع حافظة واقية، كيبورد، ماوس وقلم ستايلس,480.01,480.01,SAR,4.0,224,https://www.amazon.sa/dp/B0H2H5YSFD,https://m.media-amazon.com/images/I/51h709AW+7L._AC_UL960_QL65_.jpg,1,480.01,False,False,False,False,,,True,,,,,,False,False
B0GVF18W3H,تابلت اندرويد 10 بوصة من فيليبس، رام 4 جيجابايت وذاكرة ROM 128 جيجابايت قابلة للتوسيع 1 تيرابايت، معالج ثماني النواة، بطارية 5000 مللي امبير في الساعة، واي فاي 6، كاميرا مزدوجة، شاشة HD، رمادي (LTE),529.0,529.0,SAR,3.0,2,https://www.amazon.sa/dp/B0GVF18W3H,https://m.media-amazon.com/images/I/61O+VPAwwrL._AC_UL960_QL65_.jpg,1,529.0,False,False,False,False,,توصيل مجاني السبت، 12 سبتمبرأو توصيل أسرع غداً، 11 سبتمبرتبقى 4 فقط - اطلبه الآن.,False,أنت تدفع ‏476.10 ريال باستخدام القسيمة,,تبقى 4 فقط - اطلبه الآن.,,,False,False
B0GD7BMZGF,تابلت هواوي ميت باد 11.5 بيبر مات رمادي 8+256 جيجا، شاشة عرض كاملة 11.5 بوصة، دقة 2.2K، 7700 ميلي امبير، 499 جم، واي فاي، كاميرا 13 ميجابكسل، تطبيق هواوي نوتس، مع قلم ام لايت,,,SAR,3.6,17,https://www.amazon.sa/dp/B0GD7BMZGF,https://m.media-amazon.com/images/I/61ig8lJMGJL._AC_UL960_QL65_.jpg,1,,False,False,False,False,,توصيل بـ‏12 ريال سبتمبر 13 - 14تبقى 1 فقط - اطلبه الآن.,False,,,تبقى 1 فقط - اطلبه الآن.,,,True,False
B0HDNW6LVH,جهاز باد 20 من هونر، ذاكرة رام بسعة 6 جيجا+ سعة تخزين 256 جيجا، واي فاي، شاشة مقاس 12.1 بوصة، رمادي – إصدار الشرق الأوسط,,,SAR,,0,https://www.amazon.sa/dp/B0HDNW6LVH,https://m.media-amazon.com/images/I/41HIYSaWImL._AC_UL960_QL65_.jpg,1,,False,False,False,False,,توصيل مجانيغير متوفر مؤقتاً.,False,,,,,,True,False
B0F53F93H3,تابت AGM PAD P2 اندرويد 14، 16(8+8) GB RAM + 256GB ROM (2TB TF)، تابلت هيليو G99 للألعاب مع حافظة، 4G ثنائي شرائح الاتصال، 5GHz WiFi، 7850mAh، 50MP+8MP/BT5.2/GPS/Type C/ شاشة FHD 1920×1200 بوصة/بوصلة,547.19,576.0,SAR,3.6,56,https://www.amazon.sa/dp/B0F53F93H3,https://m.media-amazon.com/images/I/713PsKH7ufL._AC_UL960_QL65_.jpg,1,547.19,False,False,False,False,,توصيل مجاني غداً، 11 سبتمبرأو توصيل أسرع غداً 1 م,False,,عرض لمدة محدودة,,,,False,True
B0DJMG7XFH,تاب بلس بشاشة 11.5 بوصة 2K ومعالج ميديا تيك® هيليو G99 OC 2.2ghz و8GB و256GB و8 مكبرات صوت ووافاي وبطارية 8600 ميلي امبير/45 واط PD3.0 طراز ZADX0106SA من لينوفو، TB351FU - لون رمادي لونا,,,SAR,4.6,21,https://www.amazon.sa/dp/B0DJMG7XFH,https://m.media-amazon.com/images/I/71Viq0QpamL._AC_UL960_QL65_.jpg,1,,False,False,False,False,,توصيل مجاني السبت، 12 سبتمبرأو توصيل أسرع غداً، 11 سبتمبر,False,,,,,,True,False
B0DG5G2SF8,تابلت 10 بوصة مع لوحة مفاتيح 2×1 اندرويد 15 تابلت يتضمن حافظة ماوس ستايلس بطارية 6000 مللي أمبير 8 جيجا +32 جيجا يدعم 1024 جيجا قابل+ للتوسيع 10.1 بوصة كاميرا مزدوجة 2 + 8 ميجا واي فاي 6 بلوتوث تاب,350.24,350.24,SAR,4.0,329,https://www.amazon.sa/dp/B0DG5G2SF8,https://m.media-amazon.com/images/I/61rWW25BG+L._AC_UL960_QL65_.jpg,1,350.24,False,False,False,False,,,True,,,,,,False,False
B0FWS4GKZ8,تابلت سامسونج SM X130NZAAEUE جالكسي تاب A11 رمادي,688.92,688.92,SAR,4.2,290,https://www.amazon.sa/dp/B0FWS4GKZ8,https://m.media-amazon.com/images/I/61hYF3ZSUjL._AC_UL960_QL65_.jpg,1,688.92,False,False,False,False,,توصيل مجاني الخميس، 17 سبتمبر,False,,,,,,False,False
B0FC2KQGNJ,سامسونج X210R جالكسي تاب A9+ 11 انش، واي فاي، 256 جيجا 8 جيجا رام، جرافيت,,,SAR,4.7,203,https://www.amazon.sa/dp/B0FC2KQGNJ,https://m.media-amazon.com/images/I/61USODKUVlL._AC_UL960_QL65_.jpg,1,,False,False,False,False,,توصيل مجاني غداً، 11 سبتمبرأو توصيل أسرع غداً 1 م,False,,,,,,True,False
B0FVXRG5W9,سامسونج جالكسي تاب A11+ ذاكرة رام 8 جيجابايت، تخزين 256 جيجابايت، مساعد | أداء محسن، بطارية طويلة الأمد، تخزين قابل للتوسيع، شاشة كبيرة، مكبرات صوت دولبي اتموس، ضمان لمدة عامين,,,SAR,4.6,2361,https://www.amazon.sa/dp/B0FVXRG5W9,https://m.media-amazon.com/images/I/61J95lO0oLL._AC_UL960_QL65_.jpg,1,,False,False,False,False,,توصيل مجاني سبتمبر 13 - 14تبقى 1 فقط - اطلبه الآن.,True,,,تبقى 1 فقط - اطلبه الآن.,,,True,False
B0FQTPX7LZ,تابلت T20 برو بنظام اندرويد 16 مع كيبورد وقلم إلكتروني، 24 جيجابايت + 256 جيجابايت + 2 تيرابايت من تابوي | 4 Year Warranty/Widevine L1/Top Pick for Light Office Work,629.99,699.99,SAR,4.4,322,https://www.amazon.sa/dp/B0FQTPX7LZ,https://m.media-amazon.com/images/I/71b8rb9UTrL._AC_UL960_QL65_.jpg,1,629.99,False,False,False,False,,توصيل مجاني اليوم 6:13 م,True,,وفر 10%,,,,False,True
B0F4254MG1,جهاز تابلت شاومي باد 7 8+ 256 جيجابايت، شاشة 12.1 بوصة، وقت استعداد يصل إلى 33.9 يوم، أزرق,,,SAR,4.0,23,https://www.amazon.sa/dp/B0F4254MG1,https://m.media-amazon.com/images/I/61t0KFFs+ML._AC_UL960_QL65_.jpg,1,,False,False,False,False,,توصيل مجاني غداً، 11 سبتمبرأو توصيل أسرع غداً 1 م,False,,,,,,True,False
B0G52MG6KZ,هواوي تابلت ميت باد 11.5 S (2026)، شاشة فائقة الوضوح، 12 جيجابايت + 256 جيجابايت، بطارية 8800 ميلي امبير في الساعة، شحن فائق 40 واط، لوحة مفاتيح قابل للفصل، لون رمادي,,,SAR,3.2,10,https://www.amazon.sa/dp/B0G52MG6KZ,https://m.media-amazon.com/images/I/61PC6-WCl3L._AC_UL960_QL65_.jpg,1,,False,False,False,False,,توصيل مجاني اليوم 6:13 م,True,,,,,,True,False
B0FGPWK5K8,تابلت تابوي 2026 المطور K10 اندرويد 16 للاطفال 10 انش، 12 جيجا + 64 جيجا | تابلت للاطفال مع الرقابة الابوية، جوجل كيدز سبيس، واي فاي 6، وايدفاين ال 1، حافظة مضادة للصدمات - ازرق,679.99,799.99,SAR,4.2,163,https://www.amazon.sa/dp/B0FGPWK5K8,https://m.media-amazon.com/images/I/716evTZyDDL._AC_UL960_QL65_.jpg,1,679.99,False,False,False,False,,توصيل مجاني اليوم 6:13 م,True,,,,,,False,True
B0F9B9NC89,ريدمي باد 2 25040RP0AL واي فاي فقط (بدون مكالمات أو رسائل نصية) 11 بوصة 2.5K معالج ثماني، 4 مكبرات، نسخة روم عالمية 9000 mAh بلوتوث 5.3 كاميرا 8 ميجابكسل من شاومي، (رمادي (Graphite) 128 GB + 4 GB),873.72,873.72,SAR,4.8,182,https://www.amazon.sa/dp/B0F9B9NC89,https://m.media-amazon.com/images/I/51UwJjhKBtL._AC_UL960_QL65_.jpg,1,873.72,False,False,False,False,,,False,,,,,,False,False
B0FF5W8NBY,سامسونج جالكسي تاب اس 10 لايت، ذاكرة RAM 8GB، 256GB، توسيع 2TB، عمر بطارية طويل، شاشة LCD 10.9 انش، قلم S لتدوين الملاحظات، اكسينوس 1380، دائرة للبحث، ادوات ذكاء اصطناعي، رمادي,,,SAR,4.7,357,https://www.amazon.sa/dp/B0FF5W8NBY,https://m.media-amazon.com/images/I/61jwusQUP2L._AC_UL960_QL65_.jpg,1,,False,False,False,False,,توصيل مجاني سبتمبر 14 - 15تبقى 2 فقط - اطلبه الآن. يشحن من خارج السعودية,True,,,تبقى 2 فقط - اطلبه الآن.,,,True,False
B0FZDHDW5Q,سامسونج تابلت جالكسي تاب A11+ 5G 11 انش 128GB اندرويد واي فاي (شبكة AT&amp;T | تابلت بشريحة تعريف مطورة، عمر بطارية طويل، مكبرات صوت رباعية، شاشة متعددة النوافذ,,,SAR,4.3,27,https://www.amazon.sa/dp/B0FZDHDW5Q,https://m.media-amazon.com/images/I/61ko0qj2HRL._AC_UL960_QL65_.jpg,1,,False,False,False,False,,,False,,,,,,True,False
B0GN319VXD,جهاز لوحي شاومي باد 8، سعة 8 + 256 جيجابايت، رمادي، شاشة واضحة كضوء | منصة سناب دراجون 8s الجيل الرابع، تجربة إنتاجية على مستوى الكمبيوتر الشخصي - النسخة العالمية,,,SAR,,0,https://www.amazon.sa/dp/B0GN319VXD,https://m.media-amazon.com/images/I/61sk7myCpGL._AC_UL960_QL65_.jpg,1,,False,False,False,False,,توصيل مجاني غداً، 11 سبتمبرأو توصيل أسرع غداً 1 م,False,,,,,,True,False
B0FG1NN154,لينوفو تاب ون مع حافظة شفافة 9 انش HD (1340x800) IPS 480 وحدة مضيئة في البكسل مضادة للبصمات، شاشة تعمل باللمس، معالج ميديا تيك هيليو G85، ذاكرة رام 4 جيجا، 128 جيجا، اندرويد 14 - [ZAF00123AE]، لونا جراي,549.0,549.0,SAR,4.5,38,https://www.amazon.sa/dp/B0FG1NN154,https://m.media-amazon.com/images/I/71sgVpPwb1L._AC_UL960_QL65_.jpg,1,549.0,False,False,False,False,,توصيل مجاني الاثنين، 14 سبتمبر,False,,,,,,False,False
B0DRP5BZVM,تابلت لينوفو بنظام اندرويد وشاشة شاشة 10.1 بوصة FHD، معالج ميديا تيك هيليو G85، سعة تخزين 64GB، واي فاي 6، رام 4GB، رمادي لونا + حافظة شفافة,733.54,733.54,SAR,4.5,182,https://www.amazon.sa/dp/B0DRP5BZVM,https://m.media-amazon.com/images/I/71HOvlfS8PL._AC_UL960_QL65_.jpg,1,733.54,False,False,False,False,,توصيل مجاني الاثنين، 14 سبتمبر,False,,,,,,False,False
B07ZRF8B2Z,جهاز تابلت باد 10 بيبرمات مقاس 12.1 بوصة وواي فاي وذاكرة رام 8 جيجابايت وذاكرة 256 جيجابايت مع حافظة لوحة المفاتيح مجانية وقلم هونر تشويس من هونر- إصدار الشرق الأوسط,,,SAR,3.1,33,https://www.amazon.sa/dp/B07ZRF8B2Z,https://m.media-amazon.com/images/I/61802tVcSeL._AC_UL960_QL65_.jpg,5,,False,False,False,False,تم شراء 50+ سلعة في الشهر الماضي,توصيل بـ‏12 ريال سبتمبر 13 - 14تبقى 2 فقط - اطلبه الآن.,False,,,تبقى 2 فقط - اطلبه الآن.,,,True,False
B0H1WR4Y66,تابلت للاطفال 7 انش، رباعي النواة اندرويد 12 2GB 32GB، تحكم ابوي، حماية العين، حافظة مضادة للصدمات، كاميرا مزدوجة، واي فاي، بلوتوث، تابلت تعليمي للاطفال - K1 (ازرق),299.99,299.99,SAR,,0,https://www.amazon.sa/dp/B0H1WR4Y66,https://m.media-amazon.com/images/I/61om06UeGuL._AC_UL960_QL65_.jpg,1,299.99,False,False,False,False,,توصيل مجاني السبت، 12 سبتمبرأو توصيل أسرع غداً، 11 سبتمبرتبقى 1 فقط - اطلبه الآن.,True,,,تبقى 1 فقط - اطلبه الآن.,,,False,False
B0DQQ8LLJY,تابلت لينوفو، 10 بوصة، لون لونا جراي، معالج ميديا تك® جي 85 أو سي 2.0 جيجاهرتز، ذاكرة عشوائية 4GB، سعة تخزين 128GB، واي فاي، بطارية 5100 مللي أمبير، رقم الطراز TB311FU، مع حافظة شفافة، ZAEH0045SA,699.0,699.0,SAR,4.4,24,https://www.amazon.sa/dp/B0DQQ8LLJY,https://m.media-amazon.com/images/I/61wK-HLiFRL._AC_UL960_QL65_.jpg,1,699.0,False,False,False,False,,توصيل مجاني غداً، 11 سبتمبرأو توصيل أسرع غداً 1 م,False,,,,,,False,False
B0F3372FC6,تابلت اندرويد 10.1 انش ثنائي شرائح الاتصال بذاكرة RAM 6GB وذاكرة روم 128GB وشاشة لمس IPS HD 1280×800 وبلوتوث وكاميرا مزدوجة وجي ام اس وواي فاي وجوجل من سي سي جي واي كيو (اسود),408.88,408.88,SAR,3.4,9,https://www.amazon.sa/dp/B0F3372FC6,https://m.media-amazon.com/images/I/61jZEMC2ppL._AC_UL960_QL65_.jpg,1,408.88,False,False,False,False,,توصيل مجاني غداً، 11 سبتمبرأو توصيل أسرع غداً 1 م,True,,,,,,False,False
B0FN852DLQ,تابلت جالكسي S11 الترا من سامسونج بتقنية الذكاء الاصطناعي، يدعم الواي فاي، ذاكرة رام 12 جيجابايت وسعة تخزين 256 جيجابايت، تصميم خفيف الوزن مزود بمنصة سامسونج ديكس، فضي، إصدار المملكة العربية السعودية,,,SAR,4.9,17,https://www.amazon.sa/dp/B0FN852DLQ,https://m.media-amazon.com/images/I/61NBVRtN0ZL._AC_UL960_QL65_.jpg,7,,False,False,False,False,,توصيل مجاني اليوم 6:13 م,True,,,,,,True,False
B0FN47J139,جهاز تابلت سامسونج جالكسي تاب S10 لايت بنظام اندرويد مع واي فاي بذاكرة رام 6 جيجابايت وتخزين 128 جيجابايت وشاشة 10.9 بوصة ومعدل تحديث 90 هرتز وبطارية تدوم طويلا، لون أحمر(Coralred) (إصدار السعودية),,,SAR,4.3,9,https://www.amazon.sa/dp/B0FN47J139,https://m.media-amazon.com/images/I/61MidRtgjOL._AC_UL960_QL65_.jpg,1,,False,False,False,False,,توصيل مجانيغير متوفر مؤقتاً.,True,,,,,,True,False
B0H6FY7RR6,جهاز ريدمي باد 2 برو 5G شبكة الجيل الخامس 12.1 بوصة بدقة شاشة 2.5 كيه - شاشة شفافة كريستال فضية - ذاكرة رام 8 جيجابايت، واي فاي، مساحة تخزين 256 جيجابايت مع كيبورد مجاني في الصندوق - إصدار عالمي,,,SAR,,0,https://www.amazon.sa/dp/B0H6FY7RR6,https://m.media-amazon.com/images/I/61WyAWrfjJL._AC_UL960_QL65_.jpg,1,,False,False,False,False,,توصيل مجاني غداً، 11 سبتمبرأو توصيل أسرع غداً 1 م,False,,,,,,True,False
B0GVBJ1BD2,تابلت ميت باد ميني 8.8 بوصة، أسود، 8 جيجابايت + 256 جيجابايت، واي فاي - إصدار الشرق الأوسط,,,SAR,2.0,2,https://www.amazon.sa/dp/B0GVBJ1BD2,https://m.media-amazon.com/images/I/61D2M6M0C+L._AC_UL960_QL65_.jpg,1,,False,False,False,False,,توصيل مجاني غداً، 11 سبتمبرأو توصيل أسرع غداً 1 م,True,,,,,,True,False
B0FCYCYTMV,شاومي ريدمي باد 2 8GB RAM 256GB روم 11 انش FHD+ 90Hz 2.5K شاشة شفافة 6 نانومتر سناب دراجون 680 8MP 9000mAh مكبرات صوت رباعية، ارجواني,,,SAR,4.6,8,https://www.amazon.sa/dp/B0FCYCYTMV,https://m.media-amazon.com/images/I/51jXT20vYkL._AC_UL960_QL65_.jpg,1,,False,False,False,False,,توصيل بـ‏21.26 ريال سبتمبر 22 - 23يشحن من خارج السعودية,False,,,,,,True,False
B0FGYDJ7G6,تابلت خفيف ايديا تاب بلس بشاشة لمس IPS 12.1 بوصة بدقة 2.5K 90 هرتز ومعالج ميديا تيك ديمنستي 6400 8 جيجابايت، تخزين 128 جيجابايت ومعالج رسومات ارم مالي G57 MC2 مع قلم تاب وحافظة من لينوفو,,,SAR,4.6,303,https://www.amazon.sa/dp/B0FGYDJ7G6,https://m.media-amazon.com/images/I/6102lbnuXsL._AC_UL960_QL65_.jpg,1,,False,False,False,False,,,False,,,,,,True,False
B0DZ62HK83,تابلت اندرويد 16 مطور 2026 من تابوي 11 انش، شاشة FHD 1920x1200 | ذاكرة RAM 24GB + ذاكرة روم 256GB، ثنائي 4G LTE + 5G واي فاي، ثماني النواة، بطارية 8000mAh، كاميرا 16MP + 8MP، جيميني AI,678.99,799.99,SAR,4.2,191,https://www.amazon.sa/dp/B0DZ62HK83,https://m.media-amazon.com/images/I/71lfRdEpviL._AC_UL960_QL65_.jpg,1,678.99,False,False,False,False,,توصيل مجاني غداً، 11 سبتمبرأو توصيل أسرع غداً 1 م,False,,عرض لمدة محدودة,,,,False,True
B0H2J5DXPH,اونر تابلت باد X8b – 11 بوصة، 128 جيجابايت، رمادي | شاشة WUXGA مقاس 11 انش، سناب دراغون 680، ذاكرة 128 جيجا، بطارية 10100mAh، مكبر صوت رباعي، واي فاي 5,,,SAR,4.6,3,https://www.amazon.sa/dp/B0H2J5DXPH,https://m.media-amazon.com/images/I/61CypwDaKoL._AC_UL960_QL65_.jpg,1,,False,False,False,False,,توصيل مجاني الجمعة، 18 سبتمبر,False,,,,,,True,False
B0CQRKBDH2,برايتووم تابلت TAB11 10 انش، ثماني النواة، 128GB، واي فاي 6، شاشة HD IPS، كاميرا مزدوجة، بلوتوث، اف ام، USB C، تابلت مع حافظة,402.07,402.07,SAR,4.0,87,https://www.amazon.sa/dp/B0CQRKBDH2,https://m.media-amazon.com/images/I/61K9p1xdKVL._AC_UL960_QL65_.jpg,1,402.07,False,False,False,False,,,False,,,,,,False,False
B0H26M8889,تابلت للاطفال 7 انش، رباعي النواة اندرويد 12 2GB 32GB، تحكم ابوي، حماية العين، حافظة مضادة للصدمات، كاميرا مزدوجة، واي فاي، بلوتوث، تابلت تعليمي للاطفال - C8 (اخضر),259.99,259.99,SAR,,0,https://www.amazon.sa/dp/B0H26M8889,https://m.media-amazon.com/images/I/61ErXNK-YuL._AC_UL960_QL65_.jpg,1,259.99,False,False,False,False,,توصيل مجاني غداً، 11 سبتمبرأو توصيل أسرع غداً 1 م,True,,,,,,False,False
B0FRNB54XY,تابلت ايديا تاب 11 بوصة، 2.5K، 2560x1600، رمادي لونا، ميديا تيك® ديمنستي 6300 OC، ذاكرة رام 8 جيجا، تخزين 256 جيجا، واي فاي، بطارية 7040 mAh، مع حافظة قابلة للطي وقلم، TB336FU، ZAFR0843SA من لينوفو,,,SAR,4.7,9,https://www.amazon.sa/dp/B0FRNB54XY,https://m.media-amazon.com/images/I/618dITd6FVL._AC_UL960_QL65_.jpg,1,,False,False,False,False,,,False,,,,,,True,False
B0GY5BK725,جهاز ماجيك باد 4 من هونر، سعة 12 جيجابايت رام + 256 جيجابايت ذاكرة تخزين، واي فاي، مع لوحة مفاتيح وقلم في الصندوق، لون أبيض - نسخة الشرق الأوسط,,,SAR,5.0,2,https://www.amazon.sa/dp/B0GY5BK725,https://m.media-amazon.com/images/I/217L4f7GwtL._AC_UL960_QL65_.jpg,1,,False,False,False,False,,توصيل مجاني غداً، 11 سبتمبرأو توصيل أسرع غداً 1 م,True,,,,,,True,False
B0F991H9R9,تابلت تابوي 10 انش اندرويد 16 مع كيبورد، 24GB RAM (8+16GB تمديد) روم 256GB (توسيع 2TB TF)، ثماني النواة 2 في 1، واي فاي 5G، 5000mAh، GPS، جيميني AI، رمادي,699.99,699.99,SAR,4.3,200,https://www.amazon.sa/dp/B0F991H9R9,https://m.media-amazon.com/images/I/71nGBoH8TBL._AC_UL960_QL65_.jpg,1,699.99,False,False,False,False,,توصيل مجاني اليوم 6:13 م,False,,,,,,False,False
B0FSNJL3H2,تابلت هواوي ميت باد 12 × 2025 بشاشة 2.8K 12 بوصة، 12+256GB، بطارية 10100 ميلي امبير/ساعة، شحن فائق 66 واط، WPS اوفيس ولوحة مفاتيح وارد + هواوي كير لمدة عام + (أبيض),,,SAR,,0,https://www.amazon.sa/dp/B0FSNJL3H2,https://m.media-amazon.com/images/I/61mSmXVSOCL._AC_UL960_QL65_.jpg,1,,False,False,False,False,,توصيل مجاني السبت، 12 سبتمبر,False,,,,,,True,False
B0DQQ9DXTX,تابلت لينوفو، 10 بوصة، لون رمادي لونا، معالج ميديا تك® جي 85 أو سي 2.0 جيجاهرتز، ذاكرة عشوائية 4 GB، سعة تخزين 64 GB، واي فاي، بطارية 5100 مللي أمبير، رقم الموديل TB311FU، مع حافظة شفافة، ZAEH0086SA,799.0,799.0,SAR,4.4,12,https://www.amazon.sa/dp/B0DQQ9DXTX,https://m.media-amazon.com/images/I/61sNJryLL9L._AC_UL960_QL65_.jpg,2,790.0,False,False,False,False,,توصيل مجاني غداً، 11 سبتمبرأو توصيل أسرع غداً 1 م,False,,,,,,False,False
B0DSJ8M55F,تابلت للاطفال الصغار من فيسووي، تابلت اندرويد 7 انش مع واي فاي وكاميرا مزدوجة وبلوتوث ومراقبة الوالدين وحافظة مضادة للصدمات العاب تعليمية 32GB روم للاعمار من 3-14 سنة (ازرق),199.99,251.71,SAR,3.4,88,https://www.amazon.sa/dp/B0DSJ8M55F,https://m.media-amazon.com/images/I/71llVzhcPEL._AC_UL960_QL65_.jpg,1,158.9,False,False,False,False,,توصيل مجاني الاثنين، 14 سبتمبر,True,,,,,,False,True
B0DQQ9YPBK,تابليت 10 بوصة بلون رمادي لونا من لينوفو، ميديا تيك® G85 OC 2.0GHz، 4GB RAM، ذاكرة 128GB، مع ميزة المكالمات، 4G-LTE، بطارية 5100 ميلي امبير في الساعة، TB311XU، مع حافظة شفافة، ZAEJ0021SA,849.0,849.0,SAR,4.5,9,https://www.amazon.sa/dp/B0DQQ9YPBK,https://m.media-amazon.com/images/I/71+ajxR8JcL._AC_UL960_QL65_.jpg,1,849.0,False,False,False,False,,توصيل مجاني غداً، 11 سبتمبرأو توصيل أسرع غداً 1 متبقى 4 فقط -- (سيتوفر المزيد قريباً).,False,,,تبقى 4 فقط -- (سيتوفر المزيد قريباً).,,,False,False
B0HCPFMR8J,هواوي تابلت ميت باد اير 12 انش OLED بيبر مات 8+256 جيجا 10100 مللي امبير في | دقة 2.8 كيه، ضوء 509 غرام، شحن فائق 66 واط، قلم ام الجيل الثالث + كيبورد مغناطيسي + ماوس + عبوة عناية الكل في واحد,,,SAR,,0,https://www.amazon.sa/dp/B0HCPFMR8J,https://m.media-amazon.com/images/I/613KVqpoJ0L._AC_UL960_QL65_.jpg,1,,False,False,False,False,,توصيل مجاني غداً، 11 سبتمبرأو توصيل أسرع غداً 1 م,False,,,,,,True,False
B0FP6QK7LY,اونر تابلت ماجيك باد 3 واي فاي (2025) 13.3 انش | تخزين 512 جيجا رام 16 جيجا | اندرويد 15 - رمادي,,,SAR,5.0,7,https://www.amazon.sa/dp/B0FP6QK7LY,https://m.media-amazon.com/images/I/51t4ik5-fVL._AC_UL960_QL65_.jpg,1,,False,False,False,False,,توصيل بـ‏99 ريال سبتمبر 21 - 23يشحن من خارج السعودية,False,,,,,,True,False
B0C58ZN8QT,تابلت كتابة LCD مقاس 13.5 بوصة (إصدار ملون) ضربات فرشاة نابضة بالحياة من شاومي | شاشة شفافة بنقرة واحدة | قلم مغناطيسي | خفيف الوزن ومحمول | خالي من الغبار والحبر | عمر بطارية طويل,69.0,139.0,SAR,4.2,112,https://www.amazon.sa/dp/B0C58ZN8QT,https://m.media-amazon.com/images/I/51ck4zZq+qL._AC_UL960_QL65_.jpg,1,69.0,False,False,False,False,,توصيل مجاني غداً، 11 سبتمبر على طلبك الأول.أو توصيل أسرع غداً 1 م,False,,عرض لمدة محدودة,,,,False,True
B08N43BB16,ريدمي باد 2 8+256 اخضر مينت,,,SAR,4.6,25,https://www.amazon.sa/dp/B08N43BB16,https://m.media-amazon.com/images/I/51rYdV8oa9L._AC_UL960_QL65_.jpg,1,,False,False,False,False,,توصيل مجاني أكتوبر 6 - 7يشحن من خارج السعودية,False,,,,,,True,False
B0D6WKSW4L,جهاز تابلت جالكسي تاب S6 لايت 2024 بنظام اندرويد من سامسونج، يتضمن سبين (10.4 بوصة، 4G)، لون رمادي، 4 جيجابايت_128 جيجابايت، بلوتوث,,,SAR,4.2,19,https://www.amazon.sa/dp/B0D6WKSW4L,https://m.media-amazon.com/images/I/61hHayiRiwL._AC_UL960_QL65_.jpg,1,,False,False,False,False,,توصيل مجاني غداً، 11 سبتمبرأو توصيل أسرع غداً 1 م,True,,,,,,True,False
B0F3XPRDFH,اونر تابلت باد في 9 (11.5 انش، واي فاي) 2024 سعة تخزين 256 جيجا، ذاكرة رام 8 جيجا، اندرويد 15 (رمادي),,,SAR,4.3,24,https://www.amazon.sa/dp/B0F3XPRDFH,https://m.media-amazon.com/images/I/71LHCD8WufL._AC_UL960_QL65_.jpg,1,,False,False,False,False,,توصيل بـ‏12 ريال سبتمبر 13 - 14تبقى 1 فقط - اطلبه الآن.,False,,,تبقى 1 فقط - اطلبه الآن.,,,True,False
B0DFWMQ543,تابلت للاطفال من فولوس، تابلت ثنائي شرائح الاتصال 7 انش لحماية العين HD 1024x800 للمدرسة (قابس بريطاني),228.0,228.0,SAR,3.0,5,https://www.amazon.sa/dp/B0DFWMQ543,https://m.media-amazon.com/images/I/61UDsqK+ztL._AC_UL960_QL65_.jpg,1,228.0,False,False,False,False,,توصيل مجاني غداً، 11 سبتمبرأو توصيل أسرع غداً 1 م,False,,,,,,False,False
B0DZ77SB2R,جهاز ابل ايباد 11 بوصة: بشريحة A16 وشاشة ليكويد ريتينا وذاكرة 512 جيجابايت وواي فاي 6 مع شبكة اتصال 5G وكاميرا أمامية 12 ميجابكسل وكاميراخلفية 12 ميجابيكسل وخاصية تاتش اي دي وبطارية تدوم طوال اليوم,,,SAR,4.4,40,https://www.amazon.sa/dp/B0DZ77SB2R,https://m.media-amazon.com/images/I/61cZCqgNIxL._AC_UL960_QL65_.jpg,2,,False,False,False,False,,توصيل مجاني غداً، 11 سبتمبرأو توصيل أسرع غداً 1 م,True,,,,,,True,False
B0D3J7W5J4,ابل ايباد اير 11 بوصة (M2): شاشة ليكويد ريتينا 256GB، كاميرا أمامية 12MP/ كاميرا خلفية 12MP، واي فاي 6E + 5G خلوية مع شريحة eSIM، معرف لمس، بطارية تدوم طوال اليوم - ستارلايت,,,SAR,4.4,32,https://www.amazon.sa/dp/B0D3J7W5J4,https://m.media-amazon.com/images/I/714PHqIy+fL._AC_UL960_QL65_.jpg,1,,False,False,False,False,,توصيل مجاني السبت، 12 سبتمبرأو توصيل أسرع غداً، 11 سبتمبرتبقى 1 فقط - اطلبه الآن.,True,,,تبقى 1 فقط - اطلبه الآن.,,,True,False
B0FWD7DVCC,جهاز ابل ايباد برو 13 بوصة (M5) بذاكرة 2 تيرابايت جهاز ايباد بشاشة الترا ريتينا اكس دي ار زجاج بنسيج نانوي، كاميرا أمامية 12 ميجابكسل بتصميم أفقي وكاميرا خلفية 12 ميجابكسل، مزود بماسح ليدار واتصال واي,,,SAR,,0,https://www.amazon.sa/dp/B0FWD7DVCC,https://m.media-amazon.com/images/I/71ar6XvenWL._AC_UL960_QL65_.jpg,1,,False,False,False,False,,توصيل مجاني غداً، 11 سبتمبرأو توصيل أسرع غداً 1 م,True,,,,,,True,False
B0DJD4R4XV,تابلت تاب اس 10 الترا من سامسونج جالكسي، ذكاء اصطناعي، اندرويد، 5G، ذاكرة RAM 12GB، تخزين 256GB، شاشة اموليد، مضاد للانعكاس، متين، يتضمن قلم S، فضي بلاتينيوم (إصدار المملكة العربية السعودية)، خلايا,,,SAR,4.4,28,https://www.amazon.sa/dp/B0DJD4R4XV,https://m.media-amazon.com/images/I/61XCixe+PIL._AC_UL960_QL65_.jpg,1,,False,False,False,False,,توصيل مجاني سبتمبر 14 - 15تبقى 1 فقط - اطلبه الآن. يشحن من خارج السعودية,True,,,تبقى 1 فقط - اطلبه الآن.,,,True,False
B0D6W8F252,تابلت 10 بوصة 1920×1200 بشاشة لمس شفافة IPS اندرويد 13 وذاكرة رام 12GB وروم 512GB وذاكرة قابلة للتوسيع وبطارية 8000mAh بوقت استعداد طويل واتصال بلوتوث وكاميرا مزدوجة 13MP+26MP وشبكة WiFi 5G من ايكام,472.14,472.14,SAR,2.0,1,https://www.amazon.sa/dp/B0D6W8F252,https://m.media-amazon.com/images/I/61JeDo85ajL._AC_UL960_QL65_.jpg,1,472.14,False,False,False,False,,توصيل مجاني غداً، 11 سبتمبرأو توصيل أسرع غداً 1 متبقى 4 فقط - اطلبه الآن.,False,,,تبقى 4 فقط - اطلبه الآن.,,,False,False
B0C77F5M3F,كوبرز تابلت 10 انش، اندرويد 14، ذاكرة روم 32GB، 512GB قابل للتوسيع، معالج رباعي النواة، بطارية 6000mAh، شاشة لمس 1280x800 IPS، كاميرا مزدوجة HD 2MP+8MP، بلوتوث واي فاي، ازرق كحلي,292.39,292.39,SAR,3.8,5215,https://www.amazon.sa/dp/B0C77F5M3F,https://m.media-amazon.com/images/I/61Qx4pvpCHL._AC_UL960_QL65_.jpg,1,292.39,False,False,False,False,,,True,,,,,,False,False
B0H1WXJ35H,تابلت للاطفال 7 انش، رباعي النواة اندرويد 12 2GB 32GB، تحكم ابوي، حماية العين، حافظة مضادة للصدمات، كاميرا مزدوجة، واي فاي، بلوتوث، تابلت تعليمي للاطفال - شنطة (ازرق),289.99,289.99,SAR,,0,https://www.amazon.sa/dp/B0H1WXJ35H,https://m.media-amazon.com/images/I/61BFTaEtj8L._AC_UL960_QL65_.jpg,1,289.99,False,False,False,False,,توصيل مجاني غداً، 11 سبتمبرأو توصيل أسرع غداً 1 م,True,,,,,,False,False
B0D14JPVCC,جهاز تابلت جالكسي تاب S6 لايت 2024 بنظام اندرويد، يتضمن سبين (10.4 بوصة، 4 جيجابايت)، 4 جيجابايت_128 جيجابايت من سامسونج، رمادي,,,SAR,4.2,19,https://www.amazon.sa/dp/B0D14JPVCC,https://m.media-amazon.com/images/I/61hHayiRiwL._AC_UL960_QL65_.jpg,1,,False,False,False,False,,توصيل مجاني غداً، 11 سبتمبرأو توصيل أسرع غداً 1 م,True,,,,,,True,False
B0GYQHX8ZQ,تابلت اندرويد 15 للاطفال مع حافظة، تابلت 10 انش للاطفال، 8GB RAM 32GB ROM 1TB قابلة للتوسيع بطارية طويلة 6000mAh، شاشة HD IPS، كاميرا مزدوجة، تحكم ابوي، تابلت تعليمي، زهري,294.07,294.07,SAR,4.2,26,https://www.amazon.sa/dp/B0GYQHX8ZQ,https://m.media-amazon.com/images/I/71rZ3cgd47L._AC_UL960_QL65_.jpg,1,294.07,False,False,False,False,,,True,,,,,,False,False
B0D2NYVBLC,تابلت اندرويد 16 مقاس 11 انش، ثماني النواة، ذاكرة رام 28 جيجا، ذاكرة روم | تابلت اندرويد 16 11 انش، ثماني النواة، وايدفاين ال 1، بطارية 8000mAh، واي فاي مزدوج، جي بي اس، اف ام، كاميرات 5/8 ميجابكسل,471.48,471.48,SAR,4.2,1180,https://www.amazon.sa/dp/B0D2NYVBLC,https://m.media-amazon.com/images/I/71vdmVTz4nL._AC_UL960_QL65_.jpg,1,471.48,False,False,False,False,,,True,,,,,,False,False
B0D8J17YJ8,تابلت اندرويد AGM PAD P2 Active 2025 مقاوم للماء للأماكن الخارجية، 16(8+8) GB +256GB، 10.95 بوصة FHD، 50MP+8MP، ثنائي شرائح الاتصال 4G LTE/5G Hz WiFi/GPS/OTG/IP69K/كومباس/وايدفاين L1/هيليو G99,999.0,999.0,SAR,3.9,13,https://www.amazon.sa/dp/B0D8J17YJ8,https://m.media-amazon.com/images/I/716wdLxvt3L._AC_UL960_QL65_.jpg,1,999.0,False,False,False,False,,توصيل مجاني غداً، 11 سبتمبرأو توصيل أسرع غداً 1 م,False,,عرض لمدة محدودة,,,,False,False
B0FDWJJTGQ,شاومي Grafito Redmi Pad 2 11&quot; 4 GB 128 GB WiFi HyperOS الرمادية,826.49,826.49,SAR,5.0,5,https://www.amazon.sa/dp/B0FDWJJTGQ,https://m.media-amazon.com/images/I/51nsKceJnLL._AC_UL960_QL65_.jpg,3,703.69,False,False,False,False,,توصيل مجاني الأربعاء، 16 سبتمبر,False,,,,,,False,False
B0CGJ6JKYR,تابلت 2 في 1 10 انش بنظام اندرويد 15 مع حافظة كيبورد وماوس وقلم ستايلس 8GB+32GB تابلت بشاشة لمس HD 10.1 انش وكاميرا مزدوجة 2MP+8MP وبطارية 6000mAh وواي فاي 6 وبلوتوث ازرق,334.16,334.16,SAR,3.8,385,https://www.amazon.sa/dp/B0CGJ6JKYR,https://m.media-amazon.com/images/I/61rPh3WqHPL._AC_UL960_QL65_.jpg,1,334.16,False,False,False,False,,,True,,,,,,False,False
B0GH6NTZPZ,تشو وي تابلت هاي 10 ماكس 33 سم 2880 × 1920 IPS، معالج انتل N150 (4C/4T، حتى 3.6Ghz)، 12GB DDR5، 512GB SSD، ويندوز 11 باد 3 في 1، واي فاي 6، كيبورد عربي,,,SAR,,0,https://www.amazon.sa/dp/B0GH6NTZPZ,https://m.media-amazon.com/images/I/71uA9Z7JHEL._AC_UL960_QL65_.jpg,1,,False,False,False,False,,توصيل مجاني السبت، 12 سبتمبرأو توصيل أسرع غداً، 11 سبتمبرتبقى 1 فقط - اطلبه الآن.,False,,,تبقى 1 فقط - اطلبه الآن.,,,True,False
B0FFYGLNCK,سامسونج X356B جالكسي تاب اكتيف 5 برو 10.1 انش 5G (EE)، 128 جيجا 6 جيجا رام، اخضر,,,SAR,,0,https://www.amazon.sa/dp/B0FFYGLNCK,https://m.media-amazon.com/images/I/31on9uZdQnL._AC_UL960_QL65_.jpg,1,,False,False,False,False,,توصيل مجاني الجمعة، 18 سبتمبر,False,,,,,,True,False
B0BZVPYFFL,تابلت اندرويد 14 10 انش 2 في 1 مع كيبورد وذاكرة RAM 64GB+8GB وشاشة 10.1 انش وكاميرا 8MP وبطارية 6000mAh يتضمن كيبورد وماوس وحافظة وقلم ستايلس وواي فاي 6 وبلوتوث - بينك/فتاة,393.79,393.79,SAR,3.8,849,https://www.amazon.sa/dp/B0BZVPYFFL,https://m.media-amazon.com/images/I/61TYcEoLxiL._AC_UL960_QL65_.jpg,1,393.79,False,False,False,False,,,True,,,,,,False,False
B0B9L6LBD5,جوال هواوي ميت باد برو 11 (2022) مقاس 11 انش باللونين الاسود والذهبي RAM سعة 8GB وذاكرة سعة 256GB 4G LTE، سعة 53013.0 GB، أسود ذهبي,,,SAR,5.0,4,https://www.amazon.sa/dp/B0B9L6LBD5,https://m.media-amazon.com/images/I/51bf1AiZjuL._AC_UL960_QL65_.jpg,1,,False,False,False,False,,توصيل مجاني غداً، 11 سبتمبرأو توصيل أسرع غداً 1 م,False,,,,,,True,False
B0FGD3ML6K,تابلت للاطفال 7 انش، رباعي النواة اندرويد 12 2GB 32GB، تحكم ابوي، حماية العين، حافظة مضادة للصدمات، كاميرا مزدوجة، واي فاي، بلوتوث، تابلت تعليمي للاطفال - K4 (ازرق),299.99,299.99,SAR,3.2,14,https://www.amazon.sa/dp/B0FGD3ML6K,https://m.media-amazon.com/images/I/51kvgb9VzlL._AC_UL960_QL65_.jpg,1,299.99,False,False,False,False,,توصيل مجاني غداً، 11 سبتمبرأو توصيل أسرع اليوم 6:13 م,True,,,,,,False,False
B0BBW1D4MT,تابلت بنظام اندرويد 11، مقاس 7 انش وذاكرة 32GB و2GB RAM وواي فاي وبلوتوث وبلون اسود,260.0,260.0,SAR,3.7,1449,https://www.amazon.sa/dp/B0BBW1D4MT,https://m.media-amazon.com/images/I/71ODlkKD2VL._AC_UL960_QL65_.jpg,3,223.86,False,False,False,False,,توصيل مجاني سبتمبر 20 - 21يشحن من خارج السعودية,True,,,,,,False,False
B0GD6VLTDP,تابلت 10 انش اندرويد 15 مع كيبورد وقلم ستايلس 8GB RAM 2 في 1 يتضمن ماوس وحافظة واقية، عمر بطارية طويل 6000mAh 5G واي فاي 6 كاميرا مزدوجة 32GB روم 10.1 انش، مجموعة تابلت للعمل والدراسة,324.06,324.06,SAR,4.5,42,https://www.amazon.sa/dp/B0GD6VLTDP,https://m.media-amazon.com/images/I/71EE7IhK7wL._AC_UL960_QL65_.jpg,1,324.06,False,False,False,False,,,True,,,,,,False,False
B0DY6SHVPM,شاومي باد 7 اصدار واي فاي عالمي (بدون مكالمات او رسائل نصية) 11.2 انش 3.2K 144Hz 8850mAh بلوتوث 5.4 اربعة مكبرات صوت 13 ميجابيكسل موديل 2410CRP4CG (ازرق، 256GB + 8GB),,,SAR,4.6,52,https://www.amazon.sa/dp/B0DY6SHVPM,https://m.media-amazon.com/images/I/71SAX8czzbL._AC_UL960_QL65_.jpg,1,,False,False,False,False,,توصيل مجاني الجمعة، 18 سبتمبرتبقى 4 فقط - اطلبه الآن.,True,,,تبقى 4 فقط - اطلبه الآن.,,,True,False
B0CK817PBF,سامسونج تابلت جالكسي تاب A9 واي فاي بنظام اندرويد، ذاكرة RAM 4GB، تخزين 64GB، غرافيت (إصدار المملكة العربية السعودية),825.79,825.79,SAR,4.3,1091,https://www.amazon.sa/dp/B0CK817PBF,https://m.media-amazon.com/images/I/514hxzCMyqL._AC_UL960_QL65_.jpg,1,825.79,False,False,False,False,,توصيل مجاني الاثنين، 21 سبتمبرأو توصيل أسرع السبت، 19 سبتمبرتبقى 1 فقط - اطلبه الآن.,True,,,تبقى 1 فقط - اطلبه الآن.,,,False,False
B0FKT74GYT,تابلت للاطفال 7 انش، رباعي النواة اندرويد 12 2GB 32GB، تحكم ابوي، حماية العين، حافظة مضادة للصدمات، كاميرا مزدوجة، واي فاي، بلوتوث، تابلت تعليمي للاطفال - سبيس مان (ازرق),299.99,299.99,SAR,3.3,5,https://www.amazon.sa/dp/B0FKT74GYT,https://m.media-amazon.com/images/I/61sZ520nAkL._AC_UL960_QL65_.jpg,1,299.99,False,False,False,False,,توصيل مجاني غداً، 11 سبتمبرأو توصيل أسرع غداً 1 م,True,,,,,,False,False
B0FN7G1GH4,تابلت للاطفال من سن 3-7 سنوات، تابلت اندرويد 13 للاطفال الصغار، تابلت اطفال 7 انش مع حافظة/واي فاي/ذاكرة RAM 8GB وذاكرة روم 64GB قابلة للتوسيع 128GB، بلوتوث، HD IPS، حماية للعين، هدية للاولاد والبنات (زهري),289.0,289.0,SAR,2.9,10,https://www.amazon.sa/dp/B0FN7G1GH4,https://m.media-amazon.com/images/I/71W1ROA-uCL._AC_UL960_QL65_.jpg,1,289.0,False,False,False,False,,توصيل مجاني غداً، 11 سبتمبرأو توصيل أسرع غداً 1 م,True,,,,,,False,False
B01BA6XQI0,لوح رسم رقمي من XP-بن بمقاس 10 x 8 سم، أسود، متوافق مع ويندوز، للعبة أوسو والرسم والتلوين,79.99,99.99,SAR,4.2,9236,https://www.amazon.sa/dp/B01BA6XQI0,https://m.media-amazon.com/images/I/51N7cwmV3QL._AC_UL960_QL65_.jpg,1,79.99,False,False,False,False,,توصيل مجاني غداً، 11 سبتمبر على طلبك الأول.أو توصيل أسرع غداً 1 م,False,,,,,,False,True
B0DZ7FCCMS,تابلت ابل ايباد اير 13 بوصة شريحة M3 مصمم ابل انتليجانس وشاشة ليكويد ريتينا، 1 تيرا بايت/كاميرا أمامية وخلفية 12 ميجابكسل/واي فاي 6E/شبكة 5G/خاصية تعرف باللمس/بطارية تدوم طوال اليوم/رمادي (سبيس جراي),,,SAR,4.5,11,https://www.amazon.sa/dp/B0DZ7FCCMS,https://m.media-amazon.com/images/I/71-fh0WxBqL._AC_UL960_QL65_.jpg,1,,False,False,False,False,,توصيل مجاني غداً، 11 سبتمبرأو توصيل أسرع غداً 1 متبقى 3 فقط - اطلبه الآن.,True,,,تبقى 3 فقط - اطلبه الآن.,,,True,False
B0CST8ZHBC,اونر تابلت باد 9 12.1 انش 8GB/256GB 2 5K 12.1 انش 2.5K 120Hz 8300mAh واي فاي 5 بلاتا,,,SAR,4.6,600,https://www.amazon.sa/dp/B0CST8ZHBC,https://m.media-amazon.com/images/I/71178LRzzkL._AC_UL960_QL65_.jpg,1,,False,False,False,False,,توصيل مجاني أكتوبر 6 - 7يشحن من خارج السعودية,False,,,,,,True,False
B0BJ74Y546,تابلت 10.1 انش، ذاكرة RAM سعة 4 GB وذاكرة داخلية سعة 128 GB، معالج ثماني النواة، شاشة بدقة 1280×800 بخاصية IPS، تقنية واي فاي، جي بي اس، ثنائي شرائح الاتصالل، غطاء من المعدن (ازرق),418.88,418.88,SAR,2.9,130,https://www.amazon.sa/dp/B0BJ74Y546,https://m.media-amazon.com/images/I/61WqhWKicuL._AC_UL960_QL65_.jpg,1,418.88,False,False,False,False,,توصيل مجاني غداً، 11 سبتمبرأو توصيل أسرع غداً 1 م,True,,,,,,False,False
B0GBTTBLN1,كريلاندر تابلت اندرويد 16 8.7 انش، 16 (3+3+10) GB + 128GB مع شاشة داخلية 1340×800، كاميرا 5MP + 13MP، بطارية 5000mAh، بلوتوث/واي فاي، تابلت اندرويد صغير مع واقي,327.61,327.61,SAR,3.6,81,https://www.amazon.sa/dp/B0GBTTBLN1,https://m.media-amazon.com/images/I/61Mxdzy8L5L._AC_UL960_QL65_.jpg,1,327.61,False,False,False,False,,توصيل مجاني الخميس، 17 سبتمبر,False,,,,,,False,False
B0BCHVGQ92,برايتووم تابلت 10 انش اندرويد 10 بشريحة اتصال 3G 32GB رباعي النواة (TF 512GB) بطارية 6000mAh كاميرا خلفية 8MP يدعم مكالمات 3G وواي فاي ونظام تحديد المواقع وبلوتوث وUSB نوع C، اسود,357.11,357.11,SAR,3.5,493,https://www.amazon.sa/dp/B0BCHVGQ92,https://m.media-amazon.com/images/I/71mO6FQ3hHL._AC_UL960_QL65_.jpg,1,357.11,False,False,False,False,,توصيل مجاني الثلاثاء، 15 سبتمبر,False,,,,,,False,False
B0BZZ482F8,تابلت اندرويد 15 10 انش 12GB RAM + 64GB ROM/1TB اكسبند، معالج رباعي النواة 1.8GHz، تابلت 2 في 1 مع كيبورد/حافظة/ماوس/قلم رصاص، شاشة IPS HD 1280×800,344.47,344.47,SAR,4.0,298,https://www.amazon.sa/dp/B0BZZ482F8,https://m.media-amazon.com/images/I/71waLz+TbpL._AC_UL960_QL65_.jpg,1,344.47,False,False,False,False,,,False,,,,,,False,False
B0BW3NYYCL,واي كيو سافيور تابلت 10 انش مع كيبورد، تابلت 2 في 1، اندرويد 15 | ذاكرة RAM 12GB+64GB ROM + 1TB قابلة للتوسيع مع حافظة، ماوس، شاشة IPS 1280 * 800، كاميرا مزدوجة 2+8 ميجابكسل، واي فاي، بلوتوث,276.16,276.16,SAR,4.0,326,https://www.amazon.sa/dp/B0BW3NYYCL,https://m.media-amazon.com/images/I/71A2MX5rX0L._AC_UL960_QL65_.jpg,1,276.16,False,False,False,False,,,False,,,,,,False,False
B0D3GFGH2N,تابلت للاطفال 7 انش، رباعي النواة اندرويد 12 2 جيجا 32 جيجا، تحكم ابوي، حماية العين، حافظة مضادة للصدمات، كاميرا مزدوجة، واي فاي، بلوتوث، تابلت تعليمي للاطفال - K3 (زهري),259.99,259.99,SAR,3.4,12,https://www.amazon.sa/dp/B0D3GFGH2N,https://m.media-amazon.com/images/I/61GEeiia0IL._AC_UL960_QL65_.jpg,1,259.99,False,False,False,False,,توصيل مجاني غداً، 11 سبتمبرأو توصيل أسرع غداً 1 م,True,,,,,,False,False
B0GFDF7W1W,تابلت للاطفال 7 انش، رباعي النواة اندرويد 12 2GB 32GB، تحكم ابوي، حماية العين، حافظة مضادة للصدمات، كاميرا مزدوجة، واي فاي، بلوتوث، تابلت تعليمي للاطفال - مونكي (زهري),309.99,309.99,SAR,2.2,6,https://www.amazon.sa/dp/B0GFDF7W1W,https://m.media-amazon.com/images/I/51vCF8InX9L._AC_UL960_QL65_.jpg,1,309.99,False,False,False,False,,توصيل مجاني غداً، 11 سبتمبرأو توصيل أسرع غداً 1 م,True,,,,,,False,False
B0G57M2Z6W,بلاك فيو لينك 8 | 12.7 انش 2K+ 90Hz | ذاكرة RAM 18GB + 256GB | ارجواني كلاودي | Tablet WiFi | 8400 mAh | 16MP + 13MP | Quad Box Stereo | GPS | BT Keyboard &amp; Wireless Mouse,967.01,967.01,SAR,,0,https://www.amazon.sa/dp/B0G57M2Z6W,https://m.media-amazon.com/images/I/61B1fL4G4FL._AC_UL960_QL65_.jpg,1,967.01,False,False,False,False,,توصيل مجاني الخميس، 17 سبتمبر,True,,,,,,False,False
B0BZVSWH17,تابلت 10 انش 2 في 1 اندرويد 15 مع كيبورد، تابلت 10 انش يتضمن ماوس وكيبورد ستايلس، 6000mAh 8GB RAM 32GB ROM يدعم 1TB قابل للتوسيع كاميرا مزدوجة 5G واي فاي 6 بلوتوث,308.61,308.61,SAR,4.0,185,https://www.amazon.sa/dp/B0BZVSWH17,https://m.media-amazon.com/images/I/71uJsXHuzCL._AC_UL960_QL65_.jpg,1,308.61,False,False,False,False,,,True,,,,,,False,False
B0BVYPH7G5,تابلت 2 في 1 بنظام تشغيل اندرويد، تابلت 10 انش مع كيبورد وماوس وحافظة واقية وقلم ستايلس 10.1 انش 8GB+32GB يدعم توسيع 1TB وكاميرا مزدوجة 2MP+8MP وبطارية 6000mAh وبلوتوث وواي فاي 6 اندرويد,325.14,325.14,SAR,4.0,310,https://www.amazon.sa/dp/B0BVYPH7G5,https://m.media-amazon.com/images/I/71nwF8tU8+L._AC_UL960_QL65_.jpg,1,325.14,False,False,False,False,,تبقى 1 فقط - اطلبه الآن.,True,,,تبقى 1 فقط - اطلبه الآن.,,,False,False
B07VKB37HZ,لوح رسم رقمي من XP-بن بمقاس 25.4 x 15.88 سم، أسود، متوافق مع أندرويد، للرسم والفن الرقمي والتصميم الجرافيكي,159.99,239.99,SAR,4.5,8163,https://www.amazon.sa/dp/B07VKB37HZ,https://m.media-amazon.com/images/I/51cgbhZfWkL._AC_UL960_QL65_.jpg,1,159.99,False,False,False,False,تم شراء 100+ سلعة في الشهر الماضي,توصيل مجاني غداً، 11 سبتمبرأو توصيل أسرع اليوم 6:13 م,False,,,,,,False,True
B0F5HLZXBQ,تابلت باد X9a 6 جيجابايت 128 جيجابايت، شاشة فل فيو 11.5 بوصة تردد 120 هرتز دقة 2.5K، سناب دراجون 685، بطارية 8300 مللي امبير في الساعة 35 واط، اندرويد 15، إصدار واي فاي، لون رمادي,699.0,699.0,SAR,4.6,291,https://www.amazon.sa/dp/B0F5HLZXBQ,https://m.media-amazon.com/images/I/61RjVCBCmjL._AC_UL960_QL65_.jpg,1,699.0,False,False,False,False,,,False,,,,,,False,False
B0BLYKSWXW,تابلت اندرويد 15 مع كيبورد من رويكياي، تابلت 10 انش مع حافظة | 8GB + 32GB + 1TB موسع، شاشة لمس IPS 1280x800، واي فاي 5G 6، L1، بطارية طويلة العمر (اسود),323.59,323.59,SAR,4.0,572,https://www.amazon.sa/dp/B0BLYKSWXW,https://m.media-amazon.com/images/I/618lRVAYZKL._AC_UL960_QL65_.jpg,1,323.59,False,False,False,False,,,False,,,,,,False,False
B0DCJZDPC8,تابلت لينوفو بلس، 11 انش، لوناجري، ميديا تيك هيليوG99 OC 2.2GHz، ذاكرة RAM 8GB، تخزين 128GB، واي فاي، بطارية 8600mAh، شاحن 45 واط PD3.0، 8 مكبرات صوت جيه بي ال، دولبي اتموس، وضع مكبر صوت بلوتوث،,,,SAR,3.1,2,https://www.amazon.sa/dp/B0DCJZDPC8,https://m.media-amazon.com/images/I/71Viq0QpamL._AC_UL960_QL65_.jpg,1,,False,False,False,False,,توصيل بـ‏12 ريال سبتمبر 13 - 14تبقى 2 فقط - اطلبه الآن.,False,,,تبقى 2 فقط - اطلبه الآن.,,,True,False
B0FM1LQV2K,تابلت فيوجن 5 10.1 انش ويندوز 11 بروفيشينال - ذاكرة RAM 16GB وSSD 512GB ومعالج انتل الجيل 13 FHD وUSB C ومايكرو HDMI - تابلت ويندوز رفيع للغاية 10 انش ومساحة تخزين قابلة للتوسيع,,,SAR,4.1,3472,https://www.amazon.sa/dp/B0FM1LQV2K,https://m.media-amazon.com/images/I/71aR8STZgiL._AC_UL960_QL65_.jpg,1,,False,False,False,False,,توصيل مجاني الثلاثاء، 15 سبتمبر,False,,,,,,True,False
