title,source,link,price,imageUrl,rating,ratingCount,productId,position,device_category
Asus Vivobook 14 Laptop,Jarir Bookstore,"https://www.google.com/search?ibp=oshop&q=Laptop&prds=localAnnotatedOfferId:1,catalogid:3196437878238916967,pvo:2,pvt:hg,rds:PC_6027158597472037202%7CPROD_PC_6027158597472037202&gl=sa&udm=28&pvorigin=2","SAR 2,399.00",https://encrypted-tbn2.gstatic.com/shopping?q=tbn:ANd9GcS9eqeTg7Wnj3KkzLqJx2yfMEK0RzBsrT0vf8gwvrxAc47ateBrqKzevj8eF1kSiTkTvEm7NlmLFyb7n4BmQQKKpIccOE__XlCZ7A23_0YHwDByxlYj_-uS,4.8,18.0,3196437878238916967,1,laptops
Apple 13-inch MacBook Air M5 chip w 10-core CPU,Apple,"https://www.google.com/search?ibp=oshop&q=Laptop&prds=localAnnotatedOfferId:1,catalogid:928792239873370590,pvo:2,pvt:hg,rds:PC_6027158597472037202%7CPROD_PC_6027158597472037202&gl=sa&udm=28&pvorigin=2","SAR 5,999.00",https://encrypted-tbn1.gstatic.com/shopping?q=tbn:ANd9GcRQ25qrmZlgKDWdfT_o9OAY6F96ES33GQUhJlOE9lCZg61Vqb3Pq1CPXVE35VqMAFX92MD1niJ-e6fnirYmiSHX4_gXRR-L1HDoa2RGaNXVo8dtp1ad3g3L2Zk,4.9,3000.0,928792239873370590,2,laptops
"MSI Cyborg 15 Gaming Laptop| 15.6"" FHD (1920*1080), 144Hz| IIntel Core 7 240H|16GB RAM| 512GB NVMePCIe SSD Gen4| NVIDIA GeForce RTX 5050 Laptop",Amazon.sa,"https://www.google.com/search?ibp=oshop&q=Laptop&prds=localAnnotatedOfferId:1,catalogid:14873670977167194347,pvo:2,pvt:hg,rds:PC_6027158597472037202%7CPROD_PC_6027158597472037202&gl=sa&udm=28&pvorigin=2","SAR 5,199.00",https://encrypted-tbn0.gstatic.com/shopping?q=tbn:ANd9GcQIBaQcUZTy28fNs7oawI3d2d7mIqitDkJhs9urI2XympbSkJsRfwDiIAI0IbDI9-4ZW0W3chvJ-RK3XDIX4ckBUacWf8u6h-1PGMhxlvbULCvobId86eo7Hw,,,14873670977167194347,3,laptops
HP Victus Gaming Laptop,Jarir Bookstore,"https://www.google.com/search?ibp=oshop&q=Laptop&prds=localAnnotatedOfferId:1,catalogid:4900149311227313918,pvo:2,pvt:hg,rds:PC_6027158597472037202%7CPROD_PC_6027158597472037202&gl=sa&udm=28&pvorigin=2","SAR 4,699.00",https://encrypted-tbn1.gstatic.com/shopping?q=tbn:ANd9GcRsLrE2BLHNwBnQvp_IR3yc7JqxHaRseQFY0p8F4gGdSkpKdp0ZJUPirwd6-WxfnU1ud8-qmUrDJ0E4fA2Z8ojHKpMBZi4eFNaJAYCkKwSp,4.0,8.0,4900149311227313918,4,laptops
"GIGABYTE gaming a16 cvh Laptop 16"" WUXGA IPS 165Hz Display Intel Core i7-13620H",طبيب الكمبيوتر,"https://www.google.com/search?ibp=oshop&q=Laptop&prds=localAnnotatedOfferId:1,catalogid:11786482177615330023,pvo:2,pvt:hg,rds:PC_6027158597472037202%7CPROD_PC_6027158597472037202&gl=sa&udm=28&pvorigin=2","SAR 5,399.00",https://encrypted-tbn1.gstatic.com/shopping?q=tbn:ANd9GcT3W-1v4NImv79lkHCPPURP4G8PNxXeN48ZMFHOs0i8T9zWlGmFtBp33qBH4r01Ep1Tf3zVr-Eau7WrBe_DFrydadhJWjwHCcieimwU--7pY8jTiZsmrmCE,,,11786482177615330023,5,laptops
تم تجديده - كمبيوتر محمول Latitude 7490 بشاشة Full HD مقاس 14 بوصة، ومعالج Core i7-8650U/الجيل الثامن/رباعي النواة/ذاكرة وصول عشوائي 8...,noon.com,"https://www.google.com/search?ibp=oshop&q=Laptop&prds=localAnnotatedOfferId:1,productid:16247080262126797043,pvo:2,pvt:hg,rds:PC_6027158597472037202%7CPROD_PC_6027158597472037202&gl=sa&udm=28&pvorigin=2","SAR 1,189.00",https://encrypted-tbn0.gstatic.com/shopping?q=tbn:ANd9GcSMS3Sh15C1SrGYFRXtUHx3nil1MfUcJTakxjFn8QQWgzDEcyANm3L98ZC2od-5q9YN2EJNuUU3rkpRpyfFad6xC_VpgjahDBT0MBzcKkk,4.2,32.0,16247080262126797043,6,laptops
لاب توب لينوفو ايديا باد سليم 3 - كور أي 3 (IdeaPad Slim 3 15IAN8) 512 جيجا SSD رام 8 جيجا 15.6 بوصة,متجر الهدف,"https://www.google.com/search?ibp=oshop&q=Laptop&prds=localAnnotatedOfferId:1,productid:14927574607457592550,pvo:2,pvt:hg,rds:PC_6027158597472037202%7CPROD_PC_6027158597472037202&gl=sa&udm=28&pvorigin=2","SAR 1,799.15",https://encrypted-tbn0.gstatic.com/shopping?q=tbn:ANd9GcS6hyfVP6uTPkXlbF8yhNRtl3EKkT7UfqX-OYZ7M1Ac5lJ5nm02l-2R4Q7VSssTQKhsmc8YRbzP_u__S34LPx5yh99wsXQdeH3TCKYnvHCSvx0PxA5iVpiD,4.6,13.0,14927574607457592550,7,laptops
MSI Titan 18 Gaming Laptop,Jarir Bookstore,"https://www.google.com/search?ibp=oshop&q=Laptop&prds=localAnnotatedOfferId:1,catalogid:4528084896411429237,pvo:2,pvt:hg,rds:PC_6027158597472037202%7CPROD_PC_6027158597472037202&gl=sa&udm=28&pvorigin=2","SAR 24,999.00",https://encrypted-tbn0.gstatic.com/shopping?q=tbn:ANd9GcSeCbsnoQ-tlPKl_EY6-Z8cTehJevYZxv99NmwIlOKf9y7mJbxsZSd-u3Fl0VNbHtPvKuGIvPcX7TANSTkgCO3ULvA_07yA4E_P2sLIt1ad,,,4528084896411429237,8,laptops
Lenovo ThinkPad E14 Gen 7 Intel Core Ultra 5 Laptop 35.6,mushtryati.com,"https://www.google.com/search?ibp=oshop&q=Laptop&prds=localAnnotatedOfferId:1,catalogid:6661901256989576361,pvo:2,pvt:hg,rds:PC_6027158597472037202%7CPROD_PC_6027158597472037202&gl=sa&udm=28&pvorigin=2","SAR 3,699.00",https://encrypted-tbn0.gstatic.com/shopping?q=tbn:ANd9GcSpvN-Hoqf3Le8AAvwo3Iod_g7P5P8wsq6QIcepYA2TSVi64njnZGx88J7VbYcUhO_HyyP8rgJO70I7wFzVOaHa7jIQhooIFPmhXixktxGPgmKrliX11EYFPg,4.5,88.0,6661901256989576361,9,laptops
"Samsung Galaxy Book5 Pro 360 16"" WQXGA+ Amoled Display Intel Core Ultra 7 256V",Amazon.sa - Seller,"https://www.google.com/search?ibp=oshop&q=Laptop&prds=localAnnotatedOfferId:1,catalogid:11541397078756674443,pvo:2,pvt:hg,rds:PC_6027158597472037202%7CPROD_PC_6027158597472037202&gl=sa&udm=28&pvorigin=2","SAR 8,353.17",https://encrypted-tbn3.gstatic.com/shopping?q=tbn:ANd9GcT7wXcv82pfODWasvuWrFSnPgP9jSoSD1f1DubBDZVtptZfwaJ1ZHXseqrHY-Z8xErZAuWob8WSqbqHPikEls46qXCQf3nI8L-ZENNvSPaY3aJTrwQ8_PPm8A,4.5,828.0,11541397078756674443,10,laptops
"Laptop Dell Latitude 3420 Intel Core i7-1165G7 Processor, 8GB Ram, 512GB SSD M.2,",Golden Technology,"https://www.google.com/search?ibp=oshop&q=Laptop&prds=localAnnotatedOfferId:1,productid:16096564323860446494,pvo:2,pvt:hg,rds:PC_6027158597472037202%7CPROD_PC_6027158597472037202&gl=sa&udm=28&pvorigin=2","SAR 3,099.00",https://encrypted-tbn3.gstatic.com/shopping?q=tbn:ANd9GcQZ7OLqAVSgbEz7LUiLh9aArNK0xGOWbW7UscgDlVFcCkOlZ8fCCIt5aOUdRYaUHuqgVNWB0wDlZid7Oq2lJIMAg98jvAbyU2w_zHcW1XghG5cHG_4BMi4HoA,,,16096564323860446494,11,laptops
MSI Crosshair 17 HX AI Gaming Laptop,Jarir Bookstore,"https://www.google.com/search?ibp=oshop&q=Laptop&prds=localAnnotatedOfferId:1,productid:2056332096946337992,pvo:2,pvt:hg,rds:PC_6027158597472037202%7CPROD_PC_6027158597472037202&gl=sa&udm=28&pvorigin=2","SAR 7,499.00",https://encrypted-tbn1.gstatic.com/shopping?q=tbn:ANd9GcT8Cck0U5ECjshD_K-oS4PsZ3ksR1hVX8kFBFIvow5D6mgZ0awF49WHbPYfI8IbAw_s3q0jD84kTAf0lRoxUrCaLjdZAMx323utj_0wo-Y,,,2056332096946337992,12,laptops
Lenovo IdeaPad Slim 3 15AMN8 Laptop AMD Ryzen 5-40 / 15.6inch FHD / 512GB SSD / 8GB RAM / Shared AMD Radeon 610M Graphics / Windows 11 Home,Sharaf DG Saudi Arabia,"https://www.google.com/search?ibp=oshop&q=Laptop&prds=localAnnotatedOfferId:1,catalogid:498083008900903597,pvo:2,pvt:hg,rds:PC_6027158597472037202%7CPROD_PC_6027158597472037202&gl=sa&udm=28&pvorigin=2","SAR 2,598.10",https://encrypted-tbn3.gstatic.com/shopping?q=tbn:ANd9GcTJ-HCtipFUSlZuuqaBc8YKB00Ma47NLDJHFHikI6J__oRGpminj4jLjgbRhvGgqI0Frij6LEXzAzcSCMuMWWo6avxLnGQrHA,,,498083008900903597,13,laptops
لابتوب لاتيتيود 3420 (نسخة محدثة) بشاشة 14 بوصة بدقة Full HD (1920x1080) ومعالج Core i7-1165G7/ذاكرة RAM سعة 8GB/قرص SSD سعة 512GB/نظام Windows 11/,noon.com,"https://www.google.com/search?ibp=oshop&q=Laptop&prds=localAnnotatedOfferId:1,productid:4021662939756104114,pvo:2,pvt:hg,rds:PC_6027158597472037202%7CPROD_PC_6027158597472037202&gl=sa&udm=28&pvorigin=2","SAR 3,499.00",https://encrypted-tbn1.gstatic.com/shopping?q=tbn:ANd9GcQqV_jQmxQtj21tXBkKNJIUXCI3UzLoVTs40DP4DzOKwmu1wAlDR-pta9e6gNGx1R-MoMFyx0zLdoXEH-w4sIvy4HuZT_QQd-42Q-2AE3-TEIFW9w9yI3zl,,,4021662939756104114,14,laptops
"لاب توب ابل ماك بوك نيو (MHFE4AB/A) شريحة A18 برو سداسي النواة, الرامات 8 جيجا, 512جيجا اس اس دي - إصدار السعودية",قصر الحاسبات,"https://www.google.com/search?ibp=oshop&q=Laptop&prds=localAnnotatedOfferId:1,productid:3313652981160466913,pvo:2,pvt:hg,rds:PC_6027158597472037202%7CPROD_PC_6027158597472037202&gl=sa&udm=28&pvorigin=2","SAR 3,890.00",https://encrypted-tbn3.gstatic.com/shopping?q=tbn:ANd9GcRAMFZpt4k9xiYPiDu62ar6B999Lhwveid1oawPXKasufxiSjVn-bjKditXv8bBE6-tYC2FhzknPtSIAAIJWbK6fUrdHp2okqDTTQNtQIhDCk8wHx5B8lnpPQ,4.8,5400.0,3313652981160466913,15,laptops
MSI Raider Gaming Laptops,Jarir Bookstore,"https://www.google.com/search?ibp=oshop&q=Laptop&prds=localAnnotatedOfferId:1,productid:3130144051990671569,pvo:2,pvt:hg,rds:PC_6027158597472037202%7CPROD_PC_6027158597472037202&gl=sa&udm=28&pvorigin=2","SAR 13,499.00",https://encrypted-tbn1.gstatic.com/shopping?q=tbn:ANd9GcQJHjrK74gN8MEGWofhkzhKqbRjCuIRSdcan4ECiC3qMOalZMVrpWEb2YbOEhRmZxabviBvCvWm-7FCHykW3n3GQc4rqoPYQ9xdl1GO8KI,,,3130144051990671569,16,laptops
Asus Vivobook 15 Intel Core i7-1335U 13th Gen 15.6-inch Laptop Cool Silver,شركة ضي العليا لتقنية المعلومات,"https://www.google.com/search?ibp=oshop&q=Laptop&prds=localAnnotatedOfferId:1,catalogid:14266908309690002165,pvo:2,pvt:hg,rds:PC_6027158597472037202%7CPROD_PC_6027158597472037202&gl=sa&udm=28&pvorigin=2","SAR 2,375.00",https://encrypted-tbn1.gstatic.com/shopping?q=tbn:ANd9GcQ0O7AllGRGyXxEIgBn0nbuBcjKyvJJq9bIwiBoytFkG7FT1q8JI42cs9PyCx8wSp3g_MF74XCoyCqNzZPN75Mcbg-IRHb4wj_1YlPCGjrGxQZmRhX9tHFG,4.1,30.0,14266908309690002165,17,laptops
Certified Renewed Customized MacBook Air - 2017 256 GB SSD / 8 GB,Revibe KSA,"https://www.google.com/search?ibp=oshop&q=Laptop&prds=localAnnotatedOfferId:1,productid:4213310376620200321,pvo:2,pvt:hg,rds:PC_6027158597472037202%7CPROD_PC_6027158597472037202&gl=sa&udm=28&pvorigin=2","SAR 1,099.00",https://encrypted-tbn0.gstatic.com/shopping?q=tbn:ANd9GcSCFjXG5cdP0g-zVLxwMxImhzHVYK6fDNA_19jk4oR0grEYdd9dxpD50THrxTedXUa_BtoyO1kL9qdeeT8-v0ougIkHKHyAMz-E7i940z0Hnge6I8IiHY8D,,,4213310376620200321,18,laptops
"Laptop Dell Latitude 3450 Intel Core i7-1355U Processor, 8GB Ram, 512GB SSD M.2, Intel UHD Graphics, 14-inch Full HD Display",Golden Technology,"https://www.google.com/search?ibp=oshop&q=Laptop&prds=localAnnotatedOfferId:1,productid:12076858041052812534,pvo:2,pvt:hg,rds:PC_6027158597472037202%7CPROD_PC_6027158597472037202&gl=sa&udm=28&pvorigin=2","SAR 3,399.00",https://encrypted-tbn1.gstatic.com/shopping?q=tbn:ANd9GcTbAsZqFtYY3gir7FZqgP69J9Z2gYxS2HUYpGh2lNf_g5XUUMM5VCxyR3Oe1FQ-Ld3UnA6VSuiGvQMUIGkUvAUnPSF-Di10FHrU2mcGjE9RECPaMUmgbg2a,4.2,80.0,12076858041052812534,19,laptops
HP Victus 15 AMD Ryzen 7 8845HS 16GB RAM & 1TB SSD RTX 4050 Laptop,قصر الحاسبات,"https://www.google.com/search?ibp=oshop&q=Laptop&prds=localAnnotatedOfferId:1,catalogid:14535430291947010450,pvo:2,pvt:hg,rds:PC_6027158597472037202%7CPROD_PC_6027158597472037202&gl=sa&udm=28&pvorigin=2","SAR 4,890.00",https://encrypted-tbn1.gstatic.com/shopping?q=tbn:ANd9GcQCuwidQQxcx15Rkvl36CdHScHSBKs6m8enJTMXXdQ9JYHdtlFzpIrrArhx4w5Le8MiyCpNBxhPcYBnbkyczvSSZ5a5sHXBkedD0oQ2DRda,,,14535430291947010450,20,laptops
Dell Latitude 3450 Intel Core i5 i5-1335U Laptop 35.6 cm Full HD DDR5-SDRAM 512 GB SSD Wi-Fi 6E Windows 11 Pro Grey,Grooves.Land France,"https://www.google.com/search?ibp=oshop&q=Laptop&prds=localAnnotatedOfferId:1,catalogid:10696411912361507567,pvo:2,pvt:hg,rds:PC_6027158597472037202%7CPROD_PC_6027158597472037202&gl=sa&udm=28&pvorigin=2","SAR 2,510.21",https://encrypted-tbn2.gstatic.com/shopping?q=tbn:ANd9GcRJPtlT4edAtbNMLkM9dKKQaCRnGZ3bwMpthyxjrXKrmnawKToRe_zJupgGoXl9MM5i7bf24q_XwB6-CfuQrd2U5f6SfeXehCcMVhd0AGWUYy-qdLoTx8pZaQ,5.0,1.0,10696411912361507567,21,laptops
Apple MacBook Neo A18 Pro 6 Core CPU 5 Core GPU,Techbros,"https://www.google.com/search?ibp=oshop&q=Laptop&prds=localAnnotatedOfferId:1,catalogid:3951663215321281162,pvo:2,pvt:hg,rds:PC_6027158597472037202%7CPROD_PC_6027158597472037202&gl=sa&udm=28&pvorigin=2","SAR 3,066.82",https://encrypted-tbn3.gstatic.com/shopping?q=tbn:ANd9GcRfUHE4KVsoDXje98otoUm-z4g9Ei6ewG4MkZ1SislO2o0lvip7wxFr93pr0kttcV-G2IwYCDTV91_bJETL46_NSbYaGt_NDWGT08Nl7uPt,4.8,5400.0,3951663215321281162,22,laptops
DELL Inspiron 3530 Intel Core Laptop 39.6 cm Full HD 16 GB DDR4-SDRAM 512 GB SSD Wi-Fi 6 Windows 11 Pro,شركة ضي العليا لتقنية المعلومات,"https://www.google.com/search?ibp=oshop&q=Laptop&prds=localAnnotatedOfferId:1,catalogid:18262635508821675264,pvo:2,pvt:hg,rds:PC_6027158597472037202%7CPROD_PC_6027158597472037202&gl=sa&udm=28&pvorigin=2","SAR 2,050.00",https://encrypted-tbn3.gstatic.com/shopping?q=tbn:ANd9GcRP_H2mi4Ekc5iYpLV-CpdLbEkDN_Ls0zUiorqllh9O-aPcdwi7qkO2UrpxNSxmk0W_E3L9rNcanmaAjUdv03UF3cYdrFNB_7ZWSEhxbsHORrms2XbSPr9-,4.4,566.0,18262635508821675264,23,laptops
Lenovo ThinkPad E16 Gen 3 Intel Core Ultra Laptop WUXGA 16 SSD Windows 11 Pro,Godukkan.com,"https://www.google.com/search?ibp=oshop&q=Laptop&prds=localAnnotatedOfferId:1,catalogid:10231766772383144592,pvo:2,pvt:hg,rds:PC_6027158597472037202%7CPROD_PC_6027158597472037202&gl=sa&udm=28&pvorigin=2","SAR 4,980.65",https://encrypted-tbn0.gstatic.com/shopping?q=tbn:ANd9GcTye-eQALjY21ADxIV19kTBJdm-A-A5HgDLQfOc8KVMyzwQw3kzWuvHmKjEix_2HSDESqnru9Q2lD_H5a_DaWnQIn_vvrEInKs2uICO47Ak,4.5,185.0,10231766772383144592,24,laptops
Liblad Rasam G16 Gaming Laptop with i7-13620h CPU and Nvidia RTX 5050 8GB Graphics Card 500GB NVME SSD 16GB DDR5 RAM 16 inch 2k IPS display 180hz,ThaherTech,"https://www.google.com/search?ibp=oshop&q=Laptop&prds=localAnnotatedOfferId:1,productid:8250331895373935710,pvo:2,pvt:hg,rds:PC_6027158597472037202%7CPROD_PC_6027158597472037202&gl=sa&udm=28&pvorigin=2","SAR 4,444.11",https://encrypted-tbn3.gstatic.com/shopping?q=tbn:ANd9GcS2LzBYV377vHWqvBdpYjC36m2yD1uGQ7pZeXFvpb6J69UEMNNpC4HF4WFAmNmPN8PEfub0k1LakZzURVvSTYllMo-vFcm0gUxZqkm34K7BDbdNZ3z9roVw,,,8250331895373935710,25,laptops
"Lenovo IdeaPad Slim 3 15IPH11 15.3"" WUXGA Laptop - Intel Core Ultra 7 355 - 16GB RAM - 1TB SSD - Intel Graphics",سيليكون ڤالي,"https://www.google.com/search?ibp=oshop&q=Laptop&prds=localAnnotatedOfferId:1,productid:7938789720074750057,pvo:2,pvt:hg,rds:PC_6027158597472037202%7CPROD_PC_6027158597472037202&gl=sa&udm=28&pvorigin=2","SAR 3,899.00",https://encrypted-tbn1.gstatic.com/shopping?q=tbn:ANd9GcSv7ESMxtF2JPPTpiQVChvmMHf0yLQDBhQTGeDmxIqeS6_jC8nOXYK2BgZG7zGs4Pxp_NOPPdXIfRlAkwHKfn1XoxwxQ37KezZAJp_TZIlbHubsFNpPGJdT,5.0,2.0,7938789720074750057,26,laptops
HP Laptop 15-fd0064nx Intel Core i3-1315U 256GB SSD 8GB RAM,Jarir Bookstore,"https://www.google.com/search?ibp=oshop&q=Laptop&prds=localAnnotatedOfferId:1,catalogid:3011309956221875521,pvo:2,pvt:hg,rds:PC_6027158597472037202%7CPROD_PC_6027158597472037202&gl=sa&udm=28&pvorigin=2","SAR 1,999.00",https://encrypted-tbn1.gstatic.com/shopping?q=tbn:ANd9GcS0MSGYHFJY5wTrf5S-MBHXFwmym4uD14fsQn8MoncN_ubL1whybZ45YRGx2dzqiEi3i1T9pLr6y5x4FNYkjsk6d76MMrFqeh8W2jXBbV8,4.2,6.0,3011309956221875521,27,laptops
Honor Magicbook Art 14 2025 3k Core Ultra 5 /7 32gb Ram 1tb 2tb Ssd By,eBay,"https://www.google.com/search?ibp=oshop&q=Laptop&prds=localAnnotatedOfferId:1,productid:1121307573487963716,pvo:2,pvt:hg,rds:PC_6027158597472037202%7CPROD_PC_6027158597472037202&gl=sa&udm=28&pvorigin=2","SAR 8,253.87",https://encrypted-tbn0.gstatic.com/shopping?q=tbn:ANd9GcRbYT3iCqPuQZbsioOVahoCSPlxFZnGjf5eF14cdEFPUGpGenRMD5px_IavH_HJtrys-RXPSYCLBhTRZK8qiAPWdoev6pR8xsgzgRZqM8h_ZYZ26fvxiq110Q,,,1121307573487963716,28,laptops
Certified Renewed MacBook Pro 2016 2.6GHz quad-core Intel Core i7 / 8 GB / 512 GB SSD,Revibe KSA,"https://www.google.com/search?ibp=oshop&q=Laptop&prds=localAnnotatedOfferId:1,productid:9127546318145305367,pvo:2,pvt:hg,rds:PC_6027158597472037202%7CPROD_PC_6027158597472037202&gl=sa&udm=28&pvorigin=2","SAR 1,709.00",https://encrypted-tbn2.gstatic.com/shopping?q=tbn:ANd9GcQrwjhYDz7buOcCUhSdNOQ4LSChlBIZ_7ebu0mACQHr5xmnnkdthXPE8fjOSgoV_POojhj9UFzFPsgO9SPWODEAxChVpklrfcmLy6mkS3T7qb_OtKju4l07,4.0,1.0,9127546318145305367,29,laptops
"Dell Latitude 7470 14"" i7-6th Gen Good / 16 GB / 512 GB SSD",Dealt Trading - SA,"https://www.google.com/search?ibp=oshop&q=Laptop&prds=localAnnotatedOfferId:1,productid:6312571289539929309,pvo:2,pvt:hg,rds:PC_6027158597472037202%7CPROD_PC_6027158597472037202&gl=sa&udm=28&pvorigin=2","SAR 1,209.00",https://encrypted-tbn0.gstatic.com/shopping?q=tbn:ANd9GcRadVMfbcr83qoSRi3BDa6FFg34xPMB_h8v57cOamx3fnpkznJNfNiNfpb_mfDDmrOrDyuN_Vb31HPanHA6H5mWwRSn_Zwhaz1WKaTDWzgn2tW4riNWcdtP_Q,1.0,1.0,6312571289539929309,30,laptops
Microsoft Surface Pro 7+,topserverparts.com,"https://www.google.com/search?ibp=oshop&q=Laptop&prds=localAnnotatedOfferId:1,catalogid:3696231822933900229,pvo:2,pvt:hg,rds:PC_6027158597472037202%7CPROD_PC_6027158597472037202&gl=sa&udm=28&pvorigin=2","SAR 1,741.58",https://encrypted-tbn2.gstatic.com/shopping?q=tbn:ANd9GcToytg7wmepRtbr6hkAHE407d4iMBlOwwB4zdriigdOaBekdFwT-qYh4jD0iMy1bA2Al5zCRLlMNTmuEBRObbefcUNdEom4E1s8tumUsMN22V6boosDZ_ePjg,4.8,779.0,3696231822933900229,31,laptops
"لابتوب ابل ماك بوك نيو 13 أنش شريحة A18 Pro وحدة معالجة مركزية 6 نواة, الرامات 8 جيجابايت, سعة التخزين 256 جيجابايت SSD, كرت الشاشة 5 نواة, الشاشة",Golden Technology,"https://www.google.com/search?ibp=oshop&q=Laptop&prds=localAnnotatedOfferId:1,productid:1387451771080289939,pvo:2,pvt:hg,rds:PC_6027158597472037202%7CPROD_PC_6027158597472037202&gl=sa&udm=28&pvorigin=2","SAR 3,299.00",https://encrypted-tbn1.gstatic.com/shopping?q=tbn:ANd9GcThupz7khpiFU6VuIJu-meeK7vvzOKN3s66dpPwIbpSnmsJLUGb5QgVtybqPn5bYYWZMguuTomSpW3KOwMPDy5camXCIIww8A,4.8,5400.0,1387451771080289939,32,laptops
لابتوب ASUS ExpertBook B3402FV Flip شاشة لمس 14 بوصة FHD قابلة للدوران 360° – معالج Intel Core i7-150U، رام 16GB DDR4، تخزين 1TB SSD، كرت Intel UHD،,شركة ضي العليا لتقنية المعلومات,"https://www.google.com/search?ibp=oshop&q=Laptop&prds=localAnnotatedOfferId:1,productid:17505323902656269107,pvo:2,pvt:hg,rds:PC_6027158597472037202%7CPROD_PC_6027158597472037202&gl=sa&udm=28&pvorigin=2","SAR 2,980.00",https://encrypted-tbn1.gstatic.com/shopping?q=tbn:ANd9GcT_dwdCSI74yX_TsUjn0-rbpq4SBkV0KhztRyhIcAYegjbWsp5sUYtW3xMl_7xwuffNOjCajPB7hJH32i22HjKDl0ci9ZbSxcI8cSRwwGT0Q42KEAx6cblE,4.0,4.0,17505323902656269107,33,laptops
HP 250R G10 Core 512GB 8GB 11 Pro Silver,Godukkan.com,"https://www.google.com/search?ibp=oshop&q=Laptop&prds=localAnnotatedOfferId:1,catalogid:3409174808346208961,pvo:2,pvt:hg,rds:PC_6027158597472037202%7CPROD_PC_6027158597472037202&gl=sa&udm=28&pvorigin=2","SAR 2,443.75",https://encrypted-tbn0.gstatic.com/shopping?q=tbn:ANd9GcSGm-WhrhFT8C7glI9m-favenO5uRi9UAjhCyWWbsTgHzced4_Sddz780ID9qpsk0svFWrXIeO9RVqj-RaRHusUCqSdSxHiTNPCbKskTAJibKBeBuch58ChiA,4.0,1.0,3409174808346208961,34,laptops
"Apple macbook neo Laptop 13"" Liquid Retina Display A18 Pro Chip 6-Core CPU",papita.co,"https://www.google.com/search?ibp=oshop&q=Laptop&prds=localAnnotatedOfferId:1,catalogid:3790699511000960140,pvo:2,pvt:hg,rds:PC_6027158597472037202%7CPROD_PC_6027158597472037202&gl=sa&udm=28&pvorigin=2","SAR 3,424.73",https://encrypted-tbn1.gstatic.com/shopping?q=tbn:ANd9GcQ-YTGYZWLzJF8BODR0uwHNq9nIn8vBV0d5UbIrLkA6_8dfwTEsl-80zxfLB0SQtxt2m_-d3hrxdqA01x8WMXQ47Kk4yAULCr5cZ5RtvCWSsFgMA5goKO_n,4.9,349.0,3790699511000960140,35,laptops
"Toughbook Panasonic Toughbook CF-31 Intel Core i5 3rd Gen 13.1"" XGA Touchscreen",eBay - rugged.laptops,"https://www.google.com/search?ibp=oshop&q=Laptop&prds=localAnnotatedOfferId:1,catalogid:10594919543348031997,pvo:2,pvt:hg,rds:PC_6027158597472037202%7CPROD_PC_6027158597472037202&gl=sa&udm=28&pvorigin=2","SAR 3,669.17",https://encrypted-tbn2.gstatic.com/shopping?q=tbn:ANd9GcQjtlFAUVIolpJkcyL3RAM9DaoijG2Ku6uw4-VXzCuGwj5-58YWTGa2Mmj4RSKB77LYJhvLV7ZRvUzyBjTCwypd1kRnomlbEU7uFGmiRnoTiLeYRMN23FjBDA,,,10594919543348031997,36,laptops
Acer Nitro V 16S Gaming Laptop – Intel Core 7 240H NVIDIA RTX 5060,Gear-up.me,"https://www.google.com/search?ibp=oshop&q=Laptop&prds=localAnnotatedOfferId:1,catalogid:144336399391853990,pvo:2,pvt:hg,rds:PC_6027158597472037202%7CPROD_PC_6027158597472037202&gl=sa&udm=28&pvorigin=2","SAR 8,157.00",https://encrypted-tbn3.gstatic.com/shopping?q=tbn:ANd9GcRGXSmXf7xGT7IEgokBfPwQNkaYFQIb6WKUIy7OtRevPWLBG-v-mZMsiQMadV78xs55-MY-9PRG_Kouz346AK4SZ3tm9XTJEiU8Y-RCbkO9AIlGt5kG6lkY,,,144336399391853990,37,laptops
LENOVO LAPTOP THINKPAD E14-G7 Ultra 7,mushtryati.com,"https://www.google.com/search?ibp=oshop&q=Laptop&prds=localAnnotatedOfferId:1,productid:2869533329522474708,pvo:2,pvt:hg,rds:PC_6027158597472037202%7CPROD_PC_6027158597472037202&gl=sa&udm=28&pvorigin=2","SAR 4,999.00",https://encrypted-tbn0.gstatic.com/shopping?q=tbn:ANd9GcSpvN-Hoqf3Le8AAvwo3Iod_g7P5P8wsq6QIcepYA2TSVi64njnZGx88J7VbYcUhO_HyyP8rgJO70I7wFzVOaHa7jIQhooIFPmhXixktxGPgmKrliX11EYFPg,4.9,45.0,2869533329522474708,38,laptops
"Lenovo Legion 5 15AHP10 Gaming Laptop 15.1"" WQXGA OLED 165Hz Display AMD Ryzen 7 260",Ubuy,"https://www.google.com/search?ibp=oshop&q=Laptop&prds=localAnnotatedOfferId:1,catalogid:7161623327600139467,pvo:2,pvt:hg,rds:PC_6027158597472037202%7CPROD_PC_6027158597472037202&gl=sa&udm=28&pvorigin=2","SAR 8,495.05",https://encrypted-tbn1.gstatic.com/shopping?q=tbn:ANd9GcRZicBuHgv9DcZ-ieEJFGj-VhI8RDxx73Mu-7yRemkg1GdOI4nSx8sNeh0ekEzk33Gpzkz8x3c56l-xl5iAoycbJvRVqvm9IsHEI3oMVth4,4.4,36.0,7161623327600139467,39,laptops
Asus Vivobook 15 Laptop Intel Core 7-150U Processor Ram 512GB SSD Intel Graphics,Microless.com,"https://www.google.com/search?ibp=oshop&q=Laptop&prds=localAnnotatedOfferId:1,catalogid:11892879385700949114,pvo:2,pvt:hg,rds:PC_6027158597472037202%7CPROD_PC_6027158597472037202&gl=sa&udm=28&pvorigin=2","SAR 2,645.75",https://encrypted-tbn2.gstatic.com/shopping?q=tbn:ANd9GcRQLZbghJy_3E8UfTuxAMPjk5Yxzeu06869jNGEiUDFh64Jskz3UujzqWcPMjQPNyoZwunAflv2bzKUxIv5f-YgvNY3ibwiYW_tJBbTukQ,5.0,1.0,11892879385700949114,40,laptops
"ابل - ماك بوك نيو NEO, بوصة ‎13 انش , معالج A18 Pro و‎القرص صلب SSD بسعة ‎‎512‎ جيجا, الرام 8, لون وردي هادىء‎",النجم الرقمي,"https://www.google.com/search?ibp=oshop&q=Laptop&prds=localAnnotatedOfferId:1,productid:7597713035649223017,pvo:2,pvt:hg,rds:PC_6027158597472037202%7CPROD_PC_6027158597472037202&gl=sa&udm=28&pvorigin=2","SAR 4,199.00",https://encrypted-tbn1.gstatic.com/shopping?q=tbn:ANd9GcQfE1WUZtkcu4IYazQRCr3Vrhvb1iRWpSEkEB9B-NdwR4ueJzgfdnwh32PdPFo-DEruO5OYQKRkXtJ5JvTnIeQOB7hkx_S0NzBV_-oqjhwruISqwPRBUojKnzA,4.8,5400.0,7597713035649223017,1,laptops
"Lenovo Legion 5 15AHP10 Gaming Laptop 15.1"" WQXGA OLED 165Hz Display AMD Ryzen 7 260",Ubuy,"https://www.google.com/search?ibp=oshop&q=Laptop&prds=localAnnotatedOfferId:1,catalogid:7161623327600139467,pvo:2,pvt:hg,rds:PC_6027158597472037202%7CPROD_PC_6027158597472037202&gl=sa&udm=28&pvorigin=2","SAR 8,495.05",https://encrypted-tbn1.gstatic.com/shopping?q=tbn:ANd9GcRZicBuHgv9DcZ-ieEJFGj-VhI8RDxx73Mu-7yRemkg1GdOI4nSx8sNeh0ekEzk33Gpzkz8x3c56l-xl5iAoycbJvRVqvm9IsHEI3oMVth4,4.4,36.0,7161623327600139467,2,laptops
Honor Magicbook Art 14 2025 3k Core Ultra 5 /7 32gb Ram 1tb 2tb Ssd By,eBay,"https://www.google.com/search?ibp=oshop&q=Laptop&prds=localAnnotatedOfferId:1,productid:1121307573487963716,pvo:2,pvt:hg,rds:PC_6027158597472037202%7CPROD_PC_6027158597472037202&gl=sa&udm=28&pvorigin=2","SAR 8,253.87",https://encrypted-tbn0.gstatic.com/shopping?q=tbn:ANd9GcRbYT3iCqPuQZbsioOVahoCSPlxFZnGjf5eF14cdEFPUGpGenRMD5px_IavH_HJtrys-RXPSYCLBhTRZK8qiAPWdoev6pR8xsgzgRZqM8h_ZYZ26fvxiq110Q,,,1121307573487963716,3,laptops
Asus Laptop Asus TUF Gaming A15 Ryzen 9 7940HS / 16 GB / 1 TB / W11 / RTX 4070 / 144 Hz FA507XI-LP013W,Game City,"https://www.google.com/search?ibp=oshop&q=Laptop&prds=localAnnotatedOfferId:1,catalogid:5873805620541663733,pvo:2,pvt:hg,rds:PC_6027158597472037202%7CPROD_PC_6027158597472037202&gl=sa&udm=28&pvorigin=2","SAR 6,543.70",https://encrypted-tbn0.gstatic.com/shopping?q=tbn:ANd9GcSEEw8jVR3o7tXo9n-IezRwvNvHrcc2tAmGWvpPzyyWNztYpNmiK0Mf0ZCf39S3hEOPdydeOUOecwdUPVYQ7cSUP0wLnj6YWSacUDXmghkQoa39B0q_OohN,4.3,46.0,5873805620541663733,4,laptops
لابتوب لينوفو IdeaPad Slim 3 15IRH10 / Intel Core i5-13420H / 8GB / 512GB SSD — جديد,mushtryati.com,"https://www.google.com/search?ibp=oshop&q=Laptop&prds=localAnnotatedOfferId:1,productid:1362101152008375226,pvo:2,pvt:hg,rds:PC_6027158597472037202%7CPROD_PC_6027158597472037202&gl=sa&udm=28&pvorigin=2","SAR 2,375.00",https://encrypted-tbn2.gstatic.com/shopping?q=tbn:ANd9GcQGP-eTzKMHgeJxNpLdhlJZX9etVU4C8X8WrTHKUCikTLnpwNQa3gFFHmuq5tmlKkn8L01W0DiQbg7oVU8N_YuvKbVKfOtg55ePHPoUlVQ1,4.7,550.0,1362101152008375226,5,laptops
Lenovo V15 G4 Iru Intel Core i5 i5-13420H 39.6 cm Full HD DDR4-SDRAM SSD Wi-Fi,LetsTango.com,"https://www.google.com/search?ibp=oshop&q=Laptop&prds=localAnnotatedOfferId:1,catalogid:12796086074623215796,pvo:2,pvt:hg,rds:PC_6027158597472037202%7CPROD_PC_6027158597472037202&gl=sa&udm=28&pvorigin=2","SAR 2,248.73",https://encrypted-tbn1.gstatic.com/shopping?q=tbn:ANd9GcRd8FfbL5FgLdYFCj0h4enZ75-7uyD5TOUINHdASnqzmi4ejEtYAKyca1sOFVxnSikByJmiGUAX4-_FRKRL4OtlC3FlHKTlhnb-ISzVqdmjw_0xLxH5Dhvn,4.3,109.0,12796086074623215796,6,laptops
Asus ROG Strix G16 G615JHR-S5096 Gaming Laptop Intel Core I7-14650HX Processor 32GB Ram 1TB SSD Storage NVIDIA GeForce RTX5050-8GB Graphics 16 Inch WQ,Godukkan.com,"https://www.google.com/search?ibp=oshop&q=Laptop&prds=localAnnotatedOfferId:1,productid:10691811097021527527,pvo:2,pvt:hg,rds:PC_6027158597472037202%7CPROD_PC_6027158597472037202&gl=sa&udm=28&pvorigin=2","SAR 8,395.00",https://encrypted-tbn1.gstatic.com/shopping?q=tbn:ANd9GcRuiwTLJ4AMJkb7uaUXe2FTttJmHZWvnwcSH3ddE7dULNA4ae8327Sha9G6ehg1N7gcU84gKM3pR73EtBBZ3Gkr_OeFLqiWVTZVdZ8FUK0k,5.0,23.0,10691811097021527527,7,laptops
Apple MacBook Air 1.4GHz i5 | 11 in | 512 GB | Built-in Microphone | Silver,eBay - tronicscenter,"https://www.google.com/search?ibp=oshop&q=Laptop&prds=localAnnotatedOfferId:1,productid:13342631627265346099,pvo:2,pvt:hg,rds:PC_6027158597472037202%7CPROD_PC_6027158597472037202&gl=sa&udm=28&pvorigin=2","SAR 1,042.01",https://encrypted-tbn3.gstatic.com/shopping?q=tbn:ANd9GcSTX_2-TOTYq4XvvTw5oKcFOfsIYDvy9QBJZlTSz7G2pfbXmUaoswSnfFKAdm90UYTgHSlN8qhSt4-ZQT1S5vzIuwogHfXJL_NuxiSSgY-7Dp10L8G-nzPqnw,,,13342631627265346099,8,laptops
MSI Modern 14 Intel Core i5 16GB RAM 512GB SSD 14 Inch Laptop,McGrocer,"https://www.google.com/search?ibp=oshop&q=Laptop&prds=localAnnotatedOfferId:1,catalogid:9018571905711164606,pvo:2,pvt:hg,rds:PC_6027158597472037202%7CPROD_PC_6027158597472037202&gl=sa&udm=28&pvorigin=2","SAR 3,928.95",https://encrypted-tbn2.gstatic.com/shopping?q=tbn:ANd9GcQKsYC57wIUPmhPSk2Ack6AwkcyKo_szFobtsZIwuHIZfnhLrWpvVbZfsxpsrl4-1MhW99hm0wb5Gn2BTy1ujJB8Vdq2bINKtkt0nG2xNYBSbiRzmfURxU,4.0,10.0,9018571905711164606,9,laptops
Liblad Rasam G16 Gaming Laptop with i7-13620h CPU and Nvidia RTX 5050 8GB Graphics Card 500GB NVME SSD 16GB DDR5 RAM 16 inch 2k IPS display 180hz,ThaherTech,"https://www.google.com/search?ibp=oshop&q=Laptop&prds=localAnnotatedOfferId:1,productid:8250331895373935710,pvo:2,pvt:hg,rds:PC_6027158597472037202%7CPROD_PC_6027158597472037202&gl=sa&udm=28&pvorigin=2","SAR 4,444.11",https://encrypted-tbn3.gstatic.com/shopping?q=tbn:ANd9GcS2LzBYV377vHWqvBdpYjC36m2yD1uGQ7pZeXFvpb6J69UEMNNpC4HF4WFAmNmPN8PEfub0k1LakZzURVvSTYllMo-vFcm0gUxZqkm34K7BDbdNZ3z9roVw,,,8250331895373935710,10,laptops
HP ProBook 450 G8 156 Laptop Intel Core 82N7006DPB,ubuy.com.sa,"https://www.google.com/search?ibp=oshop&q=Laptop&prds=localAnnotatedOfferId:1,catalogid:186268106653930276,pvo:2,pvt:hg,rds:PC_6027158597472037202%7CPROD_PC_6027158597472037202&gl=sa&udm=28&pvorigin=2","SAR 6,969.00",https://encrypted-tbn0.gstatic.com/shopping?q=tbn:ANd9GcSeKHmRocx1xrippCX7KyKjEMQAnPkn9snw5mOtOgHuW3nAqb75Q3IArLJ34cZvgqlkvyAHoKLron6HkCV4smX129gTr7DGI--4yfytkuw,4.8,863.0,186268106653930276,11,laptops
Lenovo 2026 Premium Bussiness Laptop AMD 6-Core Ryzen 5 7535HS 16GB DDR5,Ubuy,"https://www.google.com/search?ibp=oshop&q=Laptop&prds=localAnnotatedOfferId:1,catalogid:7348786392737469704,pvo:2,pvt:hg,rds:PC_6027158597472037202%7CPROD_PC_6027158597472037202&gl=sa&udm=28&pvorigin=2","SAR 3,451.35",https://encrypted-tbn2.gstatic.com/shopping?q=tbn:ANd9GcQqwPARiHAqahoRLM19X5sdqceQoOdyf5AOYgFV6K2fHenH49CHBsj-wZ5L4_Zyv8Lma8bS4kOPAXhvbw_ISNZgYCBojsE8Zh6y3oDXACk0,,,7348786392737469704,12,laptops
"Apple Macbook Air 6,2 A1466 2014 I5 4260u 1.40ghz 13"" 4gb 512gb Ssd",eBay - ocdepot,"https://www.google.com/search?ibp=oshop&q=Laptop&prds=localAnnotatedOfferId:1,productid:16849842649099298214,pvo:2,pvt:hg,rds:PC_6027158597472037202%7CPROD_PC_6027158597472037202&gl=sa&udm=28&pvorigin=2",SAR 394.29,https://encrypted-tbn1.gstatic.com/shopping?q=tbn:ANd9GcT_QeqNp9Cs9rOaGc40qHMBebqS02P4U96cYqLy-fIrjVFQu_GVXJDcD1cpAaiswNwtk51HIIEn3iE9M6WDGTRFiXMC9x3gn9ixJFfJeUsQw6JH_s8Vm8erVQ,,,16849842649099298214,13,laptops
Lenovo Legion 9 18IAX10 Laptop – Intel Core Ultra 9 290HX Plus 64GB DDR5 RAM,Gear-up.me,"https://www.google.com/search?ibp=oshop&q=Laptop&prds=localAnnotatedOfferId:1,catalogid:5398876382306056576,pvo:2,pvt:hg,rds:PC_6027158597472037202%7CPROD_PC_6027158597472037202&gl=sa&udm=28&pvorigin=2","SAR 27,128.00",https://encrypted-tbn0.gstatic.com/shopping?q=tbn:ANd9GcTzJoTMUOhAle2Ey5SQo0iGWCX6qBoNLpzITSgwyf3PiJUr90m6qcbiUQcoC27gGoylHbH0tyVh_Lhbj8yzn7PPPrTmvebuEFe58FCGAlCWXpjv5az6Btt8PA,,,5398876382306056576,14,laptops
"Dell Latitude 5520 15.6'' FHD Non Touch Laptop, 11th Gen Intel Core i5-1145G7, 8GB DDR4 RAM, 512GB SSD, Nvidia GeForce MX450 Graphics, E ...",Arcad World Computer Systems,"https://www.google.com/search?ibp=oshop&q=Laptop&prds=localAnnotatedOfferId:1,productid:1299976611606008839,pvo:2,pvt:hg,rds:PC_6027158597472037202%7CPROD_PC_6027158597472037202&gl=sa&udm=28&pvorigin=2","SAR 2,523.81",https://encrypted-tbn1.gstatic.com/shopping?q=tbn:ANd9GcR32ydVLgoS3GpN4TEhH4ItdfH6XzlfBOZcpYEXOb1U-nB0JXq90jYW8_xVICmiRCGUezrQzMzlHwoaI4agvAOop3EWrGKNcznKkv5ok5YJCvsMQtPm1FyZYA,,,1299976611606008839,15,laptops
Apple MacBook Air 15.3 inch with M5 Processor 16GB RAM 512GB SSD Laptop (2026 Model),McGrocer,"https://www.google.com/search?ibp=oshop&q=Laptop&prds=localAnnotatedOfferId:1,productid:6637720259643248981,pvo:2,pvt:hg,rds:PC_6027158597472037202%7CPROD_PC_6027158597472037202&gl=sa&udm=28&pvorigin=2","SAR 8,769.69",https://encrypted-tbn0.gstatic.com/shopping?q=tbn:ANd9GcRfRkdOnIazufj5A_o1bgK3uTxrqcXJ8EkKFWjiIip8xF3msUATpVWjugPo0DCl9yn8TGbvAqOfNzsE4Mckdh0-EgvRUyxeKJOxBV2R78Hk5WLxKre_27GSbEQ,,,6637720259643248981,16,laptops
"Lenovo Canada Lenovo Refurbished Thinkpad T430 14"" laptop With i5 2.6Ghz Processor",balticdiag.com,"https://www.google.com/search?ibp=oshop&q=Laptop&prds=localAnnotatedOfferId:1,catalogid:3678700774753254218,pvo:2,pvt:hg,rds:PC_6027158597472037202%7CPROD_PC_6027158597472037202&gl=sa&udm=28&pvorigin=2",SAR 873.74,https://encrypted-tbn1.gstatic.com/shopping?q=tbn:ANd9GcSFJUUqs_e9J249mOqWQ-CQd38wkr4fr-HO6RmrvK7M8ZM4EMeXIxGhx6ImEwTGkxK74cHdtNu-jR0vAgWXamOuW7vymifHUbXwa86k0rCbLEHZ5NWPZ1TeLQ,4.6,44.0,3678700774753254218,17,laptops
"Dell Latitude E7450 14"" Intel I5-5300u 8gb Ram No Hdd/os For",eBay - jcs_computer_store,"https://www.google.com/search?ibp=oshop&q=Laptop&prds=localAnnotatedOfferId:1,productid:3016112066382755654,pvo:2,pvt:hg,rds:PC_6027158597472037202%7CPROD_PC_6027158597472037202&gl=sa&udm=28&pvorigin=2",SAR 158.67,https://encrypted-tbn1.gstatic.com/shopping?q=tbn:ANd9GcSDcwOWHGzCXcHctqVV5Iany-c-CICzoXmXJAF--fm1FZA6-hhumBBuWN4Sc9iDlXzYFYW7X39j0X_jc8KIggRhi8DQ2cLdYvBIFuN4jwPDoYMXk0qqaqCs,4.1,85.0,3016112066382755654,18,laptops
Lenovo V15 15.6 inch FHD Laptop AMD Ryzen 7 7730u,Ubuy,"https://www.google.com/search?ibp=oshop&q=Laptop&prds=localAnnotatedOfferId:1,catalogid:2262758799754860319,pvo:2,pvt:hg,rds:PC_6027158597472037202%7CPROD_PC_6027158597472037202&gl=sa&udm=28&pvorigin=2","SAR 3,274.84",https://encrypted-tbn3.gstatic.com/shopping?q=tbn:ANd9GcQxM_G50mFzNB2RNDlbGsBA5HbIfZHIFnSfU28tTDekmxh0HYHZ6_cN5TGcp8pfMk1U9-jGxGMjUWbvcYlnj7KKJ4z65F7hhNy3ybhaCUyI,4.2,17.0,2262758799754860319,19,laptops
Acer Nitro V 16S Gaming Laptop – Intel Core 7 240H NVIDIA RTX 5060,Gear-up.me,"https://www.google.com/search?ibp=oshop&q=Laptop&prds=localAnnotatedOfferId:1,catalogid:144336399391853990,pvo:2,pvt:hg,rds:PC_6027158597472037202%7CPROD_PC_6027158597472037202&gl=sa&udm=28&pvorigin=2","SAR 8,157.00",https://encrypted-tbn3.gstatic.com/shopping?q=tbn:ANd9GcRGXSmXf7xGT7IEgokBfPwQNkaYFQIb6WKUIy7OtRevPWLBG-v-mZMsiQMadV78xs55-MY-9PRG_Kouz346AK4SZ3tm9XTJEiU8Y-RCbkO9AIlGt5kG6lkY,,,144336399391853990,20,laptops
"Lenovo 500w Gen 3 Student 2-in-1 Laptop, 11.6"" HD Touchscreen, Intel Pentium Silver N6000, 8GB RAM, 128GB SSD, HDMI, Webcam, MicroSD Card Reader,",Amazon.sa - Seller,"https://www.google.com/search?ibp=oshop&q=Laptop&prds=localAnnotatedOfferId:1,catalogid:13010306501793162500,pvo:2,pvt:hg,rds:PC_6027158597472037202%7CPROD_PC_6027158597472037202&gl=sa&udm=28&pvorigin=2",SAR 715.24,https://encrypted-tbn3.gstatic.com/shopping?q=tbn:ANd9GcRmRIivc-NsURXG97rIpZsRoCJwjeH6JD1swXrtjk31JVinfOwDd7tX2nWc33ikG1Fw9QSRrCmhaebA30a3odqg5rH2nhNF4zSz9Jdz_phe9hWBtfXCyhrs2Q,,,13010306501793162500,21,laptops
Customized Panasonic Toughbook CF-31 MK4 2.7GHz Touchscreen Fully Rugged | 13-13.9in. | 2.50-2.99GHz | Backlit Keyboard | USB 3.0 | Made in Japan,eBay - outdoor.laptops,"https://www.google.com/search?ibp=oshop&q=Laptop&prds=localAnnotatedOfferId:1,productid:11118794299866787439,pvo:2,pvt:hg,rds:PC_6027158597472037202%7CPROD_PC_6027158597472037202&gl=sa&udm=28&pvorigin=2","SAR 4,619.32",https://encrypted-tbn0.gstatic.com/shopping?q=tbn:ANd9GcTW6j6URV5HXCax-MpaK6zfWNWaskSclESdSiAkJd3XUDTqPWGHZbZLu8k6QZ1KODk65w6wAwqLNbv9cO_ZLjQe-JUfvmXPsEuEvlbB8TBZCumw6Y6_dCTChQ,,,11118794299866787439,22,laptops
"Dell Pro 15 Essential Ryzen5-15.6""-16G-512SSD-Dos",724Alsak,"https://www.google.com/search?ibp=oshop&q=Laptop&prds=localAnnotatedOfferId:1,productid:8651249526132716501,pvo:2,pvt:hg,rds:PC_6027158597472037202%7CPROD_PC_6027158597472037202&gl=sa&udm=28&pvorigin=2","SAR 115,866.58",https://encrypted-tbn3.gstatic.com/shopping?q=tbn:ANd9GcSvT6Xzu3RC9GtVg25CO3F3SxMijT3acn1rQgOBmFdMuvFLYBVuqq2_H3qb5K0dTTka9lDTivkTtGkyhrZqm-aDADOKGCmaruCOggvFYMESZTTu1pJqtIOFhA,,,8651249526132716501,23,laptops
ASUS ProArt P16 H7606WM OLED Laptop – AMD Ryzen AI 9 HX 370 32GB LPDDR5X,Gear-up.me,"https://www.google.com/search?ibp=oshop&q=Laptop&prds=localAnnotatedOfferId:1,catalogid:11625515050495414981,pvo:2,pvt:hg,rds:PC_6027158597472037202%7CPROD_PC_6027158597472037202&gl=sa&udm=28&pvorigin=2","SAR 11,412.00",https://encrypted-tbn3.gstatic.com/shopping?q=tbn:ANd9GcQcFTgzuSeAb6gwuuGvwP8iHIYjQ0Rr9Imc-2sDF5KikO41HMZ6IxHsZFLVx4MwstCHd9ataBLEDs7ScMwrWKQRML3SY71PHWGKiyR_VCPLnggpCh_-QMJw4w,,,11625515050495414981,24,laptops
HP ProBook 430 G5 13.3 I3-8130U 8GB 256GB Windows 11 Pro Grade C,eBay - risingsungaming,"https://www.google.com/search?ibp=oshop&q=Laptop&prds=localAnnotatedOfferId:1,catalogid:4039084155421246884,pvo:2,pvt:hg,rds:PC_6027158597472037202%7CPROD_PC_6027158597472037202&gl=sa&udm=28&pvorigin=2","SAR 1,446.34",https://encrypted-tbn3.gstatic.com/shopping?q=tbn:ANd9GcTvvJ3jvjL90TBNBI2oPQvWS-xROKjCBLr2-Y6ChJoJPanlcjQaAshCMiFrfly8kRuEjkVPwsGGmCN54pi32KYgfx7koXHKHZ5oP0zBADjo6e3mBV-bmCiR,,,4039084155421246884,25,laptops
أبل ماك بوك اير 13 بوصة 2026 MDHH4 / 16GB / 512GB / أزرق سماوي Sky Blue — جديد,mushtryati.com,"https://www.google.com/search?ibp=oshop&q=Laptop&prds=localAnnotatedOfferId:1,productid:3259561733767224946,pvo:2,pvt:hg,rds:PC_6027158597472037202%7CPROD_PC_6027158597472037202&gl=sa&udm=28&pvorigin=2","SAR 6,188.00",https://encrypted-tbn3.gstatic.com/shopping?q=tbn:ANd9GcQWQEtTe-ZfDJMpNneNMuGmzqCuBB9GGV6YyONuwchZho-Gsnnzh9spGbeGeBwVkALay-gpUgAMT4qCb-YVqvfo3kZKbHoGAmb8QAncPLI,4.9,3000.0,3259561733767224946,26,laptops
"All-in-One Desktop Computer With 23.8 Inch Full HD(1920X1080) Display IPS,Intel i7 7700 Processor/16GB RAM DDR4/512GB SSD/Windows 10 Pro/White",noon.com,"https://www.google.com/search?ibp=oshop&q=Laptop&prds=localAnnotatedOfferId:1,productid:2577203010343759322,pvo:2,pvt:hg,rds:PC_6027158597472037202%7CPROD_PC_6027158597472037202&gl=sa&udm=28&pvorigin=2","SAR 1,909.00",https://encrypted-tbn0.gstatic.com/shopping?q=tbn:ANd9GcTjZuHSXygHcwg5dPmLpiIUDqxsXRZFZm-XtIhoUAwvJFkOY7rLNl4XaCxuSZNjcbIm6SgCxETrKdZvlsjNy6CZbgHn-4GJ-fSmZt-6D_9FtZclXveM6aub1A,,,2577203010343759322,27,laptops
"Fujitsu Lifebook T732 13"" Laptop Intel Core I5 3rd Gen-powers/cracked",eBay - jcs_computer_store,"https://www.google.com/search?ibp=oshop&q=Laptop&prds=localAnnotatedOfferId:1,productid:11811749546008422218,pvo:2,pvt:hg,rds:PC_6027158597472037202%7CPROD_PC_6027158597472037202&gl=sa&udm=28&pvorigin=2",SAR 78.87,https://encrypted-tbn3.gstatic.com/shopping?q=tbn:ANd9GcRv8jVb1kltkXVoRy6y51qcjxo510oavQZbLXI8YeL0mMsVABEzwe8PLkmdB4f0Cz2zfppXEANGulXKz_xtG5yHvrL9Pv0npZXvCVXWCSYdkOgMbuPTYMDilg,,,11811749546008422218,28,laptops
"ASUS ExpertBook P3 G2 PM3606CHA Laptop – AMD Ryzen 7 8840HS 16"" WUXGA 16GB DDR5 RAM",Gear-up.me,"https://www.google.com/search?ibp=oshop&q=Laptop&prds=localAnnotatedOfferId:1,catalogid:7799684388167756006,pvo:2,pvt:hg,rds:PC_6027158597472037202%7CPROD_PC_6027158597472037202&gl=sa&udm=28&pvorigin=2","SAR 4,918.00",https://encrypted-tbn2.gstatic.com/shopping?q=tbn:ANd9GcSCFgZLjrO37HOkpvM3LWqa7gYpakDq9qmNc0CP9IEziuw5PsZDSolw-k8eR5i_0IMcN5pWaU23B1dR9R4S796Z6U5BoKU1kE9MeVSBov_u_wl4UcDvpp0I,5.0,7.0,7799684388167756006,29,laptops
DELL Pro 14 Premium PA14250 Copilot+ PC Intel Core Ultra 5 Laptop 35.6 cm Full HD+ 16 GB LPDDR5x-SDRAM 512 GB SSD Wi-Fi 7,Microless.com,"https://www.google.com/search?ibp=oshop&q=Laptop&prds=localAnnotatedOfferId:1,catalogid:9537571929436982430,pvo:2,pvt:hg,rds:PC_6027158597472037202%7CPROD_PC_6027158597472037202&gl=sa&udm=28&pvorigin=2","SAR 9,196.26",https://encrypted-tbn0.gstatic.com/shopping?q=tbn:ANd9GcRmj5BPQjI7cJFiwGKwyqlhH9Me1FdKxMY4xJ4cozHskRGBPI9GkU3KAjb3ywugxjJaeUeQfU7a1FXUcbRa7DZlESyq_9jnbICJftNi50A,4.3,216.0,9537571929436982430,30,laptops
Lot Of 2 Lenovo Thinkpad L380 Laptops I5-14500t Vpro 8th Gen 1.7ghz,eBay - juljulicampb,"https://www.google.com/search?ibp=oshop&q=Laptop&prds=localAnnotatedOfferId:1,productid:11007553421234000378,pvo:2,pvt:hg,rds:PC_6027158597472037202%7CPROD_PC_6027158597472037202&gl=sa&udm=28&pvorigin=2","SAR 1,502.18",https://encrypted-tbn2.gstatic.com/shopping?q=tbn:ANd9GcTIkd4upoYeVmDPO_zwhUaiummASLBeTSV321tT4WkTygjazRhZggSfLydx-kUlvYpps4Ni-ruOBahzn1bT6mje6L7Xqmvttq57YupRQuFfrxk8JRx9Y_0fIA,,,11007553421234000378,31,laptops
"Σακίδιο πλάτης 24L Laptop 15,6” Bange 7267 γκρί",Amazon.sa - Seller,"https://www.google.com/search?ibp=oshop&q=Laptop&prds=localAnnotatedOfferId:1,catalogid:3303400220883165995,pvo:2,pvt:hg,rds:PC_6027158597472037202%7CPROD_PC_6027158597472037202&gl=sa&udm=28&pvorigin=2",SAR 315.00,https://encrypted-tbn2.gstatic.com/shopping?q=tbn:ANd9GcRmnsn-Ab9V6R9XPd4KpMhUmWh1aWVG8CjaFRuPl0jAn3Xgs4ZfSmzJHv72dVeC_nTnK7bS8kzj5tVEoMMLiOsGUN7S5F8XjxWWCFFjD2U,4.9,447.0,3303400220883165995,32,laptops
مجدد - لابتوب لاتيتيود 5410 بشاشة 14 بوصة، معالج كور i5-10210U/الجيل العاشر/رباعي النواة/ذاكرة RAM 8GB/قرص SSD سعة 512GB/ويندوز 11,noon.com,"https://www.google.com/search?ibp=oshop&q=Laptop&prds=localAnnotatedOfferId:1,productid:13086644360883168526,pvo:2,pvt:hg,rds:PC_6027158597472037202%7CPROD_PC_6027158597472037202&gl=sa&udm=28&pvorigin=2",SAR 995.00,https://encrypted-tbn2.gstatic.com/shopping?q=tbn:ANd9GcRt1K4rszobRAerbRRA8OOIeM9P8lgVTEuoQx-wu9OhfLTvmV6iodA1P7_IHpCme_mpSmz-zd61zdAxE05eKy-bJcwOcym7M3dcauFi6kEC5ZqUC-cZ6z2EYg,,,13086644360883168526,33,laptops
"Custom Dell Latitude 5530 15.6"" Laptop Core I7 Min 1.70ghz Windows 11",eBay - reviveit.io,"https://www.google.com/search?ibp=oshop&q=Laptop&prds=localAnnotatedOfferId:1,productid:2607723690461917133,pvo:2,pvt:hg,rds:PC_6027158597472037202%7CPROD_PC_6027158597472037202&gl=sa&udm=28&pvorigin=2","SAR 2,422.29",https://encrypted-tbn2.gstatic.com/shopping?q=tbn:ANd9GcSIN521mHQOFuEn47qzz8eeNsSAVWves6gBnPs_0qrcamL--Of1A1V7YyncmDromsjgqYT3smlZWlOqDGuYYTE8zB2AQyPbw_vl_Jih-CDeMcSySLf7-rYOgQ,,,2607723690461917133,34,laptops
أبل ماك بوك اير 13 بوصة 2026 MDHG4 / 24GB / 1TB / ميدنايت Midnight — جديد,mushtryati.com,"https://www.google.com/search?ibp=oshop&q=Laptop&prds=localAnnotatedOfferId:1,productid:8988181819188340926,pvo:2,pvt:hg,rds:PC_6027158597472037202%7CPROD_PC_6027158597472037202&gl=sa&udm=28&pvorigin=2","SAR 8,563.00",https://encrypted-tbn0.gstatic.com/shopping?q=tbn:ANd9GcT6PPJZzjQA3K_ZM9vgKXxepaQapn7bhq_f2JLu_OxNoGUcVpxf8sGKn7MJgd7QHT1G_fSWmhcAuqMQF_GEjE9t9LGpyBTaLNH3NxU-dgg,4.9,3000.0,8988181819188340926,35,laptops
"Lenovo Thinkpad P14s G5 Amd Ryzen 7 14"" Oled 2.8k 96gb 4tb Laptop",eBay - captainnotebook,"https://www.google.com/search?ibp=oshop&q=Laptop&prds=localAnnotatedOfferId:1,productid:11259271220257125868,pvo:2,pvt:hg,rds:PC_6027158597472037202%7CPROD_PC_6027158597472037202&gl=sa&udm=28&pvorigin=2","SAR 9,165.72",https://encrypted-tbn1.gstatic.com/shopping?q=tbn:ANd9GcThMyNj0PKKT99VReiV_Ilv2d9fpAPfnMjP-JZm64sXz7KMo98ATLnJbTm3b0i1sqTGgg-oZvNp0_Jo9PxEjnDN8eQs197hKu2bV_UjxWab_HGcqDUg061s,,,11259271220257125868,36,laptops
Apple 11-inch iPad A16 Chip,Apple Education Store,"https://www.google.com/search?ibp=oshop&q=Laptop&prds=localAnnotatedOfferId:1,catalogid:12673395922329641412,pvo:2,pvt:hg,rds:PC_6027158597472037202%7CPROD_PC_6027158597472037202&gl=sa&udm=28&pvorigin=2","SAR 2,099.00",https://encrypted-tbn2.gstatic.com/shopping?q=tbn:ANd9GcQiKJk5HkQcTsMZvV5DX7puQ_zv9vXz7EBPA4BP-NFWSe_AODOAacNFV83qMlfhNXfcOLOUvP7mkwzIsPMIZ5hLom-p02R-qu_O-MFVHodckG0DPR7fQ29d,4.8,68000.0,12673395922329641412,37,laptops
ايباد اي 16 128 قيقا سلفر واي فاي,مؤسسة تكامل الاجهزه التجارية,"https://www.google.com/search?ibp=oshop&q=Laptop&prds=localAnnotatedOfferId:1,productid:15872998068368263151,pvo:2,pvt:hg,rds:PC_6027158597472037202%7CPROD_PC_6027158597472037202&gl=sa&udm=28&pvorigin=2","SAR 2,349.00",https://encrypted-tbn0.gstatic.com/shopping?q=tbn:ANd9GcTWBLXM4e9P4qd0lKh7blohaKR4QoDLG1pKG7_1ifK71SL9RyhEFBR32f4DpLyW4aW7qixBUR24X3znUYdKBp06FgiSjbaUSjXbd78YCjg,,,15872998068368263151,38,laptops
"Dell Latitude 5440 14"" Laptop Intel Core I5 1.6ghz 16gb 1tb Ssd",eBay - atmarktradinginc,"https://www.google.com/search?ibp=oshop&q=Laptop&prds=localAnnotatedOfferId:1,productid:13188585392227927097,pvo:2,pvt:hg,rds:PC_6027158597472037202%7CPROD_PC_6027158597472037202&gl=sa&udm=28&pvorigin=2","SAR 3,226.02",https://encrypted-tbn3.gstatic.com/shopping?q=tbn:ANd9GcRCon4bgSwb7FbrTanL-wu6cHeT6eGp4V6_4Ej6JqRJWqykFywrJ3DtnnHTB8gVxMXACShHBTsfuAHwJ1RoeXuZA4dq6V6oD3qoUnGQCCw,4.9,16.0,13188585392227927097,39,laptops
Herschel Supply Co Survey Backpack,6thStreet is AIVI,"https://www.google.com/search?ibp=oshop&q=Laptop&prds=localAnnotatedOfferId:1,catalogid:4623952605808874995,pvo:2,pvt:hg,rds:PC_6027158597472037202%7CPROD_PC_6027158597472037202&gl=sa&udm=28&pvorigin=2",SAR 219.00,https://encrypted-tbn1.gstatic.com/shopping?q=tbn:ANd9GcSbAyRJErRHvFhlyMPQkDcBvx1L7uCvCKt617AmCpwgJrs0P6ceRPNLEt7KIIKz1TqpocPijgBIQt1uOeQF6ngVmuFrqosoz9eycE_QqSAevvuFB2EiPpbEJA,4.4,299.0,4623952605808874995,40,laptops
HP Victus Gaming Laptop,Jarir Bookstore,"https://www.google.com/search?ibp=oshop&q=Gaming+Laptop&prds=localAnnotatedOfferId:1,catalogid:4900149311227313918,pvo:2,pvt:hg,rds:PC_6027158597472037202%7CPROD_PC_6027158597472037202&gl=sa&udm=28&pvorigin=2","SAR 4,699.00",https://encrypted-tbn1.gstatic.com/shopping?q=tbn:ANd9GcRsLrE2BLHNwBnQvp_IR3yc7JqxHaRseQFY0p8F4gGdSkpKdp0ZJUPirwd6-WxfnU1ud8-qmUrDJ0E4fA2Z8ojHKpMBZi4eFNaJAYCkKwSp,4.0,8.0,4900149311227313918,1,gaming_laptops
Lenovo LOQ Gaming Laptop AMD Ryzen 7 16GB RAM,eXtra Stores,"https://www.google.com/search?ibp=oshop&q=Gaming+Laptop&prds=localAnnotatedOfferId:1,catalogid:4221301820812665071,pvo:2,pvt:hg,rds:PC_6027158597472037202%7CPROD_PC_6027158597472037202&gl=sa&udm=28&pvorigin=2","SAR 4,299.00",https://encrypted-tbn2.gstatic.com/shopping?q=tbn:ANd9GcRhhghJw_kMbZUx1iroDeWmIiLXbO3JvLhIU-_zYekSVk71a9XBuvkVl_6aZ_a_d0PeLid-e2wYg8m80fR2jlyU29WEAhH3vZ9_k0PHNBxbN4R0l9Po7X4U,4.8,34.0,4221301820812665071,2,gaming_laptops
"MSI Cyborg 15 Gaming Laptop| 15.6"" FHD (1920*1080), 144Hz| IIntel Core 7 240H|16GB RAM| 512GB NVMePCIe SSD Gen4| NVIDIA GeForce RTX 5050 Laptop",Amazon.sa,"https://www.google.com/search?ibp=oshop&q=Gaming+Laptop&prds=localAnnotatedOfferId:1,catalogid:14873670977167194347,pvo:2,pvt:hg,rds:PC_6027158597472037202%7CPROD_PC_6027158597472037202&gl=sa&udm=28&pvorigin=2","SAR 5,199.00",https://encrypted-tbn0.gstatic.com/shopping?q=tbn:ANd9GcQIBaQcUZTy28fNs7oawI3d2d7mIqitDkJhs9urI2XympbSkJsRfwDiIAI0IbDI9-4ZW0W3chvJ-RK3XDIX4ckBUacWf8u6h-1PGMhxlvbULCvobId86eo7Hw,,,14873670977167194347,3,gaming_laptops
"GIGABYTE gaming a16 cvh Laptop 16"" WUXGA IPS 165Hz Display Intel Core i7-13620H",طبيب الكمبيوتر,"https://www.google.com/search?ibp=oshop&q=Gaming+Laptop&prds=localAnnotatedOfferId:1,catalogid:11786482177615330023,pvo:2,pvt:hg,rds:PC_6027158597472037202%7CPROD_PC_6027158597472037202&gl=sa&udm=28&pvorigin=2","SAR 5,399.00",https://encrypted-tbn1.gstatic.com/shopping?q=tbn:ANd9GcT3W-1v4NImv79lkHCPPURP4G8PNxXeN48ZMFHOs0i8T9zWlGmFtBp33qBH4r01Ep1Tf3zVr-Eau7WrBe_DFrydadhJWjwHCcieimwU--7pY8jTiZsmrmCE,,,11786482177615330023,4,gaming_laptops
Asus ROG Flow Z13 Gaming Laptop AMD Ryzen AI 395,ASUS eshop SA-EN,"https://www.google.com/search?ibp=oshop&q=Gaming+Laptop&prds=localAnnotatedOfferId:1,catalogid:4892388836073856902,pvo:2,pvt:hg,rds:PC_6027158597472037202%7CPROD_PC_6027158597472037202&gl=sa&udm=28&pvorigin=2","SAR 10,699.00",https://encrypted-tbn1.gstatic.com/shopping?q=tbn:ANd9GcTaWfrFNrQxyeGMcwUESY6TlGe1Z6v7_sTRplD795q8UiwPyE3HAv5tmOsBXyiLhtSXihOEdrzAmU1E1ufQw7eAYGpvXZSANrLmDlW1NzseHL3ORU4k5LVYTA,4.6,436.0,4892388836073856902,5,gaming_laptops
Lenovo LOQ 15ARP10E Gaming Notebook AMD Ryzen 7 170 Processor 16 GB RAM 1 TB SSD,Trendyol,"https://www.google.com/search?ibp=oshop&q=Gaming+Laptop&prds=localAnnotatedOfferId:1,catalogid:13539044077746054780,pvo:2,pvt:hg,rds:PC_6027158597472037202%7CPROD_PC_6027158597472037202&gl=sa&udm=28&pvorigin=2","SAR 3,720.00",https://encrypted-tbn1.gstatic.com/shopping?q=tbn:ANd9GcQ6lk8XYwGM2XgLKVa5XA-kJ0RubFX4fJPE1_PYReI1nIYGFPgUHG8HbsatmAlTQLLdWZ4K5pAzGAHPd6VtY4T6QeqWptT0qPs6SoLPvNjfMIhMg1jPgEI_UQ,4.0,6.0,13539044077746054780,6,gaming_laptops
MSI Crosshair 16 Gaming Laptop,Jarir Bookstore,"https://www.google.com/search?ibp=oshop&q=Gaming+Laptop&prds=localAnnotatedOfferId:1,catalogid:15471294813133226259,pvo:2,pvt:hg,rds:PC_6027158597472037202%7CPROD_PC_6027158597472037202&gl=sa&udm=28&pvorigin=2","SAR 7,799.00",https://encrypted-tbn3.gstatic.com/shopping?q=tbn:ANd9GcRPdv87mBcFQJcVfqviZ9-yXPjjegsGPDZroHrukr534N_c9cbS3cLW0q0ag495BpZywrtfz2rRO3KnRjISP55ngx_QmNeM_n7c177G3xkt,,,15471294813133226259,7,gaming_laptops
Acer Nitro V Gaming Laptop Intel Core i9-13900H Processor NVIDIA GeForce RTX 5060 Laptop GPU,Amazon.sa - Seller,"https://www.google.com/search?ibp=oshop&q=Gaming+Laptop&prds=localAnnotatedOfferId:1,catalogid:17119396003516647830,pvo:2,pvt:hg,rds:PC_6027158597472037202%7CPROD_PC_6027158597472037202&gl=sa&udm=28&pvorigin=2","SAR 5,599.00",https://encrypted-tbn1.gstatic.com/shopping?q=tbn:ANd9GcR-3PfRK7YKqTlLhSeOsgHb7XK_mI1J1C03sC1djkl9dZac8HsmY-TW8HAALWbgYMyQmp_mAbPJpcD2ahPlb5_C0t-M7KQoxWIwj25AiEC73Vap8gACdFAQHg,,,17119396003516647830,8,gaming_laptops
"HP Victus Gaming Laptop 15.6"" 144Hz FHD Display Intel Core i5-13420H Upto 4.6GHz",noon.com,"https://www.google.com/search?ibp=oshop&q=Gaming+Laptop&prds=localAnnotatedOfferId:1,catalogid:17078923689612512724,pvo:2,pvt:hg,rds:PC_6027158597472037202%7CPROD_PC_6027158597472037202&gl=sa&udm=28&pvorigin=2","SAR 3,599.00",https://encrypted-tbn3.gstatic.com/shopping?q=tbn:ANd9GcRwtV3b7YX5yPlH6Mt_4fPy2kQLCDc0kySkDzqwhN-zgqzHdGEdNEzn7f87-deisLx60etpnPQEQigfLIrLSsIco5diKBLBN2G5pT7Z4Py2Cj0eMG5MBoWYYSY,,,17078923689612512724,9,gaming_laptops
ASUS ROG Strix G16 Gaming Laptop NVIDIA RTX 5050 8GB,Golden Technology,"https://www.google.com/search?ibp=oshop&q=Gaming+Laptop&prds=localAnnotatedOfferId:1,catalogid:10495512914668121297,pvo:2,pvt:hg,rds:PC_6027158597472037202%7CPROD_PC_6027158597472037202&gl=sa&udm=28&pvorigin=2","SAR 5,999.00",https://encrypted-tbn2.gstatic.com/shopping?q=tbn:ANd9GcQs_5gwXO2huieoLmntLM7JWZ8qDWjxtwy_z35gl48dmchKA6sJUbcnomhgbjVwk7AoX-ZJXtWYw7r0cLtfVzjd5F_JQC9tl26PZlTXoUUnmPCxtlXuIJYqog,,,10495512914668121297,10,gaming_laptops
Lenovo Legion 9 Gaming Laptop,Jarir Bookstore,"https://www.google.com/search?ibp=oshop&q=Gaming+Laptop&prds=localAnnotatedOfferId:1,catalogid:15090150415949049788,pvo:2,pvt:hg,rds:PC_6027158597472037202%7CPROD_PC_6027158597472037202&gl=sa&udm=28&pvorigin=2","SAR 18,999.00",https://encrypted-tbn0.gstatic.com/shopping?q=tbn:ANd9GcRLY5-lkU4oi9WVphgWEe2PQtZ1bHMOFvYKYaBpI1q0P2rMPrnuHuX8kpkklzEyjNpbk51OQORZQndRmGbfjgzHPy8Swe-oxPDwWmIPlASOkIgG6iStgCXn,5.0,1.0,15090150415949049788,11,gaming_laptops
"Asus ROG Strix G16 G615Jmr Gaming Laptop 16"" Fhd+ Ips 165Hz Display Intel Core i7-14650HX",Amazon.sa - Seller,"https://www.google.com/search?ibp=oshop&q=Gaming+Laptop&prds=localAnnotatedOfferId:1,catalogid:13640932218712463936,pvo:2,pvt:hg,rds:PC_6027158597472037202%7CPROD_PC_6027158597472037202&gl=sa&udm=28&pvorigin=2","SAR 6,899.00",https://encrypted-tbn1.gstatic.com/shopping?q=tbn:ANd9GcSyUhVDVIOYY7NFzQyeYWUKQAg5ANLkbBk47IVv0zEc0pml9d5AqghOueImYxuVTHR4r4J51QvtvaTe-UtoAzjxP9RL3-V9mm9Z2HN6s8kM5B7aWhZzlmo,3.8,6.0,13640932218712463936,12,gaming_laptops
Hp Victus Gaming Laptop 15.6 Inch Core 8GB RAM 512GB SSD RTX 2050,Microless.com,"https://www.google.com/search?ibp=oshop&q=Gaming+Laptop&prds=localAnnotatedOfferId:1,catalogid:9958867657846393374,pvo:2,pvt:hg,rds:PC_6027158597472037202%7CPROD_PC_6027158597472037202&gl=sa&udm=28&pvorigin=2","SAR 3,239.88",https://encrypted-tbn1.gstatic.com/shopping?q=tbn:ANd9GcSbSWvDWIrdAY0Dr79k9ixLpUnF_Wq_FYECHI_BNkq2tDgx1kWLzj5Tj1Gro0fZzc_VvQcLhZ5WmdvKny_G_vNKuz0rfnbfJISYqeUVHMs,,,9958867657846393374,13,gaming_laptops
16 Inch 4K Display Lpatop Computer RAM 16GB Gaming Notebook PC Intel 12th Gen N5095,Made-in-China.com,"https://www.google.com/search?ibp=oshop&q=Gaming+Laptop&prds=localAnnotatedOfferId:1,productid:442975324658931605,pvo:2,pvt:hg,rds:PC_6027158597472037202%7CPROD_PC_6027158597472037202&gl=sa&udm=28&pvorigin=2",SAR 781.15,https://encrypted-tbn2.gstatic.com/shopping?q=tbn:ANd9GcRTbIsNM2ZlpbDU5YSjq-vJBv-EpJ3ZBOGkkRYoGAdHXHau_czX54MDxgamoPhAi94lQrMxnSpUY6QJWYkyG-7z5nw_BgGTxq1eQ99hom-8A9Jh-Iwbx1Rf,,,442975324658931605,14,gaming_laptops
MSI Crosshair 17 HX AI Gaming Laptop,Jarir Bookstore,"https://www.google.com/search?ibp=oshop&q=Gaming+Laptop&prds=localAnnotatedOfferId:1,productid:2056332096946337992,pvo:2,pvt:hg,rds:PC_6027158597472037202%7CPROD_PC_6027158597472037202&gl=sa&udm=28&pvorigin=2","SAR 7,499.00",https://encrypted-tbn1.gstatic.com/shopping?q=tbn:ANd9GcT8Cck0U5ECjshD_K-oS4PsZ3ksR1hVX8kFBFIvow5D6mgZ0awF49WHbPYfI8IbAw_s3q0jD84kTAf0lRoxUrCaLjdZAMx323utj_0wo-Y,,,2056332096946337992,15,gaming_laptops
"Asus TUF F16 Gaming Laptop Wuxga Display,Intel Core i7-14650HX",Amazon.sa - Seller,"https://www.google.com/search?ibp=oshop&q=Gaming+Laptop&prds=localAnnotatedOfferId:1,catalogid:14585484668220950486,pvo:2,pvt:hg,rds:PC_6027158597472037202%7CPROD_PC_6027158597472037202&gl=sa&udm=28&pvorigin=2","SAR 6,766.00",https://encrypted-tbn3.gstatic.com/shopping?q=tbn:ANd9GcR1eAz3Wpe2k2AQ-zaZiwW3mpCdgecE7-N6KDnLPlnok58TwutG2Ml-gTFZQu5GXgyIOWk34y7IzyNt1v-4Yo3QOPRXGMNktUdixWGLUjhfBBQrWVrVq-HZtQ,4.7,873.0,14585484668220950486,16,gaming_laptops
Lenovo Ideapad Gaming 3 15ach6 amd Ryzen 5 5600H,HNAK.com,"https://www.google.com/search?ibp=oshop&q=Gaming+Laptop&prds=localAnnotatedOfferId:1,catalogid:2105125161835747964,pvo:2,pvt:hg,rds:PC_6027158597472037202%7CPROD_PC_6027158597472037202&gl=sa&udm=28&pvorigin=2","SAR 4,399.00",https://encrypted-tbn2.gstatic.com/shopping?q=tbn:ANd9GcS4yZAkiYRLQQFyQCBKHeAKy8YBTQdNAXW8gxSje5KXYgIUHbsyWvlnuk0pyhFeq2TrI_OqjZlCA5bayhMFwl5KPylScTtUXzWWnmXxEyW4y4ovfBcft7svlg,,,2105125161835747964,17,gaming_laptops
"Acer Aspire 7 A715-59G NVIDIA RTX 3050 Gaming Laptop 15.6"" FHD 144Hz Intel Core",Microless.com,"https://www.google.com/search?ibp=oshop&q=Gaming+Laptop&prds=localAnnotatedOfferId:1,catalogid:1765208396484380355,pvo:2,pvt:hg,rds:PC_6027158597472037202%7CPROD_PC_6027158597472037202&gl=sa&udm=28&pvorigin=2","SAR 3,473.51",https://encrypted-tbn3.gstatic.com/shopping?q=tbn:ANd9GcQD7MLiTOkiolia7sOzzxTiHz70SCnH9QC2viymk96MG05rm4FbXRBCfP-frk0k4vxRtekel15Hwz_ttAL4gp4gblYWUS8ZnArhHmXOhari,5.0,1.0,1765208396484380355,18,gaming_laptops
"Laptop HP Victus Gaming 15-fb3706nx AMD Ryzen 7-8845HS Processor, 16GB Ram, 1B SSD M.2, NVIDIA GeForce RTX 4050 6GB Graphics, 15.6-inch",Golden Technology,"https://www.google.com/search?ibp=oshop&q=Gaming+Laptop&prds=localAnnotatedOfferId:1,productid:6015359735949726288,pvo:2,pvt:hg,rds:PC_6027158597472037202%7CPROD_PC_6027158597472037202&gl=sa&udm=28&pvorigin=2","SAR 5,099.00",https://encrypted-tbn2.gstatic.com/shopping?q=tbn:ANd9GcS-wynxPjx8DbHuBSnebDHnXY8Y_W9AWRYEhqO9XpgGW2EuVZpggZNgDDl2rHgq1z9PnBlx2d1NKBNMThxfTaPtgmh79nTi4CASzcT22M9MS8mnvG8yW6yb,,,6015359735949726288,19,gaming_laptops
"LENOVO LOQ 15IRX10 Gaming, 83JE01BWAD, Core I7-13645HX, 16GB, 512GB SSD, RTX 5060 8GB, DOS, GREY",قصر الحاسبات,"https://www.google.com/search?ibp=oshop&q=Gaming+Laptop&prds=localAnnotatedOfferId:1,productid:15275613264382304942,pvo:2,pvt:hg,rds:PC_6027158597472037202%7CPROD_PC_6027158597472037202&gl=sa&udm=28&pvorigin=2","SAR 5,499.00",https://encrypted-tbn3.gstatic.com/shopping?q=tbn:ANd9GcRpiz72TyIxGBzJmxNziCvQg2VwNG-ZQdLqlNAQmDIkYE2BLBtk7gZdqvWHWV-tNCryvfgATnxJpcHp84SDe6HThaBWa_tc4bCNyO219piQv-uWFBCz8-9J,,,15275613264382304942,20,gaming_laptops
MSI Raider Gaming Laptops,Jarir Bookstore,"https://www.google.com/search?ibp=oshop&q=Gaming+Laptop&prds=localAnnotatedOfferId:1,productid:3130144051990671569,pvo:2,pvt:hg,rds:PC_6027158597472037202%7CPROD_PC_6027158597472037202&gl=sa&udm=28&pvorigin=2","SAR 13,499.00",https://encrypted-tbn1.gstatic.com/shopping?q=tbn:ANd9GcQJHjrK74gN8MEGWofhkzhKqbRjCuIRSdcan4ECiC3qMOalZMVrpWEb2YbOEhRmZxabviBvCvWm-7FCHykW3n3GQc4rqoPYQ9xdl1GO8KI,,,3130144051990671569,21,gaming_laptops
"Lenovo Legion 5i Gaming Laptop Intel Core i7-14700HX 15"" 2.5K WQXGA PureSight OLED Display165Hz Refresh RateNVIDIA GeForce RTX 5070 16 GB Memory 1 TB",Amazon.sa - Seller,"https://www.google.com/search?ibp=oshop&q=Gaming+Laptop&prds=localAnnotatedOfferId:1,catalogid:16212018284631397023,pvo:2,pvt:hg,rds:PC_6027158597472037202%7CPROD_PC_6027158597472037202&gl=sa&udm=28&pvorigin=2","SAR 7,900.00",https://encrypted-tbn3.gstatic.com/shopping?q=tbn:ANd9GcTwZbm06TiPmrvjPxCMa0qNc6rR1Xvfa3snhhPlk2JcRG1bO07JR3yjCcfnMxwJJgGBFwIchl-C0c3VH1ctJ4_10yKia7MEYtuQv64M2a8eK6Sf134vUAZL,,,16212018284631397023,22,gaming_laptops
"Dell Alienware 18 Area-51 Gaming Laptop 18"" 300Hz Display Intel Core Ultra 9 275Hx",Microless.com,"https://www.google.com/search?ibp=oshop&q=Gaming+Laptop&prds=localAnnotatedOfferId:1,catalogid:11952144023565753410,pvo:2,pvt:hg,rds:PC_6027158597472037202%7CPROD_PC_6027158597472037202&gl=sa&udm=28&pvorigin=2","SAR 18,393.54",https://encrypted-tbn0.gstatic.com/shopping?q=tbn:ANd9GcSNiy9K5coO55GJZIRYW9ocGvjwmr4H2nxVRvDowddukjNQF_9B3tTTUozl3esNKqXvYa1noFXP4qIJ29Zq8b5EzePzacJ7-vu2isi70F55,4.6,257.0,11952144023565753410,23,gaming_laptops
Lenovo Legion 5i Gaming Laptop Luna Grey 14th Generation Intel Core i7-14650HX Processor,Golden Technology,"https://www.google.com/search?ibp=oshop&q=Gaming+Laptop&prds=localAnnotatedOfferId:1,catalogid:2166802562969349463,pvo:2,pvt:hg,rds:PC_6027158597472037202%7CPROD_PC_6027158597472037202&gl=sa&udm=28&pvorigin=2","SAR 6,299.00",https://encrypted-tbn1.gstatic.com/shopping?q=tbn:ANd9GcQI2JB1Kj3EI6vUGiMOsTHYBVEpg_Jrlg1UB1VOiP8K9QeB1rgoibb6Gw7g8fT9t8yyHoJoCF8apqpwyDwrU4m9HW04SQQrS0KHFRaftQXCoIOPa0BK4fXk,4.5,75.0,2166802562969349463,24,gaming_laptops
لينوفو لوك 15IRX10 للالعاب، معالج إنتل كور i5-13450HX، ذاكرة 16 جيجابايت، تخزين 512 جيجابايت SSD، شاشة 15.6 بوصة FHD 144Hz، كرت شاشة NVIDIA RTX 5050,Cartlow,"https://www.google.com/search?ibp=oshop&q=Gaming+Laptop&prds=localAnnotatedOfferId:1,productid:17914962576782959991,pvo:2,pvt:hg,rds:PC_6027158597472037202%7CPROD_PC_6027158597472037202&gl=sa&udm=28&pvorigin=2","SAR 5,980.00",https://encrypted-tbn3.gstatic.com/shopping?q=tbn:ANd9GcSFwCkDCELiuBwDjISBEEq6j_TJxKPDHD4gb8OH1p8_H6VarVSHPx-vwVprJC3KyvdN-9C96CAkCW-m8Q1ZC8LAajU0xzGf0tSKo-lGRaCKYyc8vFUe3Pry,,,17914962576782959991,25,gaming_laptops
"MSI Raider A18 HX A9WIG, Gaming Laptop, 18""UHD+ 120Hz, AMD Ryzen 9 9955HX3D, 64GB RAM, 2TB SSD, NVIDIA GeForce RTX 5080 Laptop GPU, GDDR7 16GB, Win11",Amazon.sa,"https://www.google.com/search?ibp=oshop&q=Gaming+Laptop&prds=localAnnotatedOfferId:1,catalogid:7258234682112404451,pvo:2,pvt:hg,rds:PC_6027158597472037202%7CPROD_PC_6027158597472037202&gl=sa&udm=28&pvorigin=2","SAR 17,999.00",https://encrypted-tbn2.gstatic.com/shopping?q=tbn:ANd9GcQjwqNWdov3q4R9888d6kTBsMjdUEqoAeKg08mJqQIiqxHXDMQN0goU1SOeeb7_PjIp5SKFc_8j4QmueWAIxEBh1VEHh8U18VOuanURW_3ZHaCRO4qnEzXE,,,7258234682112404451,26,gaming_laptops
ASUS TUF Gaming A15 Laptop With 15.6-Inch Display AMD Ryzen 7-7435Hs 8GB RAM,Microless.com,"https://www.google.com/search?ibp=oshop&q=Gaming+Laptop&prds=localAnnotatedOfferId:1,catalogid:14645072274862535742,pvo:2,pvt:hg,rds:PC_6027158597472037202%7CPROD_PC_6027158597472037202&gl=sa&udm=28&pvorigin=2","SAR 3,211.92",https://encrypted-tbn3.gstatic.com/shopping?q=tbn:ANd9GcTlbSsYHI82H6Y85Y8Bsq5mN3kPKdZIw_NxjT9Nm5Bghpfr30mqGQvkYwfTX5PUl4eH2R9ZuSChOEnslLXN110-8JHki9nvtHKtLgNNtmg,4.9,62.0,14645072274862535742,27,gaming_laptops
لابتوب الالعاب HP Victus Gaming 15-FA2317TX – مع معالج Core i7-13620H (الجيل الثالث عشر)/ذاكرة RAM سعة 16جيجابايت DDR4/قرص NVMe SSD سعة تخزين 512,Carrefour KSA,"https://www.google.com/search?ibp=oshop&q=Gaming+Laptop&prds=localAnnotatedOfferId:1,productid:6639071910817905106,pvo:2,pvt:hg,rds:PC_6027158597472037202%7CPROD_PC_6027158597472037202&gl=sa&udm=28&pvorigin=2","SAR 4,499.00",https://encrypted-tbn0.gstatic.com/shopping?q=tbn:ANd9GcQTXMvxrVKJwhiX25F2PKCRihYeIQiPSnsVMoIF82gUscMeK01tmZGXJqPQQE0AHftG5_e0tnBcCJziGKdxHfDd_LAm-RNjQJD3uHmGnwb1Vf2lhh28hAd0Zw,,,6639071910817905106,28,gaming_laptops
"Acer Nitro V 15.6"" Gaming Laptop AMD Ryzen 5 7535HS",eBay - tanyastreasuries,"https://www.google.com/search?ibp=oshop&q=Gaming+Laptop&prds=localAnnotatedOfferId:1,catalogid:9788667415520632379,pvo:2,pvt:hg,rds:PC_6027158597472037202%7CPROD_PC_6027158597472037202&gl=sa&udm=28&pvorigin=2","SAR 4,356.40",https://encrypted-tbn3.gstatic.com/shopping?q=tbn:ANd9GcSC4RJr0lyzQijspp3Stqm7fNTMkaRyFznYfGqwLRjvkwMG-af9uMH_ukvgCkiW5VWpn-Bb9a2v28wXJ0jVvy7Avs4dIjdXBc0c_zhHNaU,5.0,1.0,9788667415520632379,29,gaming_laptops
"Msi Katana 15 HX Gaming Laptop 15.6"" FHD IPS 144Hz Display Intel Core i7-14650HX",GCC Gamers,"https://www.google.com/search?ibp=oshop&q=Gaming+Laptop&prds=localAnnotatedOfferId:1,catalogid:2911672219102158518,pvo:2,pvt:hg,rds:PC_6027158597472037202%7CPROD_PC_6027158597472037202&gl=sa&udm=28&pvorigin=2","SAR 4,697.07",https://encrypted-tbn3.gstatic.com/shopping?q=tbn:ANd9GcS8MUYSrve7R9x1kMH6oB55RgSJpJ6I8JwLEqCKIVe6C3K2mPCHsyMfC_A6Kwo9DOV2utOGQlSu3n72uXP7pK3fZoXXh1cpZ_JGAiBTL5bWdgNeq7wYfv7fDA,,,2911672219102158518,30,gaming_laptops
Lenovo LOQ Gaming Laptop 15.6 FHD IPS 144Hz AMD Ryzen 5 7235HS loq 15arp9,Amazon.sa - Seller,"https://www.google.com/search?ibp=oshop&q=Gaming+Laptop&prds=localAnnotatedOfferId:1,catalogid:13167397270956157056,pvo:2,pvt:hg,rds:PC_6027158597472037202%7CPROD_PC_6027158597472037202&gl=sa&udm=28&pvorigin=2","SAR 4,199.00",https://encrypted-tbn3.gstatic.com/shopping?q=tbn:ANd9GcQ8OraZtHpLaX4_is6_dcE2nASMN17UnhrSVciDyzyvTxACRs6QEFd67-am_XLrCnWLFshhEx91DegGXseBLXM8urVX2NaSqjCvHbdBDp5xAcHdKNqt7Gcd,4.7,346.0,13167397270956157056,31,gaming_laptops
"Asus Laptop ROG Strix G16 16"" 2.5K 240Hz AMD Ryzen 9 32GB 1TB SSD RTX 5070 Ti",Godukkan.com,"https://www.google.com/search?ibp=oshop&q=Gaming+Laptop&prds=localAnnotatedOfferId:1,catalogid:3657513068682953364,pvo:2,pvt:hg,rds:PC_6027158597472037202%7CPROD_PC_6027158597472037202&gl=sa&udm=28&pvorigin=2","SAR 10,177.50",https://encrypted-tbn3.gstatic.com/shopping?q=tbn:ANd9GcQXoy3jQQc7h4zAztsOdAmCexwDp3LVOdqVvF_hh5Xut4svLP42k1EdQvdNf1A_Q8B-8KcZgysfKzxcrXp68RwbPxzpl7-VFpvFSRDQrjo,5.0,2.0,3657513068682953364,32,gaming_laptops
17.3-Inch Laptop Intel N150 RAM 8GB FHD IPS Gaming Laptop 7000mAh Wholesale Brand New Laptop,Made-in-China.com,"https://www.google.com/search?ibp=oshop&q=Gaming+Laptop&prds=localAnnotatedOfferId:1,productid:10756724109407442181,pvo:2,pvt:hg,rds:PC_6027158597472037202%7CPROD_PC_6027158597472037202&gl=sa&udm=28&pvorigin=2","SAR 1,104.13",https://encrypted-tbn2.gstatic.com/shopping?q=tbn:ANd9GcROLTscc0VjQWwQRPlObs6TuAxH4COhB_1fBi-jOmN80-U7GF93ISIJY2sEVSngzmIKr3qr2_MpYhT5bXxtkoYnx0IXPlJVBy8YUf7Ep_ubYZeJoOl5905L,,,10756724109407442181,33,gaming_laptops
"ASUS ROG Strix G16 G615JHR Gaming Laptop 16"" WUXGA IPS 165Hz Display Intel Core i7-14650HX",PC Dubai,"https://www.google.com/search?ibp=oshop&q=Gaming+Laptop&prds=localAnnotatedOfferId:1,catalogid:1985110546557933440,pvo:2,pvt:hg,rds:PC_6027158597472037202%7CPROD_PC_6027158597472037202&gl=sa&udm=28&pvorigin=2","SAR 5,879.00",https://encrypted-tbn3.gstatic.com/shopping?q=tbn:ANd9GcS0x6lb-GtapEFxnrXZ1ffBtfWMVyaRN5XbYdTICuQV7qV9NWVrY1SbLGp8AgXqiwy00Ls1iYBHa-G9U_BRXeKy2lvkDEzZ_3S-58dL1r4R3Uo2XA4yryc8RQ,,,1985110546557933440,34,gaming_laptops
"15-fd1052nx laptop core i5-120u, 8gb, 512gb ssd, dos (cd7r6ea#a2n)",eXtra Stores,"https://www.google.com/search?ibp=oshop&q=Gaming+Laptop&prds=localAnnotatedOfferId:1,productid:4608764279568442970,pvo:2,pvt:hg,rds:PC_6027158597472037202%7CPROD_PC_6027158597472037202&gl=sa&udm=28&pvorigin=2","SAR 2,499.00",https://encrypted-tbn0.gstatic.com/shopping?q=tbn:ANd9GcSdEfDHDdR_u_r19pp6_CoqCAlfx_PNFGQhIP2ocwsvUTobAzieczMZQl-lOLa199Re3lrubq_FdoGRol9ngtdP2fIr26W-mRcrCo1BigmplvGuGvJRvniabFw,,,4608764279568442970,35,gaming_laptops
Asus TUF A15 AMD Ryzen 7 170 Gaming Laptop,eBay - mobile.emporium,"https://www.google.com/search?ibp=oshop&q=Gaming+Laptop&prds=localAnnotatedOfferId:1,catalogid:11784766044491327741,pvo:2,pvt:hg,rds:PC_6027158597472037202%7CPROD_PC_6027158597472037202&gl=sa&udm=28&pvorigin=2","SAR 3,736.77",https://encrypted-tbn3.gstatic.com/shopping?q=tbn:ANd9GcSYAVnKdO_9sDUqb_4zII3Vj6JHoLav3oLowD2HZPrvvIvFnXnIZhb_5EhypQAklOBL5fOCWY3HaiU7z9akidwEb0HnBfbQDXXXloTyrgs,5.0,4.0,11784766044491327741,36,gaming_laptops
Asus TUF Gaming F16 Gaming Laptop With 16 Inch WUXGA Display,Microless.com,"https://www.google.com/search?ibp=oshop&q=Gaming+Laptop&prds=localAnnotatedOfferId:1,catalogid:3361010454213911145,pvo:2,pvt:hg,rds:PC_6027158597472037202%7CPROD_PC_6027158597472037202&gl=sa&udm=28&pvorigin=2","SAR 6,810.97",https://encrypted-tbn1.gstatic.com/shopping?q=tbn:ANd9GcT_HDAIo5yvLXN6NxjJ4muMdAhKJEzLdfvErIMjdEABcVF9005AVXUbP0Dvf-Buqmu-JoGr0GKcR8kmaXajDjGUrnrlz1aZFgUNyp5q1HSw,5.0,3.0,3361010454213911145,37,gaming_laptops
اسوس تي يو اف جيمنج لابتوب ألعاب,Jarir Bookstore,"https://www.google.com/search?ibp=oshop&q=Gaming+Laptop&prds=localAnnotatedOfferId:1,productid:7657908431150805275,pvo:2,pvt:hg,rds:PC_6027158597472037202%7CPROD_PC_6027158597472037202&gl=sa&udm=28&pvorigin=2","SAR 4,499.00",https://encrypted-tbn1.gstatic.com/shopping?q=tbn:ANd9GcTdMowppyPkrSzELtcn7WJNnUw9tl1Al-nm4vUHWEYRd989xz_gUBbyKyvhunNjDa12apsyylMENuD0P3yI-s-iB9Oaz7PFKWnJUwMs1GY,,,7657908431150805275,38,gaming_laptops
"ASUS ROG Strix G17 STRIX-G17-G713IM-HX055 AMD Ryzen 7 4800H Laptop 43.9 cm (17.3"") Full HD 16 GB DDR4-SDRAM 512 GB SSD NVIDIA GeForce RTX 3060 Wi-Fi 6",Samma3a.com,"https://www.google.com/search?ibp=oshop&q=Gaming+Laptop&prds=localAnnotatedOfferId:1,catalogid:18685199173224685,pvo:2,pvt:hg,rds:PC_6027158597472037202%7CPROD_PC_6027158597472037202&gl=sa&udm=28&pvorigin=2","SAR 5,582.45",https://encrypted-tbn0.gstatic.com/shopping?q=tbn:ANd9GcQmTtn_e3_OBjLUhCAZ2xD2G5QanM6teEUYI51U4TNkIRyVasEwTwvL2xWRbjrJmrUSvyPxcGbKHNVM4ymvxUZNZ05-0FlkkWgS-Wmd9b21vzaVPJM9xgeY,4.2,6.0,18685199173224685,39,gaming_laptops
HP Victus Gaming 15-fa2014ni 15.6-inch FHD Laptop Intel Core i7-13620H 512GB SSD 16GB RAM RTX 5050 Win 11 Home,PC Land Store,"https://www.google.com/search?ibp=oshop&q=Gaming+Laptop&prds=localAnnotatedOfferId:1,catalogid:12098824574738180777,pvo:2,pvt:hg,rds:PC_6027158597472037202%7CPROD_PC_6027158597472037202&gl=sa&udm=28&pvorigin=2","SAR 4,899.00",https://encrypted-tbn3.gstatic.com/shopping?q=tbn:ANd9GcSQpRPgaEByilCBfoegex5jYbZcgRmq0Tsu9YbimzbkfMuBkr6yxhXmhnDROaTlOraiuHJOWKU1NSqdGxWmUDNLAGIJhZW7rlFWIn91x6WfiWzs75hno68bEg,,,12098824574738180777,40,gaming_laptops
"ASUS TUF Gaming F16 16"" 2.5K 165Hz - Intel Core i7-14650HX - GeForce RTX 5070 8GB - 32GB RAM - 1TB NVMe SSD",سيليكون ڤالي,"https://www.google.com/search?ibp=oshop&q=Gaming+Laptop&prds=localAnnotatedOfferId:1,productid:7898738626249675616,pvo:2,pvt:hg,rds:PC_6027158597472037202%7CPROD_PC_6027158597472037202&gl=sa&udm=28&pvorigin=2","SAR 7,899.00",https://encrypted-tbn2.gstatic.com/shopping?q=tbn:ANd9GcSLjE8BJ12fz-xTEOeEfe5tDJgI-tmCcMjxzr3AgsezFXVQxDza8WEenulnv_HKSTqhEzMDH3ExbhYslP2m4kBEUOPcmeeiLY3fEvlqS3O_Xo9dAUi8Wz5jmg,,,7898738626249675616,1,gaming_laptops
"Asus Rog Zephyrus G16 Gu606 Ax Gaming Laptop 16.0"" 2.5 K Oled 240 Hz Intel Core Ultra 9 386 H",Gear-up.me,"https://www.google.com/search?ibp=oshop&q=Gaming+Laptop&prds=localAnnotatedOfferId:1,catalogid:17646354116843337012,pvo:2,pvt:hg,rds:PC_6027158597472037202%7CPROD_PC_6027158597472037202&gl=sa&udm=28&pvorigin=2","SAR 23,050.00",https://encrypted-tbn3.gstatic.com/shopping?q=tbn:ANd9GcSU8t96LMv6EK0m8dvMLJq_4me24odoQqvdXCDpQNsWXNlpzcvLe-RUiFsmjMWe7aXBRh5xSYlTXb78KOhOoYcpUxKpfU82OpFifyhNjmnFPZV32QAxQaQ70Q,,,17646354116843337012,2,gaming_laptops
Acer Predator Helios Neo 16 AI Gaming Laptop Intel Core Ultra 9-275HX Processor 16GB Ram 1TB SSD Storage NVIDIA GeForce RTX 5060-8GB Graphics 16 Inch,Microless.com,"https://www.google.com/search?ibp=oshop&q=Gaming+Laptop&prds=localAnnotatedOfferId:1,catalogid:15400548448218285065,pvo:2,pvt:hg,rds:PC_6027158597472037202%7CPROD_PC_6027158597472037202&gl=sa&udm=28&pvorigin=2","SAR 6,539.27",https://encrypted-tbn1.gstatic.com/shopping?q=tbn:ANd9GcQ04oF13yeopql6RNnuXTo810HyPiPeWZrBdGuJSkUXP0igirx4fZWtl50VnoOfAduP-Yv1LZW-yL5CTORq-qu5EJL3SA4D8pquHWIza0_qJkvTH6kRbn9z,,,15400548448218285065,3,gaming_laptops
"Lenovo Legion 5 15AHP10 Gaming Laptop 15.1"" WQXGA OLED 165Hz Display AMD Ryzen 7 260",Ubuy,"https://www.google.com/search?ibp=oshop&q=Gaming+Laptop&prds=localAnnotatedOfferId:1,catalogid:7161623327600139467,pvo:2,pvt:hg,rds:PC_6027158597472037202%7CPROD_PC_6027158597472037202&gl=sa&udm=28&pvorigin=2","SAR 8,495.05",https://encrypted-tbn1.gstatic.com/shopping?q=tbn:ANd9GcRZicBuHgv9DcZ-ieEJFGj-VhI8RDxx73Mu-7yRemkg1GdOI4nSx8sNeh0ekEzk33Gpzkz8x3c56l-xl5iAoycbJvRVqvm9IsHEI3oMVth4,4.4,36.0,7161623327600139467,4,gaming_laptops
"Asus ROG Zephyrus G16 Gu605 Gaming Laptop 16"" 2.5K Oled 240Hz Display Intel Core Ultra 9 285H",Godukkan.com,"https://www.google.com/search?ibp=oshop&q=Gaming+Laptop&prds=localAnnotatedOfferId:1,catalogid:5144945139478916381,pvo:2,pvt:hg,rds:PC_6027158597472037202%7CPROD_PC_6027158597472037202&gl=sa&udm=28&pvorigin=2","SAR 17,664.00",https://encrypted-tbn3.gstatic.com/shopping?q=tbn:ANd9GcQIh1sGy98JtpCA2rHYPiOtrigDUpJ3_G5JPK4DpbppiUKMmHijl-Ps69g77Y9WVVhBMJU14qClEAx6Fbgx0SCEXF0HHvFEvBKLH7Dtz0OaPZkdZA8rPrqW,5.0,1.0,5144945139478916381,5,gaming_laptops
"Acer Aspire Lite AL15 Laptop with 14th Gen Intel Core 3-N350 Octa Cores Upto 3.9GHz/8GB DDR4 RAM/256GB SSD Storage/Intel Graphics/15.6"" FHD IPS",Golden Technology,"https://www.google.com/search?ibp=oshop&q=Gaming+Laptop&prds=localAnnotatedOfferId:1,catalogid:18166175919894435363,pvo:2,pvt:hg,rds:PC_6027158597472037202%7CPROD_PC_6027158597472037202&gl=sa&udm=28&pvorigin=2","SAR 1,599.00",https://encrypted-tbn3.gstatic.com/shopping?q=tbn:ANd9GcQbbFZ5W19hHefdE0w2x7sogPJ71mJEfQSQ-ggzuv090mK4ST4fOacm25l9gSt-kchB6WyX_2F6aAtHrBbKfCffQJlLyGeeRyOYAZNJT9-jIuF_pEm0plgMvw,,,18166175919894435363,6,gaming_laptops
MSI Raider 18 hx ai 18 Ultra 9-285hx Ssd Gaming Laptop raider 18 hx ai a2xwjg,Microless.com,"https://www.google.com/search?ibp=oshop&q=Gaming+Laptop&prds=localAnnotatedOfferId:1,catalogid:8734835716909901381,pvo:2,pvt:hg,rds:PC_6027158597472037202%7CPROD_PC_6027158597472037202&gl=sa&udm=28&pvorigin=2","SAR 23,606.35",https://encrypted-tbn0.gstatic.com/shopping?q=tbn:ANd9GcTeDyej90ZyuyGKNwip5yBMDFzmwAy8BC4e0gpwVz9i5OihndzV2f8ygg0i6r47Vpvsr8lPFGrv0-DxXk-TKxVqpQE6wJSu89lKsht1ht0Q,4.8,22.0,8734835716909901381,7,gaming_laptops
Lenovo Legion LOQ AI-Powered Gaming Laptop Intel Core i7-13650HX 15.6 FHD IPS 144Hz Display,eBay - tanyastreasuries,"https://www.google.com/search?ibp=oshop&q=Gaming+Laptop&prds=localAnnotatedOfferId:1,catalogid:6146486308101273571,pvo:2,pvt:hg,rds:PC_6027158597472037202%7CPROD_PC_6027158597472037202&gl=sa&udm=28&pvorigin=2","SAR 5,821.06",https://encrypted-tbn2.gstatic.com/shopping?q=tbn:ANd9GcQiHXbgbCa3XK94Yp8SDpw8ndI894St69fuBqmCfUR-D_5QApxrLwVzj3xLA3g8_TeSYtTAmGRKeSKYTI3zZvfP11FhYBip5UZqxhN0mK4,,,6146486308101273571,8,gaming_laptops
ASUS TUF Gaming A16 Laptop 16 WUXGA 144Hz AMD Ryzen 7 7445HS,Ubuy,"https://www.google.com/search?ibp=oshop&q=Gaming+Laptop&prds=localAnnotatedOfferId:1,catalogid:7873937666838644918,pvo:2,pvt:hg,rds:PC_6027158597472037202%7CPROD_PC_6027158597472037202&gl=sa&udm=28&pvorigin=2","SAR 7,713.90",https://encrypted-tbn0.gstatic.com/shopping?q=tbn:ANd9GcREqc3qoSby2wQgiLX5cQwYuMY9r2J9sV9EOLknh-j91WmROb32sU22yL_fq3UzPXty20Xedsw9HHSOioOXFM05SpmqZXGjkt8H9xf6nJs,3.7,3.0,7873937666838644918,9,gaming_laptops
MSI 2024 Pulse 16 AI Gaming Notebook Core Ultra 9 185H 64GB DDR5 1TB SSD,ubuy.com.sa,"https://www.google.com/search?ibp=oshop&q=Gaming+Laptop&prds=localAnnotatedOfferId:1,catalogid:1286644521198306974,pvo:2,pvt:hg,rds:PC_6027158597472037202%7CPROD_PC_6027158597472037202&gl=sa&udm=28&pvorigin=2","SAR 15,777.00",https://encrypted-tbn1.gstatic.com/shopping?q=tbn:ANd9GcRXh9GltWz8hpXDWPpZsXyD0mcqB63k_ti-aTk7Ei-SD1RfcIINhq2XDTeKe8qjcFmc2HJEuLbIOn4UaMAyRgGCRrmZJMEGNB2xZRLCPPJ2k00oU8uOeufq,,,1286644521198306974,10,gaming_laptops
"Msi Crosshair 16 Hx Ai D2XWFKG Gaming Laptop 16"" QHD+ Ips 240Hz Display Intel Core Ultra",Godukkan.com,"https://www.google.com/search?ibp=oshop&q=Gaming+Laptop&prds=localAnnotatedOfferId:1,catalogid:15391266532351874459,pvo:2,pvt:hg,rds:PC_6027158597472037202%7CPROD_PC_6027158597472037202&gl=sa&udm=28&pvorigin=2","SAR 7,496.85",https://encrypted-tbn0.gstatic.com/shopping?q=tbn:ANd9GcTIz6qdrW7XgPaLC773F6BaFtFVaIIuz0omLL88vcqIXT8-mPdJgPrdYwIvmy9U00iS3B28K2dNSubQ0CoOfD013K-pBmO5jhmIAa-K2GpJxAEVL3Rt9EigQw,4.5,62.0,15391266532351874459,11,gaming_laptops
"Asus TUF Gaming F16 FX608JPR Laptop 16"" WQXGA IPS 165Hz Display Intel Core i7-14650HX",Microless.com,"https://www.google.com/search?ibp=oshop&q=Gaming+Laptop&prds=localAnnotatedOfferId:1,catalogid:5528214547361540563,pvo:2,pvt:hg,rds:PC_6027158597472037202%7CPROD_PC_6027158597472037202&gl=sa&udm=28&pvorigin=2","SAR 7,797.25",https://encrypted-tbn0.gstatic.com/shopping?q=tbn:ANd9GcSL0DiFbBXhGyLtxkJ-DsWy86FPSk5qREaxhANY9Ru7SsGO9UODaOdTb9ttSeUAUlqNQNbf1UzyZ3x2OPp4qv-ypIsZz_gmLcxvBGmhvu7CKemdy2W5yvbC,4.6,5.0,5528214547361540563,12,gaming_laptops
acer Aspire 3 Laptop 15.6 Full HD Display AMD Ryzen 7 5700U Processor,Amazon.sa - Seller,"https://www.google.com/search?ibp=oshop&q=Gaming+Laptop&prds=localAnnotatedOfferId:1,catalogid:8400638475646434738,pvo:2,pvt:hg,rds:PC_6027158597472037202%7CPROD_PC_6027158597472037202&gl=sa&udm=28&pvorigin=2","SAR 4,333.78",https://encrypted-tbn2.gstatic.com/shopping?q=tbn:ANd9GcRVj5M4R_wv7ijCr-FmtEsaCZfIWqYNHpwXRnX3RItHI5U5PbT0yTjeP7clqyeyI6HgIMZ3tYs6KN47Xqby4SoOEzk_iRATWXLHr_JKbms,,,8400638475646434738,13,gaming_laptops
NIMO 2026 Gaming Laptop AMD R7 7735HS 16GB DDR5 RAM 256GB SSD Business Computer with 15.6 FHD Display Radeon,Ubuy,"https://www.google.com/search?ibp=oshop&q=Gaming+Laptop&prds=localAnnotatedOfferId:1,catalogid:523232014626915144,pvo:2,pvt:hg,rds:PC_6027158597472037202%7CPROD_PC_6027158597472037202&gl=sa&udm=28&pvorigin=2","SAR 2,996.93",https://encrypted-tbn1.gstatic.com/shopping?q=tbn:ANd9GcRYWOAHzA0LuNERRw5L5VNZ9bL9PdBy5oCBbOonkAX9JN9aqUzLXbrKQIfQvTrTl6A7gMOayPlvFdUhooZiSObrv0vongipGj9_mi8ZvUP2t5BOV0CQ6NcglA,,,523232014626915144,14,gaming_laptops
"LOQ 15IRX9 Gaming Laptop – 15.6"" FHD, Intel i7-13650HX, RTX 4060 8GB, 16GB RAM, 512GB SSD – DOS, Luna Grey",LetsTango.com,"https://www.google.com/search?ibp=oshop&q=Gaming+Laptop&prds=localAnnotatedOfferId:1,productid:14527405070602014920,pvo:2,pvt:hg,rds:PC_6027158597472037202%7CPROD_PC_6027158597472037202&gl=sa&udm=28&pvorigin=2","SAR 5,316.57",https://encrypted-tbn1.gstatic.com/shopping?q=tbn:ANd9GcRuNe6A3joncP5BqTeFVeJld6QvgcGbzPL2BYgI4__BuNxPZmClEqCCbvynSa-w1ghOooZ8awrBrvpe0QPdO0E7yF4hOf0ZpdYVha0apu_VYbNYF2rkW6um,,,14527405070602014920,15,gaming_laptops
"MSI Cyborg 15 a2rve Gaming Laptop 15.6"" FHD Ips 144Hz Display Intel Core 7 240H",Microless.com,"https://www.google.com/search?ibp=oshop&q=Gaming+Laptop&prds=localAnnotatedOfferId:1,catalogid:7304317528610999669,pvo:2,pvt:hg,rds:PC_6027158597472037202%7CPROD_PC_6027158597472037202&gl=sa&udm=28&pvorigin=2","SAR 4,454.55",https://encrypted-tbn3.gstatic.com/shopping?q=tbn:ANd9GcQZE70Pc83DgAaBsDPC5Aq4g2fNGj5f66vpWEZeeGgfDpi1-MW47SHIEbjuGvhUW7329h0jsCV2f90VoyPqDiQjkzaFfZGhoJr10nYrXWA,,,7304317528610999669,16,gaming_laptops
Asus ROG Strix G16 G615JHR-S5096 Gaming Laptop Intel Core I7-14650HX Processor 32GB Ram 1TB SSD Storage NVIDIA GeForce RTX5050-8GB Graphics 16 Inch WQ,Godukkan.com,"https://www.google.com/search?ibp=oshop&q=Gaming+Laptop&prds=localAnnotatedOfferId:1,productid:10691811097021527527,pvo:2,pvt:hg,rds:PC_6027158597472037202%7CPROD_PC_6027158597472037202&gl=sa&udm=28&pvorigin=2","SAR 8,395.00",https://encrypted-tbn1.gstatic.com/shopping?q=tbn:ANd9GcRuiwTLJ4AMJkb7uaUXe2FTttJmHZWvnwcSH3ddE7dULNA4ae8327Sha9G6ehg1N7gcU84gKM3pR73EtBBZ3Gkr_OeFLqiWVTZVdZ8FUK0k,5.0,23.0,10691811097021527527,17,gaming_laptops
"Gigabyte 16"" AERO X16 Laptop Copilot+ PC gigabyte aero x16 2w",eBay - tanyastreasuries,"https://www.google.com/search?ibp=oshop&q=Gaming+Laptop&prds=localAnnotatedOfferId:1,catalogid:17216179136269637040,pvo:2,pvt:hg,rds:PC_6027158597472037202%7CPROD_PC_6027158597472037202&gl=sa&udm=28&pvorigin=2","SAR 9,651.72",https://encrypted-tbn1.gstatic.com/shopping?q=tbn:ANd9GcRpb9yVjfAdTFtaYPifUDQECJVQZz19I4ORAkoJdGFh4BsAOfw6dLIMujWiHP9633-xmMLzhvJ7DaGZ8tB568PdvfogF5TTZfw2DdIP2gYb,,,17216179136269637040,18,gaming_laptops
Lenovo Legion Pro 7i Gen 10 16 Gaming Laptop Intel Core Ultra 9 275HX 24C,ubuy.com.sa,"https://www.google.com/search?ibp=oshop&q=Gaming+Laptop&prds=localAnnotatedOfferId:1,catalogid:10428052523121968265,pvo:2,pvt:hg,rds:PC_6027158597472037202%7CPROD_PC_6027158597472037202&gl=sa&udm=28&pvorigin=2","SAR 18,559.00",https://encrypted-tbn2.gstatic.com/shopping?q=tbn:ANd9GcQ5i-kzcSs4VtidnorxIOWoF0cyEQeyxP9O9a7ixTDHlB_6127vqvgcQUcoIfXm2r-0wiBSizL8V1fCjcnWx27GtSCpKKE9TlGPasUvu8QLj_2_MBoeW25v,4.6,489.0,10428052523121968265,19,gaming_laptops
NIMO 15.6 Gaming Laptop AMD Ryzen 5 6600H Beat i7-1165G7 6 Cores Up to 4.5GHz,Ubuy,"https://www.google.com/search?ibp=oshop&q=Gaming+Laptop&prds=localAnnotatedOfferId:1,catalogid:12606858309932553452,pvo:2,pvt:hg,rds:PC_6027158597472037202%7CPROD_PC_6027158597472037202&gl=sa&udm=28&pvorigin=2","SAR 2,906.79",https://encrypted-tbn0.gstatic.com/shopping?q=tbn:ANd9GcRUFn0VrmuKQRjhf1YnTvriEiJlpXmAZOsnX8VBX4LJR2zJYwnkkWq3qIWNfKSbK2qmc3JXIWdyyzq8klWUFV-Pvw7H0J5HRO03DxqkLSgN,,,12606858309932553452,20,gaming_laptops
"Acer Predator Helios Neo 16 AI Gaming Laptop 16"" WQXGA 240Hz Display Intel Core Ultra 9 275HX",Microless.com,"https://www.google.com/search?ibp=oshop&q=Gaming+Laptop&prds=localAnnotatedOfferId:1,catalogid:17442328061235310183,pvo:2,pvt:hg,rds:PC_6027158597472037202%7CPROD_PC_6027158597472037202&gl=sa&udm=28&pvorigin=2","SAR 8,746.10",https://encrypted-tbn3.gstatic.com/shopping?q=tbn:ANd9GcRL6XA-9mjsDjGpFqfOktBNOVM2vD7g8jgD8ivxtYAJwBJt6qQ8QFx41YVfRUv1LmdJwsOmORy1APUIcM3vVzz-8IYyAr5abELulKcBwY8,,,17442328061235310183,21,gaming_laptops
"MSI Thin 15 B12VE (Core i7-12650H, RTX 4050 6GB) Gaming Laptop > Gray",Game City,"https://www.google.com/search?ibp=oshop&q=Gaming+Laptop&prds=localAnnotatedOfferId:1,productid:14709455071308008020,pvo:2,pvt:hg,rds:PC_6027158597472037202%7CPROD_PC_6027158597472037202&gl=sa&udm=28&pvorigin=2","SAR 3,681.41",https://encrypted-tbn3.gstatic.com/shopping?q=tbn:ANd9GcRg1fml2Mb8CtVbQY83oqUADOqIZDf0g-wc4dqKQz0RNLQtyDDsz7SfzkzMSCaH4tz9-VDbeQQsG9tG8VelOOX-6m7ryZeXS8tJnYmrjU19scJSWbyl-R5b,4.4,12.0,14709455071308008020,22,gaming_laptops
ASUS TUF A16 Ryzen 7 RTX 4050 16GB 512GB SSD 16” 144Hz WUXGA Gaming Laptop,Godukkan.com,"https://www.google.com/search?ibp=oshop&q=Gaming+Laptop&prds=localAnnotatedOfferId:1,catalogid:10360792609819143981,pvo:2,pvt:hg,rds:PC_6027158597472037202%7CPROD_PC_6027158597472037202&gl=sa&udm=28&pvorigin=2","SAR 4,878.30",https://encrypted-tbn0.gstatic.com/shopping?q=tbn:ANd9GcSXxUy6urfYApaLfEMMWRDf_pshTJEy_rsdGtilEBNubTaCxfjhrrHugyDtw0Aw7N_nGazxG4lF8kCPxm8-x35Q72q3wDY4TszxLnHqmPDg,,,10360792609819143981,23,gaming_laptops
Lenovo LOQ 15IRX10 15.6 i5-13450HX 1tb Ssd/rtx Gaming Laptop,Gear-up.me,"https://www.google.com/search?ibp=oshop&q=Gaming+Laptop&prds=localAnnotatedOfferId:1,catalogid:1066840781696353092,pvo:2,pvt:hg,rds:PC_6027158597472037202%7CPROD_PC_6027158597472037202&gl=sa&udm=28&pvorigin=2","SAR 6,850.00",https://encrypted-tbn1.gstatic.com/shopping?q=tbn:ANd9GcSaPbvAh7ySt_xojT2WqWEv3goBOySIWe1u7t4WEIE_BkLBIlX4qZyB2ciiXyyLiO_3iyf0QpB4_f98_tLSOYWruM8zXZi-J9wPlh3Z5N1a6V44Nhy7GPbb,4.5,378.0,1066840781696353092,24,gaming_laptops
لابتوب الألعاب ASUS TUF Gaming A15 FA506NCG، شاشة IPS عالية الدقة بالكامل مقاس 15.6 بوصة بتردد 144 هرتز، معالج AMD Ryzen 7 8845HS، ذاكرة وصول عشوائي 1,Microless.com,"https://www.google.com/search?ibp=oshop&q=Gaming+Laptop&prds=localAnnotatedOfferId:1,productid:3106368904123183993,pvo:2,pvt:hg,rds:PC_6027158597472037202%7CPROD_PC_6027158597472037202&gl=sa&udm=28&pvorigin=2","SAR 4,209.29",https://encrypted-tbn3.gstatic.com/shopping?q=tbn:ANd9GcRSNc_oUMRmc4JKWtdWWYKxrGRhGC0dM34ltlrbPELO6UcBr5e2T3W0O7_CDNehFTxSEP9YBj_ci0d_nSKP1oUo0qqBPxrkFlYoZH4XtGQ,,,3106368904123183993,25,gaming_laptops
Acer Predator Helios NEO 16 AI Gaming Laptop,McGrocer,"https://www.google.com/search?ibp=oshop&q=Gaming+Laptop&prds=localAnnotatedOfferId:1,catalogid:1232067999980624445,pvo:2,pvt:hg,rds:PC_6027158597472037202%7CPROD_PC_6027158597472037202&gl=sa&udm=28&pvorigin=2","SAR 9,766.89",https://encrypted-tbn1.gstatic.com/shopping?q=tbn:ANd9GcT46BKMMlrvy9lEO7l5UKUPzHxzXkun_068Ov10g8ftjq8FwjNcvLj6ZYMXK5HxmrU77O2ox2rplS0rOxLbydbXZrzpqxQt56IuC_pqth2v6vvLPbjM35IViw,5.0,3.0,1232067999980624445,26,gaming_laptops
"ASUS ROG Strix-G17 Gaming Laptop 17.3"" FHD Display AMD Ryzen 9-7845HX",Ubuy,"https://www.google.com/search?ibp=oshop&q=Gaming+Laptop&prds=localAnnotatedOfferId:1,catalogid:67211884107347409,pvo:2,pvt:hg,rds:PC_6027158597472037202%7CPROD_PC_6027158597472037202&gl=sa&udm=28&pvorigin=2","SAR 8,720.38",https://encrypted-tbn3.gstatic.com/shopping?q=tbn:ANd9GcRHpAPaLj8WHBA5ipOb1NATlbCPiT1axW7tFXsirvbz5vVlCHHBBJmbJ0ajAjxmLffylZ3hxk9pxkpUddfYFTcnvl35pvkUzXMp-89scXc,,,67211884107347409,27,gaming_laptops
"Lenovo Legion 5 15IAX10 15.1"" Gaming Notebook WQXGA Intel Core Ultra 7 255HX 83f0001rus",eBay - g_*4*_l,"https://www.google.com/search?ibp=oshop&q=Gaming+Laptop&prds=localAnnotatedOfferId:1,catalogid:9255687053132369254,pvo:2,pvt:hg,rds:PC_6027158597472037202%7CPROD_PC_6027158597472037202&gl=sa&udm=28&pvorigin=2","SAR 13,051.43",https://encrypted-tbn0.gstatic.com/shopping?q=tbn:ANd9GcQ3Wxj6cYwJgWqP0_ruSxlrksSfExrgwATsJr1ySfhNWKIU-zeTlj0fVJtCn9ArqXhNtENe9wbSolA61T0EGBjy-3xvGyuVD499aYMZ1SjVQmbz5b7q0Rsubw,,,9255687053132369254,28,gaming_laptops
"Asus ROG Zephyrus G16 AI – 16"" 2.5K OLED 240Hz, Intel Core Ultra 9 285H, NVIDIA RTX 5080, 64GB RAM, 1TB SSD, Eclipse Gray",Anigma Computers,"https://www.google.com/search?ibp=oshop&q=Gaming+Laptop&prds=localAnnotatedOfferId:1,productid:6620389343416392959,pvo:2,pvt:hg,rds:PC_6027158597472037202%7CPROD_PC_6027158597472037202&gl=sa&udm=28&pvorigin=2","SAR 15,031.40",https://encrypted-tbn2.gstatic.com/shopping?q=tbn:ANd9GcSu--n-YATSnY5sLTM9R5FXl06-NnIVQrXtomBEv3WSpS82VQORsNaK_D9rOSeaSA8nO9ePzY45IlhjRsqnJ70J0QuDVPiNd8VkSRCWB4G-LEnpqMwDUn0Luw,,,6620389343416392959,29,gaming_laptops
Asus Laptop Asus TUF Gaming A15 Ryzen 9 7940HS / 16 GB / 1 TB / W11 / RTX 4070 / 144 Hz FA507XI-LP013W,Game City,"https://www.google.com/search?ibp=oshop&q=Gaming+Laptop&prds=localAnnotatedOfferId:1,catalogid:5873805620541663733,pvo:2,pvt:hg,rds:PC_6027158597472037202%7CPROD_PC_6027158597472037202&gl=sa&udm=28&pvorigin=2","SAR 6,543.70",https://encrypted-tbn0.gstatic.com/shopping?q=tbn:ANd9GcSEEw8jVR3o7tXo9n-IezRwvNvHrcc2tAmGWvpPzyyWNztYpNmiK0Mf0ZCf39S3hEOPdydeOUOecwdUPVYQ7cSUP0wLnj6YWSacUDXmghkQoa39B0q_OohN,4.3,46.0,5873805620541663733,30,gaming_laptops
لابتوب ASUS TUF Gaming F16 FX607VU، شاشة WUXGA IPS مقاس 16 بوصة بتردد 144 هرتز، معالج Intel Core 7 240H، ذاكرة وصول عشوائي 16 جيجابايت، قرص صلب SSD بس,Microless.com,"https://www.google.com/search?ibp=oshop&q=Gaming+Laptop&prds=localAnnotatedOfferId:1,productid:18020015515295264272,pvo:2,pvt:hg,rds:PC_6027158597472037202%7CPROD_PC_6027158597472037202&gl=sa&udm=28&pvorigin=2","SAR 4,394.26",https://encrypted-tbn3.gstatic.com/shopping?q=tbn:ANd9GcTCXoGrmOIb2gGM4fpSXoeiw6ImSnddjna-n1lVx06QWhghsDWZaSe9lmzDn28Ub_9PTuB94dtP6Plc364fwnZZHcgcPb-YLC-wR2fwZPc3,,,18020015515295264272,31,gaming_laptops
Asus TUF F16 FX608JHR-RV007 Gaming Laptop Intel Core i7-14650HX Processor 32GB Ram 1TB SSD Storage NVIDIA GeForce RTX 5050-8GB Graphics 16 Inch WUXGA,Godukkan.com,"https://www.google.com/search?ibp=oshop&q=Gaming+Laptop&prds=localAnnotatedOfferId:1,productid:11542028216412358668,pvo:2,pvt:hg,rds:PC_6027158597472037202%7CPROD_PC_6027158597472037202&gl=sa&udm=28&pvorigin=2","SAR 7,278.35",https://encrypted-tbn0.gstatic.com/shopping?q=tbn:ANd9GcQF5r6kSTd8_fVAOq6ViBnHfyPC0bAFNxIsQx-iPBBHyJuIyvKKNZgv23te2M-UUCMXaO2YWiX2JnUU2RGZbjBnsz52pg8y4B0CMiIil5lm,4.7,87.0,11542028216412358668,32,gaming_laptops
"لابتوب العاب اتش بي فيكتوس 15-fb3706nx, BA2P8EA رايزون 7-8845HS، كرت شاشة RTX 4050 6-GB, الرامات 16 جيجا، 1 تيرا،",Wafi World Store,"https://www.google.com/search?ibp=oshop&q=Gaming+Laptop&prds=localAnnotatedOfferId:1,productid:3001188834691617743,pvo:2,pvt:hg,rds:PC_6027158597472037202%7CPROD_PC_6027158597472037202&gl=sa&udm=28&pvorigin=2","SAR 6,899.00",https://encrypted-tbn1.gstatic.com/shopping?q=tbn:ANd9GcSZMs4aaKCy5Kq9ulKMfMsJd5BWY9x37ubPKcDZjWjH9QBvm7rf5VCpqabiC4T6hS4oDOVRIMVriPkO2b7V8Gqvv1OJjTWYawoa7uxBjlqc8Y3zAcd08r81KqE,,,3001188834691617743,33,gaming_laptops
LOQ 15AHP11 Luna Grey Laptop – AMD Ryzen 7 250,Gear-up.me,"https://www.google.com/search?ibp=oshop&q=Gaming+Laptop&prds=localAnnotatedOfferId:1,catalogid:6659881403569016508,pvo:2,pvt:hg,rds:PC_6027158597472037202%7CPROD_PC_6027158597472037202&gl=sa&udm=28&pvorigin=2","SAR 8,985.00",https://encrypted-tbn1.gstatic.com/shopping?q=tbn:ANd9GcRp7wLoWaHOYUGIWYQDxayLt9LdltFEWABaTGZV117RZHKgofewuCq0HSUE71AxVL9R8cLbrGhM7J-eoJ-I7bempp3fcBgnsRMOq4iJLkfvd4HUCuiyOtaS,,,6659881403569016508,34,gaming_laptops
2025 Asus Rog Zephyrus G16 Gu605 64gb 1tb Ultra 9 Rtx 5090 Gaming,eBay - t-ai-wan,"https://www.google.com/search?ibp=oshop&q=Gaming+Laptop&prds=localAnnotatedOfferId:1,productid:8579129811771737998,pvo:2,pvt:hg,rds:PC_6027158597472037202%7CPROD_PC_6027158597472037202&gl=sa&udm=28&pvorigin=2","SAR 23,280.19",https://encrypted-tbn0.gstatic.com/shopping?q=tbn:ANd9GcSIjK716eC6w1uSxB7XV9PrxDWNbB2gckLfT8aQVJ3-5lBAd_XZzsxbKngGIPqdOdnExEkKUwBwXFQAH8Mza4_q5M-pF-nrTaRpIqmp40fEiC914lOArVMWwQ,,,8579129811771737998,35,gaming_laptops
Lenovo LOQ 15.6 Gaming Laptop RTX 5060 i7-13650HX FHD IPS Display 144Hz DDR5 RAM -2TB PCIe SSD -Backlit Keyboard,Ubuy,"https://www.google.com/search?ibp=oshop&q=Gaming+Laptop&prds=localAnnotatedOfferId:1,catalogid:9267804307477276113,pvo:2,pvt:hg,rds:PC_6027158597472037202%7CPROD_PC_6027158597472037202&gl=sa&udm=28&pvorigin=2","SAR 9,092.18",https://encrypted-tbn0.gstatic.com/shopping?q=tbn:ANd9GcRH8NfT8-wHlU4lJ4BXGblR7gxYpIeIH_a6B1qeRg3-uHO0CjLJWz-evYQaS6YZ1W0X8aQfAzrAgJt3y0kIyHWqpJk8ELCkUG1Kg4GWG3JG,,,9267804307477276113,36,gaming_laptops
MSI Notebooks katanaa17b8896,Game City,"https://www.google.com/search?ibp=oshop&q=Gaming+Laptop&prds=localAnnotatedOfferId:1,catalogid:1435964206368029233,pvo:2,pvt:hg,rds:PC_6027158597472037202%7CPROD_PC_6027158597472037202&gl=sa&udm=28&pvorigin=2","SAR 6,493.60",https://encrypted-tbn3.gstatic.com/shopping?q=tbn:ANd9GcSJzlXHmZHXaIU63MXj2NARjh0kgr-At0pu34MoTuGb33wE1oFTDtcxKo9hzh6xSXjH8AtCwmaby8E5Zdcshr7Wk0CchGOpo9t55kJn3VMV,,,1435964206368029233,37,gaming_laptops
ASUS TUF Gaming F16 Intel Core i7,Godukkan.com,"https://www.google.com/search?ibp=oshop&q=Gaming+Laptop&prds=localAnnotatedOfferId:1,catalogid:3868919080401654342,pvo:2,pvt:hg,rds:PC_6027158597472037202%7CPROD_PC_6027158597472037202&gl=sa&udm=28&pvorigin=2","SAR 6,208.85",https://encrypted-tbn3.gstatic.com/shopping?q=tbn:ANd9GcShx52go6hNgIzeytKXHFI9rkMK86vutPklo-ZyxaGcIwyZ_yE0Z_EC-fPh7YVwOFQi_DAjMMHDm4SvfuDD4sWnUbozJAkcCE07RAzflh4,4.7,87.0,3868919080401654342,38,gaming_laptops
Lenovo Legion 9 18IAX10 Laptop – Intel Core Ultra 9 290HX Plus 64GB DDR5 RAM,Gear-up.me,"https://www.google.com/search?ibp=oshop&q=Gaming+Laptop&prds=localAnnotatedOfferId:1,catalogid:5398876382306056576,pvo:2,pvt:hg,rds:PC_6027158597472037202%7CPROD_PC_6027158597472037202&gl=sa&udm=28&pvorigin=2","SAR 27,128.00",https://encrypted-tbn0.gstatic.com/shopping?q=tbn:ANd9GcTzJoTMUOhAle2Ey5SQo0iGWCX6qBoNLpzITSgwyf3PiJUr90m6qcbiUQcoC27gGoylHbH0tyVh_Lhbj8yzn7PPPrTmvebuEFe58FCGAlCWXpjv5az6Btt8PA,,,5398876382306056576,39,gaming_laptops
16in Double Screen Laptop For 11 For W 10855M Processor 16GB 1TB Support,eBay - mnyts87,"https://www.google.com/search?ibp=oshop&q=Gaming+Laptop&prds=localAnnotatedOfferId:1,productid:10744943897563152333,pvo:2,pvt:hg,rds:PC_6027158597472037202%7CPROD_PC_6027158597472037202&gl=sa&udm=28&pvorigin=2","SAR 3,513.01",https://encrypted-tbn0.gstatic.com/shopping?q=tbn:ANd9GcSRHA4God14I7GywLYaRxXudFpwNdvEWLSwM-fbXmta_AsCmvKOgtr1dPP-mhfb5mho_Thx6GBcMwKt-5FpTtsgfbiaBRd5yktYuc2SlgAiN6LUdIaAW0W1Lw,,,10744943897563152333,40,gaming_laptops
Apple iPhone 17 Pro,Jarir Bookstore,"https://www.google.com/search?ibp=oshop&q=iPhone&prds=localAnnotatedOfferId:1,catalogid:12051779625862404173,pvo:2,pvt:hg,rds:PC_6027158597472037202%7CPROD_PC_6027158597472037202&gl=sa&udm=28&pvorigin=2","SAR 4,749.00",https://encrypted-tbn1.gstatic.com/shopping?q=tbn:ANd9GcSttdkqylrr8jsrUIhpwT_ftEVlueYZ3A3NtZfJpFbmTPuaPLz2MkQcL3b9U5vTBXm6QHTNM9_zajBbt-et_IzKsKgwd0uhMntQQrY0d8Py,4.6,650.0,12051779625862404173,1,iphones
Apple iPhone 15,Dealt Trading - SA,"https://www.google.com/search?ibp=oshop&q=iPhone&prds=localAnnotatedOfferId:1,catalogid:5355791484345428366,pvo:2,pvt:hg,rds:PC_6027158597472037202%7CPROD_PC_6027158597472037202&gl=sa&udm=28&pvorigin=2","SAR 2,196.00",https://encrypted-tbn2.gstatic.com/shopping?q=tbn:ANd9GcRmwdcyyUmvBpSIKEyLihiJp0uNA9MMe2PZEV7hElBueCGhmmn-Tn_ZiuOWo8TiD0pDEZ1QdeHLuBNWusO7JKaAMUKQllxg1fK9O1QZ4sLlpk6_70JX7xME,4.6,29000.0,5355791484345428366,2,iphones
Apple iPhone Air,swsg.co,"https://www.google.com/search?ibp=oshop&q=iPhone&prds=localAnnotatedOfferId:1,catalogid:18265941180733601319,pvo:2,pvt:hg,rds:PC_6027158597472037202%7CPROD_PC_6027158597472037202&gl=sa&udm=28&pvorigin=2","SAR 3,699.00",https://encrypted-tbn2.gstatic.com/shopping?q=tbn:ANd9GcQKG1egrDfUJOh65gITa87Zy7jKOGm3Y236JwFQmXFsfJztc5-Wy0m-KDIT5LqvDsf0Y-QJYwclIerMehTdYzncTcS82ht2e6ENnalrcjxDJbA9ZGr8kf_1Nw,4.4,3800.0,18265941180733601319,3,iphones
ابل آيفون 17 برو,Jarir Bookstore,"https://www.google.com/search?ibp=oshop&q=iPhone&prds=localAnnotatedOfferId:1,productid:533559374717814216,pvo:2,pvt:hg,rds:PC_6027158597472037202%7CPROD_PC_6027158597472037202&gl=sa&udm=28&pvorigin=2","SAR 5,749.00",https://encrypted-tbn0.gstatic.com/shopping?q=tbn:ANd9GcRCiKXIfIQpp36qKhbkZhrcXmmOs8s7DnY1FQOHC2Tr0UYUbUqzfe__JGHCb1i0DcrGc2C1KNhJlCGsd5hQAHwLCIlnzUxPvb6KnYoaxMoR,4.6,64.0,533559374717814216,4,iphones
Apple iPhone 16,noon.com - Noon Supermall,"https://www.google.com/search?ibp=oshop&q=iPhone&prds=localAnnotatedOfferId:1,catalogid:9314447496434260404,pvo:2,pvt:hg,rds:PC_6027158597472037202%7CPROD_PC_6027158597472037202&gl=sa&udm=28&pvorigin=2","SAR 3,309.00",https://encrypted-tbn3.gstatic.com/shopping?q=tbn:ANd9GcQwqONjXYBIwEm4Rur0q4mzgyFYIRsNcSAw5NlCB7uqFx-0AWeNG7Y_KG5XgK8ze-SrIAhs5VnnPyiHUG_x917HaEo38pJ3yAyPjyVVkA4QCdMlDl_Lf8EhEw,4.7,12000.0,9314447496434260404,5,iphones
Apple iPhone 14,eBay - efesales,"https://www.google.com/search?ibp=oshop&q=iPhone&prds=localAnnotatedOfferId:1,catalogid:1230388296225396604,pvo:2,pvt:hg,rds:PC_6027158597472037202%7CPROD_PC_6027158597472037202&gl=sa&udm=28&pvorigin=2",SAR 976.40,https://encrypted-tbn0.gstatic.com/shopping?q=tbn:ANd9GcRUnCFNjOhfYseOlOPKIp52cxB78Z34CS-Y6bJHjGGdrHQv9XufXMy1YdxdsssXvuAT6eFSpmhUYc5J5f5qWLv0Sl3ogmpTFVpXAUmupuaxDTasV_x1sD70Ew,4.4,14000.0,1230388296225396604,6,iphones
Apple iPhone 15 Plus,Dealt Trading - SA,"https://www.google.com/search?ibp=oshop&q=iPhone&prds=localAnnotatedOfferId:1,catalogid:12468853846842362361,pvo:2,pvt:hg,rds:PC_6027158597472037202%7CPROD_PC_6027158597472037202&gl=sa&udm=28&pvorigin=2","SAR 2,269.00",https://encrypted-tbn3.gstatic.com/shopping?q=tbn:ANd9GcRPFuWA60puNOZZ3F03iC3Y-UoD_Xn6vMYUp2K6JKMxZwc-NY5-hgoUCOq_fwOxaW1_oFB2VO3qQoI_QvqUv-2BKq0aD9UmwURdmJCccvsnf0ZNxjsiXdOwmg,4.6,8600.0,12468853846842362361,7,iphones
Apple iPhone 16 Pro,FoneZone.me,"https://www.google.com/search?ibp=oshop&q=iPhone&prds=localAnnotatedOfferId:1,catalogid:13271190199623581682,pvo:2,pvt:hg,rds:PC_6027158597472037202%7CPROD_PC_6027158597472037202&gl=sa&udm=28&pvorigin=2","SAR 3,900.37",https://encrypted-tbn3.gstatic.com/shopping?q=tbn:ANd9GcROIZt9rrCuPVrePYEWgZ7FHZiurp6TSzO6D4vOqpoW7DXQJg6Or6Ooy-G8pWjukl1OiX6lV525Dt2nlyPFREHnwUrlz8_DHBJ1_9ENnhUJ3SGl8LQlNUce,4.2,5800.0,13271190199623581682,8,iphones
Apple iPhone 12 Pro Max,Revibe KSA,"https://www.google.com/search?ibp=oshop&q=iPhone&prds=localAnnotatedOfferId:1,catalogid:4798561803125689732,pvo:2,pvt:hg,rds:PC_6027158597472037202%7CPROD_PC_6027158597472037202&gl=sa&udm=28&pvorigin=2","SAR 1,349.00",https://encrypted-tbn1.gstatic.com/shopping?q=tbn:ANd9GcQxKS0zkML4CZSy-yVWgLiBpNpoIbDxfVJeQ2UBadvfyAqWYEYKA5YbGTreALtXWkM3nN2BfatkL57-kpjc5kk1EOMB5tf14ooththhDbatcF97tir2fQ7Z8Q,4.4,12000.0,4798561803125689732,9,iphones
Apple iPhone 14 256Gb Unlocked,Dealt Trading - SA,"https://www.google.com/search?ibp=oshop&q=iPhone&prds=localAnnotatedOfferId:1,catalogid:9248645309856242953,pvo:2,pvt:hg,rds:PC_6027158597472037202%7CPROD_PC_6027158597472037202&gl=sa&udm=28&pvorigin=2","SAR 1,686.00",https://encrypted-tbn2.gstatic.com/shopping?q=tbn:ANd9GcREe5Jkt0XJ9ygtX0atf8XkXjLILCrnv-k0zM2KpG4HVzUEz9ft2KYou_Fitup4yxX--Hj63A-hHMfaJof7LyAjheqQ3E-IPbuZud85S-Qg9QcAxV-np73D,4.7,3.0,9248645309856242953,10,iphones
Apple آيفون 11 - سعة 128 جيجابايت - أخضر - بالتقسيط 36 المريح,Popsy,"https://www.google.com/search?ibp=oshop&q=iPhone&prds=localAnnotatedOfferId:1,productid:10663780302435920193,pvo:2,pvt:hg,rds:PC_6027158597472037202%7CPROD_PC_6027158597472037202&gl=sa&udm=28&pvorigin=2","SAR 1,039.00",https://encrypted-tbn0.gstatic.com/shopping?q=tbn:ANd9GcT1hNcRjEBn1NSdCWSDg2_MNfGEr3JYeWZAcH8OV7kAbMy9aCSjDaN41a7sDYQw1B-r9Jef9obGmnmjfXWf1jyXy1eO6f_PK31mdC5NKdDODgkUH2o0B7vV,3.8,1800.0,10663780302435920193,11,iphones
Apple iPhone 11,Dealt Trading - SA,"https://www.google.com/search?ibp=oshop&q=iPhone&prds=localAnnotatedOfferId:1,catalogid:392714609424125075,pvo:2,pvt:hg,rds:PC_6027158597472037202%7CPROD_PC_6027158597472037202&gl=sa&udm=28&pvorigin=2",SAR 797.00,https://encrypted-tbn2.gstatic.com/shopping?q=tbn:ANd9GcSoih1jlAVx7sHb1PBXjz9R8Fpj_bl4-Z0dRp3R6DchJhS5FglwTJUIKh0JkzjlCWKfIzfcQCtMOVX_LhImmXgXSdJoNwODdA9A5lgFvbCXdY58JLS1a_t9,4.5,41000.0,392714609424125075,12,iphones
Apple iPhone 14 Plus,Revibe KSA,"https://www.google.com/search?ibp=oshop&q=iPhone&prds=localAnnotatedOfferId:1,catalogid:7719055967685545328,pvo:2,pvt:hg,rds:PC_6027158597472037202%7CPROD_PC_6027158597472037202&gl=sa&udm=28&pvorigin=2","SAR 2,249.00",https://encrypted-tbn0.gstatic.com/shopping?q=tbn:ANd9GcQlYyHwj118PRCV317hVQmHKqLsxLJY5nqYY56nvFfJed80m4lv7W18bgMXwJ4yt8W9DehsxJvurzbWdJQfREUiOyENuY96SCwNdCqcTFZD6c8x6VHCDbHY,4.4,7300.0,7719055967685545328,13,iphones
Apple iPhone 16 Pro Max,Jomla.ae,"https://www.google.com/search?ibp=oshop&q=iPhone&prds=localAnnotatedOfferId:1,catalogid:9682813286588490830,pvo:2,pvt:hg,rds:PC_6027158597472037202%7CPROD_PC_6027158597472037202&gl=sa&udm=28&pvorigin=2","SAR 4,076.00",https://encrypted-tbn2.gstatic.com/shopping?q=tbn:ANd9GcQ-RafhfRqYoTcDjK-1CKjQm_Fy9Xf1dI2dX2PXpEnHmJc_54zzRq78Wj99MbUlL6x2Tlhwii9KnoBZ4FuxZxunFS2Ml56woWaKFCwj1xY,4.4,9600.0,9682813286588490830,14,iphones
iphone 13 PRO,gpsaudi.com,"https://www.google.com/search?ibp=oshop&q=iPhone&prds=localAnnotatedOfferId:1,productid:5399307296601994463,pvo:2,pvt:hg,rds:PC_6027158597472037202%7CPROD_PC_6027158597472037202&gl=sa&udm=28&pvorigin=2",SAR 10.00,https://encrypted-tbn3.gstatic.com/shopping?q=tbn:ANd9GcRMTVBcYKdw5cFM1yc9b0T3LhOKkx_0pP9RgCFU0lewjrlJeCOQ1x9JR9uG3oVc7wGV_Xz0w8lqSDalNDchc3-LN0LCZA7LOMDD_XxIv5vstifpKqKs50Lzcg,,,5399307296601994463,15,iphones
Apple iPhone 16 Plus,Dealt Trading - SA,"https://www.google.com/search?ibp=oshop&q=iPhone&prds=localAnnotatedOfferId:1,catalogid:4269898136858118258,pvo:2,pvt:hg,rds:PC_6027158597472037202%7CPROD_PC_6027158597472037202&gl=sa&udm=28&pvorigin=2","SAR 2,707.00",https://encrypted-tbn0.gstatic.com/shopping?q=tbn:ANd9GcSzt4GaYbXvk470Yj6Nt1Nu6y5Hr5w7og7ISQpBeQENgHxv8KIaBywo1rIL6q-3o9KkLWc9Hvj1VmDlVUnrmholEOEx5XIuEEWxWKEB6YJyw6FTIJfdvsZZ,4.6,4400.0,4269898136858118258,16,iphones
Apple iPhone 16e,eBay,"https://www.google.com/search?ibp=oshop&q=iPhone&prds=localAnnotatedOfferId:1,catalogid:16859601662548111911,pvo:2,pvt:hg,rds:PC_6027158597472037202%7CPROD_PC_6027158597472037202&gl=sa&udm=28&pvorigin=2","SAR 3,717.95",https://encrypted-tbn1.gstatic.com/shopping?q=tbn:ANd9GcTVi3rVzQXd49SujxXK3VYu6b5A_Yimj8wi04Wk-2R7_suaCKM23TYKKl4CRm9z4VEimO7stmufycIQJtETSDoF1FlUPZD8seKQT9piafkpw1aKWoTxonPJK3I,5.0,36.0,16859601662548111911,17,iphones
"Smartphone Apple iPhone 17 6,3"" Hexa Core 8 GB RAM 256 GB White",Level-Up,"https://www.google.com/search?ibp=oshop&q=iPhone&prds=localAnnotatedOfferId:1,catalogid:4177812172250873487,pvo:2,pvt:hg,rds:PC_6027158597472037202%7CPROD_PC_6027158597472037202&gl=sa&udm=28&pvorigin=2","SAR 3,543.27",https://encrypted-tbn3.gstatic.com/shopping?q=tbn:ANd9GcTeQcXt1IqnuRD-hXeS0MVjavqRoQPx93pt1WkorB69qP_Zskj-XKZhqiH-ByT2I22562LqbwLFOJWuGtCgDIDWvSXmIotBsO38JQ8cIy6UgOI-Zq-ZkM772Q,4.6,297.0,4177812172250873487,18,iphones
Apple iPhone 13 Pro,Dealt Trading - SA,"https://www.google.com/search?ibp=oshop&q=iPhone&prds=localAnnotatedOfferId:1,catalogid:1619782181072829665,pvo:2,pvt:hg,rds:PC_6027158597472037202%7CPROD_PC_6027158597472037202&gl=sa&udm=28&pvorigin=2","SAR 1,819.00",https://encrypted-tbn3.gstatic.com/shopping?q=tbn:ANd9GcQr6ejVKokW0LYbniBFFZEG_mSRVqJf2nyZIZVpIxh4U9nmMvlle24MSWUpil__uGtRJahORUMqV9xkDiH552_r_D0EWlGY_KotCRwYsEP-5Q6E6ePzEeqkYQ,4.4,11000.0,1619782181072829665,19,iphones
ايفون 17 برو 256 جيجا - كحلي,العبور للإتصالات,"https://www.google.com/search?ibp=oshop&q=iPhone&prds=localAnnotatedOfferId:1,productid:5748182273609312957,pvo:2,pvt:hg,rds:PC_6027158597472037202%7CPROD_PC_6027158597472037202&gl=sa&udm=28&pvorigin=2","SAR 6,249.00",https://encrypted-tbn0.gstatic.com/shopping?q=tbn:ANd9GcSQE2vWj8JA_dDmSWakwSy8OQGkVQxyJa8IeZxm68g3y0ESGMw1aJMIy_4K0CVWyaH_JcUP5Z1illhPQJmCfEt7JpliqldQinetU-XZrJiZVWbAbVMx3W2eBQ,,,5748182273609312957,20,iphones
Apple آيفون 14 - سعة 128 جيجابايت - بنفسجي - بطاقة eSIM مزدوجة - بالتقسيط 36 المريح,Popsy,"https://www.google.com/search?ibp=oshop&q=iPhone&prds=localAnnotatedOfferId:1,productid:18084659642932668321,pvo:2,pvt:hg,rds:PC_6027158597472037202%7CPROD_PC_6027158597472037202&gl=sa&udm=28&pvorigin=2","SAR 1,689.00",https://encrypted-tbn0.gstatic.com/shopping?q=tbn:ANd9GcQugXzvdS-foDwC0djGWVcPJ_1F1H2iLLgCCzofIFRQ5n39AlW_ULl_owAdDLR5NFqY01YK_3dg6uPqoXdGtVfTvVOPaaYBAQsZaVV6jWhukes0Po3acoF5,4.7,315.0,18084659642932668321,21,iphones
"Apple Iphone 13 Ml993ll/a 6.1"" Midnight 128gb Smartphone Untested",eBay - efesales,"https://www.google.com/search?ibp=oshop&q=iPhone&prds=localAnnotatedOfferId:1,productid:11232634758476111935,pvo:2,pvt:hg,rds:PC_6027158597472037202%7CPROD_PC_6027158597472037202&gl=sa&udm=28&pvorigin=2",SAR 506.96,https://encrypted-tbn1.gstatic.com/shopping?q=tbn:ANd9GcRCVY_39Zi56EwWap32g5--MvpkW9fjBTsbRww_jAVgAf9fA9ACU_GqXd_E0Ngr0ja2CBRfO6SIGL1rk7FQII-99ufCZjTKorgEk74rXbLJQYXJqCEqgoRnRA,,,11232634758476111935,22,iphones
Apple iPhone 14 Pro Max,Dealt Trading - SA,"https://www.google.com/search?ibp=oshop&q=iPhone&prds=localAnnotatedOfferId:1,catalogid:1830016897100640068,pvo:2,pvt:hg,rds:PC_6027158597472037202%7CPROD_PC_6027158597472037202&gl=sa&udm=28&pvorigin=2","SAR 2,586.00",https://encrypted-tbn0.gstatic.com/shopping?q=tbn:ANd9GcRfINn_g2DAt6Z6j1sAaRotID56QcslRAN-oJpFvDnz9RkfRJrOTzIsmrVzt1dLLypkFVec1VVbYCu-zgEyzWRdqggJxKsnU9as-ksUGcnPpDp46Yk_nmEEjg,,,1830016897100640068,23,iphones
iphone 13 PRO MAX,gpsaudi.com,"https://www.google.com/search?ibp=oshop&q=iPhone&prds=localAnnotatedOfferId:1,productid:8161085866472522743,pvo:2,pvt:hg,rds:PC_6027158597472037202%7CPROD_PC_6027158597472037202&gl=sa&udm=28&pvorigin=2",SAR 10.00,https://encrypted-tbn0.gstatic.com/shopping?q=tbn:ANd9GcS51UozCIet1S9_sk8r76Oc-5LgJlMCCWL1lGyI5Alcth_3J21b2Y3SWaXESdI_3oGbCQ9YCdOYjpKb7N4rQhhpE8kO1obZcgfqHVslwalwfzzuBUFi8KORnw,,,8161085866472522743,24,iphones
"Apple Iphone 17 Pro 6.3"" Physical Sim + Esim A3523 Unlocked Fedex/ups",eBay,"https://www.google.com/search?ibp=oshop&q=iPhone&prds=localAnnotatedOfferId:1,productid:440385026017285988,pvo:2,pvt:hg,rds:PC_6027158597472037202%7CPROD_PC_6027158597472037202&gl=sa&udm=28&pvorigin=2","SAR 5,926.25",https://encrypted-tbn0.gstatic.com/shopping?q=tbn:ANd9GcTIU8Si0KeRs7cizhXerhQ2t5nHPlqZiGVVnbAsFs_BXdGSI5RPaT14SJhFvQ4JnYfc5j4XNRXVpK17FiBLpgZPrINvWaoBHmbay-gcgiM,4.5,13000.0,440385026017285988,25,iphones
Apple iPhone 13 Pro Max 256GB Sierra Blue 5G,Popsy,"https://www.google.com/search?ibp=oshop&q=iPhone&prds=localAnnotatedOfferId:1,catalogid:10684195492356668940,pvo:2,pvt:hg,rds:PC_6027158597472037202%7CPROD_PC_6027158597472037202&gl=sa&udm=28&pvorigin=2","SAR 2,169.00",https://encrypted-tbn1.gstatic.com/shopping?q=tbn:ANd9GcTg2aEiMJu59d32NADhd2Om309PhlgO9G5wjs6gAU88Y2hynP44vaKAhHEI7SPxcwupBQg0XN98NbdFx-N7tPhA5VmDzS2c8B69YBG_vpV3NXvxmGNi_RpS,4.7,205.0,10684195492356668940,26,iphones
ابل - ايفون 13 بذاكرة 128 جيجا,Wafi World Store,"https://www.google.com/search?ibp=oshop&q=iPhone&prds=localAnnotatedOfferId:1,productid:11883504314367066517,pvo:2,pvt:hg,rds:PC_6027158597472037202%7CPROD_PC_6027158597472037202&gl=sa&udm=28&pvorigin=2","SAR 2,499.00",https://encrypted-tbn3.gstatic.com/shopping?q=tbn:ANd9GcTWJKgKSQCEFe0TUatDMIpL7TIRDkT5G3pQFrdBYLWH8LBm7Ul8rpJkC9XD0qp1tO-Lau821RNPEhT0jpTWOz3CpmPCGfzgO7snY2K0MQG1MzfzbMjscpJQ6g,4.6,43000.0,11883504314367066517,27,iphones
iphone XR,gpsaudi.com,"https://www.google.com/search?ibp=oshop&q=iPhone&prds=localAnnotatedOfferId:1,productid:7649053324971652140,pvo:2,pvt:hg,rds:PC_6027158597472037202%7CPROD_PC_6027158597472037202&gl=sa&udm=28&pvorigin=2",SAR 15.00,https://encrypted-tbn3.gstatic.com/shopping?q=tbn:ANd9GcTZK7sZhSWln89q2M6GCkWnXRcoK39-zrJuY79vix8OmUcNikk47lrsmLjqbiCo0brxfXbL-LuI292rhopF_dtIco_z1y45-dv2p9xIgkgCgC_ZYBgKykIoOw,,,7649053324971652140,28,iphones
iphone Air,Munabh,"https://www.google.com/search?ibp=oshop&q=iPhone&prds=localAnnotatedOfferId:1,productid:2067386522532424096,pvo:2,pvt:hg,rds:PC_6027158597472037202%7CPROD_PC_6027158597472037202&gl=sa&udm=28&pvorigin=2","SAR 4,699.00",https://encrypted-tbn0.gstatic.com/shopping?q=tbn:ANd9GcTVk6qcU0cfZnOytExPRsusKI2wr0kn7PthjhXUg0gUVqzu_LtVRLBMXbbaSpPJQ6z4i5WJCWJiex4pkiAvQzDYf2jTJ_cFD_GKwtHWUa-n4ghz-u5Makb29Q,,,2067386522532424096,29,iphones
Apple Iphone 11 128/256gb Factory Unlocked(any Carrier)all Color Good,eBay,"https://www.google.com/search?ibp=oshop&q=iPhone&prds=localAnnotatedOfferId:1,productid:6430065635426924570,pvo:2,pvt:hg,rds:PC_6027158597472037202%7CPROD_PC_6027158597472037202&gl=sa&udm=28&pvorigin=2","SAR 1,013.62",https://encrypted-tbn1.gstatic.com/shopping?q=tbn:ANd9GcQ3OlB3KxU98YfiFDbwG0Agto4KQH-jJPuR1-a22C_M-TSKu-K5ZQHfxm51vFJOFcSnXLkl_4FJXD4pdPfyeYcjMzkh7fC10LwKf60beqp-D62llQWb8DlN,,,6430065635426924570,30,iphones
Apple آيفون 7 بلس - سعة 256 جيجابايت - أسود - بالتقسيط 36 المريح,Popsy,"https://www.google.com/search?ibp=oshop&q=iPhone&prds=localAnnotatedOfferId:1,productid:6040557084294799919,pvo:2,pvt:hg,rds:PC_6027158597472037202%7CPROD_PC_6027158597472037202&gl=sa&udm=28&pvorigin=2",SAR 679.00,https://encrypted-tbn1.gstatic.com/shopping?q=tbn:ANd9GcQwn_yWJZAtwALu7kLRCLLYIQVLaVvD_7r_REN0nC6g1yIRYLoc-CrhQ1kYAKa3_Ek9vz0enZeeXXB8PGEJ33gJlf2b9kEtDGAHthDsb_9J-KzJnlbGf-hAhw,4.5,12000.0,6040557084294799919,31,iphones
Apple iPhone 13 5G Unlocked Pristine Condition Pink 128 GB,PhoneSwap Store,"https://www.google.com/search?ibp=oshop&q=iPhone&prds=localAnnotatedOfferId:1,productid:13143032306111925417,pvo:2,pvt:hg,rds:PC_6027158597472037202%7CPROD_PC_6027158597472037202&gl=sa&udm=28&pvorigin=2","SAR 2,284.18",https://encrypted-tbn1.gstatic.com/shopping?q=tbn:ANd9GcRyIlc8idgXKO7mT3gf_x0-pAzCrNfMIelxJQpj_mAIkKhyPH89vAlTfj6UwKanMpm4i56FIBlJfo14EUpTSjzT1yLgCmvNi7v6D7QjHxMqWpsZQpA20c1oGg,4.6,43000.0,13143032306111925417,32,iphones
Iphone 15 pro,gpsaudi.com,"https://www.google.com/search?ibp=oshop&q=iPhone&prds=localAnnotatedOfferId:1,productid:3282055519543804987,pvo:2,pvt:hg,rds:PC_6027158597472037202%7CPROD_PC_6027158597472037202&gl=sa&udm=28&pvorigin=2",SAR 20.00,https://encrypted-tbn1.gstatic.com/shopping?q=tbn:ANd9GcS4mTbwfT-5xbZZQQUz2DLt3VqnSr4riHmeixoJUudqvUYEKbddu79ei7kQ8n6Az--RoTCshfN2nVqw0mAbaRnuJzynyLIrdYsDsnxay6HglJ8tRIzf8-95,,,3282055519543804987,33,iphones
Apple iPhone 14 128/256GB Factory UNlocked(any carrier)ALL COLOR,eBay,"https://www.google.com/search?ibp=oshop&q=iPhone&prds=localAnnotatedOfferId:1,productid:9658048227102484954,pvo:2,pvt:hg,rds:PC_6027158597472037202%7CPROD_PC_6027158597472037202&gl=sa&udm=28&pvorigin=2","SAR 2,065.18",https://encrypted-tbn1.gstatic.com/shopping?q=tbn:ANd9GcQCjFUZtqloLapBRDfA_OelVo7FOZHi5rUweKMxaX3i0bQvQEQE6rOsskccJ0Hnl6lw96yZ4FPG8Kr1FMxd8nK5mxsPNmXYKdU03dsZY5heugkho2c1qJFdIw,,,9658048227102484954,34,iphones
ابل - ايفون 11 العادي سعة 128جيجا الوان متعددة,مؤسسة ليليان الذهبية,"https://www.google.com/search?ibp=oshop&q=iPhone&prds=localAnnotatedOfferId:1,productid:7029644655284444711,pvo:2,pvt:hg,rds:PC_6027158597472037202%7CPROD_PC_6027158597472037202&gl=sa&udm=28&pvorigin=2","SAR 2,450.00",https://encrypted-tbn3.gstatic.com/shopping?q=tbn:ANd9GcQ7yxB35homVO7ruAK6dwWVVNagxn1Wepi8vXftHe50EOuXKrcrqa8SA3683Va3W2DTBSxFkAQNEI6PQ6-d35i6Cs-dGFUr0Q98ZLUJYm-WJt_uQvjHK8b9eI8v,4.5,41000.0,7029644655284444711,35,iphones
Apple iPhone 16 Plus 5G smartphone dual-SIM / Internal Memory OLED display,SER Mobile Phones,"https://www.google.com/search?ibp=oshop&q=iPhone&prds=localAnnotatedOfferId:1,catalogid:13610233828575993336,pvo:2,pvt:hg,rds:PC_6027158597472037202%7CPROD_PC_6027158597472037202&gl=sa&udm=28&pvorigin=2","SAR 4,461.15",https://encrypted-tbn3.gstatic.com/shopping?q=tbn:ANd9GcRpLOI53ss2GEODVRcJOdsiSoXwXWuudmCzd0xx4VKtJn1_2czI9-jay8f25Xbu4qjveAPQJA54UEw2GVWuGaP0CzyCJZJ3vEVcr3YkbP0Y0_amU1lFtL-y,5.0,1.0,13610233828575993336,36,iphones
iphone 14pro,gpsaudi.com,"https://www.google.com/search?ibp=oshop&q=iPhone&prds=localAnnotatedOfferId:1,productid:6329115518267172002,pvo:2,pvt:hg,rds:PC_6027158597472037202%7CPROD_PC_6027158597472037202&gl=sa&udm=28&pvorigin=2",SAR 25.00,https://encrypted-tbn3.gstatic.com/shopping?q=tbn:ANd9GcQMDzcrfu3EOcn0Cge9z6Amt-0NcimnvESy5gwUFmYPClK4_L9EmY9mRTWEj7CN4hlsoMs6vWXtTOxSW_jXgGr8zU_XA3SetgR7vT4Z8Kb17duEB6SqX12xhQ,,,6329115518267172002,37,iphones
Apple Iphone Se 3rd Generation - 64/128/256gb - Factory Unlocked Good,eBay,"https://www.google.com/search?ibp=oshop&q=iPhone&prds=localAnnotatedOfferId:1,productid:14737383237312712670,pvo:2,pvt:hg,rds:PC_6027158597472037202%7CPROD_PC_6027158597472037202&gl=sa&udm=28&pvorigin=2",SAR 788.67,https://encrypted-tbn0.gstatic.com/shopping?q=tbn:ANd9GcQ1CpdGqYMi3opoRlmybTrCehwOk0dmIGyXfscZ9chaxAhv9jmmjbj0tgMjczU3HkmNXSnBlrMl5yvlTMAbHKSOs_hwIPcvwwobHdLy19f5CBprkj_cph_6mA,,,14737383237312712670,38,iphones
Apple آيفون 15 بلس - سعة 128 جيجابايت - أخضر - شريحة واحدة + eSIM - بالتقسيط 36 المريح,Popsy,"https://www.google.com/search?ibp=oshop&q=iPhone&prds=localAnnotatedOfferId:1,productid:15873005257811480818,pvo:2,pvt:hg,rds:PC_6027158597472037202%7CPROD_PC_6027158597472037202&gl=sa&udm=28&pvorigin=2","SAR 2,459.00",https://encrypted-tbn0.gstatic.com/shopping?q=tbn:ANd9GcRVrcs6qb6ea9qogniT89gHCfSqxgcE_m9KZjFyUC4LV4ov8JdpFhMoUs3T4V2KoNLKkzHkIH3A_EfBspg0wiVLRzBJxtF8qTbW96Abio2MRZabZvCfueZy,4.6,29000.0,15873005257811480818,39,iphones
Apple iPhone 11 4G Unlocked Pristine Condition White 64GB,PhoneSwap Store,"https://www.google.com/search?ibp=oshop&q=iPhone&prds=localAnnotatedOfferId:1,productid:8409433452781871150,pvo:2,pvt:hg,rds:PC_6027158597472037202%7CPROD_PC_6027158597472037202&gl=sa&udm=28&pvorigin=2","SAR 1,164.98",https://encrypted-tbn2.gstatic.com/shopping?q=tbn:ANd9GcQhWQQ9fYgsTlnSIrtIxKVFNWW3FvnmrHEMLnM-rTEzGxzEEhv3Jfc4OCPtl2w6_UV-J6NNeVb-qTDhegEPLBQcfiETrTntA3-yWvSyyKUpTVvaYb8GhIXW,4.5,41000.0,8409433452781871150,40,iphones
macarooon iPhone 17 Air Silicone Case with Leather MagSafe Wallet Set,Macarooon,"https://www.google.com/search?ibp=oshop&q=iPhone&prds=localAnnotatedOfferId:1,catalogid:7227927024295304766,pvo:2,pvt:hg,rds:PC_6027158597472037202%7CPROD_PC_6027158597472037202&gl=sa&udm=28&pvorigin=2",SAR 264.77,https://encrypted-tbn1.gstatic.com/shopping?q=tbn:ANd9GcQKzLDfKyAdtAyR0gLXBTQGGGr-VLTzsCsYSm-f0IyLu5vYxjsRnQi0jbi8JOODewXI0IMS_l2j7Q1G9MQ8lxVdLZ86LzCF3FP5Wxu9ddMdZnBnHiPCqqvp,,,7227927024295304766,1,iphones
XtremeSkins iPhone 12 Pro Max Skins and Wraps,XtremeSkins,"https://www.google.com/search?ibp=oshop&q=iPhone&prds=localAnnotatedOfferId:1,catalogid:13310547189805526068,pvo:2,pvt:hg,rds:PC_6027158597472037202%7CPROD_PC_6027158597472037202&gl=sa&udm=28&pvorigin=2",SAR 52.00,https://encrypted-tbn0.gstatic.com/shopping?q=tbn:ANd9GcSDRSvWhilZZip-lGm35JHrG2cqjk8zh8CqMU749buRnf05v01b8QVYxc3WsO7rWpE-VPHr-8YrsXfWaFUUTRxLwhOMVM2IHHfE1gokHm70lldf3PpJeaAQIg,,,13310547189805526068,2,iphones
UNIQFIND Black Gingham iPhone Skin + Case,Uniqfind,"https://www.google.com/search?ibp=oshop&q=iPhone&prds=localAnnotatedOfferId:1,catalogid:14564488782351495630,pvo:2,pvt:hg,rds:PC_6027158597472037202%7CPROD_PC_6027158597472037202&gl=sa&udm=28&pvorigin=2",SAR 150.18,https://encrypted-tbn3.gstatic.com/shopping?q=tbn:ANd9GcSP1cpPZdF0NeunsxO2BebvgvD1j3oaKOzkT8QeYFvnqAyeeXFL0Vb47nV8pjfpwuNTiklAwTcJ9cLjZY2qeTq9Zc8c-O0aZ50h_1RxU7ZPsX9TYlOc0vTEeA,,,14564488782351495630,3,iphones
Yellowstone Phone Case Patches Tough iPhone Case | Yellowstone Shop iPhone 12 Mini,Yellowstone TV Shop,"https://www.google.com/search?ibp=oshop&q=iPhone&prds=localAnnotatedOfferId:1,productid:4531719848854152055,pvo:2,pvt:hg,rds:PC_6027158597472037202%7CPROD_PC_6027158597472037202&gl=sa&udm=28&pvorigin=2",SAR 131.26,https://encrypted-tbn1.gstatic.com/shopping?q=tbn:ANd9GcTG0FL-aalHu5xT-h3PZW0gM0lBgXJmLxt54Lom3jINLcytPZOAF8VLlFt2gV0F4VbZ4xvMic65NuO7SwnbSDo-G8AxkgV8GhxGfGNV4RQ59-ijWyFc--qBxA,,,4531719848854152055,4,iphones
Marty Wow Case iPhone 17 Air,New Martina,"https://www.google.com/search?ibp=oshop&q=iPhone&prds=localAnnotatedOfferId:1,catalogid:3941612684241524114,pvo:2,pvt:hg,rds:PC_6027158597472037202%7CPROD_PC_6027158597472037202&gl=sa&udm=28&pvorigin=2",SAR 91.00,https://encrypted-tbn2.gstatic.com/shopping?q=tbn:ANd9GcTXZ_2aKf09pw9Iw4Tj1p9JIumE_7AfxnkF6V1h8NWFFIzqQoTlIGzGx-ebr91-EYKgUvk9ClmFaFyWyRFlPqpD0ykthGhI0c5stBLmlY4is3Dv4SHzKzo41A,,,3941612684241524114,5,iphones
iPhone 15 Pro Max Armor Tough Case,ESR,"https://www.google.com/search?ibp=oshop&q=iPhone&prds=localAnnotatedOfferId:1,catalogid:3057486645245033825,pvo:2,pvt:hg,rds:PC_6027158597472037202%7CPROD_PC_6027158597472037202&gl=sa&udm=28&pvorigin=2",SAR 78.83,https://encrypted-tbn2.gstatic.com/shopping?q=tbn:ANd9GcS0HwbwlMmiu63FLvlYAK8HDjiXI-zVrqNwsYgizmSh4rHfXSs_zJx4ECl8iMzrGrXzz4Wf8VCHO8FrchtJ8lDlLs8Um0pb3xxSgJDxpjHsArFuNkqWa8YDGg,5.0,2.0,3057486645245033825,6,iphones
Pink Custom Name iPhone 16 / MagSafe Compatible,Case X,"https://www.google.com/search?ibp=oshop&q=iPhone&prds=localAnnotatedOfferId:1,catalogid:8979213878169840196,pvo:2,pvt:hg,rds:PC_6027158597472037202%7CPROD_PC_6027158597472037202&gl=sa&udm=28&pvorigin=2",SAR 78.87,https://encrypted-tbn1.gstatic.com/shopping?q=tbn:ANd9GcTPG_s7I4LnQppoSE9YB289TlUee8GXKt96e-vmoQ8_o2x47q5NzjM7SOMK8Hww_v3gneyT7OQNGRPLCfk6rM4w7N1CXJdK1giSZwjT-qS_rTFAdYIRU6CI,,,8979213878169840196,7,iphones
KNOK Clear Phone Case with Gold Rings,knokstore.com,"https://www.google.com/search?ibp=oshop&q=iPhone&prds=localAnnotatedOfferId:1,catalogid:17015590592796931541,pvo:2,pvt:hg,rds:PC_6027158597472037202%7CPROD_PC_6027158597472037202&gl=sa&udm=28&pvorigin=2",SAR 27.00,https://encrypted-tbn2.gstatic.com/shopping?q=tbn:ANd9GcQKdgMp83x38MV5_VKW0s_5BBCtudmGv-nYl-QxnU_q7b3c7lUfkzzqxo-nKX0AuBsVJ0aTHkI4q-18zAXU0BHtlj4Fk4qLUgctpKV4UenHtQzPIxjJ_Ps8Ow,,,17015590592796931541,8,iphones
Look in Clear Glitter iPhone 17 Pro Max,iFace,"https://www.google.com/search?ibp=oshop&q=iPhone&prds=localAnnotatedOfferId:1,catalogid:4953915744557535993,pvo:2,pvt:hg,rds:PC_6027158597472037202%7CPROD_PC_6027158597472037202&gl=sa&udm=28&pvorigin=2",SAR 93.89,https://encrypted-tbn3.gstatic.com/shopping?q=tbn:ANd9GcTF_b77Ch6mots9vwz72pgY0NV4_HVKcSzZ7a5ChvkdZ14bxVZR7zQbgCWv-sWSisfEwHJw_f32oOSS970m8Il4BA1rYpoQm__O-hJC3_iOcNoZEufL2RS2,,,4953915744557535993,9,iphones
XtremeSkins Skins Custom Skins,XtremeSkins,"https://www.google.com/search?ibp=oshop&q=iPhone&prds=localAnnotatedOfferId:1,catalogid:1142316294810563899,pvo:2,pvt:hg,rds:PC_6027158597472037202%7CPROD_PC_6027158597472037202&gl=sa&udm=28&pvorigin=2",SAR 47.00,https://encrypted-tbn0.gstatic.com/shopping?q=tbn:ANd9GcSOCrwnhgftWXOaTIHw7JAsr2KAZHdYfgrjYDMU8KAEpaq18dx7i4ZMlV1r4I4OLQU2J482hsXiJCXui_7pnuGwsjLtw0N58MIqoy2B61Ns0DBqaYi-eC2U,,,1142316294810563899,10,iphones
iPhone 13 Pro Max Shield Pack (with Free Gift) - Discounted Deals 512 GB / Green,SER Mobile Phones,"https://www.google.com/search?ibp=oshop&q=iPhone&prds=localAnnotatedOfferId:1,productid:13898859845613876032,pvo:2,pvt:hg,rds:PC_6027158597472037202%7CPROD_PC_6027158597472037202&gl=sa&udm=28&pvorigin=2","SAR 2,580.82",https://encrypted-tbn0.gstatic.com/shopping?q=tbn:ANd9GcSGsKsB6HxJzvTSkD9NkjduQ9benhBR33z7JQnPUvElNq74jwvBtajwXj8HY-IvJ-p35oA-FBlmoTLCWLq5KLB1LjmHMJTuMVt68rFG4Vs0LAmIDS775Gt97Q,,,13898859845613876032,11,iphones
Shamo's Radiant Butterflies iPhone Case with MagSafe,Shamo's,"https://www.google.com/search?ibp=oshop&q=iPhone&prds=localAnnotatedOfferId:1,catalogid:10649703590920138252,pvo:2,pvt:hg,rds:PC_6027158597472037202%7CPROD_PC_6027158597472037202&gl=sa&udm=28&pvorigin=2",SAR 112.63,https://encrypted-tbn1.gstatic.com/shopping?q=tbn:ANd9GcS56gltqsdHfvbbT60xvOTvSD8apo6DRZDyzyA6HRYv9M_w5kC8msxh5uEfhv-NSx54_JAEOmxCNLYqzePJuz3RkkBgsBlSnH8h1SvrAPgj8PcWhTzbyXFr,,,10649703590920138252,12,iphones
Rhinoshield SolidX Magnetic iPhone 17 Pro Max,rhinoshield.io,"https://www.google.com/search?ibp=oshop&q=iPhone&prds=localAnnotatedOfferId:1,catalogid:7474177284631319934,pvo:2,pvt:hg,rds:PC_6027158597472037202%7CPROD_PC_6027158597472037202&gl=sa&udm=28&pvorigin=2",SAR 168.96,https://encrypted-tbn0.gstatic.com/shopping?q=tbn:ANd9GcRHfRa-Aw8kJcIsjkKikQRLF3Tsg7sivOPw3CrTVPDM1ZFJ84ewFwoNKth9b6Iz5lpK49VXMFU_mk3NEbJrSdi9Au0C7FSfM2sju6AcME9tvuPS1GfaAbA4gA,4.9,186.0,7474177284631319934,13,iphones
iPhone 13 Luxury Hand-Crafted Leather Pull-Tab Case – by Lucrin,Lucrin.com,"https://www.google.com/search?ibp=oshop&q=iPhone&prds=localAnnotatedOfferId:1,catalogid:4982081946122443055,pvo:2,pvt:hg,rds:PC_6027158597472037202%7CPROD_PC_6027158597472037202&gl=sa&udm=28&pvorigin=2",SAR 747.35,https://encrypted-tbn3.gstatic.com/shopping?q=tbn:ANd9GcQuqhC2Mervgd_jPiYACb1F1gEwGebjlFZKuUeMZTUolFiXFNpaJg6RdJawMXsmjwmZrIme9-cCOInbGRdbNZfIz7xoqhktlphtcFnz0sy2F2Nls67Fw-2tBA,,,4982081946122443055,14,iphones
LOTR The FELLOWSHIP OF The RING CHARACTER ART CASE FOR APPLE iPhone PHONES,eBay,"https://www.google.com/search?ibp=oshop&q=iPhone&prds=localAnnotatedOfferId:1,catalogid:1781492447344784047,pvo:2,pvt:hg,rds:PC_6027158597472037202%7CPROD_PC_6027158597472037202&gl=sa&udm=28&pvorigin=2",SAR 89.95,https://encrypted-tbn3.gstatic.com/shopping?q=tbn:ANd9GcRUzEUi7LAie66mko4whUjO55dS0bqdfvtN72B5YtOTzqV59oceLc-lfCu1X08wqO6svD3SMWX_sbHjnpfJ9iHMsDvppYz36fjho6QJwvwXXr2JaOx_0lRw,,,1781492447344784047,15,iphones
macarooon iPhone 16 Pro Max Hybrid Leather MagSafe Case and Leather MagSafe Wallet Stand with Mirror,Macarooon,"https://www.google.com/search?ibp=oshop&q=iPhone&prds=localAnnotatedOfferId:1,catalogid:2139430183475645256,pvo:2,pvt:hg,rds:PC_6027158597472037202%7CPROD_PC_6027158597472037202&gl=sa&udm=28&pvorigin=2",SAR 354.90,https://encrypted-tbn2.gstatic.com/shopping?q=tbn:ANd9GcQ8hF4zyjwpbX1iG82rhZ3zIV10YY1yJlu3Z3q2Bf4y-dLaUqxq3D-g_eXxgXea2WPuZmKm3YlUiZbqhSVRoU43gNHKxbHbhYJM5rCt8LRDilm9QmKoF-Lw,,,2139430183475645256,16,iphones
Modern iPhone Device Mockup · Studio Blanche Extended Commercial,Studio Blanche,"https://www.google.com/search?ibp=oshop&q=iPhone&prds=localAnnotatedOfferId:1,productid:1106989634603724523,pvo:2,pvt:hg,rds:PC_6027158597472037202%7CPROD_PC_6027158597472037202&gl=sa&udm=28&pvorigin=2",SAR 56.62,https://encrypted-tbn0.gstatic.com/shopping?q=tbn:ANd9GcTG67v4R8s4UeJ3nlDsLfl2q8o7anGJUllCnQBAznmeTCPy3IpOKAUcnX2UqIVZDJz3KnNqrzSAeGDQz9elfOuicKSMogoIYdMwCP1k1TY,,,1106989634603724523,17,iphones
iPhone 17 Skins & Wraps Custom Apple Skins UK Full Colour,XtremeSkins,"https://www.google.com/search?ibp=oshop&q=iPhone&prds=localAnnotatedOfferId:1,catalogid:188487972442913802,pvo:2,pvt:hg,rds:PC_6027158597472037202%7CPROD_PC_6027158597472037202&gl=sa&udm=28&pvorigin=2",SAR 52.00,https://encrypted-tbn3.gstatic.com/shopping?q=tbn:ANd9GcSJ7Rg1j0U8SDN2HaYBflpwRQ8NIZ72hOZvnur_t2F2avjNNjtfPBNMZ7a7id7ZW0boH_1B-DDZwcPYiYTJjOtNqB7vaniqYpCl5ScH_QEy1A-wl0rladdVfw,,,188487972442913802,18,iphones
UNIQFIND Cream Fine Line iPhone Skin + Case,Uniqfind,"https://www.google.com/search?ibp=oshop&q=iPhone&prds=localAnnotatedOfferId:1,catalogid:12901669892972076065,pvo:2,pvt:hg,rds:PC_6027158597472037202%7CPROD_PC_6027158597472037202&gl=sa&udm=28&pvorigin=2",SAR 150.18,https://encrypted-tbn2.gstatic.com/shopping?q=tbn:ANd9GcTbf4tYcckfWZYDsCiUq4ifHmQC0wfob2eCFTWSASZIRuEajQYOdl1sdQmNoE-2PMdYfm6ZPNa_LIAbKKCwrdJQ_w78GamH7prniAwnB73nkO6OE_xHM8iC,,,12901669892972076065,19,iphones
Ghostek iPhone 16 Plus Waterproof MagSafe Case Military Grade — NAUTICAL slim Clear,PTC Shop Australia,"https://www.google.com/search?ibp=oshop&q=iPhone&prds=localAnnotatedOfferId:1,catalogid:15910119027460820064,pvo:2,pvt:hg,rds:PC_6027158597472037202%7CPROD_PC_6027158597472037202&gl=sa&udm=28&pvorigin=2",SAR 199.01,https://encrypted-tbn3.gstatic.com/shopping?q=tbn:ANd9GcRN3s2FeIezuKOAAcqIVA_7eT6HFFVNwRb3xQW4jh7cH-JRsz1SkGhZ3K2TTg_8Y0Yi8HJboFNixJjle2qVtWjtSMrm4OK12UjpPOkVpHU0x_d1z9QMDiVUoA,4.2,226.0,15910119027460820064,20,iphones
iPhone Gilded Case iPhone,koyamacase.com,"https://www.google.com/search?ibp=oshop&q=iPhone&prds=localAnnotatedOfferId:1,catalogid:10989271801092548706,pvo:2,pvt:hg,rds:PC_6027158597472037202%7CPROD_PC_6027158597472037202&gl=sa&udm=28&pvorigin=2",SAR 143.95,https://encrypted-tbn3.gstatic.com/shopping?q=tbn:ANd9GcTJIjkk5NvAVLjkDfErmLbdBFKnToGGEZFgbuitcDIAf2rW-vVsPbR_-A3jU_EJE8Lvg9gk_auQ6XNyPl6IcKwjy4stviY_LxhTWhs3Deo1sVVj96d2rhJE,,,10989271801092548706,21,iphones
Pouch with Pocket for iPhone 13 Pro,usd.lucrin.ae,"https://www.google.com/search?ibp=oshop&q=iPhone&prds=localAnnotatedOfferId:1,catalogid:9899122589451277567,pvo:2,pvt:hg,rds:PC_6027158597472037202%7CPROD_PC_6027158597472037202&gl=sa&udm=28&pvorigin=2",SAR 552.07,https://encrypted-tbn3.gstatic.com/shopping?q=tbn:ANd9GcQp6a4wFUUdpB4prlAV_ViVW3Dz2X_P_wwV5AhJBMH6JRd2LJ0zLMFpT8qg4tvpddXRuDiMu0dVA7mfKJSEFWi1KvyKInSVwkwpG8h6dRhsZGucwiXdLeFR,,,9899122589451277567,22,iphones
Glamour Bloom iPhone 17 Case Tough,caseteroid.com,"https://www.google.com/search?ibp=oshop&q=iPhone&prds=localAnnotatedOfferId:1,catalogid:1004866971851714415,pvo:2,pvt:hg,rds:PC_6027158597472037202%7CPROD_PC_6027158597472037202&gl=sa&udm=28&pvorigin=2",SAR 187.59,https://encrypted-tbn1.gstatic.com/shopping?q=tbn:ANd9GcR7_ekdBuOtV-iBeS25bFoXTWQMt2Bf8UGBSaRy5N931x-8oWPfAvXH27QK-wgpAG-l1VKwyqajveBZnm_lYfaRBw3y2y6frn8687EawmM,,,1004866971851714415,23,iphones
iPhone 14 Pro Luxury Hand-Crafted Smooth Leather Case – by Lucrin –,Lucrin.com,"https://www.google.com/search?ibp=oshop&q=iPhone&prds=localAnnotatedOfferId:1,catalogid:4650259901117327341,pvo:2,pvt:hg,rds:PC_6027158597472037202%7CPROD_PC_6027158597472037202&gl=sa&udm=28&pvorigin=2",SAR 732.33,https://encrypted-tbn0.gstatic.com/shopping?q=tbn:ANd9GcTWNg2urarACe8W4e6YukxMCBueI0VLauFLClIOw-Z5l-fYt-CYWC0NrT-sxujc2Zb4FWaeMjpWMBhb79kaDz0m7elnmex7gTiu41dDn_n5Ym5qf8DuO7cm,,,4650259901117327341,24,iphones
iPhone 17 Pro Max SolidX,rhinoshield.io,"https://www.google.com/search?ibp=oshop&q=iPhone&prds=localAnnotatedOfferId:1,catalogid:17655666739613270584,pvo:2,pvt:hg,rds:PC_6027158597472037202%7CPROD_PC_6027158597472037202&gl=sa&udm=28&pvorigin=2",SAR 168.96,https://encrypted-tbn0.gstatic.com/shopping?q=tbn:ANd9GcTC7ADc30IEwkp4MuTPrdITWZyS4BXb4L3j7zwAr1SwKFqspw3IAjKogl3lTKyXLgdHXX3VKeXEiCmsKMSJ2bfGpIiDrmZpTTC6LJuyBmhgapWj-x3fuiLscw,4.9,56.0,17655666739613270584,25,iphones
iPhone 15 Magnetic Clear Case,otofly.co,"https://www.google.com/search?ibp=oshop&q=iPhone&prds=localAnnotatedOfferId:1,catalogid:8145089044695850393,pvo:2,pvt:hg,rds:PC_6027158597472037202%7CPROD_PC_6027158597472037202&gl=sa&udm=28&pvorigin=2",SAR 56.30,https://encrypted-tbn0.gstatic.com/shopping?q=tbn:ANd9GcQrCusjDV_vFM--lKSYx-XJdp9dBUaSBgW6kIOshU9GxV5iT7YAXqP9bDPYUUqfm9S5_IAsg0CuZXyudAujXjkRI5YECAbEBYWqmRN9hfzymWHr39M9jXHn,,,8145089044695850393,26,iphones
macarooon iPhone 17 Pro Silicone Case with Leather MagSafe Wallet Set,Macarooon,"https://www.google.com/search?ibp=oshop&q=iPhone&prds=localAnnotatedOfferId:1,catalogid:5183624333089649935,pvo:2,pvt:hg,rds:PC_6027158597472037202%7CPROD_PC_6027158597472037202&gl=sa&udm=28&pvorigin=2",SAR 264.77,https://encrypted-tbn3.gstatic.com/shopping?q=tbn:ANd9GcQSMT5JiNcFvBT17Uug9DdVnvJnf5HYe_pA-qCI1f-dMMBjpk_u2IjA6QiFFGeXF1-z4wlSJ_tR2PvWFlfZEVUePlEawy3l3CwNCRzi9ua2WFhPhv4boJXdsw,,,5183624333089649935,27,iphones
Interlock Weave Slim TPU Case,Carefone,"https://www.google.com/search?ibp=oshop&q=iPhone&prds=localAnnotatedOfferId:1,catalogid:12257638751685610186,pvo:2,pvt:hg,rds:PC_6027158597472037202%7CPROD_PC_6027158597472037202&gl=sa&udm=28&pvorigin=2",SAR 23.69,https://encrypted-tbn2.gstatic.com/shopping?q=tbn:ANd9GcSQiORocKh8eNQ-wgrfvjz1zoU9U-DEGUGpGk2y-POCjjqjyQEDS2MQf1Bny1At-zYiO_cOTOE2aH3PyVjXdbHuw3KmDcgPVncQKO4WVzuXe1mp6IXEkFujRg,,,12257638751685610186,28,iphones
Kate Spade Minnie Mouse iPhone 11 Pro Case,eBay,"https://www.google.com/search?ibp=oshop&q=iPhone&prds=localAnnotatedOfferId:1,catalogid:13334361600087006488,pvo:2,pvt:hg,rds:PC_6027158597472037202%7CPROD_PC_6027158597472037202&gl=sa&udm=28&pvorigin=2",SAR 135.16,https://encrypted-tbn3.gstatic.com/shopping?q=tbn:ANd9GcSOECXDwXxvwsr0Qmb1F9aCRparUycQWLZMa3gx3z13gk19u0aoZkt-KGO5lcKVuRMHgASyMoOOjyEm0Fq2Sw9HOovumA9uGVPUcXkl_K9yiH8csYwvenetGhs,3.8,23.0,13334361600087006488,29,iphones
Inner Sight iPhone 13 / MagSafe,Case X,"https://www.google.com/search?ibp=oshop&q=iPhone&prds=localAnnotatedOfferId:1,catalogid:9676107103935081880,pvo:2,pvt:hg,rds:PC_6027158597472037202%7CPROD_PC_6027158597472037202&gl=sa&udm=28&pvorigin=2",SAR 78.87,https://encrypted-tbn2.gstatic.com/shopping?q=tbn:ANd9GcSKzqXbc9gJrm0pD-QZ-HSnSLlYoE8KmVK7cgUNYLMjht5bg80lZwKTH5IoIjPeVmdq72R3IJByd1LllGhSgDwRe1VHBTPRx7ferOMIzLFvB_gLA09thGpfuA,,,9676107103935081880,30,iphones
Rouge Personalised MagSafe iPhone Case,Coverlab,"https://www.google.com/search?ibp=oshop&q=iPhone&prds=localAnnotatedOfferId:1,catalogid:17129466990344260105,pvo:2,pvt:hg,rds:PC_6027158597472037202%7CPROD_PC_6027158597472037202&gl=sa&udm=28&pvorigin=2",SAR 127.69,https://encrypted-tbn0.gstatic.com/shopping?q=tbn:ANd9GcSw9HnnkiSmAEgH-m-VSPK4gMNQMiyXjp_HbiGNzMCiK3N9Nd6A5rALaN_3EVL8jIc4-yHpDHXnlLYEhhjM-J-mKXfjQ70fzP-s1sfhLUzrdHO8L1tL3X_CCQ,,,17129466990344260105,31,iphones
iPhone 13 Pro Luxury Hand-Crafted Ostrich Leather Wallet Case – by Lucrin,Lucrin.com,"https://www.google.com/search?ibp=oshop&q=iPhone&prds=localAnnotatedOfferId:1,catalogid:314766820281190447,pvo:2,pvt:hg,rds:PC_6027158597472037202%7CPROD_PC_6027158597472037202&gl=sa&udm=28&pvorigin=2","SAR 1,499.21",https://encrypted-tbn2.gstatic.com/shopping?q=tbn:ANd9GcQ0CopfK5qBy13oEc1q2i3f45i2dTJDMJH-IwXQIZwNwE45u9kqdaz0RPqkP4ophqCe3tw5qZBBk6h67VX7J9ecPnB1Xvza8ftQdTQaNaISsjyiw0pMILnuMg,,,314766820281190447,32,iphones
Yellowstone Shop Yellowstone Rattlesnake Tough iPhone Case,Yellowstone TV Shop,"https://www.google.com/search?ibp=oshop&q=iPhone&prds=localAnnotatedOfferId:1,catalogid:13595867995497333629,pvo:2,pvt:hg,rds:PC_6027158597472037202%7CPROD_PC_6027158597472037202&gl=sa&udm=28&pvorigin=2",SAR 131.26,https://encrypted-tbn0.gstatic.com/shopping?q=tbn:ANd9GcSaZoZ-81LOlOoHQce9RfVBsrASsaLXhJHx_D-yzlSRrIz79X2XNKYCkv6TVQWOAt6s9-u-daESjSaBjXZtgSvfu5O8JeagSci_palNgZrsqUA9EzPp18xw,,,13595867995497333629,33,iphones
UNIQFIND Pink Gingham iPhone Skin + Case,Uniqfind,"https://www.google.com/search?ibp=oshop&q=iPhone&prds=localAnnotatedOfferId:1,catalogid:10730106121227407537,pvo:2,pvt:hg,rds:PC_6027158597472037202%7CPROD_PC_6027158597472037202&gl=sa&udm=28&pvorigin=2",SAR 93.85,https://encrypted-tbn2.gstatic.com/shopping?q=tbn:ANd9GcSaM5nBXvR2TfQidxB0dfhJeEkSHgFLZ9OczbWxyxC5wIlnF0faGYBP7pzfbex4SIgtbP2oLt5Secgwi7BOhvxOwdNQMlmpi3IUX_v1HvLV7fvS-HTvU2x-,,,10730106121227407537,34,iphones
iPhone 16 Pro Clear,rhinoshield.io,"https://www.google.com/search?ibp=oshop&q=iPhone&prds=localAnnotatedOfferId:1,catalogid:1355496165162679880,pvo:2,pvt:hg,rds:PC_6027158597472037202%7CPROD_PC_6027158597472037202&gl=sa&udm=28&pvorigin=2",SAR 168.96,https://encrypted-tbn3.gstatic.com/shopping?q=tbn:ANd9GcR1Ns0XGEN6yMjk0UvV6DapxtPNw1jr4yEi4uAEI81FhodyRVoZdwzQpB3Cs4qax5KyhnBewbaX5_LGrL1qudIbn5A0hlBVK47KOjamGQEB7liaCLnze027,,,1355496165162679880,35,iphones
iPhone 13 Pro Leather MagSafe Case with Crossbody Rope Strap,Macarooon,"https://www.google.com/search?ibp=oshop&q=iPhone&prds=localAnnotatedOfferId:1,catalogid:4590404942465999203,pvo:2,pvt:hg,rds:PC_6027158597472037202%7CPROD_PC_6027158597472037202&gl=sa&udm=28&pvorigin=2",SAR 296.24,https://encrypted-tbn0.gstatic.com/shopping?q=tbn:ANd9GcQ8GQwz4d0L9dxCQknZXuePWrEjL9goaMg93xlIqoTgdilY1p2YVThN95oz4uZSdH_XEI5PzyPxD9X2F9OYmUsYVIkETYj9bYHWmIXxkNY3-kCzUaWS8Y_lLg,,,4590404942465999203,36,iphones
OtterBox Commuter Series Case for iPhone 13 Pro,eBay - goodoparts10,"https://www.google.com/search?ibp=oshop&q=iPhone&prds=localAnnotatedOfferId:1,catalogid:13022567244983384045,pvo:2,pvt:hg,rds:PC_6027158597472037202%7CPROD_PC_6027158597472037202&gl=sa&udm=28&pvorigin=2",SAR 375.52,https://encrypted-tbn0.gstatic.com/shopping?q=tbn:ANd9GcQ8fX7LKQxHzB9xeWlXFLgpw8KLMjJeFYR8S4shuh5tyUXSRDp7QBsO48JlhRNo4xE3FBZN9xNko1HL4dtKcWuqtjT934gnIIZbRjzbWYG1KYlMoEqA8QQpkw,4.4,217.0,13022567244983384045,37,iphones
iPhone 15 Black Abalone Shells Case Compostable,Cerqular,"https://www.google.com/search?ibp=oshop&q=iPhone&prds=localAnnotatedOfferId:1,catalogid:11807891393031084734,pvo:2,pvt:hg,rds:PC_6027158597472037202%7CPROD_PC_6027158597472037202&gl=sa&udm=28&pvorigin=2",SAR 174.00,https://encrypted-tbn1.gstatic.com/shopping?q=tbn:ANd9GcTyxGrfQtN6a56tf5akU1_jgC9Mi8DG_KfJGo_4HnxdDPeSww47FnfOmNwr4iwbioD-MAmcrvlgJnPEE_VyG6HHlmaXueTZWsQ3ksSi9z6Lv2oGbreuVThw,,,11807891393031084734,38,iphones
Pink Heart Gingham MagSafe iPhone Case,Shamo's,"https://www.google.com/search?ibp=oshop&q=iPhone&prds=localAnnotatedOfferId:1,catalogid:16547576582846029341,pvo:2,pvt:hg,rds:PC_6027158597472037202%7CPROD_PC_6027158597472037202&gl=sa&udm=28&pvorigin=2",SAR 112.63,https://encrypted-tbn1.gstatic.com/shopping?q=tbn:ANd9GcTnF5xQ7e1yFWHmMkhODJPpzNyzTE05wz0F4Un3_j9h_Lsaj6pxGaR2c8PtiqlhlWUuuBhRN5v8N9u0ixDcaMV9-WdG9cUPR3atyiUn9KQV1Nj7ZrbRupeA,,,16547576582846029341,39,iphones
Pouch with Pocket iPhone 14 Pro Max,usd.lucrin.ae,"https://www.google.com/search?ibp=oshop&q=iPhone&prds=localAnnotatedOfferId:1,catalogid:15112072894629791992,pvo:2,pvt:hg,rds:PC_6027158597472037202%7CPROD_PC_6027158597472037202&gl=sa&udm=28&pvorigin=2",SAR 611.22,https://encrypted-tbn3.gstatic.com/shopping?q=tbn:ANd9GcTMWwf0AsK-8Y7gKf8GG8TsdCie3S0ag5gskbetZEXvYngepbmdc1zUweoaqf76g_73bsDxFn4B7G2JVFtPM55d1hw5jYgM33ywYqPMsH72RH8H9Dd3b-qu4g,,,15112072894629791992,40,iphones
Samsung Galaxy S25 FE,Sharaf DG Saudi Arabia,"https://www.google.com/search?ibp=oshop&q=Samsung+Galaxy+Phone&prds=localAnnotatedOfferId:1,catalogid:14008237056542546757,pvo:2,pvt:hg,rds:PC_6027158597472037202%7CPROD_PC_6027158597472037202&gl=sa&udm=28&pvorigin=2","SAR 1,848.99",https://encrypted-tbn1.gstatic.com/shopping?q=tbn:ANd9GcS037S-rTItJb1vge1ZlNxiUOxnfMNXJwI6QIHPkGn4xSQS8sKQIaD3ed7W2IilPUsiAfT8HhEmLZ9o74itnWPzccpYGQOa,4.7,150000.0,14008237056542546757,1,samsung_phones
Samsung Galaxy S26 Ultra 256GB AI Phone 12GB RAM Customized AP,Amazon.sa,"https://www.google.com/search?ibp=oshop&q=Samsung+Galaxy+Phone&prds=localAnnotatedOfferId:1,catalogid:13216375500422355508,pvo:2,pvt:hg,rds:PC_6027158597472037202%7CPROD_PC_6027158597472037202&gl=sa&udm=28&pvorigin=2","SAR 4,766.00",https://encrypted-tbn0.gstatic.com/shopping?q=tbn:ANd9GcQogV5CuuK5SLmM5ILeEC9Sh2X0UnpmZgJhvfHMUjukiZq5M61Xoddd_rMm4-AWOjplypjf7bz_bsKdI81AqW4jmWhKCwJ-7_2UqRFqd6vRvdADgqg7qc1T,4.8,57000.0,13216375500422355508,2,samsung_phones
سامسونج A07 ذاكرة ١٢٨ جيجا 4 رام 4G متعدد الالوان,whitefriday.sa,"https://www.google.com/search?ibp=oshop&q=Samsung+Galaxy+Phone&prds=localAnnotatedOfferId:1,productid:12259958137071584515,pvo:2,pvt:hg,rds:PC_6027158597472037202%7CPROD_PC_6027158597472037202&gl=sa&udm=28&pvorigin=2",SAR 609.00,https://encrypted-tbn2.gstatic.com/shopping?q=tbn:ANd9GcRUPUYad1PEDdQLP8K1vWAr2xDHJWHc-WoV5DuxJlODOHG0I2OHvGptdN_UPJsOw1IVer4msGcGuREzibrqI1c9P5cr47KlpJOeWfohP2-CtbnnPW__3zcf4w,4.8,11000.0,12259958137071584515,3,samsung_phones
Samsung Galaxy A07 4GB RAM,eXtra Stores,"https://www.google.com/search?ibp=oshop&q=Samsung+Galaxy+Phone&prds=localAnnotatedOfferId:1,catalogid:18066117804991971095,pvo:2,pvt:hg,rds:PC_6027158597472037202%7CPROD_PC_6027158597472037202&gl=sa&udm=28&pvorigin=2",SAR 615.00,https://encrypted-tbn0.gstatic.com/shopping?q=tbn:ANd9GcR4U8WIQcEJqUl1SYGsC9hcAVVSpsEN6VBlJuoAFwKqxjDudQTjxq0ar8X3iJ646YlRaZQ8K0kUU9puPl6VRLnYHprjm25R6Vxjg4rPa2kIwWhSzCrOIeiSE4w,4.5,473.0,18066117804991971095,4,samsung_phones
"Samsung Galaxy S25 AI Phone, 256GB Storage, 12GB RAM, Icyblue, Android Smartphone, 50MP Camera, 6 Month Extended Manufacturer Warranty (KSA Version)",Amazon.sa,"https://www.google.com/search?ibp=oshop&q=Samsung+Galaxy+Phone&prds=localAnnotatedOfferId:1,catalogid:15886114716877718675,pvo:2,pvt:hg,rds:PC_6027158597472037202%7CPROD_PC_6027158597472037202&gl=sa&udm=28&pvorigin=2","SAR 2,299.00",https://encrypted-tbn2.gstatic.com/shopping?q=tbn:ANd9GcQoxbJCWxEA3WEu63JmScgqRQxB4cUqoyfmqNiWgHj7ykZnFt4_ByjQyi2cTxTq6-ZmLhUeL2SDNLVzFjIBKX8L-VOjlJ3RMKbflLhXi8IijjbGXT__jRRHfOQ,,,15886114716877718675,5,samsung_phones
Samsung Galaxy A16 6.7,dleel.com,"https://www.google.com/search?ibp=oshop&q=Samsung+Galaxy+Phone&prds=localAnnotatedOfferId:1,catalogid:8389013477604902492,pvo:2,pvt:hg,rds:PC_6027158597472037202%7CPROD_PC_6027158597472037202&gl=sa&udm=28&pvorigin=2",SAR 559.00,https://encrypted-tbn0.gstatic.com/shopping?q=tbn:ANd9GcQSUaRp1-yaXw3OO3IhbUc_kbI6OQIEpb-rOc6losaNQBRDjGHtUerr9RGqVKI8P3hmH0Y0FXDgIAIrGzigOLPbu4i7F46SbOkwOtduUwxAJJ5d1r4NNcd3,4.7,23000.0,8389013477604902492,6,samsung_phones
سامسونج جالكسي A07 ذاكرة داخلية 64 جيجابايت وذاكرة رام 4 جيجابايت يدعم تقنية 4G,almuttasil.co,"https://www.google.com/search?ibp=oshop&q=Samsung+Galaxy+Phone&prds=localAnnotatedOfferId:1,productid:133856700350878810,pvo:2,pvt:hg,rds:PC_6027158597472037202%7CPROD_PC_6027158597472037202&gl=sa&udm=28&pvorigin=2",SAR 500.00,https://encrypted-tbn3.gstatic.com/shopping?q=tbn:ANd9GcSlOUYusoxTkfd0wiL9bzWbnQSY920bcz3A0g0wvy7D9icLssOLb2GxcPAY2urz6NtKqnBurF_6mEIoEf692wMzXEktN8F2edaJQfSgoJay_3N_fOmYC-mgBQ,4.8,11000.0,133856700350878810,7,samsung_phones
"Samsung Galaxy S25 AI Phone, 256GB Storage, 12GB RAM, Mint, Android Smartphone, 50MP Camera, 6 Month Extended Manufacturer Warranty (KSA Version)",Amazon.sa,"https://www.google.com/search?ibp=oshop&q=Samsung+Galaxy+Phone&prds=localAnnotatedOfferId:1,catalogid:2019650376377334005,pvo:2,pvt:hg,rds:PC_6027158597472037202%7CPROD_PC_6027158597472037202&gl=sa&udm=28&pvorigin=2","SAR 2,299.00",https://encrypted-tbn3.gstatic.com/shopping?q=tbn:ANd9GcTozWMPbs30fRixgF3ht-vJIthFNqmteiPgiyBMs0_QnmqFLskYgO90l_A_bxO4fz5POeI8hAuflIhxGMrOuyI-d9RQJTE0s3kFVDVjHx-PpdlI1hKwqzpK4qYA,,,2019650376377334005,8,samsung_phones
Samsung Galaxy A06 5G,Gadgets Oman,"https://www.google.com/search?ibp=oshop&q=Samsung+Galaxy+Phone&prds=localAnnotatedOfferId:1,catalogid:1181051388362067119,pvo:2,pvt:hg,rds:PC_6027158597472037202%7CPROD_PC_6027158597472037202&gl=sa&udm=28&pvorigin=2",SAR 379.95,https://encrypted-tbn1.gstatic.com/shopping?q=tbn:ANd9GcRi8R4Jhyi5u9eitkRr9ejg6cfJcfj4ITfH19KkKuRkIaoQyTd6IjGH2w1goUI8LyDuJ5D5cJpH5X42Peem-UxGmu1jxErw5Hgplxy6I6W_e0QZo4UeCNFK,4.8,8000.0,1181051388362067119,9,samsung_phones
Samsung Galaxy S26+,Almanea SA,"https://www.google.com/search?ibp=oshop&q=Samsung+Galaxy+Phone&prds=localAnnotatedOfferId:1,catalogid:3928744272756183659,pvo:2,pvt:hg,rds:PC_6027158597472037202%7CPROD_PC_6027158597472037202&gl=sa&udm=28&pvorigin=2","SAR 3,399.00",https://encrypted-tbn2.gstatic.com/shopping?q=tbn:ANd9GcRWRA1Z9mC7Xzox8IEbRBHPUmPhn1hEAMKlHBF0zqq--NnRUXEuY6zCFh0L6qEejE3Txk7_gtsKW2RGn2oCxO0OE-7HeXoYRN5COSIE5W8Rs-lvNqYO7GVk,4.7,92.0,3928744272756183659,10,samsung_phones
Samsung Galaxy S24 FE 5G,LetsTango.com,"https://www.google.com/search?ibp=oshop&q=Samsung+Galaxy+Phone&prds=localAnnotatedOfferId:1,catalogid:13114443292006730256,pvo:2,pvt:hg,rds:PC_6027158597472037202%7CPROD_PC_6027158597472037202&gl=sa&udm=28&pvorigin=2","SAR 1,839.68",https://encrypted-tbn3.gstatic.com/shopping?q=tbn:ANd9GcSqN0QMGKc5Vw5VW6E8mySRWLNTctjja_rEo-6so89zyrbcYIGXs7E1KfdUoE5Rk-e3_CPw4GIRm0cG2FEwssZVrZ0DpZql3D_-RnVkY1hG,4.7,15000.0,13114443292006730256,11,samsung_phones
Samsung Galaxy S25 128GB sms931uzsexaa,Amazon.sa - Seller,"https://www.google.com/search?ibp=oshop&q=Samsung+Galaxy+Phone&prds=localAnnotatedOfferId:1,catalogid:8719166336697558537,pvo:2,pvt:hg,rds:PC_6027158597472037202%7CPROD_PC_6027158597472037202&gl=sa&udm=28&pvorigin=2","SAR 2,399.00",https://encrypted-tbn2.gstatic.com/shopping?q=tbn:ANd9GcRmoqvqrgjA4InPI5-MOZb6p7kk0xietAixslG7LDf2SqPSK0cX9xRMtC9mB22gqrwo4esR1r34vgZQ9dUfZaDI2InIlpI3yK21af7dSE-U21pbU1P6HFNurw,4.7,51000.0,8719166336697558537,12,samsung_phones
"سامسونج - جالكسي A07, بسعة 64 جيجا, الرام 4 , 4G",alderaalshafaf.com,"https://www.google.com/search?ibp=oshop&q=Samsung+Galaxy+Phone&prds=localAnnotatedOfferId:1,productid:471428037817367194,pvo:2,pvt:hg,rds:PC_6027158597472037202%7CPROD_PC_6027158597472037202&gl=sa&udm=28&pvorigin=2",SAR 439.00,https://encrypted-tbn0.gstatic.com/shopping?q=tbn:ANd9GcSXFxSwf1hl1eeN7sviZ78yJKU3O78TpyqOpvaDyESVguSO1mIySwXINAbly1rMb6wpL57WzWF1nqH9Q71J76kVuH3BQbaAY7hE-dEWU29r5gICqg7muW8R0Q,4.8,11000.0,471428037817367194,13,samsung_phones
Samsung Galaxy A17 5G,050store,"https://www.google.com/search?ibp=oshop&q=Samsung+Galaxy+Phone&prds=localAnnotatedOfferId:1,catalogid:14761283877396293418,pvo:2,pvt:hg,rds:PC_6027158597472037202%7CPROD_PC_6027158597472037202&gl=sa&udm=28&pvorigin=2",SAR 819.00,https://encrypted-tbn3.gstatic.com/shopping?q=tbn:ANd9GcTniQoe8okHYgykj8f1tp5Xflm1j_Y4VJD2b0FjoxcSgUgl7Wm-wqtcac3uDs8EmnxOlKkOU7LzcLfDPmzg7DAlyqJuCySHmaWJ_5YkWhnznj_L8-ivxC84tw,4.5,16000.0,14761283877396293418,14,samsung_phones
Samsung Galaxy A36 5G,HNAK.com,"https://www.google.com/search?ibp=oshop&q=Samsung+Galaxy+Phone&prds=localAnnotatedOfferId:1,catalogid:5877528044252516833,pvo:2,pvt:hg,rds:PC_6027158597472037202%7CPROD_PC_6027158597472037202&gl=sa&udm=28&pvorigin=2","SAR 1,049.00",https://encrypted-tbn3.gstatic.com/shopping?q=tbn:ANd9GcRqYzcBD0JdyRfxqayXkqbnpjoP6_ddWlGra0J9hZ9knFuroh5Tanv0B9EhzcFze1jnL8TaEi1Ne71X6qpMZ2OtjLSI7J69miWUeWjPUqBT4G1XJK9u8Z6Yqg,4.7,17000.0,5877528044252516833,15,samsung_phones
سامسونج جالاكسي A56، 5G، 128جيجابايت، لون جرافيت رائع,صدى المستقبل,"https://www.google.com/search?ibp=oshop&q=Samsung+Galaxy+Phone&prds=localAnnotatedOfferId:1,productid:18379577634319833112,pvo:2,pvt:hg,rds:PC_6027158597472037202%7CPROD_PC_6027158597472037202&gl=sa&udm=28&pvorigin=2","SAR 1,299.00",https://encrypted-tbn3.gstatic.com/shopping?q=tbn:ANd9GcQ4yM-i2I5z9CELFmtdFFf8zOLbh2sk6JV5Z1UXiAT78lTfPblqcU4u1O6rmaPKBxJqEy1Pah0ChzUAIfRqB3U-kc3Uf0R_57prtuK6Wdpuqh8225WzXol4GQ,4.8,51000.0,18379577634319833112,16,samsung_phones
Samsung Galaxy Z Flip8,selfridges.com,"https://www.google.com/search?ibp=oshop&q=Samsung+Galaxy+Phone&prds=localAnnotatedOfferId:1,catalogid:17854802102789313669,pvo:2,pvt:hg,rds:PC_6027158597472037202%7CPROD_PC_6027158597472037202&gl=sa&udm=28&pvorigin=2","SAR 1,595.00",https://encrypted-tbn0.gstatic.com/shopping?q=tbn:ANd9GcSopgKC1TQd31cgD0ew5oepEk54NwZUBZrxamspGvYtf5WUEjI5NqMvPh_LmK5KMg674-oeloUsfs0y1tBQ5qq-8YEX3zczAlw--gyEJGOlhjghNd3n10L4,4.9,13000.0,17854802102789313669,17,samsung_phones
"سامسونج - جالكسي A07, بسعة 128 جيجا, الرام 4 , 4G",alderaalshafaf.com,"https://www.google.com/search?ibp=oshop&q=Samsung+Galaxy+Phone&prds=localAnnotatedOfferId:1,productid:9868408998205675398,pvo:2,pvt:hg,rds:PC_6027158597472037202%7CPROD_PC_6027158597472037202&gl=sa&udm=28&pvorigin=2",SAR 499.00,https://encrypted-tbn1.gstatic.com/shopping?q=tbn:ANd9GcSt-jwyuWpTnUP8QPu2cs1oJwIYAFFtxumcbYoI3MLiMOknvKoDhrjQzpi5Q4BCmFHhxxz18O04Y7GqjkNpuLCuTg-VoLkpbe4kBhaqFZ8Jq4scrBfdsnen,4.8,11000.0,9868408998205675398,18,samsung_phones
هاتف Samsung Galaxy S9+ S9 Plus Duos G9650 ثنائي الشريحة أصلي 6.2 بوصة 6 جيجابايت رام 64/128/256,AliExpress - AliExpress-250500444,"https://www.google.com/search?ibp=oshop&q=Samsung+Galaxy+Phone&prds=localAnnotatedOfferId:1,productid:3524472875156331888,pvo:2,pvt:hg,rds:PC_6027158597472037202%7CPROD_PC_6027158597472037202&gl=sa&udm=28&pvorigin=2",SAR 671.54,https://encrypted-tbn1.gstatic.com/shopping?q=tbn:ANd9GcQkI6YJEACNQJyh_tSun8-icMB-jbZLWnbFRoOtOzYPoNJhb3vmM_CDuSviXPeXg8VptP0LFAkF1j8MiN5hCWG0qPUjlnBvTvoDGKcRKiYYPdNcNAulCN5hBQ,,,3524472875156331888,19,samsung_phones
"Samsung Galaxy S5 SM-G900F 12,9 cm (5.1"") Single SIM Android 4.4.2 4G Micro-USB B 2 GB 16 GB 2800 mAh Black",eBay,"https://www.google.com/search?ibp=oshop&q=Samsung+Galaxy+Phone&prds=localAnnotatedOfferId:1,catalogid:4055303575463653079,pvo:2,pvt:hg,rds:PC_6027158597472037202%7CPROD_PC_6027158597472037202&gl=sa&udm=28&pvorigin=2",SAR 257.71,https://encrypted-tbn2.gstatic.com/shopping?q=tbn:ANd9GcRlBYm5vNIMKGa-7X-HYs9fSvS-ViB2BNl-fJJAtqvs6Gbm0ULVBZwTIJrexK8Jv3zaGC9FoZdb-5_BlGZGgQGapUV-G09xTVz3wQGnPkHmN3_UVu2knLhb,4.6,4400.0,4055303575463653079,20,samsung_phones
Honor X7e 256GB 6GB,Amazon.sa - Seller,"https://www.google.com/search?ibp=oshop&q=Samsung+Galaxy+Phone&prds=localAnnotatedOfferId:1,catalogid:4223745260727336171,pvo:2,pvt:hg,rds:PC_6027158597472037202%7CPROD_PC_6027158597472037202&gl=sa&udm=28&pvorigin=2",SAR 648.00,https://encrypted-tbn2.gstatic.com/shopping?q=tbn:ANd9GcSaV2cABowDLUTb0aOw_C6NaegdKjIakohmXqDIZxGtKKby9nSSwbuOObpHfHhslyYRC0FLQVAtQs3frw9eXc43jEFrDs4xYg_Hy6e4iCqo9zM6IA3pFjUpTw,4.9,42.0,4223745260727336171,21,samsung_phones
Samsung Galaxy A57 5G,Trendyol,"https://www.google.com/search?ibp=oshop&q=Samsung+Galaxy+Phone&prds=localAnnotatedOfferId:1,catalogid:3686623997220107574,pvo:2,pvt:hg,rds:PC_6027158597472037202%7CPROD_PC_6027158597472037202&gl=sa&udm=28&pvorigin=2","SAR 1,519.01",https://encrypted-tbn0.gstatic.com/shopping?q=tbn:ANd9GcRV8MAaFf5kKW6Lnvm2t9hlT4jCm8t0dHSY3BLmG3naAe3CkXT40YD82hgwydeOdISbqqGids5aaKGSYTsmQVFfEF6r7az0CB-4pMy2SAmA-X9FccklVUZejPY,4.8,12000.0,3686623997220107574,22,samsung_phones
سامسونج جالاكسي A57 اللون البنفسجي 256 جيجا 5G,متجر الهدف,"https://www.google.com/search?ibp=oshop&q=Samsung+Galaxy+Phone&prds=localAnnotatedOfferId:1,productid:4786889169906706576,pvo:2,pvt:hg,rds:PC_6027158597472037202%7CPROD_PC_6027158597472037202&gl=sa&udm=28&pvorigin=2","SAR 1,699.14",https://encrypted-tbn2.gstatic.com/shopping?q=tbn:ANd9GcRvSlyCgoLqh0-qkOpe1yiWZbiZjyur30kvnMYafQvCvnJbNMFVRg4zDQ5wYvB1jbF0zr98UV5lgAedBlR1ZizQtxaQ1UUuqrT4780okJ0Rvu0pG4BnMnXgPQ,4.8,12000.0,4786889169906706576,23,samsung_phones
"سامسونج - جالكسي A07, بسعة 128 جيجا, الرام 4 , 4G، متعدد الالوان",فكرة ستور,"https://www.google.com/search?ibp=oshop&q=Samsung+Galaxy+Phone&prds=localAnnotatedOfferId:1,productid:16021669572856158536,pvo:2,pvt:hg,rds:PC_6027158597472037202%7CPROD_PC_6027158597472037202&gl=sa&udm=28&pvorigin=2",SAR 599.00,https://encrypted-tbn2.gstatic.com/shopping?q=tbn:ANd9GcR7CnydV5_Me2ybEYw0Wq-ri7toNm28ffpHl7Y9vH2onN39yaFWCOgzQIZE-bhnX8iU3Zh8TWS0OR75tMm-nAYkjOXSEKeabBWWcIgEVObwbi6A_UzyV2mq,4.7,9.0,16021669572856158536,24,samsung_phones
Samsung Galaxy A37 5G,روتا ستور,"https://www.google.com/search?ibp=oshop&q=Samsung+Galaxy+Phone&prds=localAnnotatedOfferId:1,catalogid:10672803985915371056,pvo:2,pvt:hg,rds:PC_6027158597472037202%7CPROD_PC_6027158597472037202&gl=sa&udm=28&pvorigin=2","SAR 1,599.00",https://encrypted-tbn3.gstatic.com/shopping?q=tbn:ANd9GcTtXaiONCL6YlvS1EZDSTApvKfKMjm2KNRHQ0qyEZg9CzyKYOzyTK2_Bm2BtUfKSpNpCdOuucHfl-O7I8m6PSGmvRM3kusVgGSJN_bZhbmj4-VToMfKzsUa2fo,4.8,3800.0,10672803985915371056,25,samsung_phones
"Samsung Galaxy A50 4g Dual Sim 4gb/128gb 6.4"" Lte Factory Unlocked",eBay,"https://www.google.com/search?ibp=oshop&q=Samsung+Galaxy+Phone&prds=localAnnotatedOfferId:1,productid:9453356233187961351,pvo:2,pvt:hg,rds:PC_6027158597472037202%7CPROD_PC_6027158597472037202&gl=sa&udm=28&pvorigin=2",SAR 420.96,https://encrypted-tbn2.gstatic.com/shopping?q=tbn:ANd9GcRtWICjy_BFnfPwZjys8FtAxd5dYgnpLcEx1_472bHmXoLoMBaQrmAT5GZxyqBlNLulfE_qsevhpsbDaE1NuFVlx5K2Eormcjya1BaKDsJRM3WK3598wNrFDw,4.3,5900.0,9453356233187961351,26,samsung_phones
Samsung Galaxy Note 20 Ultra 5G N986 128GB Black Dual Sim Unlock,AliExpress - AliExpress-233695970,"https://www.google.com/search?ibp=oshop&q=Samsung+Galaxy+Phone&prds=localAnnotatedOfferId:1,catalogid:7679726685624491905,pvo:2,pvt:hg,rds:PC_6027158597472037202%7CPROD_PC_6027158597472037202&gl=sa&udm=28&pvorigin=2","SAR 1,404.31",https://encrypted-tbn3.gstatic.com/shopping?q=tbn:ANd9GcSoLw5SvDw1HAI49BPqBo_u4yIv7PKtgZ--0sybhBfilpTtyPQrjRGAQO4jKBEDuM-xFv5Yu3aylJHe4aDxCLEpE6Rw_WuezlWd4m2Ow8fg1S245Y4mP9Bchw,1.0,1.0,7679726685624491905,27,samsung_phones
"Samsung Galaxy Book5 Pro 360 16"" WQXGA+ Amoled Display Intel Core Ultra 7 256V",Amazon.sa - Seller,"https://www.google.com/search?ibp=oshop&q=Samsung+Galaxy+Phone&prds=localAnnotatedOfferId:1,catalogid:11541397078756674443,pvo:2,pvt:hg,rds:PC_6027158597472037202%7CPROD_PC_6027158597472037202&gl=sa&udm=28&pvorigin=2","SAR 8,353.17",https://encrypted-tbn3.gstatic.com/shopping?q=tbn:ANd9GcT7wXcv82pfODWasvuWrFSnPgP9jSoSD1f1DubBDZVtptZfwaJ1ZHXseqrHY-Z8xErZAuWob8WSqbqHPikEls46qXCQf3nI8L-ZENNvSPaY3aJTrwQ8_PPm8A,4.5,828.0,11541397078756674443,28,samsung_phones
Samsung Galaxy A56 5G,Android Crunch,"https://www.google.com/search?ibp=oshop&q=Samsung+Galaxy+Phone&prds=localAnnotatedOfferId:1,productid:11509962494470900771,pvo:2,pvt:hg,rds:PC_6027158597472037202%7CPROD_PC_6027158597472037202&gl=sa&udm=28&pvorigin=2","SAR 1,962.89",https://encrypted-tbn2.gstatic.com/shopping?q=tbn:ANd9GcT5e__6Ijkrh6AwSaFPJUzrdt46RN9S9Y-Q_L0S95_MCTPBmSmqZM-AnjIQYhYgXPjqmYfLlA15dct0yRNuvbpeJ5fbSYMe_IdZxSZefEc7CmHR5ZgiF05U,4.8,51000.0,11509962494470900771,29,samsung_phones
Samsung Galaxy S26 Ultra,Gadgets Oman,"https://www.google.com/search?ibp=oshop&q=Samsung+Galaxy+Phone&prds=localAnnotatedOfferId:1,catalogid:2550699171327778238,pvo:2,pvt:hg,rds:PC_6027158597472037202%7CPROD_PC_6027158597472037202&gl=sa&udm=28&pvorigin=2","SAR 3,593.38",https://encrypted-tbn0.gstatic.com/shopping?q=tbn:ANd9GcSlWyI0-XeDSWxLlRDe0trgfwxG_S2VbJbZUufkcVodojN3iEiSsp8zd1GBFhlxdk0WxJ_AdNEvyGb78xRgWOBQ6kG7Vr_zEOck-LhkRfN6,4.8,57000.0,2550699171327778238,30,samsung_phones
Samsung Galaxy S10e,eBay - nohesitatebuy,"https://www.google.com/search?ibp=oshop&q=Samsung+Galaxy+Phone&prds=localAnnotatedOfferId:1,catalogid:4389835213898107923,pvo:2,pvt:hg,rds:PC_6027158597472037202%7CPROD_PC_6027158597472037202&gl=sa&udm=28&pvorigin=2",SAR 714.94,https://encrypted-tbn0.gstatic.com/shopping?q=tbn:ANd9GcTcXBOA1nw2Spp2-vbm2zWMdwwuTxQZE5P0q86Kijk6qzT0DL_A59OXq8s8WdwoSa4UHsgMZlAb9eblpm3e7wFq08ZZAdD_PMNhxkhxo_Dpo505D6sd_QwHng,4.3,4700.0,4389835213898107923,31,samsung_phones
سامسونج جالكسي A57 | ذاكرة 256 جيجا | رام 8 جيجا | 5G,حلول التقنية والاتصالات,"https://www.google.com/search?ibp=oshop&q=Samsung+Galaxy+Phone&prds=localAnnotatedOfferId:1,productid:14056576838078772392,pvo:2,pvt:hg,rds:PC_6027158597472037202%7CPROD_PC_6027158597472037202&gl=sa&udm=28&pvorigin=2","SAR 1,719.00",https://encrypted-tbn1.gstatic.com/shopping?q=tbn:ANd9GcR3oq199gJYx-lHXVubEeQ-XEN0GHZQEwNhlXDkqwZ8ZcyxzfTGckjosNU8-6qGSF2bicO5IlS6wv07o0KK8HHROEX4BokIVYo_pspBeygA7MuuNzjsCbsMNBI,4.8,12000.0,14056576838078772392,32,samsung_phones
"سامسونج - جالكسي A57, بسعة 256 جيجا, الرام 8, 5 جي - رمادي",المخازن السوداء,"https://www.google.com/search?ibp=oshop&q=Samsung+Galaxy+Phone&prds=localAnnotatedOfferId:1,productid:8824073863195119112,pvo:2,pvt:hg,rds:PC_6027158597472037202%7CPROD_PC_6027158597472037202&gl=sa&udm=28&pvorigin=2","SAR 1,899.00",https://encrypted-tbn2.gstatic.com/shopping?q=tbn:ANd9GcRIWGw-dUMd37AkUZC2UnEcg84bX6rtxTYbi8sxFTgBTAJkwjXtUQy7CIewfgATV934ORTx-iF7HRU2SVGPF_UhCz-lqBV-juC-qomqvlstHYoAPXkSX3h-cCEf,4.8,12000.0,8824073863195119112,33,samsung_phones
Samsung Galaxy A06 4G Unlocked Smartphone New Gold 128GB,PhoneSwap Store,"https://www.google.com/search?ibp=oshop&q=Samsung+Galaxy+Phone&prds=localAnnotatedOfferId:1,productid:18105719861245404184,pvo:2,pvt:hg,rds:PC_6027158597472037202%7CPROD_PC_6027158597472037202&gl=sa&udm=28&pvorigin=2",SAR 656.26,https://encrypted-tbn3.gstatic.com/shopping?q=tbn:ANd9GcTl11Z9XIucQNHN22odxtKByRTXH-KCvITnxlHeEZM8oNcZ2a8xa1H8L-r3hkEsdKvlDkp65XGhNTKisT7Yajm9It_4HDV-SjrD8vjlFWDTPtq5Xzam-S3Kig,4.8,16000.0,18105719861245404184,34,samsung_phones
سامسونج موبايل - A57 8RAM 128GB 5G,nghamet.com,"https://www.google.com/search?ibp=oshop&q=Samsung+Galaxy+Phone&prds=localAnnotatedOfferId:1,productid:18128295084262835375,pvo:2,pvt:hg,rds:PC_6027158597472037202%7CPROD_PC_6027158597472037202&gl=sa&udm=28&pvorigin=2","SAR 1,340.00",https://encrypted-tbn2.gstatic.com/shopping?q=tbn:ANd9GcQMZkGo1u5n4fSN1no7TrAQzWXReTaeMY75bft1-DmbaVXrcU37dc6tOFo4P2oOuwjOn0CFTmajEFgDXWBAHqqFsb83FcLJDlvR3sko_qtcGvbKB0MYTF__,,,18128295084262835375,35,samsung_phones
Samsung Galaxy S20 FE,eBay - ylifang,"https://www.google.com/search?ibp=oshop&q=Samsung+Galaxy+Phone&prds=localAnnotatedOfferId:1,catalogid:12288872543178568340,pvo:2,pvt:hg,rds:PC_6027158597472037202%7CPROD_PC_6027158597472037202&gl=sa&udm=28&pvorigin=2",SAR 706.04,https://encrypted-tbn3.gstatic.com/shopping?q=tbn:ANd9GcTcogG_W-RGHukxC82-LDeoHnoqvMWO7tkJIWZo-jv_UEqh9PkyA53uBPFLRVyOYIrV97b4p38Grhd9_HPB4NFKJHcqLSeScU1F4BnTiQxl16ifuBGW1REW,4.3,6500.0,12288872543178568340,36,samsung_phones
Tecno Spark 50 5G,Jarir Bookstore,"https://www.google.com/search?ibp=oshop&q=Samsung+Galaxy+Phone&prds=localAnnotatedOfferId:1,catalogid:14340009066211964617,pvo:2,pvt:hg,rds:PC_6027158597472037202%7CPROD_PC_6027158597472037202&gl=sa&udm=28&pvorigin=2",SAR 999.00,https://encrypted-tbn2.gstatic.com/shopping?q=tbn:ANd9GcTgIvhc7V4laAbmoeMKxQLaNzkMnw2JETIHWZnclIBo1kZorj4sR97cNuLf13qhZtaXTb2P70Xvh9fU_E754JReA48rZ3bYiQnWKWhir1E,4.7,373.0,14340009066211964617,37,samsung_phones
Samsung Galaxy S26 Unlocked,Gadgets Oman,"https://www.google.com/search?ibp=oshop&q=Samsung+Galaxy+Phone&prds=localAnnotatedOfferId:1,catalogid:1141653877792036342,pvo:2,pvt:hg,rds:PC_6027158597472037202%7CPROD_PC_6027158597472037202&gl=sa&udm=28&pvorigin=2","SAR 2,978.04",https://encrypted-tbn1.gstatic.com/shopping?q=tbn:ANd9GcTgOS2uDc6Q4Um2Y4xqMEp9WbUbJ-bM5FsSUZVt-268GSPAAGyeQan-AG1udY-H01Yn5BVUm21dzyK0paNJEC9jGjngeXVVzc6-XMKiqasxFAPtYt9BJK8I,4.7,8500.0,1141653877792036342,38,samsung_phones
Samsung Galaxy Fit3,Redsea.com,"https://www.google.com/search?ibp=oshop&q=Samsung+Galaxy+Phone&prds=localAnnotatedOfferId:1,catalogid:2422404441724314460,pvo:2,pvt:hg,rds:PC_6027158597472037202%7CPROD_PC_6027158597472037202&gl=sa&udm=28&pvorigin=2",SAR 237.00,https://encrypted-tbn3.gstatic.com/shopping?q=tbn:ANd9GcTPF0v_H3g4HiW68T6hnMaadpCZBLFBGlywFRfxYqPTDIDmyP6KF8o4V0ZY1EKCzIXhTweytRgW9NCQuVsvTwxnXSr0RWVdmeHmgE0-ZJXP_fVdjReOS2khkg,4.7,22000.0,2422404441724314460,39,samsung_phones
Samsung Galaxy S21 Ultra 5G,eBay,"https://www.google.com/search?ibp=oshop&q=Samsung+Galaxy+Phone&prds=localAnnotatedOfferId:1,catalogid:15197668942223493059,pvo:2,pvt:hg,rds:PC_6027158597472037202%7CPROD_PC_6027158597472037202&gl=sa&udm=28&pvorigin=2","SAR 1,359.51",https://encrypted-tbn1.gstatic.com/shopping?q=tbn:ANd9GcSJw3BKiVk2C6swMDV1eMoCx7jw1ludpc3oGhj4r5uPrBRk_XJ8vnU5ZLJdmYlJtHOUVO5bXfnB5R4L-04L8El99Bc8fuj4Dz6Ob0foC8DsCMGFhi8mw4mylw,4.2,8600.0,15197668942223493059,40,samsung_phones
Samsung Cell Phone Galaxy A07 6GB+128GB 5G Light Violet A076BLVC,Harsha,"https://www.google.com/search?ibp=oshop&q=Samsung+Galaxy+Phone&prds=localAnnotatedOfferId:1,productid:12510865362896405486,pvo:2,pvt:hg,rds:PC_6027158597472037202%7CPROD_PC_6027158597472037202&gl=sa&udm=28&pvorigin=2",SAR 889.86,https://encrypted-tbn1.gstatic.com/shopping?q=tbn:ANd9GcQJ41dFKBUb8lP0uj962kgwiRvh98mnZw_xAskqgh3vWYdST5SsosdOP_jzTp6sLbQhfNjy5R_j2kqJOreDmkCUDmPLoDwVQasrlQDeBFORNxcCyt7kUSiA,4.9,4300.0,12510865362896405486,1,samsung_phones
Samsung Galaxy A03s,eBay - top4easy,"https://www.google.com/search?ibp=oshop&q=Samsung+Galaxy+Phone&prds=localAnnotatedOfferId:1,catalogid:15062942654243609338,pvo:2,pvt:hg,rds:PC_6027158597472037202%7CPROD_PC_6027158597472037202&gl=sa&udm=28&pvorigin=2",SAR 371.01,https://encrypted-tbn3.gstatic.com/shopping?q=tbn:ANd9GcT5fkLJzKvNch7yxjTkrV4tCc1PIzoTrNR8n5RMXc68CJ4gNHYE-fmuss0Be-pESquqJgWWFgBi6gL2s6h_B3BiRUbL_Ipa0VJQGD7ZiQc,4.1,1400.0,15062942654243609338,2,samsung_phones
Samsung Galaxy A06 4G,eBay - soundsolutions_worldwide,"https://www.google.com/search?ibp=oshop&q=Samsung+Galaxy+Phone&prds=localAnnotatedOfferId:1,catalogid:9156415337481250644,pvo:2,pvt:hg,rds:PC_6027158597472037202%7CPROD_PC_6027158597472037202&gl=sa&udm=28&pvorigin=2",SAR 672.24,https://encrypted-tbn1.gstatic.com/shopping?q=tbn:ANd9GcSpC7TJQ5UOqJMOEitS7P8tB6dB55CtJmBdSL8b3xTXJ4CQenD6h17AxRohSKh2U3rbpq9ZFbXCiqEfvWgkW4Iai19MkuwySkbqD0FtzLWd1Evt2ptgwIWBgA,4.8,16000.0,9156415337481250644,3,samsung_phones
Samsung Galaxy A07 5G,eBay - mobile.emporium,"https://www.google.com/search?ibp=oshop&q=Samsung+Galaxy+Phone&prds=localAnnotatedOfferId:1,catalogid:2749006152450188679,pvo:2,pvt:hg,rds:PC_6027158597472037202%7CPROD_PC_6027158597472037202&gl=sa&udm=28&pvorigin=2",SAR 863.78,https://encrypted-tbn3.gstatic.com/shopping?q=tbn:ANd9GcTDUpgbpct8yNA81etooJ1A9digSaXvnGPRdBcaYj1aKus9X4w234noSRjl9fAlu0h-KhH_iLAn95iNspVV8c-MY2xwspyMTX0brcyiudz9A3nFs-Z6KejIuw,4.0,1.0,2749006152450188679,4,samsung_phones
Samsung Galaxy S26 Ultra,welfon.com.my,"https://www.google.com/search?ibp=oshop&q=Samsung+Galaxy+Phone&prds=localAnnotatedOfferId:1,catalogid:12280358464028745044,pvo:2,pvt:hg,rds:PC_6027158597472037202%7CPROD_PC_6027158597472037202&gl=sa&udm=28&pvorigin=2","SAR 5,166.42",https://encrypted-tbn1.gstatic.com/shopping?q=tbn:ANd9GcQcvwnc41EyH-RmnoBMfYJeWjJzOLI0sxAPvViq5FT3w-UFDWSka1lfxW4-ZAf95wyDljsrZyI21Ly_yvT_ndBYM9Pz57PckGwKICY8OYOYFYxwJ9NbCc2I,4.8,25000.0,12280358464028745044,5,samsung_phones
Samsung Galaxy S9+ 64 GB,eBay - 1-dna,"https://www.google.com/search?ibp=oshop&q=Samsung+Galaxy+Phone&prds=localAnnotatedOfferId:1,catalogid:2012480815510704177,pvo:2,pvt:hg,rds:PC_6027158597472037202%7CPROD_PC_6027158597472037202&gl=sa&udm=28&pvorigin=2",SAR 621.28,https://encrypted-tbn0.gstatic.com/shopping?q=tbn:ANd9GcR96bneZTwsV9B7vVc7n48nYmaJnSkK5PN1nn8wwEI9qcxo4LodqyX4n026OtxB7N6EA5BZtKKV0c4uRXTXwdQnBnU0mG1axIKqVbD4Uvz4tL-o7HyFge6L6Q,4.8,5.0,2012480815510704177,6,samsung_phones
A25 128Gb 5G Dual Sim,eBay - keep_sunshine,"https://www.google.com/search?ibp=oshop&q=Samsung+Galaxy+Phone&prds=localAnnotatedOfferId:1,catalogid:16629557153011639698,pvo:2,pvt:hg,rds:PC_6027158597472037202%7CPROD_PC_6027158597472037202&gl=sa&udm=28&pvorigin=2","SAR 1,040.21",https://encrypted-tbn3.gstatic.com/shopping?q=tbn:ANd9GcQvSqfyew8IzBJSjodTWEbSNy_9MxG_SbHnvqJ9KzRglOc98yhEWayS0toQCKeR-5c4Bw2SJunPk6gVXE4Xde2apkiVMgf7CJFQYKtahF4Tjv7DvavQneLX,5.0,2.0,16629557153011639698,7,samsung_phones
Google Pixel 9 Pro XL,noon.com,"https://www.google.com/search?ibp=oshop&q=Samsung+Galaxy+Phone&prds=localAnnotatedOfferId:1,catalogid:17814920435865713325,pvo:2,pvt:hg,rds:PC_6027158597472037202%7CPROD_PC_6027158597472037202&gl=sa&udm=28&pvorigin=2","SAR 3,699.00",https://encrypted-tbn3.gstatic.com/shopping?q=tbn:ANd9GcQHohEYcGrsZRs8lA-xZW6S9bVnLexJkGDF7mO1E1u2shpkH5XFXaWKi5oXEU6CbV6RoaTIVyEwqFO9Aj-oXGkXQYNLC4ZMSPr0AePyT3L3MPBwGAVP-kJ4,4.4,1600.0,17814920435865713325,8,samsung_phones
Samsung Galaxy A10s A107M Dual-SIM 32GB Smartphone Unlocked Blue Condition New,eBay - 8smartbiz,"https://www.google.com/search?ibp=oshop&q=Samsung+Galaxy+Phone&prds=localAnnotatedOfferId:1,catalogid:6993176063701093018,pvo:2,pvt:hg,rds:PC_6027158597472037202%7CPROD_PC_6027158597472037202&gl=sa&udm=28&pvorigin=2",SAR 341.57,https://encrypted-tbn2.gstatic.com/shopping?q=tbn:ANd9GcS0oKICH_-dEtnS8yyzibrutUoQ4uIaeRQWn38Se6qgWOD-qubW4epsu0ubuk0JSJ9iSbEILLcUvDHHPHGYX8APNv0Z8oCXzqxsMpbTe9keQvin1nLlbGAN,,,6993176063701093018,9,samsung_phones
Samsung Galaxy S21 Ultra | 6.8 in | Android | 512 GB | Made in Vietnam,eBay - kayze-w,"https://www.google.com/search?ibp=oshop&q=Samsung+Galaxy+Phone&prds=localAnnotatedOfferId:1,productid:12553908311127831025,pvo:2,pvt:hg,rds:PC_6027158597472037202%7CPROD_PC_6027158597472037202&gl=sa&udm=28&pvorigin=2","SAR 2,008.50",https://encrypted-tbn1.gstatic.com/shopping?q=tbn:ANd9GcR-an3ex_18b_nqy0tZYFU2wJVzbJKfto4FwuiSz1jZV3CCqHbi-h-bRWHROPcuNeW286KPaWrcp4vFEMpDGmCZs50NZr8ADY2hdJEAAJOGY-Hnc8izDy4oig,4.2,8600.0,12553908311127831025,10,samsung_phones
Samsung Galaxy A05S 64GB Dual Sim,eBay - goballink_mobile,"https://www.google.com/search?ibp=oshop&q=Samsung+Galaxy+Phone&prds=localAnnotatedOfferId:1,catalogid:7704404052340527389,pvo:2,pvt:hg,rds:PC_6027158597472037202%7CPROD_PC_6027158597472037202&gl=sa&udm=28&pvorigin=2",SAR 619.10,https://encrypted-tbn0.gstatic.com/shopping?q=tbn:ANd9GcRcmQCFvVNALkn5MfmNg-jnCQ80XCFHJ-fildMwiVTN9KJbOecJAvut99q1n_tHtNYwxTQiSE7XWrJhrQovm9pcafk7d_eT3z--t_p8nFGTCxkZ-rztEKpE,,,7704404052340527389,11,samsung_phones
Samsung Galaxy S26 Unlocked,Gadgets Oman,"https://www.google.com/search?ibp=oshop&q=Samsung+Galaxy+Phone&prds=localAnnotatedOfferId:1,catalogid:9816675713563172293,pvo:2,pvt:hg,rds:PC_6027158597472037202%7CPROD_PC_6027158597472037202&gl=sa&udm=28&pvorigin=2","SAR 3,749.66",https://encrypted-tbn3.gstatic.com/shopping?q=tbn:ANd9GcQ4hILxHxyCrc8DTXI7hECDLudveRQzjcIrqPssfQVT9fa8ZQAI8SO0JSGirr1a4QaFtTylBnkpfhA4XjwVq1Y0-JIjtFXzKBYCgoBroceuQkY91MZ6e2eGUQ,4.6,556.0,9816675713563172293,12,samsung_phones
"Samsung Galaxy Note10 N970U1 256GB Unlocked Android Smartphone 6.3"" | Octa Core | 8GB | GPS | 16.0MP | 2G | 1 Year | Factory Unlocked | Single SIM",eBay - chenle-888,"https://www.google.com/search?ibp=oshop&q=Samsung+Galaxy+Phone&prds=localAnnotatedOfferId:1,productid:8399665457699372928,pvo:2,pvt:hg,rds:PC_6027158597472037202%7CPROD_PC_6027158597472037202&gl=sa&udm=28&pvorigin=2",SAR 927.17,https://encrypted-tbn3.gstatic.com/shopping?q=tbn:ANd9GcQ4E25SOMAffzPr-OA4B5L9ordN2Nf8a0J7pLY1G5y0WLZyuHwZOKZwBnRsv5cl12n-ge6Kqal8Ogg_CN46jN6uw_CAPxCLphgtJeKZoQN6vBcCZTzuK8rgjwI,4.0,214.0,8399665457699372928,13,samsung_phones
Samsung Galaxy A22 5G SM-A226B Single SIM Android | 6.6 in | 48.0 MP | 2G | 64 GB | Bluetooth Enabled,eBay - 8smartbiz,"https://www.google.com/search?ibp=oshop&q=Samsung+Galaxy+Phone&prds=localAnnotatedOfferId:1,productid:3963348442831412040,pvo:2,pvt:hg,rds:PC_6027158597472037202%7CPROD_PC_6027158597472037202&gl=sa&udm=28&pvorigin=2",SAR 478.53,https://encrypted-tbn3.gstatic.com/shopping?q=tbn:ANd9GcTr0bAVgsmUSH78jtOi5mqs0lIlPp9HSgE8PAwtdnTRVS-fk7t6ayqJWl1tzlJ5CNR0S3K8mTG7BKheX0yjKRDz9JOkFbGAc2SzhgxK0mQWtU9CgwWwWSQJ,4.5,3700.0,3963348442831412040,14,samsung_phones
Samsung Galaxy S10 Dual G973FD 4G 128GB P,eBay - utechmobile,"https://www.google.com/search?ibp=oshop&q=Samsung+Galaxy+Phone&prds=localAnnotatedOfferId:1,catalogid:2905241371234654674,pvo:2,pvt:hg,rds:PC_6027158597472037202%7CPROD_PC_6027158597472037202&gl=sa&udm=28&pvorigin=2",SAR 806.28,https://encrypted-tbn1.gstatic.com/shopping?q=tbn:ANd9GcRArI-9sZbhy4Yd0BHLcE47v6NZ9Uw-AXkj4KQRExwAPPLHo7bN8YWxSIanApb8Jxf_w49LdUztenCEI9c7YD0yg1QVkqXGkWNEIvjIcp0,4.4,7300.0,2905241371234654674,15,samsung_phones
2024 New Mobile Phone Fingerprint Unlock Android Smartphone 8Gb Ram+128Gb Rom Android 13 Mobile Phone 6.8 -Inch High -Definition Smartphone 128 Memory,Tradeling,"https://www.google.com/search?ibp=oshop&q=Samsung+Galaxy+Phone&prds=localAnnotatedOfferId:1,productid:8136655504501517943,pvo:2,pvt:hg,rds:PC_6027158597472037202%7CPROD_PC_6027158597472037202&gl=sa&udm=28&pvorigin=2",SAR 453.90,https://encrypted-tbn2.gstatic.com/shopping?q=tbn:ANd9GcR_OJzb5De4bJm6CyHuj0vEy_cqhBwCEwWzrDCoHI4URY1CqKCsfAxl_6CBK84FJ5Kw8qa-rwlYlFuCKFs2JBFGoIalTZUWt6cbVKJHiGLKcJguBRt5w6ck,,,8136655504501517943,16,samsung_phones
"Samsung Galaxy A24 Sm-a245n Original 4g Lte 128gb 6.5"" 50mp Smartphone",eBay - goballink_mobile,"https://www.google.com/search?ibp=oshop&q=Samsung+Galaxy+Phone&prds=localAnnotatedOfferId:1,productid:13670837304429199557,pvo:2,pvt:hg,rds:PC_6027158597472037202%7CPROD_PC_6027158597472037202&gl=sa&udm=28&pvorigin=2",SAR 882.03,https://encrypted-tbn0.gstatic.com/shopping?q=tbn:ANd9GcQPMOw6szEp3-6mZOm8wdt6atAQS6dTu8em5MQPUUVtvxxpbbqwHOH1Atj8CylgRgtdZtiIdWUYknJYsG2hwzDM4tu4ZURwF9QAoHzizUIp,4.7,2500.0,13670837304429199557,17,samsung_phones
"Samsung Galaxy A06 (gold, 4gb Ram, 128gb Storage)| 50 Mp Main Camera|",eBay - soundsolutions_worldwide,"https://www.google.com/search?ibp=oshop&q=Samsung+Galaxy+Phone&prds=localAnnotatedOfferId:1,productid:8689064787303922005,pvo:2,pvt:hg,rds:PC_6027158597472037202%7CPROD_PC_6027158597472037202&gl=sa&udm=28&pvorigin=2",SAR 700.90,https://encrypted-tbn3.gstatic.com/shopping?q=tbn:ANd9GcTPkTHNjjbj5iV8CsNRvnGie4o-WpUZ29e8pjAGnpLRMzQFf9bc1jpeGNUbiBqpoKeNASqrvRO6cu4ZL47a7JTq_NeMMa3t-XPZ3Ndj3udhb7gKte7Au361mA,3.3,3.0,8689064787303922005,18,samsung_phones
Samsung Galaxy Xcover Pro Enterprise Edition 4gb/64gb 6.3 Dual Sim Smartphone,eBay - cell-on-sale,"https://www.google.com/search?ibp=oshop&q=Samsung+Galaxy+Phone&prds=localAnnotatedOfferId:1,catalogid:5545155217244441950,pvo:2,pvt:hg,rds:PC_6027158597472037202%7CPROD_PC_6027158597472037202&gl=sa&udm=28&pvorigin=2",SAR 431.55,https://encrypted-tbn3.gstatic.com/shopping?q=tbn:ANd9GcR1Y_k08djir49QMrO1-hXNLXEZdLg7uUQbEeZeRGTjTwnxFtEnuSxsMcBCd3RuQZoB3fY3KatDAxvameHr3V7Q_EBiCh52GZp3JP80STOvk3GyetFcF2G2,2.7,27.0,5545155217244441950,19,samsung_phones
Samsung galaxy s8 64gb phone,eBay,"https://www.google.com/search?ibp=oshop&q=Samsung+Galaxy+Phone&prds=localAnnotatedOfferId:1,catalogid:13780382964268068282,pvo:2,pvt:hg,rds:PC_6027158597472037202%7CPROD_PC_6027158597472037202&gl=sa&udm=28&pvorigin=2",Contact store for price,https://encrypted-tbn2.gstatic.com/shopping?q=tbn:ANd9GcRGbSHQk3gx44u3_PN0eXa0X8r7NqxlZrUA8tzE9VpW67Lg9CBKtdYPMH3tecHTb010D4gNBADj0wb0MYh3LwjpG0YG8Rh4xi9FYjj-BfJAxELmlSatYCfCng,4.5,14000.0,13780382964268068282,20,samsung_phones
Samsung Galaxy A30 A305G 64GB,FoneZone.me,"https://www.google.com/search?ibp=oshop&q=Samsung+Galaxy+Phone&prds=localAnnotatedOfferId:1,catalogid:16611978956162651872,pvo:2,pvt:hg,rds:PC_6027158597472037202%7CPROD_PC_6027158597472037202&gl=sa&udm=28&pvorigin=2",SAR 449.00,https://encrypted-tbn2.gstatic.com/shopping?q=tbn:ANd9GcQxr_Jg56_Ps8TreGNC3e6FmYXPy8p4Vsqnre2lbz6VnwmAeB7Ha2nRzDLDMus6DrDM6K0g9UT-PsXal0zGh1T_8KyxvlSqX659iIQ-1PCPfoR_24XzUx-j,3.2,4.0,16611978956162651872,21,samsung_phones
Galaxy J7 Dual SIM Gold 16GB 4G LTE,eBay - life-helper,"https://www.google.com/search?ibp=oshop&q=Samsung+Galaxy+Phone&prds=localAnnotatedOfferId:1,catalogid:6582858857774644845,pvo:2,pvt:hg,rds:PC_6027158597472037202%7CPROD_PC_6027158597472037202&gl=sa&udm=28&pvorigin=2",SAR 236.75,https://encrypted-tbn0.gstatic.com/shopping?q=tbn:ANd9GcQPM03OQr4sCJEmhrqtTCFFj1oEY_bSDav_MSeObwpeYKFbwnb1DR2D9Ts7FEHtr5s1jZTYFpCyO33yuhayUQfgL0zgYP4e4FbWqoHr-dZDuh8K9cHmGSnk,4.3,6.0,6582858857774644845,22,samsung_phones
Dual SIM Samsung Galaxy Folder2 SM-G1650 Flip Phone 4G LTE Android 16 GB 2 GB RAM | Quad Core | 8.0 MP | Unlocked | Touch Screen | 3.8 in | Multicolor,eBay - 8smartbiz,"https://www.google.com/search?ibp=oshop&q=Samsung+Galaxy+Phone&prds=localAnnotatedOfferId:1,productid:13255783991804744595,pvo:2,pvt:hg,rds:PC_6027158597472037202%7CPROD_PC_6027158597472037202&gl=sa&udm=28&pvorigin=2",SAR 452.84,https://encrypted-tbn0.gstatic.com/shopping?q=tbn:ANd9GcQZL9TzIOJLW964xxPT8EwEHlxosHN96xeF0FT4LmiUnt6sgpTISOq0XBvXFjQumV-2_5Ov-klIDQcLYG2Yz2dC3vHJKRUUw31GE4nhrQx2rVw0xosYKKc_WQ,,,13255783991804744595,23,samsung_phones
Android Galaxy A12 A125F Dual SIM Phone | 6.5 in | Unlocked | More than 20.0 MP | 2G | 64 GB | Octa Core | 4 GB | Touchscreen,eBay - phone360,"https://www.google.com/search?ibp=oshop&q=Samsung+Galaxy+Phone&prds=localAnnotatedOfferId:1,productid:12832200953846733010,pvo:2,pvt:hg,rds:PC_6027158597472037202%7CPROD_PC_6027158597472037202&gl=sa&udm=28&pvorigin=2",SAR 447.17,https://encrypted-tbn0.gstatic.com/shopping?q=tbn:ANd9GcRI98IbTLvEhAc0p4wrJBdU5Z5IaqVMrkPnrlflcIC5lXYfRQIzzz_W898Zpkhungr_x2lQx1rc25Sx6bdp9igK4SiQgJFeS1CbBQHkQs0Y3yEOFTztjuY6,,,12832200953846733010,24,samsung_phones
"Samsung Galaxy S9+ SM-G965 15,8 cm (6.2"") Single SIM Android 8.0 4G USB Type-C 6 GB 64 GB 3500 mAh Black",eBay - utechmobile,"https://www.google.com/search?ibp=oshop&q=Samsung+Galaxy+Phone&prds=localAnnotatedOfferId:1,catalogid:3043813376181663073,pvo:2,pvt:hg,rds:PC_6027158597472037202%7CPROD_PC_6027158597472037202&gl=sa&udm=28&pvorigin=2",SAR 685.99,https://encrypted-tbn0.gstatic.com/shopping?q=tbn:ANd9GcRQM7L9XhHz0ddETWOZ76OuKCcpXm8S3RoIgzD3EVUTrRqgSVgzsn5cGiTLOD8YJWuf6PZyaUsAeG-2lXnXqL-s2ve-5NWvJP803OFdS7KFBhkV5YybLy2HeQ,4.4,4600.0,3043813376181663073,25,samsung_phones
Samsung Galaxy A06 5G,Etoren.com,"https://www.google.com/search?ibp=oshop&q=Samsung+Galaxy+Phone&prds=localAnnotatedOfferId:1,catalogid:15665232226168068386,pvo:2,pvt:hg,rds:PC_6027158597472037202%7CPROD_PC_6027158597472037202&gl=sa&udm=28&pvorigin=2",SAR 615.91,https://encrypted-tbn3.gstatic.com/shopping?q=tbn:ANd9GcQHOyjzoBjTX_atmUuzLTBeJVyqF_9Riq83mfsUZKqVY_it9JXYrK1kgZZlORlNTt3QDe6SMPWckFJZiGbFLNkHxglnxw7XZK19Vqn-Odoz,4.8,8000.0,15665232226168068386,26,samsung_phones
Samsung Galaxy S6 Edge+ G928g 32gb GSM Android Smartphone,eBay - wireless-age,"https://www.google.com/search?ibp=oshop&q=Samsung+Galaxy+Phone&prds=localAnnotatedOfferId:1,catalogid:14423928753782514655,pvo:2,pvt:hg,rds:PC_6027158597472037202%7CPROD_PC_6027158597472037202&gl=sa&udm=28&pvorigin=2",SAR 403.80,https://encrypted-tbn0.gstatic.com/shopping?q=tbn:ANd9GcSQiZQYU4bpq_r_xI7h3OxQddZ_ZtgiBjKQkPpAzdJgtFX0sjwQWICSR75iXEdnB4PpNkt6s2birDCDfaJ7pqc43y7KqsKgNcFfcewLoq4zwvjouP2IJuv-lg,5.0,1.0,14423928753782514655,27,samsung_phones
"Samsung Galaxy A3 (2017) SM-A320FL 11,9 cm (4.7"") Android 6.0.16 4G USB Type-C 2 GB 16 GB 2350 mAh Black",eBay - findsuperdeal,"https://www.google.com/search?ibp=oshop&q=Samsung+Galaxy+Phone&prds=localAnnotatedOfferId:1,catalogid:11338652974935840328,pvo:2,pvt:hg,rds:PC_6027158597472037202%7CPROD_PC_6027158597472037202&gl=sa&udm=28&pvorigin=2",SAR 341.04,https://encrypted-tbn1.gstatic.com/shopping?q=tbn:ANd9GcSKK9dbaxT7NEOPSk-LcGoXN09u1s1ngsyEW9q7KQr0GpgA4Tr7gQ2oPZCcN6BHV-rdRyj2IpRRWhkbPLTB4ONL7bEn-wG9rUBAKe-kK5o,4.6,191.0,11338652974935840328,28,samsung_phones
Samsung Galaxy A5 (a500) 2+16gb Unlocked Sim Free Global Smart Phone,eBay - meimei242,"https://www.google.com/search?ibp=oshop&q=Samsung+Galaxy+Phone&prds=localAnnotatedOfferId:1,productid:7126754954382887466,pvo:2,pvt:hg,rds:PC_6027158597472037202%7CPROD_PC_6027158597472037202&gl=sa&udm=28&pvorigin=2",SAR 173.99,https://encrypted-tbn2.gstatic.com/shopping?q=tbn:ANd9GcSHchYpykMfjhpvpc9tPPmInGxwCZVA-Wr974qJv72NDXckmI0ba_k21gvcp_yD4ziT7vtVzygjkIkM9SZ6cJRu_pychQ7IrFDJcNd2sbs,,,7126754954382887466,29,samsung_phones
Samsung Galaxy S9 Sm-g960u G960a At&t G960p Sprint G960v Verizon G960t,eBay,"https://www.google.com/search?ibp=oshop&q=Samsung+Galaxy+Phone&prds=localAnnotatedOfferId:1,productid:9604427258732240135,pvo:2,pvt:hg,rds:PC_6027158597472037202%7CPROD_PC_6027158597472037202&gl=sa&udm=28&pvorigin=2",SAR 632.73,https://encrypted-tbn1.gstatic.com/shopping?q=tbn:ANd9GcTW5cVeutnP1hwVLLSPqav9gNKdQ2Elod9DrPoQsTLC5zRhzlrO1YIz1DCchsMyoFuMHkGyxZfV-Cv8flVFZxs1oHcZV94xd1k9WoGvW4CAenAvK7TbKqKfhQ,4.3,5900.0,9604427258732240135,30,samsung_phones
Samsung Galaxy A56 5G,Android Crunch,"https://www.google.com/search?ibp=oshop&q=Samsung+Galaxy+Phone&prds=localAnnotatedOfferId:1,productid:11509962494470900771,pvo:2,pvt:hg,rds:PC_6027158597472037202%7CPROD_PC_6027158597472037202&gl=sa&udm=28&pvorigin=2","SAR 1,962.89",https://encrypted-tbn2.gstatic.com/shopping?q=tbn:ANd9GcT5e__6Ijkrh6AwSaFPJUzrdt46RN9S9Y-Q_L0S95_MCTPBmSmqZM-AnjIQYhYgXPjqmYfLlA15dct0yRNuvbpeJ5fbSYMe_IdZxSZefEc7CmHR5ZgiF05U,4.8,51000.0,11509962494470900771,31,samsung_phones
Samsung Galaxy S9 Plus Sm-G965 64GB GSM Global Unlocked,eBay - utechmobile,"https://www.google.com/search?ibp=oshop&q=Samsung+Galaxy+Phone&prds=localAnnotatedOfferId:1,catalogid:18248721116456715704,pvo:2,pvt:hg,rds:PC_6027158597472037202%7CPROD_PC_6027158597472037202&gl=sa&udm=28&pvorigin=2",SAR 751.30,https://encrypted-tbn0.gstatic.com/shopping?q=tbn:ANd9GcR96bneZTwsV9B7vVc7n48nYmaJnSkK5PN1nn8wwEI9qcxo4LodqyX4n026OtxB7N6EA5BZtKKV0c4uRXTXwdQnBnU0mG1axIKqVbD4Uvz4tL-o7HyFge6L6Q,,,18248721116456715704,32,samsung_phones
Samsung Galaxy A07 128gb Storage 4gb Rom Black Global Version Unlocked,eBay - soundsolutions_worldwide,"https://www.google.com/search?ibp=oshop&q=Samsung+Galaxy+Phone&prds=localAnnotatedOfferId:1,productid:10774384499626437219,pvo:2,pvt:hg,rds:PC_6027158597472037202%7CPROD_PC_6027158597472037202&gl=sa&udm=28&pvorigin=2",SAR 747.35,https://encrypted-tbn2.gstatic.com/shopping?q=tbn:ANd9GcRgOUBAhieHirXi8bQYCRVA6L6GOwcboFjHh_THgcM8o938QhgSXvZVaa7_e4W_8VQs6jHWJRH6KGROGpq9qH-M9ixirxiSO2aEyhmlMaRm,4.7,14.0,10774384499626437219,33,samsung_phones
Samsung Galaxy F07,eBay - soundsolutions_worldwide,"https://www.google.com/search?ibp=oshop&q=Samsung+Galaxy+Phone&prds=localAnnotatedOfferId:1,catalogid:17399071915683712987,pvo:2,pvt:hg,rds:PC_6027158597472037202%7CPROD_PC_6027158597472037202&gl=sa&udm=28&pvorigin=2",SAR 559.58,https://encrypted-tbn3.gstatic.com/shopping?q=tbn:ANd9GcTEoCD7m06keMW-5opa1dM2eTDerDvqntxT-M5QZ4ld7Z2Uj6ByWRYqmBVD0kp2tSWFNua7dozgJbISGuFFec-h_Bg8mu7teCnbYYGqot01xgaCPsVhwGDP,1.0,2.0,17399071915683712987,34,samsung_phones
"Samsung Galaxy Y Duos - Smartphone - dual-SIM - 3G - microSD slot - 3.14"" - 320 x 240 pixels - TFT - rear camera - Android - strong Black",eBay,"https://www.google.com/search?ibp=oshop&q=Samsung+Galaxy+Phone&prds=localAnnotatedOfferId:1,catalogid:13088994149131200691,pvo:2,pvt:hg,rds:PC_6027158597472037202%7CPROD_PC_6027158597472037202&gl=sa&udm=28&pvorigin=2",SAR 227.32,https://encrypted-tbn0.gstatic.com/shopping?q=tbn:ANd9GcSIi3DEeSjW3pbEFgsa-KOTxU_KLtUxCYc_LKYz_GiU21ou7LaCF3CzIeXCiseCsfksa0FS36EzdMi4FF_LkSbwXmjz1EjTG5Oj9RpcHal0rlP3eusDDSBW,4.0,18.0,13088994149131200691,35,samsung_phones
Google Pixel 9a 128gb Unlocked,wowffer.com,"https://www.google.com/search?ibp=oshop&q=Samsung+Galaxy+Phone&prds=localAnnotatedOfferId:1,catalogid:10092484152668706102,pvo:2,pvt:hg,rds:PC_6027158597472037202%7CPROD_PC_6027158597472037202&gl=sa&udm=28&pvorigin=2","SAR 1,699.00",https://encrypted-tbn1.gstatic.com/shopping?q=tbn:ANd9GcTlDZO09y5pjqimyajo8LAPRuXu3QMTJiSQ0cjaE6OSzz0vh4ODFY2JCYandU7a1sSvG1q4WzSt3vSdDfq5NM3Z37sDx5zZgMBPoKYlfFb9C5-P85vX-mNO,4.6,3500.0,10092484152668706102,36,samsung_phones
Samsung Galaxy S10e,eBay - nohesitatebuy,"https://www.google.com/search?ibp=oshop&q=Samsung+Galaxy+Phone&prds=localAnnotatedOfferId:1,catalogid:4389835213898107923,pvo:2,pvt:hg,rds:PC_6027158597472037202%7CPROD_PC_6027158597472037202&gl=sa&udm=28&pvorigin=2",SAR 714.94,https://encrypted-tbn0.gstatic.com/shopping?q=tbn:ANd9GcTcXBOA1nw2Spp2-vbm2zWMdwwuTxQZE5P0q86Kijk6qzT0DL_A59OXq8s8WdwoSa4UHsgMZlAb9eblpm3e7wFq08ZZAdD_PMNhxkhxo_Dpo505D6sd_QwHng,4.3,4700.0,4389835213898107923,37,samsung_phones
Samsung Galaxy On7,eBay - 8smartbiz,"https://www.google.com/search?ibp=oshop&q=Samsung+Galaxy+Phone&prds=localAnnotatedOfferId:1,catalogid:11487814907146144180,pvo:2,pvt:hg,rds:PC_6027158597472037202%7CPROD_PC_6027158597472037202&gl=sa&udm=28&pvorigin=2",SAR 246.85,https://encrypted-tbn1.gstatic.com/shopping?q=tbn:ANd9GcSnx62VcPzPpoTDaFmJmMtXDEU2CktSvY1oKpCVoIgGCeyaIC4Z47sP-kkE2Ipc57dNqni-sKNEK6ZOaSiMfGV8U-VPOilaw-W6XT96mf1zaxrCVhuD_q14Tg,,,11487814907146144180,38,samsung_phones
"Samsung Galaxy S4 Mini Duos GT-19192 10,9 cm (4.3"") Dual SIM 3G Micro-USB 8 GB 1900 mAh White",eBay - wireless-age,"https://www.google.com/search?ibp=oshop&q=Samsung+Galaxy+Phone&prds=localAnnotatedOfferId:1,catalogid:3234526546103755445,pvo:2,pvt:hg,rds:PC_6027158597472037202%7CPROD_PC_6027158597472037202&gl=sa&udm=28&pvorigin=2",SAR 280.16,https://encrypted-tbn3.gstatic.com/shopping?q=tbn:ANd9GcSTMTe8APnhbisj5WxRadeKZ3HdCn5gbw2BQs_EVe-wCouNJns4uz5V3QJiVDmZLJf62cnkzk8O1mJ-V8obsIKjcv17Nrj8AqyrWUqEiAM-ZLzODoZVDf7W,4.3,34.0,3234526546103755445,39,samsung_phones
Good Samsung Galaxy W2018 Amoled Dual Screen 12mp 4g Dual Sim 64gb,eBay,"https://www.google.com/search?ibp=oshop&q=Samsung+Galaxy+Phone&prds=localAnnotatedOfferId:1,productid:4435473902500771928,pvo:2,pvt:hg,rds:PC_6027158597472037202%7CPROD_PC_6027158597472037202&gl=sa&udm=28&pvorigin=2","SAR 1,834.77",https://encrypted-tbn0.gstatic.com/shopping?q=tbn:ANd9GcR2meYinyxGIm0FbdF4QdQ0LCaV5-DiCL3CWJpkO-WTiSZLv8CBXdcC6GuLGH0Q6qctF455d5mQeVinQx5sU4DIqd6bbyY6YoF9vE4K-_mM-ioLpHXyS_zT,,,4435473902500771928,40,samsung_phones
Samsung Galaxy A17 5G,Amazon.sa,"https://www.google.com/search?ibp=oshop&q=Smartphone&prds=localAnnotatedOfferId:1,catalogid:14531901894011453361,pvo:2,pvt:hg,rds:PC_6027158597472037202%7CPROD_PC_6027158597472037202&gl=sa&udm=28&pvorigin=2",SAR 775.00,https://encrypted-tbn0.gstatic.com/shopping?q=tbn:ANd9GcQsM9GSabiHxbADhe0qsOEPNlmXo0DzxNVKEs3QEODNJ2QYDLvu8NTUgU8A7RGD8mCD8E7URRO5CLP8vVVM0QbGwv8f9K_zVHkQejLjGW8rn6vFIIYCsd30MA,4.5,16000.0,14531901894011453361,1,general_smartphones
Honor X9d 5G,المخازن السوداء,"https://www.google.com/search?ibp=oshop&q=Smartphone&prds=localAnnotatedOfferId:1,catalogid:11037550951462059285,pvo:2,pvt:hg,rds:PC_6027158597472037202%7CPROD_PC_6027158597472037202&gl=sa&udm=28&pvorigin=2","SAR 1,449.00",https://encrypted-tbn2.gstatic.com/shopping?q=tbn:ANd9GcTxSYGApnu6zA8irNihteu5Ay7tp22a0niPHk7VCQOYpTh-bGMXD1P-Ed36hwONLrddEml7iCRzWqdBByqbVpWLsoH1NxKSnZtiNxfD_PGmQzbB8ioeqro4o7Y,4.7,3700.0,11037550951462059285,2,general_smartphones
Apple iPhone 17 Pro,Techbros,"https://www.google.com/search?ibp=oshop&q=Smartphone&prds=localAnnotatedOfferId:1,catalogid:12051779625862404173,pvo:2,pvt:hg,rds:PC_6027158597472037202%7CPROD_PC_6027158597472037202&gl=sa&udm=28&pvorigin=2","SAR 4,447.35",https://encrypted-tbn2.gstatic.com/shopping?q=tbn:ANd9GcTQHyXPQY0l4mRpuFZE8n0CIvT_AOFEW-5jl7DR0RHyLq_zz-Mm4UfoDizoDUD4Uq92fkRhciSdqWiQtg-V2yI5qdPXdi0XMuYs41stXeZYov1huK6E9Bzf8Q,4.6,650.0,12051779625862404173,3,general_smartphones
Samsung Galaxy A57 5G,أرض الجوال للاتصالات,"https://www.google.com/search?ibp=oshop&q=Smartphone&prds=localAnnotatedOfferId:1,catalogid:3686623997220107574,pvo:2,pvt:hg,rds:PC_6027158597472037202%7CPROD_PC_6027158597472037202&gl=sa&udm=28&pvorigin=2","SAR 1,499.00",https://encrypted-tbn1.gstatic.com/shopping?q=tbn:ANd9GcSw0DgGVYnxbxNP4idGq142W-H0KgD9lz3qkm0IV5nqyzsh-H7nMC6nYlqGUZ20syC74ABkpwIbCWAQPeTK_FvGzlrVi2j4hox0ExiryPrJmwAn81h1xEjitGc,4.8,12000.0,3686623997220107574,4,general_smartphones
Google Pixel 9 Pro XL,noon.com,"https://www.google.com/search?ibp=oshop&q=Smartphone&prds=localAnnotatedOfferId:1,catalogid:17814920435865713325,pvo:2,pvt:hg,rds:PC_6027158597472037202%7CPROD_PC_6027158597472037202&gl=sa&udm=28&pvorigin=2","SAR 3,699.00",https://encrypted-tbn3.gstatic.com/shopping?q=tbn:ANd9GcQHohEYcGrsZRs8lA-xZW6S9bVnLexJkGDF7mO1E1u2shpkH5XFXaWKi5oXEU6CbV6RoaTIVyEwqFO9Aj-oXGkXQYNLC4ZMSPr0AePyT3L3MPBwGAVP-kJ4,4.4,1600.0,17814920435865713325,5,general_smartphones
Samsung Galaxy S26 Ultra,Almanea SA,"https://www.google.com/search?ibp=oshop&q=Smartphone&prds=localAnnotatedOfferId:1,catalogid:12280358464028745044,pvo:2,pvt:hg,rds:PC_6027158597472037202%7CPROD_PC_6027158597472037202&gl=sa&udm=28&pvorigin=2","SAR 4,699.00",https://encrypted-tbn1.gstatic.com/shopping?q=tbn:ANd9GcSN8Adfj8ozBZOCIDwJKTmhHg5f7jOExeCc1RcJN3qnubsArgaLtjDnWP4kFmJGCuoevORTgm9XnmAvgbRXp9lVkHN9xMUhr7JdUGr4EvC3N-35E2F7yY8j,4.8,25000.0,12280358464028745044,6,general_smartphones
A100Cs Natural Black 2+4GB RAM 64GB 4G - Middle East Version,Amazon.sa - Seller,"https://www.google.com/search?ibp=oshop&q=Smartphone&prds=localAnnotatedOfferId:1,catalogid:13282313098408206851,pvo:2,pvt:hg,rds:PC_6027158597472037202%7CPROD_PC_6027158597472037202&gl=sa&udm=28&pvorigin=2",SAR 317.98,https://encrypted-tbn3.gstatic.com/shopping?q=tbn:ANd9GcT5P_GGkzZW_A6WbKXgh9lwUKgdisLWUWvlYVHeRa5zUYlUhrx_P-3vqhQsgVZtTiYqJCUv407u6pGneuUvLV0G0Rf84vdf5jS9jUT0yxcfujYTBO6v9c0K,4.0,4.0,13282313098408206851,7,general_smartphones
Motorola edge 70 fusion FIFA Edt,Jarir Bookstore,"https://www.google.com/search?ibp=oshop&q=Smartphone&prds=localAnnotatedOfferId:1,catalogid:18169466355935471588,pvo:2,pvt:hg,rds:PC_6027158597472037202%7CPROD_PC_6027158597472037202&gl=sa&udm=28&pvorigin=2","SAR 1,499.00",https://encrypted-tbn1.gstatic.com/shopping?q=tbn:ANd9GcROEg8QYQiOOBRP9uNbk0vdaqrk_vUYOsShhlUvjjXqpUsgnkIZ-FcPOk6YlmJugW9Q2YBtyDDzaL0aDcUwK4XEY2RjajdPdxJMdawYTCx5,,,18169466355935471588,8,general_smartphones
Samsung Galaxy A07 4GB RAM,eXtra Stores,"https://www.google.com/search?ibp=oshop&q=Smartphone&prds=localAnnotatedOfferId:1,catalogid:18066117804991971095,pvo:2,pvt:hg,rds:PC_6027158597472037202%7CPROD_PC_6027158597472037202&gl=sa&udm=28&pvorigin=2",SAR 615.00,https://encrypted-tbn0.gstatic.com/shopping?q=tbn:ANd9GcR4U8WIQcEJqUl1SYGsC9hcAVVSpsEN6VBlJuoAFwKqxjDudQTjxq0ar8X3iJ646YlRaZQ8K0kUU9puPl6VRLnYHprjm25R6Vxjg4rPa2kIwWhSzCrOIeiSE4w,4.5,473.0,18066117804991971095,9,general_smartphones
Redmi 9 Prime,eBay - one.stop.shoppee,"https://www.google.com/search?ibp=oshop&q=Smartphone&prds=localAnnotatedOfferId:1,catalogid:2784560027347852051,pvo:2,pvt:hg,rds:PC_6027158597472037202%7CPROD_PC_6027158597472037202&gl=sa&udm=28&pvorigin=2",SAR 356.78,https://encrypted-tbn0.gstatic.com/shopping?q=tbn:ANd9GcQ68fDLl7mJfh2EM83U6cih50ntbuqu-a_K2loeUHb2xM1EBqmbTuPi6Y7AXJKhGgkhB-NByRms3OUUo8-f_28_1D5QUH1r5L0hNlsBcrr8,3.8,28.0,2784560027347852051,10,general_smartphones
Honor 600 5G RAM 256GB,Amazon.sa,"https://www.google.com/search?ibp=oshop&q=Smartphone&prds=localAnnotatedOfferId:1,catalogid:9666705411412414953,pvo:2,pvt:hg,rds:PC_6027158597472037202%7CPROD_PC_6027158597472037202&gl=sa&udm=28&pvorigin=2","SAR 1,790.75",https://encrypted-tbn3.gstatic.com/shopping?q=tbn:ANd9GcQOI1sIbWyPNmh1wQkXV14_7CxCEXZ-qaI5Hzk8kI0b4CLd6TreiF1UE4BPGXuExswVFA2EWpdsAXsSzcd2oj6e3oGMwlPo4See9lMcBlq0,4.2,32.0,9666705411412414953,11,general_smartphones
Apple iPhone Air,Saeel,"https://www.google.com/search?ibp=oshop&q=Smartphone&prds=localAnnotatedOfferId:1,catalogid:7231236987714792018,pvo:2,pvt:hg,rds:PC_6027158597472037202%7CPROD_PC_6027158597472037202&gl=sa&udm=28&pvorigin=2","SAR 3,349.00",https://encrypted-tbn2.gstatic.com/shopping?q=tbn:ANd9GcRdcSXma-uv0sbwM8ykNALEi4d5bqZEPYC3al9wdJy3gZNYejFKKrRskfSutdo_V2BomFhyl9zkr4i5f215idv0D21mVI1OvbWrcVptJ8DhIAu5VQG0UT7IWZM,4.4,3800.0,7231236987714792018,12,general_smartphones
Tecno Spark 50 5G,Jarir Bookstore,"https://www.google.com/search?ibp=oshop&q=Smartphone&prds=localAnnotatedOfferId:1,catalogid:14340009066211964617,pvo:2,pvt:hg,rds:PC_6027158597472037202%7CPROD_PC_6027158597472037202&gl=sa&udm=28&pvorigin=2",SAR 999.00,https://encrypted-tbn2.gstatic.com/shopping?q=tbn:ANd9GcTgIvhc7V4laAbmoeMKxQLaNzkMnw2JETIHWZnclIBo1kZorj4sR97cNuLf13qhZtaXTb2P70Xvh9fU_E754JReA48rZ3bYiQnWKWhir1E,4.7,373.0,14340009066211964617,13,general_smartphones
Apple iPhone 14 Pro,noon.com,"https://www.google.com/search?ibp=oshop&q=Smartphone&prds=localAnnotatedOfferId:1,catalogid:2626603395245882566,pvo:2,pvt:hg,rds:PC_6027158597472037202%7CPROD_PC_6027158597472037202&gl=sa&udm=28&pvorigin=2","SAR 2,045.00",https://encrypted-tbn3.gstatic.com/shopping?q=tbn:ANd9GcQshqzRBFobxCEcvA4LRx9oxDowTdLPR4wMWMkcEDRC-P1VwK2nnTYi6yGmGsFc5k-GSCHHyLygHvzZ9CofyJtiYdKphQfYmwFaSG42ArWgYsnIDYezcFXMOg,4.3,9700.0,2626603395245882566,14,general_smartphones
Samsung Galaxy A36 5G,HNAK.com,"https://www.google.com/search?ibp=oshop&q=Smartphone&prds=localAnnotatedOfferId:1,catalogid:5877528044252516833,pvo:2,pvt:hg,rds:PC_6027158597472037202%7CPROD_PC_6027158597472037202&gl=sa&udm=28&pvorigin=2","SAR 1,049.00",https://encrypted-tbn3.gstatic.com/shopping?q=tbn:ANd9GcRqYzcBD0JdyRfxqayXkqbnpjoP6_ddWlGra0J9hZ9knFuroh5Tanv0B9EhzcFze1jnL8TaEi1Ne71X6qpMZ2OtjLSI7J69miWUeWjPUqBT4G1XJK9u8Z6Yqg,4.7,17000.0,5877528044252516833,15,general_smartphones
A100Cs 3+5GB RAM 128GB 4G,Amazon.sa - Seller,"https://www.google.com/search?ibp=oshop&q=Smartphone&prds=localAnnotatedOfferId:1,catalogid:6092734107386256257,pvo:2,pvt:hg,rds:PC_6027158597472037202%7CPROD_PC_6027158597472037202&gl=sa&udm=28&pvorigin=2",SAR 387.98,https://encrypted-tbn0.gstatic.com/shopping?q=tbn:ANd9GcQZAcpT5FocAAoESbsvQp002kfg0DDo5HZsBlELAbxmCihl4pqndwwm89MXQMCUG-I4oovk2dU2NTy5tK2-vbyBuETWOTqEucr_L72XyXuwG3KURCaNfIlz,4.8,133.0,6092734107386256257,16,general_smartphones
Oppo A6 5G,eBay - crazydeals93,"https://www.google.com/search?ibp=oshop&q=Smartphone&prds=localAnnotatedOfferId:1,catalogid:2745947887439835639,pvo:2,pvt:hg,rds:PC_6027158597472037202%7CPROD_PC_6027158597472037202&gl=sa&udm=28&pvorigin=2",SAR 848.75,https://encrypted-tbn2.gstatic.com/shopping?q=tbn:ANd9GcQfprWEoNrv8DIXY9t9wcnyKMo7VfP2VaPEK2N0vayQ1EJdTbhMZVhE_JbDM6_AibEZlNtT9Lix3dPpj15C_bVBriVm6Mr28zdELGPMUy7LmRcFGqQkCoggog,4.7,3.0,2745947887439835639,17,general_smartphones
هونر 600 – هاتف ذكي 256 جيجابايت، 8 جيجابايت رام، 5G – أسود,Carrefour KSA,"https://www.google.com/search?ibp=oshop&q=Smartphone&prds=localAnnotatedOfferId:1,productid:17025212884559204400,pvo:2,pvt:hg,rds:PC_6027158597472037202%7CPROD_PC_6027158597472037202&gl=sa&udm=28&pvorigin=2","SAR 1,665.00",https://encrypted-tbn3.gstatic.com/shopping?q=tbn:ANd9GcQ7ZzKTExJy3r_8vL_yjO51KL1GBQxer2oyS9BVKDonWveVc-Xs-WA38qRYZl9r2Dd3v-1J1pVPIzcLbSlNFqMcuEwyj8wK5KL_4KBM4fCKvabdpjZwmxA1,,,17025212884559204400,18,general_smartphones
Samsung Galaxy A56 5G,LuLu Hypermarket,"https://www.google.com/search?ibp=oshop&q=Smartphone&prds=localAnnotatedOfferId:1,catalogid:10411323546882958734,pvo:2,pvt:hg,rds:PC_6027158597472037202%7CPROD_PC_6027158597472037202&gl=sa&udm=28&pvorigin=2","SAR 1,499.00",https://encrypted-tbn2.gstatic.com/shopping?q=tbn:ANd9GcTnCkC3h-Qv9miWVHlnM5g3VOWEk-7AoICXJT9zRWnXZqlGFUMZhUMv8XYLixb3kqcN-_K3LrtDoAfp3aY4Qg16w6IRG6NqjWGfmExqWdeDSz0fluGzg_GHZbw,4.8,51000.0,10411323546882958734,19,general_smartphones
Samsung Galaxy S25 Ultra,eXtra Stores,"https://www.google.com/search?ibp=oshop&q=Smartphone&prds=localAnnotatedOfferId:1,catalogid:14490060242543975323,pvo:2,pvt:hg,rds:PC_6027158597472037202%7CPROD_PC_6027158597472037202&gl=sa&udm=28&pvorigin=2","SAR 3,499.00",https://encrypted-tbn3.gstatic.com/shopping?q=tbn:ANd9GcTchY_NU5DaY7vjhzvacSizAkABVH00Vl8OE4jSuoMeVXQbSnOTSk-maJg-wXjrq-C3INIk2vjDiLD2uD53YWfZWJl0ONDK1XNw4mpvz9q6a9djH62yNM72,4.8,108000.0,14490060242543975323,20,general_smartphones
Honor 400 Lite 5g 8gb/256gb 6.7,البداية الرقمية,"https://www.google.com/search?ibp=oshop&q=Smartphone&prds=localAnnotatedOfferId:1,catalogid:8339814348904728069,pvo:2,pvt:hg,rds:PC_6027158597472037202%7CPROD_PC_6027158597472037202&gl=sa&udm=28&pvorigin=2","SAR 1,299.00",https://encrypted-tbn2.gstatic.com/shopping?q=tbn:ANd9GcS83_kvkOTMzAyyPA3-HhmJHchZ_tKim7Jf3ovL9nSuSG1f0w5fW5jRSR6-0YYWWnL_SyMhDe_vp0PMRl5av537k5lKecqG4smKnECcTIGRTsvrPP5sY-uyPg,4.3,154.0,8339814348904728069,21,general_smartphones
Motorola edge 70 Pro,Jarir Bookstore,"https://www.google.com/search?ibp=oshop&q=Smartphone&prds=localAnnotatedOfferId:1,catalogid:8688825077498318018,pvo:2,pvt:hg,rds:PC_6027158597472037202%7CPROD_PC_6027158597472037202&gl=sa&udm=28&pvorigin=2","SAR 2,999.00",https://encrypted-tbn3.gstatic.com/shopping?q=tbn:ANd9GcSXbxT5UWL7huX5pl-S3yUFOWBR49rk1N58s62Cm3BKrhComa-L_fB-I5LucqMmu-XIF-qVe1eOa0tSWo4yeXramPsI4Lcdz6hXCMG2JAc,,,8688825077498318018,22,general_smartphones
Realme P4 Pro 5g,eBay - crazydeals93,"https://www.google.com/search?ibp=oshop&q=Smartphone&prds=localAnnotatedOfferId:1,catalogid:8600622231213586925,pvo:2,pvt:hg,rds:PC_6027158597472037202%7CPROD_PC_6027158597472037202&gl=sa&udm=28&pvorigin=2","SAR 1,239.33",https://encrypted-tbn3.gstatic.com/shopping?q=tbn:ANd9GcRkCTh0rW2yLwymJ2tfe4P6u62DwVDpysbdDiMJ9if1sdZpSg48BVmYjbQBxxyue4Bqw0hBzWtKIq0wkWZihF22sdFQlUk5huoluQMDoJ6F,4.8,5.0,8600622231213586925,23,general_smartphones
"Vivo Y21 5G Android Smartphone (4GB RAM, 256GB Storage), KSA Version - Champagne Gold",Kanaa,"https://www.google.com/search?ibp=oshop&q=Smartphone&prds=localAnnotatedOfferId:1,productid:4773608434511046286,pvo:2,pvt:hg,rds:PC_6027158597472037202%7CPROD_PC_6027158597472037202&gl=sa&udm=28&pvorigin=2",SAR 898.00,https://encrypted-tbn2.gstatic.com/shopping?q=tbn:ANd9GcTE-I58Yl5_KKWYruqbIbzJJNj3d6K_gOefzt9uTGBaTe_wK77nYg-EuSv5nsNQ4oB0H_NY-p-7cNipS_VErnEwYDRjwc74XJ1Yurr7L5Vp_HPrAMKYfCbLWA,,,4773608434511046286,24,general_smartphones
Infinix Note Edge 5G Smartphone 8gb Ram,Saeel,"https://www.google.com/search?ibp=oshop&q=Smartphone&prds=localAnnotatedOfferId:1,catalogid:14269024501812215716,pvo:2,pvt:hg,rds:PC_6027158597472037202%7CPROD_PC_6027158597472037202&gl=sa&udm=28&pvorigin=2","SAR 1,049.00",https://encrypted-tbn1.gstatic.com/shopping?q=tbn:ANd9GcRglisgakgryYbuqHwyItl6M-x65euB18SUFcXaYxIGBFpQVMpqKOniMztivmm5gTkI4BBFaMgW8FTugbppibE95qpHBKoq6reHyDxiEAk,4.9,1000.0,14269024501812215716,25,general_smartphones
Samsung Galaxy A16 6.7,dleel.com,"https://www.google.com/search?ibp=oshop&q=Smartphone&prds=localAnnotatedOfferId:1,catalogid:8389013477604902492,pvo:2,pvt:hg,rds:PC_6027158597472037202%7CPROD_PC_6027158597472037202&gl=sa&udm=28&pvorigin=2",SAR 559.00,https://encrypted-tbn0.gstatic.com/shopping?q=tbn:ANd9GcQSUaRp1-yaXw3OO3IhbUc_kbI6OQIEpb-rOc6losaNQBRDjGHtUerr9RGqVKI8P3hmH0Y0FXDgIAIrGzigOLPbu4i7F46SbOkwOtduUwxAJJ5d1r4NNcd3,4.7,23000.0,8389013477604902492,26,general_smartphones
Google Pixel 9a 128gb Unlocked,wowffer.com,"https://www.google.com/search?ibp=oshop&q=Smartphone&prds=localAnnotatedOfferId:1,catalogid:10092484152668706102,pvo:2,pvt:hg,rds:PC_6027158597472037202%7CPROD_PC_6027158597472037202&gl=sa&udm=28&pvorigin=2","SAR 1,699.00",https://encrypted-tbn1.gstatic.com/shopping?q=tbn:ANd9GcTlDZO09y5pjqimyajo8LAPRuXu3QMTJiSQ0cjaE6OSzz0vh4ODFY2JCYandU7a1sSvG1q4WzSt3vSdDfq5NM3Z37sDx5zZgMBPoKYlfFb9C5-P85vX-mNO,4.6,3500.0,10092484152668706102,27,general_smartphones
Lenovo Legion Y70 5G Dual Sim 256GB Titanium,eBay - bq_shop06,"https://www.google.com/search?ibp=oshop&q=Smartphone&prds=localAnnotatedOfferId:1,catalogid:7793393430513995590,pvo:2,pvt:hg,rds:PC_6027158597472037202%7CPROD_PC_6027158597472037202&gl=sa&udm=28&pvorigin=2","SAR 2,816.59",https://encrypted-tbn1.gstatic.com/shopping?q=tbn:ANd9GcQahPFmKvbk5xUwYvznQOf0JXkV7Zcuno8UdBCVKw3bwd4W5X9BnKGOuV-NGmRsP9XHdWMllGf5DNRCfVkAuoy8t3Mj0-HZ89htOZKrrLszfd-wdWqWy4Tw8Q,4.8,123.0,7793393430513995590,28,general_smartphones
Huawei Mate 80 Pro,Jarir Bookstore,"https://www.google.com/search?ibp=oshop&q=Smartphone&prds=localAnnotatedOfferId:1,catalogid:10883471095936936426,pvo:2,pvt:hg,rds:PC_6027158597472037202%7CPROD_PC_6027158597472037202&gl=sa&udm=28&pvorigin=2","SAR 2,899.00",https://encrypted-tbn3.gstatic.com/shopping?q=tbn:ANd9GcRiHCNQSrxgnKm7fpgjj1VfKKWbHFtcqlPuebqymv5swqb63k6xCKfLGmae-nKO5iiTYwAwRw57U5ygILTMPAiBOL9kjM6PSW9Kx4aTy0Y,5.0,7.0,10883471095936936426,29,general_smartphones
Honor X5c 4G 4GB 64GB Midnight,eXtra Stores,"https://www.google.com/search?ibp=oshop&q=Smartphone&prds=localAnnotatedOfferId:1,catalogid:6015287767204935521,pvo:2,pvt:hg,rds:PC_6027158597472037202%7CPROD_PC_6027158597472037202&gl=sa&udm=28&pvorigin=2",SAR 449.00,https://encrypted-tbn1.gstatic.com/shopping?q=tbn:ANd9GcQmEjrR6cSOif1_3mGAkgZBNDcu-MVwcpruhii4MHteyG-qf8JEsReO-KaoplTBL3JG4PKNhpoqxHqgLoVG4PhuhiL0auq3I4MgUx0JBns-PuClViqM0_mR,4.5,27.0,6015287767204935521,30,general_smartphones
"Blackview ROCK 5 Hi-Fi Stereo Speaker Camping Light Rugged 4G Cellphone with 6.78-inch 2.4K 120Hz Display 108MP Camera & 20,000mAh Battery",Blackview Global Store,"https://www.google.com/search?ibp=oshop&q=Smartphone&prds=localAnnotatedOfferId:1,catalogid:3808315151124633812,pvo:2,pvt:hg,rds:PC_6027158597472037202%7CPROD_PC_6027158597472037202&gl=sa&udm=28&pvorigin=2","SAR 1,532.23",https://encrypted-tbn0.gstatic.com/shopping?q=tbn:ANd9GcTWVsXoLFjlJH5cxm9uxuGMsHJUtQhqatrPORIkhcRHhjP3zcvtN2eN7jMWTbiBtoc7c8FTk_jZAOwOMzukCCNn_I53y6JhBlQk79ZqjH1NYlHV1tRKusAp6g,4.2,19.0,3808315151124633812,31,general_smartphones
Honor X9d 5G Dual Sim 12GB RAM 256GB Storage,alghrbiastore.com,"https://www.google.com/search?ibp=oshop&q=Smartphone&prds=localAnnotatedOfferId:1,catalogid:7360051529584216086,pvo:2,pvt:hg,rds:PC_6027158597472037202%7CPROD_PC_6027158597472037202&gl=sa&udm=28&pvorigin=2","SAR 1,510.00",https://encrypted-tbn1.gstatic.com/shopping?q=tbn:ANd9GcTQj7A2v7tTJmQ644gL_13XROAOq_C4-hca1KtQEGbx5Y5vwCiYw1YNgZmEtzYHsn2ZLTh59nkSGrQqA1L6PeG_NYrbNd5ADA,4.6,249.0,7360051529584216086,32,general_smartphones
Sony Xperia 10 Plus I4293 6GB/64GB Dual SIM SIM FREE/ Unlocked,eBay - gogofastphones,"https://www.google.com/search?ibp=oshop&q=Smartphone&prds=localAnnotatedOfferId:1,catalogid:12762856631428835053,pvo:2,pvt:hg,rds:PC_6027158597472037202%7CPROD_PC_6027158597472037202&gl=sa&udm=28&pvorigin=2",SAR 507.90,https://encrypted-tbn0.gstatic.com/shopping?q=tbn:ANd9GcSWAjVYPuUAceQkGusM4AX78Bn5W8Z2d37SRch3wsM1YJ2LI2ixnyc4izNlJoHCMl71a5ag6O80dYDbexo3pScdaJ9gtpgFeu3TlO9b89LQULTTeKax7PjC9w,3.9,12.0,12762856631428835053,33,general_smartphones
Tecno Pova Slim 5G,LuLu Hypermarket,"https://www.google.com/search?ibp=oshop&q=Smartphone&prds=localAnnotatedOfferId:1,catalogid:7672277918406925219,pvo:2,pvt:hg,rds:PC_6027158597472037202%7CPROD_PC_6027158597472037202&gl=sa&udm=28&pvorigin=2",SAR 999.00,https://encrypted-tbn1.gstatic.com/shopping?q=tbn:ANd9GcSIV17iqkPazVfkJHAUr_9NVskDME1XzBGoHAsbty0CcVU3LVI9BF2CW1r47XjsLNUJM3geZEaOtkbAw_NlCco5VmxLZmrf_lAjDeSNZwA_q3lwGnDHsbSULA,4.0,275.0,7672277918406925219,34,general_smartphones
BlackBerry KEY2 Red Edition with 128GB Memory Cell Phone,ubuy.com.sa,"https://www.google.com/search?ibp=oshop&q=Smartphone&prds=localAnnotatedOfferId:1,catalogid:558173821001718690,pvo:2,pvt:hg,rds:PC_6027158597472037202%7CPROD_PC_6027158597472037202&gl=sa&udm=28&pvorigin=2","SAR 5,156.00",https://encrypted-tbn0.gstatic.com/shopping?q=tbn:ANd9GcR2plN1FFlAzu1FUoyP87KYNhn0YC1AmbUbgUEh97pPOYoqUoD-vZmRXmcnhQ_EyLkGM65w6s9LFOYBjyDutT5A_1Kly73GQTuLfASUj_f9,3.7,3.0,558173821001718690,35,general_smartphones
سامسونج جالاكسي A57 اللون البنفسجي 256 جيجا 5G,متجر الهدف,"https://www.google.com/search?ibp=oshop&q=Smartphone&prds=localAnnotatedOfferId:1,productid:4786889169906706576,pvo:2,pvt:hg,rds:PC_6027158597472037202%7CPROD_PC_6027158597472037202&gl=sa&udm=28&pvorigin=2","SAR 1,699.14",https://encrypted-tbn2.gstatic.com/shopping?q=tbn:ANd9GcRvSlyCgoLqh0-qkOpe1yiWZbiZjyur30kvnMYafQvCvnJbNMFVRg4zDQ5wYvB1jbF0zr98UV5lgAedBlR1ZizQtxaQ1UUuqrT4780okJ0Rvu0pG4BnMnXgPQ,4.8,12000.0,4786889169906706576,36,general_smartphones
سامسونج جالكسي A57 - سعة 256 جيجابايت - رام 8 جيجا 5G متعدد الألوان,متجر الوان,"https://www.google.com/search?ibp=oshop&q=Smartphone&prds=localAnnotatedOfferId:1,productid:16510099831925829823,pvo:2,pvt:hg,rds:PC_6027158597472037202%7CPROD_PC_6027158597472037202&gl=sa&udm=28&pvorigin=2","SAR 1,899.01",https://encrypted-tbn0.gstatic.com/shopping?q=tbn:ANd9GcQWJLOoufoffpRWze6MLwFwaPQH-oimLpW_NG1CSX5joqc9jufMDRU2KFkCeP4JZ3ZzXu6l9sO8I8F0ZrE38g2pF82MJNqE7rRVMB3Y5RjBoRbDs4YBfv5b,4.8,12000.0,16510099831925829823,37,general_smartphones
OnePlus 10 Pro 5G 128GB/256GB Dual SIM Snapdragon8 Gen1 5000mAh Android,eBay - winwintrade2022,"https://www.google.com/search?ibp=oshop&q=Smartphone&prds=localAnnotatedOfferId:1,productid:5926804929133725874,pvo:2,pvt:hg,rds:PC_6027158597472037202%7CPROD_PC_6027158597472037202&gl=sa&udm=28&pvorigin=2","SAR 1,298.52",https://encrypted-tbn3.gstatic.com/shopping?q=tbn:ANd9GcSatBdK7lneB7ItV5VedKRBgsWFAyttYCunYhvVR-u9f_BUtqy8X_VFZOJwqvrVM5QE1GnYlglUnOhAWRdLP8xsVaOBcYWVWo9JPfg5ddZxqSlYGE1O0PxJ,,,5926804929133725874,38,general_smartphones
"سامسونج - جالكسي A57, بسعة 256 جيجا, الرام 8, 5 جي - ازرق داكن",المخازن السوداء,"https://www.google.com/search?ibp=oshop&q=Smartphone&prds=localAnnotatedOfferId:1,productid:3478581410008599452,pvo:2,pvt:hg,rds:PC_6027158597472037202%7CPROD_PC_6027158597472037202&gl=sa&udm=28&pvorigin=2","SAR 1,899.00",https://encrypted-tbn1.gstatic.com/shopping?q=tbn:ANd9GcS7ENkr7buK0oBb9zNjRKCdq8zc1bXE4JjoHGozst23dUyXDlwRkIzmvemx1f60rBCwNibwwp3iCZReRIwBMvxMb_Ng-XIX244DQqvTWQUKC1YdsGiDLcsF6As,4.8,12000.0,3478581410008599452,39,general_smartphones
"OUKITEL C26 Mini Smartphone 4"" Mini Display 2300mAh Battery 13MP AI Camera Gemini AI Green / 3GB RAM + 32GB ROM",Oukitel Store,"https://www.google.com/search?ibp=oshop&q=Smartphone&prds=localAnnotatedOfferId:1,catalogid:3109045939313215807,pvo:2,pvt:hg,rds:PC_6027158597472037202%7CPROD_PC_6027158597472037202&gl=sa&udm=28&pvorigin=2","SAR 1,126.63",https://encrypted-tbn1.gstatic.com/shopping?q=tbn:ANd9GcTYBPVAl2Hr4YcJOMaA8jImhYvrcr_Wyqi-r6GnmZWO0RJoCidihrr_TKx2uNaRXC0qn51IMaGyWt1oYvRCtmVxC5y10JddZ2uJr8qrEtSjWbkLTWwldBIjEg,,,3109045939313215807,40,general_smartphones
"Blackview ROCK 5 Hi-Fi Stereo Speaker Camping Light Rugged 4G Cellphone with 6.78-inch 2.4K 120Hz Display 108MP Camera & 20,000mAh Battery",Blackview Global Store,"https://www.google.com/search?ibp=oshop&q=Smartphone&prds=localAnnotatedOfferId:1,catalogid:3808315151124633812,pvo:2,pvt:hg,rds:PC_6027158597472037202%7CPROD_PC_6027158597472037202&gl=sa&udm=28&pvorigin=2","SAR 1,532.23",https://encrypted-tbn0.gstatic.com/shopping?q=tbn:ANd9GcTWVsXoLFjlJH5cxm9uxuGMsHJUtQhqatrPORIkhcRHhjP3zcvtN2eN7jMWTbiBtoc7c8FTk_jZAOwOMzukCCNn_I53y6JhBlQk79ZqjH1NYlHV1tRKusAp6g,4.2,19.0,3808315151124633812,1,general_smartphones
"Unlocked Xiaomi Redmi Note13 5g Dual Sim 128/256gb 6.67""108mp 5000mah",eBay - phoneandaccessory,"https://www.google.com/search?ibp=oshop&q=Smartphone&prds=localAnnotatedOfferId:1,productid:1688595791081963451,pvo:2,pvt:hg,rds:PC_6027158597472037202%7CPROD_PC_6027158597472037202&gl=sa&udm=28&pvorigin=2",SAR 662.78,https://encrypted-tbn0.gstatic.com/shopping?q=tbn:ANd9GcQenFKrv9HcYdQ37IyZprGr3FjSOrH7DbGMzYc7YN8y9ZkJMohyDFtH38nH5WZcj3ypviF0u54z2CoR_e3Cd8tcLR9_7yBlgB2Q2FSsU5LpDjE0NYEfkJ1o,4.8,24.0,1688595791081963451,2,general_smartphones
"Infinix Note 60 5G Smartphone 8GB RAM 256GB Storage 6.78"" AMOLED Display",papita.co,"https://www.google.com/search?ibp=oshop&q=Smartphone&prds=localAnnotatedOfferId:1,catalogid:11662653903255276400,pvo:2,pvt:hg,rds:PC_6027158597472037202%7CPROD_PC_6027158597472037202&gl=sa&udm=28&pvorigin=2","SAR 1,349.85",https://encrypted-tbn1.gstatic.com/shopping?q=tbn:ANd9GcTew8PsMfy8-V-Tzfl-N11swtyjiJmpGAeszTXmtCXD6bq-y427zcmS75U_4pN5VE1ASGfUow-bVXeFYQ7LNaRyjab_lbIpYF351NNvEEZlvhpsVxioC4Te,5.0,419.0,11662653903255276400,3,general_smartphones
سامسونج جالكسي A57 - سعة 256 جيجابايت - رام 8 جيجا 5G متعدد الألوان,متجر الوان,"https://www.google.com/search?ibp=oshop&q=Smartphone&prds=localAnnotatedOfferId:1,productid:16510099831925829823,pvo:2,pvt:hg,rds:PC_6027158597472037202%7CPROD_PC_6027158597472037202&gl=sa&udm=28&pvorigin=2","SAR 1,899.01",https://encrypted-tbn0.gstatic.com/shopping?q=tbn:ANd9GcQWJLOoufoffpRWze6MLwFwaPQH-oimLpW_NG1CSX5joqc9jufMDRU2KFkCeP4JZ3ZzXu6l9sO8I8F0ZrE38g2pF82MJNqE7rRVMB3Y5RjBoRbDs4YBfv5b,4.8,12000.0,16510099831925829823,4,general_smartphones
سامسونج جالاكسي A37، ذاكرة وصول عشوائي 8 جيجابايت، سعة تخزين 128 جيجابايت، يدعم شبكات الجيل الخامس، شريحتي إتصال، بنفسجي رائع,Carrefour KSA,"https://www.google.com/search?ibp=oshop&q=Smartphone&prds=localAnnotatedOfferId:1,productid:15346739808330694421,pvo:2,pvt:hg,rds:PC_6027158597472037202%7CPROD_PC_6027158597472037202&gl=sa&udm=28&pvorigin=2","SAR 1,449.00",https://encrypted-tbn2.gstatic.com/shopping?q=tbn:ANd9GcTJbexdPV-xv0E3tHGLgO0hgRermCpCeraNxYa275BoVhixWOV7wPvujpelXZSCGh8DD8_3Rhn5317CPC3AGbuwRlQ9NIyqLmbsT8CgyTlxH3mvfkkuarEg,4.8,3800.0,15346739808330694421,5,general_smartphones
Tecno Camon 50 Ultra 5G Smartphone,Saeel,"https://www.google.com/search?ibp=oshop&q=Smartphone&prds=localAnnotatedOfferId:1,catalogid:6443774052485648874,pvo:2,pvt:hg,rds:PC_6027158597472037202%7CPROD_PC_6027158597472037202&gl=sa&udm=28&pvorigin=2","SAR 1,579.00",https://encrypted-tbn2.gstatic.com/shopping?q=tbn:ANd9GcTa89U0TBKv7NalNS6Ji3Xtb_xTRChf5c-JZRZVnCCKy_QB7eT1TKZA8TE4ZFtBKJ2ug-JmKYRE-6CLfrBSt3ibJlWAscs_q48wTDlNLGolNUGbe2O1wQpGDQ,4.8,176.0,6443774052485648874,6,general_smartphones
vivo Y19,eBay - easybu-80,"https://www.google.com/search?ibp=oshop&q=Smartphone&prds=localAnnotatedOfferId:1,catalogid:9798480715666262671,pvo:2,pvt:hg,rds:PC_6027158597472037202%7CPROD_PC_6027158597472037202&gl=sa&udm=28&pvorigin=2",SAR 372.96,https://encrypted-tbn1.gstatic.com/shopping?q=tbn:ANd9GcT3vs6mdrMIn5TpKwE_caUVeP9pGvzTwN0KJr-Pa8VdS_bFqWglgBS2celg1EDEd1qeg4Eknv5cPQXQL6rhDWdlfkMy0_9Dp1nLhzn1JaDTJ4fSJ66veBm_,4.7,151.0,9798480715666262671,7,general_smartphones
Xiaomi Redmi 17 4G 128GB 6GB RAM Smartphone,Jomla.ae,"https://www.google.com/search?ibp=oshop&q=Smartphone&prds=localAnnotatedOfferId:1,catalogid:6827347876312544078,pvo:2,pvt:hg,rds:PC_6027158597472037202%7CPROD_PC_6027158597472037202&gl=sa&udm=28&pvorigin=2",SAR 823.00,https://encrypted-tbn3.gstatic.com/shopping?q=tbn:ANd9GcRRGfet048JpORg9nE-50z_qLMjNu68-IJHLaV3mmlpzKxIEpYaY9vgfg4WBPiTY9gGLVk1Z3Ev8zDFdImpm7yX7Iz49d1eCZNLeWzTRbJlp2RAuj07nGfi,,,6827347876312544078,8,general_smartphones
سامسونج جالاكسي A57 اللون البنفسجي 256 جيجا 5G,متجر الهدف,"https://www.google.com/search?ibp=oshop&q=Smartphone&prds=localAnnotatedOfferId:1,productid:4786889169906706576,pvo:2,pvt:hg,rds:PC_6027158597472037202%7CPROD_PC_6027158597472037202&gl=sa&udm=28&pvorigin=2","SAR 1,699.14",https://encrypted-tbn2.gstatic.com/shopping?q=tbn:ANd9GcRvSlyCgoLqh0-qkOpe1yiWZbiZjyur30kvnMYafQvCvnJbNMFVRg4zDQ5wYvB1jbF0zr98UV5lgAedBlR1ZizQtxaQ1UUuqrT4780okJ0Rvu0pG4BnMnXgPQ,4.8,12000.0,4786889169906706576,9,general_smartphones
سامسونج جالاكسي A37، ذاكرة وصول عشوائي 8 جيجابايت، سعة تخزين 128 جيجابايت، يدعم شبكات الجيل الخامس، شريحتي إتصال، أبيض رائع,Carrefour KSA,"https://www.google.com/search?ibp=oshop&q=Smartphone&prds=localAnnotatedOfferId:1,productid:521194131445987760,pvo:2,pvt:hg,rds:PC_6027158597472037202%7CPROD_PC_6027158597472037202&gl=sa&udm=28&pvorigin=2","SAR 1,449.00",https://encrypted-tbn2.gstatic.com/shopping?q=tbn:ANd9GcRSc2qv20W9SzVuyhep0KQWx1M8a1pxYENATvkmIGwDX33C2VuMY9oUyXG_b7Vs4ImiFGJtNcqLOOrVs4QB1g_OXCD8Syw3siTWE3KT4T2iRphoBDQIYqDSjw,4.8,3700.0,521194131445987760,10,general_smartphones
OnePlus 10 Pro 5G 128GB/256GB Dual SIM Snapdragon8 Gen1 5000mAh Android,eBay - winwintrade2022,"https://www.google.com/search?ibp=oshop&q=Smartphone&prds=localAnnotatedOfferId:1,productid:5926804929133725874,pvo:2,pvt:hg,rds:PC_6027158597472037202%7CPROD_PC_6027158597472037202&gl=sa&udm=28&pvorigin=2","SAR 1,298.52",https://encrypted-tbn3.gstatic.com/shopping?q=tbn:ANd9GcSatBdK7lneB7ItV5VedKRBgsWFAyttYCunYhvVR-u9f_BUtqy8X_VFZOJwqvrVM5QE1GnYlglUnOhAWRdLP8xsVaOBcYWVWo9JPfg5ddZxqSlYGE1O0PxJ,,,5926804929133725874,11,general_smartphones
سامسونج جالكسي A57 جوال أندرويد (8 جيجابايت + 128 جيجابايت)، إصدار السعودية - كحلي,Kanaa,"https://www.google.com/search?ibp=oshop&q=Smartphone&prds=localAnnotatedOfferId:1,productid:10277055639012225620,pvo:2,pvt:hg,rds:PC_6027158597472037202%7CPROD_PC_6027158597472037202&gl=sa&udm=28&pvorigin=2","SAR 1,398.00",https://encrypted-tbn2.gstatic.com/shopping?q=tbn:ANd9GcQ5031VWRF9xdWrNf62ezmaiuqLFWf8eCLvlR363voXpWqevoVt-2Uhftd5ozvEpw43tfJuBdbHeqQK76-aFgZe_NF7-6Bw5dwVEVSQAid0phR0Y3LcVh-23Q,4.8,12000.0,10277055639012225620,12,general_smartphones
"سامسونج - جالكسي A57, بسعة 256 جيجا, الرام 8, 5 جي - ازرق داكن",المخازن السوداء,"https://www.google.com/search?ibp=oshop&q=Smartphone&prds=localAnnotatedOfferId:1,productid:3478581410008599452,pvo:2,pvt:hg,rds:PC_6027158597472037202%7CPROD_PC_6027158597472037202&gl=sa&udm=28&pvorigin=2","SAR 1,899.00",https://encrypted-tbn1.gstatic.com/shopping?q=tbn:ANd9GcS7ENkr7buK0oBb9zNjRKCdq8zc1bXE4JjoHGozst23dUyXDlwRkIzmvemx1f60rBCwNibwwp3iCZReRIwBMvxMb_Ng-XIX244DQqvTWQUKC1YdsGiDLcsF6As,4.8,12000.0,3478581410008599452,13,general_smartphones
"سامسونج - جالكسي A07, بسعة 128 جيجا, الرام 4 , 4G، متعدد الالوان",فكرة ستور,"https://www.google.com/search?ibp=oshop&q=Smartphone&prds=localAnnotatedOfferId:1,productid:16021669572856158536,pvo:2,pvt:hg,rds:PC_6027158597472037202%7CPROD_PC_6027158597472037202&gl=sa&udm=28&pvorigin=2",SAR 599.00,https://encrypted-tbn2.gstatic.com/shopping?q=tbn:ANd9GcR7CnydV5_Me2ybEYw0Wq-ri7toNm28ffpHl7Y9vH2onN39yaFWCOgzQIZE-bhnX8iU3Zh8TWS0OR75tMm-nAYkjOXSEKeabBWWcIgEVObwbi6A_UzyV2mq,4.7,9.0,16021669572856158536,14,general_smartphones
Redmi 9 Prime,eBay - one.stop.shoppee,"https://www.google.com/search?ibp=oshop&q=Smartphone&prds=localAnnotatedOfferId:1,catalogid:2784560027347852051,pvo:2,pvt:hg,rds:PC_6027158597472037202%7CPROD_PC_6027158597472037202&gl=sa&udm=28&pvorigin=2",SAR 356.78,https://encrypted-tbn0.gstatic.com/shopping?q=tbn:ANd9GcQ68fDLl7mJfh2EM83U6cih50ntbuqu-a_K2loeUHb2xM1EBqmbTuPi6Y7AXJKhGgkhB-NByRms3OUUo8-f_28_1D5QUH1r5L0hNlsBcrr8,3.8,28.0,2784560027347852051,15,general_smartphones
سامسونج جالكسي a37 مساحة 128 جيجا 8 رام الجيل الخامس,العبور للإتصالات,"https://www.google.com/search?ibp=oshop&q=Smartphone&prds=localAnnotatedOfferId:1,productid:5302068719262925568,pvo:2,pvt:hg,rds:PC_6027158597472037202%7CPROD_PC_6027158597472037202&gl=sa&udm=28&pvorigin=2","SAR 1,749.00",https://encrypted-tbn3.gstatic.com/shopping?q=tbn:ANd9GcQ86QRgiJXtX13IEKu05_z-k1e1K8qAiQ-poo5sjNHSO0mPTLvfe930XcHklVDHkuHOvu8uOEvx26y0Cg2EFWzi-EdfdNlnGMCH1f8YuvF2tPMPP7k9fr5Fjw,4.8,3800.0,5302068719262925568,16,general_smartphones
سامسونج جالكسي A07 بشاشة 6.7 بوصة وكاميرا 50 ميجابكسل,رزان تيك للاتصالات,"https://www.google.com/search?ibp=oshop&q=Smartphone&prds=localAnnotatedOfferId:1,productid:5684005653187380181,pvo:2,pvt:hg,rds:PC_6027158597472037202%7CPROD_PC_6027158597472037202&gl=sa&udm=28&pvorigin=2",SAR 550.00,https://encrypted-tbn3.gstatic.com/shopping?q=tbn:ANd9GcQLVQ1pBh9qw6yUbGIhgHsHlrsAkWHUMJAET2YnTtGui1ZkZXiLRjhTw4qMVL23Hhm7nzsTGAOpS7bIIjJzmRl3thN_hA5n9AWT3iXZLz7K2q1vjpu_6nF8zt4,4.5,25.0,5684005653187380181,17,general_smartphones
سامسونج جالاكسى اي 37 ، 5 جي ، 256 جيجا ، 8 رام,alamer-telecom.com,"https://www.google.com/search?ibp=oshop&q=Smartphone&prds=localAnnotatedOfferId:1,productid:3577074034245559857,pvo:2,pvt:hg,rds:PC_6027158597472037202%7CPROD_PC_6027158597472037202&gl=sa&udm=28&pvorigin=2","SAR 1,599.00",https://encrypted-tbn3.gstatic.com/shopping?q=tbn:ANd9GcTxtI43F847vs32Xqxm0T4-8RCe1VW9ElvCZoVL-joLX_I44HWyTXz6WR-MXZbzbSMEa-aE8VRR2Eik3b_2ges9hXcuS7iB0YjPHlnlvEgsImaqkw-gLHOr,4.9,797.0,3577074034245559857,18,general_smartphones
Lenovo Legion Y70 5G Dual Sim 256GB Titanium,eBay - bq_shop06,"https://www.google.com/search?ibp=oshop&q=Smartphone&prds=localAnnotatedOfferId:1,catalogid:7793393430513995590,pvo:2,pvt:hg,rds:PC_6027158597472037202%7CPROD_PC_6027158597472037202&gl=sa&udm=28&pvorigin=2","SAR 2,816.59",https://encrypted-tbn1.gstatic.com/shopping?q=tbn:ANd9GcQahPFmKvbk5xUwYvznQOf0JXkV7Zcuno8UdBCVKw3bwd4W5X9BnKGOuV-NGmRsP9XHdWMllGf5DNRCfVkAuoy8t3Mj0-HZ89htOZKrrLszfd-wdWqWy4Tw8Q,4.8,123.0,7793393430513995590,19,general_smartphones
سامسونج جالكسي A57 جوال أندرويد (8 جيجابايت + 256 جيجابايت)، إصدار السعودية - ليلكي,Kanaa,"https://www.google.com/search?ibp=oshop&q=Smartphone&prds=localAnnotatedOfferId:1,productid:2908131724302019043,pvo:2,pvt:hg,rds:PC_6027158597472037202%7CPROD_PC_6027158597472037202&gl=sa&udm=28&pvorigin=2","SAR 1,497.00",https://encrypted-tbn2.gstatic.com/shopping?q=tbn:ANd9GcT0t5ThyX-DopR2AhiHvkJSxojOXOp2vwyPywsxKZDKeyrpgzWJCbLyTHj1DEkqWgTjeq79n6skibH97P7y6ovRnuapbKuwSDgvyLUuN4WBb-lWIUByrbVd7Q,4.8,12000.0,2908131724302019043,20,general_smartphones
"سامسونج - جالكسي A57, بسعة 128 جيجا, الرام 8, 5 جي - بنفسجي",المخازن السوداء,"https://www.google.com/search?ibp=oshop&q=Smartphone&prds=localAnnotatedOfferId:1,productid:5242843491903884563,pvo:2,pvt:hg,rds:PC_6027158597472037202%7CPROD_PC_6027158597472037202&gl=sa&udm=28&pvorigin=2","SAR 1,579.00",https://encrypted-tbn3.gstatic.com/shopping?q=tbn:ANd9GcRMoS5vJ5xIQQLjUMybrecKHh-0kfBPadXEmtI4mWZKKNJPc4l9-T3Q3PdyqMaS1IF0EScXmGgqa00QNSscvQXrrUKzorEa5mtuO_I440VptwU7kjXJdkld1-So,4.8,12000.0,5242843491903884563,21,general_smartphones
سامسونج - جالكسي A56، بسعة 128 جيجا، الرام 8، 5 جي، متعدد الالوان,فكرة ستور,"https://www.google.com/search?ibp=oshop&q=Smartphone&prds=localAnnotatedOfferId:1,productid:14269042330805804091,pvo:2,pvt:hg,rds:PC_6027158597472037202%7CPROD_PC_6027158597472037202&gl=sa&udm=28&pvorigin=2","SAR 1,319.00",https://encrypted-tbn0.gstatic.com/shopping?q=tbn:ANd9GcSWC-M1YfEVgNTgijge5JysHNHJUtOBYM397tiaSiIOIY1iVhtNuHmhxxxMQC_gs0ypKPP9NMBofUhF-yBP4-9i2IqYogtF4w8ZEtKuHS80KV0jpdojsJjm,,,14269042330805804091,22,general_smartphones
Oppo A6 5G,eBay - crazydeals93,"https://www.google.com/search?ibp=oshop&q=Smartphone&prds=localAnnotatedOfferId:1,catalogid:2745947887439835639,pvo:2,pvt:hg,rds:PC_6027158597472037202%7CPROD_PC_6027158597472037202&gl=sa&udm=28&pvorigin=2",SAR 848.75,https://encrypted-tbn2.gstatic.com/shopping?q=tbn:ANd9GcQfprWEoNrv8DIXY9t9wcnyKMo7VfP2VaPEK2N0vayQ1EJdTbhMZVhE_JbDM6_AibEZlNtT9Lix3dPpj15C_bVBriVm6Mr28zdELGPMUy7LmRcFGqQkCoggog,4.7,3.0,2745947887439835639,23,general_smartphones
"OUKITEL C26 Mini Smartphone 4"" Mini Display 2300mAh Battery 13MP AI Camera Gemini AI Green / 3GB RAM + 32GB ROM",Oukitel Store,"https://www.google.com/search?ibp=oshop&q=Smartphone&prds=localAnnotatedOfferId:1,catalogid:3109045939313215807,pvo:2,pvt:hg,rds:PC_6027158597472037202%7CPROD_PC_6027158597472037202&gl=sa&udm=28&pvorigin=2","SAR 1,126.63",https://encrypted-tbn1.gstatic.com/shopping?q=tbn:ANd9GcTYBPVAl2Hr4YcJOMaA8jImhYvrcr_Wyqi-r6GnmZWO0RJoCidihrr_TKx2uNaRXC0qn51IMaGyWt1oYvRCtmVxC5y10JddZ2uJr8qrEtSjWbkLTWwldBIjEg,,,3109045939313215807,24,general_smartphones
"سامسونج - جالكسي A37, بسعة 128 جيجا, الرام 8, 5 جي, متعدد الاوان",النجم الرقمي,"https://www.google.com/search?ibp=oshop&q=Smartphone&prds=localAnnotatedOfferId:1,productid:10309589841931398455,pvo:2,pvt:hg,rds:PC_6027158597472037202%7CPROD_PC_6027158597472037202&gl=sa&udm=28&pvorigin=2","SAR 1,499.00",https://encrypted-tbn1.gstatic.com/shopping?q=tbn:ANd9GcRpNvhfi3iofyu5yOBRQUbn9010xUgCu2lpN9rkN0FC82g-ygS89e9mBRx9NdAxaVwy3pCrhOlH5IoTUuTdTNFmj9fo2DHWW5H2xoXggzfgKTC3NWApvDvpkQ,4.8,3700.0,10309589841931398455,25,general_smartphones
Samsung Galaxy S20 FE,eBay - ylifang,"https://www.google.com/search?ibp=oshop&q=Smartphone&prds=localAnnotatedOfferId:1,catalogid:12288872543178568340,pvo:2,pvt:hg,rds:PC_6027158597472037202%7CPROD_PC_6027158597472037202&gl=sa&udm=28&pvorigin=2",SAR 706.04,https://encrypted-tbn3.gstatic.com/shopping?q=tbn:ANd9GcTcogG_W-RGHukxC82-LDeoHnoqvMWO7tkJIWZo-jv_UEqh9PkyA53uBPFLRVyOYIrV97b4p38Grhd9_HPB4NFKJHcqLSeScU1F4BnTiQxl16ifuBGW1REW,4.3,6500.0,12288872543178568340,26,general_smartphones
"سامسونج - جالكسي A57, بسعة 128 جيجا, الرام 8, 5 جي - أزرق",المخازن السوداء,"https://www.google.com/search?ibp=oshop&q=Smartphone&prds=localAnnotatedOfferId:1,productid:16004489659997704055,pvo:2,pvt:hg,rds:PC_6027158597472037202%7CPROD_PC_6027158597472037202&gl=sa&udm=28&pvorigin=2","SAR 1,579.00",https://encrypted-tbn3.gstatic.com/shopping?q=tbn:ANd9GcRsFC9VyUn_zeyicRu24N6RknAQxY6y4eNuZtTxcaYYw12EIpwUSjvTSwYkpgBXJWNvrLPXyb8obT6oJQwoM43E8dM4THlsMG27d6TIU3j39yH_HDHRZ4MKRXo,4.8,12000.0,16004489659997704055,27,general_smartphones
سامسونج جالكسي A07 ذاكرة داخلية 64 جيجابايت وذاكرة رام 4 جيجابايت يدعم تقنية 4G,almuttasil.co,"https://www.google.com/search?ibp=oshop&q=Smartphone&prds=localAnnotatedOfferId:1,productid:133856700350878810,pvo:2,pvt:hg,rds:PC_6027158597472037202%7CPROD_PC_6027158597472037202&gl=sa&udm=28&pvorigin=2",SAR 500.00,https://encrypted-tbn3.gstatic.com/shopping?q=tbn:ANd9GcSlOUYusoxTkfd0wiL9bzWbnQSY920bcz3A0g0wvy7D9icLssOLb2GxcPAY2urz6NtKqnBurF_6mEIoEf692wMzXEktN8F2edaJQfSgoJay_3N_fOmYC-mgBQ,4.8,11000.0,133856700350878810,28,general_smartphones
Realme P4 Lite (beach Gold 4gb+128gb) Unisoc T7250 Processor Global,eBay - one.stop.shoppee,"https://www.google.com/search?ibp=oshop&q=Smartphone&prds=localAnnotatedOfferId:1,productid:7592442403202638241,pvo:2,pvt:hg,rds:PC_6027158597472037202%7CPROD_PC_6027158597472037202&gl=sa&udm=28&pvorigin=2",SAR 446.91,https://encrypted-tbn3.gstatic.com/shopping?q=tbn:ANd9GcSE1YpJm5qDnl3BhH8moBfwLCqF9d1xvn6EpIb1SPk0Z680ejKbgA_G55bt2BP6hpL5W3BctLv5wFdaV7fQvDEc3-4dAkit9dalTxln3I9Y,,,7592442403202638241,29,general_smartphones
Huawei Pura X Max 5G HOP-AL10 Dual Sim 1TB Olive Gold (16GB RAM) Collector Edition - China Version at Etoren,Etoren.com,"https://www.google.com/search?ibp=oshop&q=Smartphone&prds=localAnnotatedOfferId:1,productid:936606492705171432,pvo:2,pvt:hg,rds:PC_6027158597472037202%7CPROD_PC_6027158597472037202&gl=sa&udm=28&pvorigin=2","SAR 10,954.93",https://encrypted-tbn0.gstatic.com/shopping?q=tbn:ANd9GcRcd8MT_cW2EHxA9wbXqrjsM9lF8OOIDI6V1HD1uxFN_wMt2TkC1Y1XAGVSf7VH0p5e2iPtsKyPh7jCXOnkiHtGZ6VigBnP6avkpMleQF5h-6OOsy9j9Rnl7Q,,,936606492705171432,30,general_smartphones
سامسونق اي 37 5 جي 128 قيقا 8+8 رام,مؤسسة تكامل الاجهزه التجارية,"https://www.google.com/search?ibp=oshop&q=Smartphone&prds=localAnnotatedOfferId:1,productid:13212038191750908074,pvo:2,pvt:hg,rds:PC_6027158597472037202%7CPROD_PC_6027158597472037202&gl=sa&udm=28&pvorigin=2","SAR 1,499.00",https://encrypted-tbn3.gstatic.com/shopping?q=tbn:ANd9GcSY48tpi6hjOQpfy5eIGcUpNLtt8RF3O6m6r1ry-fB1P1X29O7aflM56dJmWDgjM2UAvFFOxw64W0Wc-h8g91EX17hDx4jj,,,13212038191750908074,31,general_smartphones
هاتف سامسونج جالاكسي A37 5G — شاشة Super AMOLED 6.7 بوصة وكاميرا 50 ميجابيكسل وبطارية تدوم يومين مع ذكاء اصطناعي,Wafi World Store,"https://www.google.com/search?ibp=oshop&q=Smartphone&prds=localAnnotatedOfferId:1,productid:12522846650159095289,pvo:2,pvt:hg,rds:PC_6027158597472037202%7CPROD_PC_6027158597472037202&gl=sa&udm=28&pvorigin=2","SAR 1,499.00",https://encrypted-tbn0.gstatic.com/shopping?q=tbn:ANd9GcTxNxFP_UkjulWEYAhGovo2_fPjXIsBlqHyoqrzObxSz3CMZHjVz93qrcvmzed-fQ4xXCwxDtfAGcx0hJK6lLpFj8gQ5jj2_moCFy6sJJyIh-ubxR_1mkxh,4.7,28.0,12522846650159095289,32,general_smartphones
Sony Xperia 1 J8170 128GB Smartphone,eBay - easybu-80,"https://www.google.com/search?ibp=oshop&q=Smartphone&prds=localAnnotatedOfferId:1,catalogid:13493713726226217105,pvo:2,pvt:hg,rds:PC_6027158597472037202%7CPROD_PC_6027158597472037202&gl=sa&udm=28&pvorigin=2",SAR 792.91,https://encrypted-tbn1.gstatic.com/shopping?q=tbn:ANd9GcTvOsndipTkiH9lvrP0wAgcZwcERMxHLoMlPbONGphMX50D7YgD-nmwMcXGARr0TGhbOU0GeXTnualQUyX6-KDnXg_AwQ8LEfEbYNJ_M3RQTkJ4sgK3X2To,5.0,12.0,13493713726226217105,33,general_smartphones
"سامسونج - جالكسي A57, بسعة 256 جيجا, الرام 8, 5 جي - رمادي",المخازن السوداء,"https://www.google.com/search?ibp=oshop&q=Smartphone&prds=localAnnotatedOfferId:1,productid:8824073863195119112,pvo:2,pvt:hg,rds:PC_6027158597472037202%7CPROD_PC_6027158597472037202&gl=sa&udm=28&pvorigin=2","SAR 1,899.00",https://encrypted-tbn2.gstatic.com/shopping?q=tbn:ANd9GcRIWGw-dUMd37AkUZC2UnEcg84bX6rtxTYbi8sxFTgBTAJkwjXtUQy7CIewfgATV934ORTx-iF7HRU2SVGPF_UhCz-lqBV-juC-qomqvlstHYoAPXkSX3h-cCEf,4.8,12000.0,8824073863195119112,34,general_smartphones
سامسونج جالاكسي A57 ذاكرة 128GB الجيل الخامس,مؤسسة تقنيات حاسوبي للاتصالات,"https://www.google.com/search?ibp=oshop&q=Smartphone&prds=localAnnotatedOfferId:1,productid:1330654689831099229,pvo:2,pvt:hg,rds:PC_6027158597472037202%7CPROD_PC_6027158597472037202&gl=sa&udm=28&pvorigin=2","SAR 1,580.00",https://encrypted-tbn3.gstatic.com/shopping?q=tbn:ANd9GcShS-ULgZMQpFpgOr0juYEeYkt76lP8KkMSJrqQkIslEzFjUXuqJRYolAtaMd1iPZWDJXUPBPlru-o2h5d3XRx2mSm-m2QyEzsojXDuXU3LqwgHxaG0XPnKrg,4.8,12000.0,1330654689831099229,35,general_smartphones
Honor 200 5G,sukasa.co.cr,"https://www.google.com/search?ibp=oshop&q=Smartphone&prds=localAnnotatedOfferId:1,catalogid:15869464000728056834,pvo:2,pvt:hg,rds:PC_6027158597472037202%7CPROD_PC_6027158597472037202&gl=sa&udm=28&pvorigin=2","SAR 2,735.39",https://encrypted-tbn2.gstatic.com/shopping?q=tbn:ANd9GcQcIMUZK23QOyZmk3MDgxHc5wIPwm-HwoaMQb_PiuzygQAI2Uv9ZoQJUmpqshb75S-gbodTEYtAc8rJj6baC8Q_Y4KTmfPtOQvK9IF1-0FXbUBI84kxeQ_HEg,4.8,354.0,15869464000728056834,36,general_smartphones
Mastercard $100 OFF Google Pixel 8 8GB/128GB 5G Smartphone,eBay - gogofastphones,"https://www.google.com/search?ibp=oshop&q=Smartphone&prds=localAnnotatedOfferId:1,catalogid:11016995855768897346,pvo:2,pvt:hg,rds:PC_6027158597472037202%7CPROD_PC_6027158597472037202&gl=sa&udm=28&pvorigin=2","SAR 1,566.25",https://encrypted-tbn1.gstatic.com/shopping?q=tbn:ANd9GcS4cBBcm1OKiSln_ivcv1zC_xseCaq__GRmkTrqAW44MHuxqvKNiqf0rgFpZ_sSZhoewp6FIqYckmmbXtlIFeCwhFqc-yAuieZSG7PMH0PYzS5S4OGP6LWR,4.4,2600.0,11016995855768897346,37,general_smartphones
Samsung Galaxy A37 5G,روتا ستور,"https://www.google.com/search?ibp=oshop&q=Smartphone&prds=localAnnotatedOfferId:1,catalogid:10672803985915371056,pvo:2,pvt:hg,rds:PC_6027158597472037202%7CPROD_PC_6027158597472037202&gl=sa&udm=28&pvorigin=2","SAR 1,599.00",https://encrypted-tbn3.gstatic.com/shopping?q=tbn:ANd9GcTtXaiONCL6YlvS1EZDSTApvKfKMjm2KNRHQ0qyEZg9CzyKYOzyTK2_Bm2BtUfKSpNpCdOuucHfl-O7I8m6PSGmvRM3kusVgGSJN_bZhbmj4-VToMfKzsUa2fo,4.8,3800.0,10672803985915371056,38,general_smartphones
OnePlus Turbo 6X 5G 8GB/256GB Dimensity 7360 SUPER,lydarz.com,"https://www.google.com/search?ibp=oshop&q=Smartphone&prds=localAnnotatedOfferId:1,catalogid:11626255187636916891,pvo:2,pvt:hg,rds:PC_6027158597472037202%7CPROD_PC_6027158597472037202&gl=sa&udm=28&pvorigin=2","SAR 1,505.60",https://encrypted-tbn0.gstatic.com/shopping?q=tbn:ANd9GcRMFCiPiFP7Wgtw20J4x3zmmNlmoP-oT6MImQsKbTgduhIAeiyLLM6hEfx5W6OrMVSZxR0LZH9tmK9fGGKXOFwnStrLgLK8EWrctsdTTznCkxJ6TVeT_PpxWw,,,11626255187636916891,39,general_smartphones
"سامسونج - جالكسي A37, بسعة 256 جيجا, الرام 8, 5 جي - اخضر داكن",المخازن السوداء,"https://www.google.com/search?ibp=oshop&q=Smartphone&prds=localAnnotatedOfferId:1,productid:11744048654083381589,pvo:2,pvt:hg,rds:PC_6027158597472037202%7CPROD_PC_6027158597472037202&gl=sa&udm=28&pvorigin=2","SAR 1,669.00",https://encrypted-tbn2.gstatic.com/shopping?q=tbn:ANd9GcT6k0mGTlAWs1wR9pZosj-Z8UATzUgtDQJ63wa4sFjarDnz8pfEHJjzvMcz3n2TEZcGoqGhuyAvB12K_Ze0uuHylOValGJRoMVDhFZtvf_3eq62BoBtvKUI2gM,4.8,3800.0,11744048654083381589,40,general_smartphones
"Skyworth 32E5000G 32"" 2K Led Tv",noon.com,"https://www.google.com/search?ibp=oshop&q=Smart+TV&prds=localAnnotatedOfferId:1,catalogid:17255214513787017709,pvo:2,pvt:hg,rds:PC_6027158597472037202%7CPROD_PC_6027158597472037202&gl=sa&udm=28&pvorigin=2",SAR 499.00,https://encrypted-tbn0.gstatic.com/shopping?q=tbn:ANd9GcRv_UkKWDlwGki5UAn-EVTxv6nfmyT-dESiEI8CBA2u_resOpb4W_2PKAt4ZQCPxkTBkMyIViih0hevM0JpSHd9lbZYWulsv1XTQ5SMLyK8rwNd2PNVgaLO0g,,,17255214513787017709,1,smart_tvs
"TCL 65"" Smart TV 65p7k",SACO,"https://www.google.com/search?ibp=oshop&q=Smart+TV&prds=localAnnotatedOfferId:1,catalogid:9082540822574503731,pvo:2,pvt:hg,rds:PC_6027158597472037202%7CPROD_PC_6027158597472037202&gl=sa&udm=28&pvorigin=2","SAR 1,949.00",https://encrypted-tbn1.gstatic.com/shopping?q=tbn:ANd9GcTM4WlqnMfGVbiIBhV9GAlOy5CqbVoWiRUds4Z0aREwmAxXpO9wOiGtDljkEBzDV2Jnh3XyqU0mHifbTI9gdUyWpoHOuaQd6ThCezv0_dEfvXmVgNGPBPG_,4.6,11.0,9082540822574503731,2,smart_tvs
Samsung 4K Smart Mini LED TV,Amazon.sa - Seller,"https://www.google.com/search?ibp=oshop&q=Smart+TV&prds=localAnnotatedOfferId:1,catalogid:17080513407992594395,pvo:2,pvt:hg,rds:PC_6027158597472037202%7CPROD_PC_6027158597472037202&gl=sa&udm=28&pvorigin=2","SAR 2,759.00",https://encrypted-tbn0.gstatic.com/shopping?q=tbn:ANd9GcSYcFrBi2npNJ66jQVvvuguLCnxE2u-T4L-QUyAPHdGaIzPLp4671w_wfSWq-ffc-ffflRVDjN5TaBDi7YQPm9hUV1R8TJpSuUZcXpj2JQFAQ9hAyO23rWncw,4.5,1500.0,17080513407992594395,3,smart_tvs
تلفزيون سمارت بدون اطار اركيو، 32 بوصة، FHD، شاشة LED، اندرويد 14، RO-32LPS - اسود,Al Saif Gallery,"https://www.google.com/search?ibp=oshop&q=Smart+TV&prds=localAnnotatedOfferId:1,productid:17046521181234350980,pvo:2,pvt:hg,rds:PC_6027158597472037202%7CPROD_PC_6027158597472037202&gl=sa&udm=28&pvorigin=2",SAR 489.00,https://encrypted-tbn2.gstatic.com/shopping?q=tbn:ANd9GcRHPUiWFB8XVh-hW-1bXqNub7ZJ1iOt9HhRsbNw3PmcErKpM7Iapj1R4SN5niOQ8qQKmLA0Z3y_8qvsG-dbSukxDNAQtlAUpiDETqbKMuY,,,17046521181234350980,4,smart_tvs
Hisense 4K QLED Smart TV VRR,eXtra Stores,"https://www.google.com/search?ibp=oshop&q=Smart+TV&prds=localAnnotatedOfferId:1,catalogid:15735816820305680820,pvo:2,pvt:hg,rds:PC_6027158597472037202%7CPROD_PC_6027158597472037202&gl=sa&udm=28&pvorigin=2","SAR 2,299.00",https://encrypted-tbn2.gstatic.com/shopping?q=tbn:ANd9GcT5QtY01Ko4wM05qskdMKwOlmBo-pl8VpW2ZHSpt3EeJCbr13ifdf1AWwVKDblRuhC1Sxywy0Di8TUsq-g2mPn27sEgJ_917VOGmWFZKVIZ5634MxhoJjihnA,5.0,15.0,15735816820305680820,5,smart_tvs
نيكاي شاشة سمارت 32 بوصة فل اتش دي,Dukan | الدكان,"https://www.google.com/search?ibp=oshop&q=Smart+TV&prds=localAnnotatedOfferId:1,productid:15233424160933925485,pvo:2,pvt:hg,rds:PC_6027158597472037202%7CPROD_PC_6027158597472037202&gl=sa&udm=28&pvorigin=2",SAR 439.00,https://encrypted-tbn0.gstatic.com/shopping?q=tbn:ANd9GcSBxYa5drOvaRd8SetFhjlKUixYaWAg1QuEB_fr0wBB170TVb2T8lQ8bhGg7MBp4Neri8cxJXAtOmPxpiyYSXrpVBmNPxX0yL6m_8B6xeowTUfan9ZKXCR_,4.0,619.0,15233424160933925485,6,smart_tvs
TCL 65-Inch 4K UHD LED Smart TV Google TV,noon.com,"https://www.google.com/search?ibp=oshop&q=Smart+TV&prds=localAnnotatedOfferId:1,catalogid:12657437988631670926,pvo:2,pvt:hg,rds:PC_6027158597472037202%7CPROD_PC_6027158597472037202&gl=sa&udm=28&pvorigin=2","SAR 1,699.00",https://encrypted-tbn3.gstatic.com/shopping?q=tbn:ANd9GcQutqiXFHqG5FUXE0ewxGxy6oIANcp0GUn2cJHOza6PRGMObHPdm_lcdG4-P3eI5QUEj-k0Kb96n2FsmOGbxdCBhCnJHXWK9n-7u-yfCGE7-Yfmbm-gQLyo,5.0,1.0,12657437988631670926,7,smart_tvs
77 inch LG OLED evo AI C6 4K Smart TV 2026 144HZ α11 AI Processor 4K Gen3,stc,"https://www.google.com/search?ibp=oshop&q=Smart+TV&prds=localAnnotatedOfferId:1,catalogid:7053366571702290996,pvo:2,pvt:hg,rds:PC_6027158597472037202%7CPROD_PC_6027158597472037202&gl=sa&udm=28&pvorigin=2","SAR 5,849.00",https://encrypted-tbn3.gstatic.com/shopping?q=tbn:ANd9GcSYz6NeZcByEBe4X8U29Ltn1ZtdEp3x7iKnMDfQuRdtlZ3rtrQSn1qF8sn8b8P1EcqHE4qRt_-tugKbJGNoVaGcYqhzqR5bKdZxpRrw3X7QNXtBA8kRVubymA,4.2,16.0,7053366571702290996,8,smart_tvs
Skyworth Smart TV,Amazon.sa - Seller,"https://www.google.com/search?ibp=oshop&q=Smart+TV&prds=localAnnotatedOfferId:1,catalogid:11368716268603101621,pvo:2,pvt:hg,rds:PC_6027158597472037202%7CPROD_PC_6027158597472037202&gl=sa&udm=28&pvorigin=2","SAR 1,359.00",https://encrypted-tbn2.gstatic.com/shopping?q=tbn:ANd9GcTIHEi5LUhHXR4vL2yWQAJyb2U__P3FVFXQWWVGn8V-tf48kppH7Ue42ul6i8uM61kuFJx3pgdSoF3_BAwxLmbq21o68vHTf9LGON1rw_nUGZ-M1M1YnnfC,5.0,4.0,11368716268603101621,9,smart_tvs
تلفزيون سمارت بدون اطار كيو ال دي ، 32 بوصة، HD، شاشة LED، نظام اندرويد 14، SRET-32S1 - اسود,Al Saif Gallery,"https://www.google.com/search?ibp=oshop&q=Smart+TV&prds=localAnnotatedOfferId:1,productid:3181699589321645325,pvo:2,pvt:hg,rds:PC_6027158597472037202%7CPROD_PC_6027158597472037202&gl=sa&udm=28&pvorigin=2",SAR 525.00,https://encrypted-tbn1.gstatic.com/shopping?q=tbn:ANd9GcSyWM2DV3w1ppxzRh7gR47_VtBC68tAIVqIfKvzBY95lxweAmuXB2Df2X9J_hfl9O5RlbB20LnLImKXYECoNzsMlZZ3FVzYV20cBVQgsBI,,,3181699589321645325,10,smart_tvs
TRUVA 50 Inch 4K UHD Smart LED TV with Android,Redsea.com,"https://www.google.com/search?ibp=oshop&q=Smart+TV&prds=localAnnotatedOfferId:1,productid:14109363200446955115,pvo:2,pvt:hg,rds:PC_6027158597472037202%7CPROD_PC_6027158597472037202&gl=sa&udm=28&pvorigin=2",SAR 899.00,https://encrypted-tbn1.gstatic.com/shopping?q=tbn:ANd9GcQOnVeiGgqq2ilkaysmu10xSHhc54OZp32YWpd_Glylzv7YCHQjR706Sui1hELRCeRW7yxjdmN0U2vOi4_EQVLrB9WfgO5I6zNKxXxfKPdLlfyTdGhnc3lyfQ,,,14109363200446955115,11,smart_tvs
Hisense U7Q 4K Mini LED Smart Television,eXtra Stores,"https://www.google.com/search?ibp=oshop&q=Smart+TV&prds=localAnnotatedOfferId:1,catalogid:12069494266424169783,pvo:2,pvt:hg,rds:PC_6027158597472037202%7CPROD_PC_6027158597472037202&gl=sa&udm=28&pvorigin=2","SAR 7,109.00",https://encrypted-tbn1.gstatic.com/shopping?q=tbn:ANd9GcQnl3Pc4s4JnGEFgQoBV_SrOgcPYxUT1sUEkotaLDmwA9svu29LftUlCP5SeYduiHGtu7wu1BaFkRJ2EhgG21xdSxkQCiEj3OdHueg6SKD_EvfE8OywPFi9RA,4.8,661.0,12069494266424169783,12,smart_tvs
تلفزيون Samsung QLED Q7F ذكي بمقاس 43 بوصة، بدقة 4K، وتقنية Vision AI، الطراز 43Q7F,ShamsAlSahil,"https://www.google.com/search?ibp=oshop&q=Smart+TV&prds=localAnnotatedOfferId:1,productid:2996973206527535519,pvo:2,pvt:hg,rds:PC_6027158597472037202%7CPROD_PC_6027158597472037202&gl=sa&udm=28&pvorigin=2","SAR 1,310.53",https://encrypted-tbn2.gstatic.com/shopping?q=tbn:ANd9GcRcPwd2lTIkoYVpDhwycAWQvsxSWm5P6U7kWDVTvU0_Nj13TYvfxcnl5ltrVBJ2SLpiwhFgYHKmr3D1FERI-Y_ocrk3TGd1xO7SW_otsOgWy4ufIiiD0JjWbQ,4.5,673.0,2996973206527535519,13,smart_tvs
Sony 4K HDR Google LED TV,Amazon.sa,"https://www.google.com/search?ibp=oshop&q=Smart+TV&prds=localAnnotatedOfferId:1,catalogid:6911795900633900071,pvo:2,pvt:hg,rds:PC_6027158597472037202%7CPROD_PC_6027158597472037202&gl=sa&udm=28&pvorigin=2","SAR 4,499.00",https://encrypted-tbn3.gstatic.com/shopping?q=tbn:ANd9GcSkTPcSrUZ9Rc02cTBWtdIm3wuxqN9h956FnR0WjZ1OKMTSXzj7vfrBm_ilt9cZSds9kGIgHrpzZJAf8NQF1ITbiX_ef2-82qSQ6nmEzvdfW4VTQnoX3E_T,4.7,5400.0,6911795900633900071,14,smart_tvs
TCL Smart TV 4K QLED Colorful Quantum Crystal HDR 10+ Gaming Google TV,noon.com,"https://www.google.com/search?ibp=oshop&q=Smart+TV&prds=localAnnotatedOfferId:1,catalogid:7477239919624710595,pvo:2,pvt:hg,rds:PC_6027158597472037202%7CPROD_PC_6027158597472037202&gl=sa&udm=28&pvorigin=2","SAR 4,999.00",https://encrypted-tbn2.gstatic.com/shopping?q=tbn:ANd9GcRqqCelle2gexHlWfDWPGtuj_I074y4g8q43zbqYD4L5M8osNtPch-DxloF9a7ojJXXOQAp5PK938e65hvXqokT-f6CpfLXyeBWqc459y-XWB8so0OOb8Ld,5.0,3.0,7477239919624710595,15,smart_tvs
Nikai 4K UHD Smart LED TV,Alkhunaizan Co.,"https://www.google.com/search?ibp=oshop&q=Smart+TV&prds=localAnnotatedOfferId:1,catalogid:5573565830443335402,pvo:2,pvt:hg,rds:PC_6027158597472037202%7CPROD_PC_6027158597472037202&gl=sa&udm=28&pvorigin=2","SAR 1,599.00",https://encrypted-tbn0.gstatic.com/shopping?q=tbn:ANd9GcSw_r9TjyS6viOBq_4h4OrhDo4w7MXBw0rx78DozpBt9gzs3dUZBAnCb9sFzsWVT5blmEZdIiB4LtcmBrIWCnwPGpzbkGMmtgzhARv86nmCdxvLTtV2aHS-,,,5573565830443335402,16,smart_tvs
LG 65QNED86A6A TV 65 Inch 4K QNED evo AI TV,eXtra Stores,"https://www.google.com/search?ibp=oshop&q=Smart+TV&prds=localAnnotatedOfferId:1,catalogid:10584549077125544339,pvo:2,pvt:hg,rds:PC_6027158597472037202%7CPROD_PC_6027158597472037202&gl=sa&udm=28&pvorigin=2","SAR 5,999.00",https://encrypted-tbn0.gstatic.com/shopping?q=tbn:ANd9GcTzWojjHATUnIH8XaEdkUf0ABkmZX2oJAEUFmJdX0Aei7lYjBqNHXSxl7yzCbe_1a31K0tQPOxBbORkGlfl_gzVA_RPS896vUZOPHbiaSONtQxEKpU4Vrc-,4.8,1200.0,10584549077125544339,17,smart_tvs
Dansat تلفزيون ذكي فائق الدقة 4k مقاس 50 بوصة (أندرويد 0.13) - أسود - Dtd5021bu/dtd5022bu/dtd50bu - One size,Trendyol,"https://www.google.com/search?ibp=oshop&q=Smart+TV&prds=localAnnotatedOfferId:1,productid:3099289377372175981,pvo:2,pvt:hg,rds:PC_6027158597472037202%7CPROD_PC_6027158597472037202&gl=sa&udm=28&pvorigin=2","SAR 1,098.00",https://encrypted-tbn2.gstatic.com/shopping?q=tbn:ANd9GcSx5FSTpTcofFrPoOrQ3aao4ipNZh7MIRzdjRq5wSOAYcQ6UK7Yiom0ixQtnS_jfEzxhHz8t6i91Y8jkJIIinx8IcrvihZ6lISA1lUl6ArXmdYubP3SM3u4CA,4.0,91.0,3099289377372175981,18,smart_tvs
TCL 55-Inch 4K QLED Smart TV with Google TV,Carrefour KSA,"https://www.google.com/search?ibp=oshop&q=Smart+TV&prds=localAnnotatedOfferId:1,catalogid:1684790225611315217,pvo:2,pvt:hg,rds:PC_6027158597472037202%7CPROD_PC_6027158597472037202&gl=sa&udm=28&pvorigin=2","SAR 2,349.00",https://encrypted-tbn1.gstatic.com/shopping?q=tbn:ANd9GcSXyym8JURwAHrbDJV0HScCkrnk9yZ0nAXu5oOoEEI1q1j9YYCsNCX1dNYzdZFPYMMr-MPQjjj4HGJjfUzboVvUVA3GAuYphojESemUaBNtWOu7zCWbSqeY,4.8,365.0,1684790225611315217,19,smart_tvs
تلفزيون سمارت بدون اطار دانسات، 50 بوصة، 4K UHD، شاشة LED، نظام ويب اوس، ريموت ماجيك، حامل جداري، ريسيفر داخلي، DTD5023UW - اسود,Al Saif Gallery,"https://www.google.com/search?ibp=oshop&q=Smart+TV&prds=localAnnotatedOfferId:1,productid:7047663894853627929,pvo:2,pvt:hg,rds:PC_6027158597472037202%7CPROD_PC_6027158597472037202&gl=sa&udm=28&pvorigin=2","SAR 1,099.00",https://encrypted-tbn3.gstatic.com/shopping?q=tbn:ANd9GcSME6q1kLxUZfCciG-hF4VvJ3LZUuJ0EdcgJDlKOFQ7RXZpJ1ssUgy_qbpM4vgneDDe0I_3zPuTWyshqnpI4P10Ie88VS316eDPQCpPGVE,,,7047663894853627929,20,smart_tvs
Samsung Crystal UHD U8000F 4K Smart TV,LuLu Hypermarket,"https://www.google.com/search?ibp=oshop&q=Smart+TV&prds=localAnnotatedOfferId:1,catalogid:446603590797536191,pvo:2,pvt:hg,rds:PC_6027158597472037202%7CPROD_PC_6027158597472037202&gl=sa&udm=28&pvorigin=2","SAR 1,999.00",https://encrypted-tbn0.gstatic.com/shopping?q=tbn:ANd9GcTTyXM6Shhge66sUvXEZBI0gy5iNsouhZ26ElVgaGpHO7ZLAkU1bSm1BG_EPQmX6SR2RaymmODGY-9rOicOZUzXVNFYhiX8m5TZaxdC4WqZmdOwG-jrVzu1,4.5,21000.0,446603590797536191,21,smart_tvs
75 inch LG QNED AI QNED70 Mini LED 4K Smart TV 2026 – 75qned72b6t,eXtra Stores,"https://www.google.com/search?ibp=oshop&q=Smart+TV&prds=localAnnotatedOfferId:1,catalogid:1570133613620937576,pvo:2,pvt:hg,rds:PC_6027158597472037202%7CPROD_PC_6027158597472037202&gl=sa&udm=28&pvorigin=2","SAR 3,299.00",https://encrypted-tbn0.gstatic.com/shopping?q=tbn:ANd9GcSEzdm5xk-sIt2-oLNap3W9JN-Sv5qdb5DVjQs7eCfj3gj4qDjmv9F5axV8zjThLUmcAuiGvZYb0FM1bmVhDzIKylsZDh1bjd33Yqm1r28ztcMLYZ94SnfY,4.6,266.0,1570133613620937576,22,smart_tvs
Hisense 4K UHD Smart TV,قصر الأواني,"https://www.google.com/search?ibp=oshop&q=Smart+TV&prds=localAnnotatedOfferId:1,catalogid:8497972901083382896,pvo:2,pvt:hg,rds:PC_6027158597472037202%7CPROD_PC_6027158597472037202&gl=sa&udm=28&pvorigin=2","SAR 1,449.00",https://encrypted-tbn2.gstatic.com/shopping?q=tbn:ANd9GcRNqWwAtWvNuOk8W5Tr_vFqrkj0A-JA1G2bL36-WrJcDL9km04K9iVVyrlxoPtFvsHyiMPVCMX_G47cEUsriktsEWjudGkWIG9_uoRixzIZ73mP7w3t1w5L,4.5,1400.0,8497972901083382896,23,smart_tvs
Skyworth 75inch X6600H 4K QD Mini LED Google Television 75x6600h,noon.com,"https://www.google.com/search?ibp=oshop&q=Smart+TV&prds=localAnnotatedOfferId:1,catalogid:17893693331302093173,pvo:2,pvt:hg,rds:PC_6027158597472037202%7CPROD_PC_6027158597472037202&gl=sa&udm=28&pvorigin=2","SAR 2,999.00",https://encrypted-tbn2.gstatic.com/shopping?q=tbn:ANd9GcRJ75U2cnW1S7tBYEspGsOCFg2dPCLtyAIv1c_CoUZWuy8SCUq_MIGI1fPF5BJ6hN7iPy8rNrslaU7guiBErug7Fl9ipp0OkeZsXnW7X4gqD4kmLSfni7pp,,,17893693331302093173,24,smart_tvs
"TCL Smart TV 55"" UHD 4K Google TV 55p6k",Alesayi Electronics,"https://www.google.com/search?ibp=oshop&q=Smart+TV&prds=localAnnotatedOfferId:1,catalogid:13727152197201173939,pvo:2,pvt:hg,rds:PC_6027158597472037202%7CPROD_PC_6027158597472037202&gl=sa&udm=28&pvorigin=2","SAR 1,849.00",https://encrypted-tbn2.gstatic.com/shopping?q=tbn:ANd9GcSag30k13wfC-dp-95mqNbtNCjZCuAHby-dADrCDfl4ZV44hhAqB_JDke0NTjRc5uiiMvtK8Nkajk6trj146jELbjgYTG1-ovSBpTcaNiC0ckerNlMR-j_h_Q,3.8,6.0,13727152197201173939,25,smart_tvs
LG B6 OLED AI 4K Smart TV,LG Electronics Saudi Arabia,"https://www.google.com/search?ibp=oshop&q=Smart+TV&prds=localAnnotatedOfferId:1,catalogid:4303607935676857563,pvo:2,pvt:hg,rds:PC_6027158597472037202%7CPROD_PC_6027158597472037202&gl=sa&udm=28&pvorigin=2","SAR 9,999.00",https://encrypted-tbn0.gstatic.com/shopping?q=tbn:ANd9GcT4U1v-lPYzQSUB7sG6b3Xl8dK6xOfnAWCrQ_-B2nIje2GTSFZ6L7g0Fwy3YsgMC4HVJk8rbIvkbA-SSRXfBuxWwmVW95heHG4hxcsiWs8kZPpGiwkGxnMq,4.6,751.0,4303607935676857563,26,smart_tvs
"TCL 75"" Smart TV",Jarir Bookstore,"https://www.google.com/search?ibp=oshop&q=Smart+TV&prds=localAnnotatedOfferId:1,productid:16200241916956888638,pvo:2,pvt:hg,rds:PC_6027158597472037202%7CPROD_PC_6027158597472037202&gl=sa&udm=28&pvorigin=2","SAR 7,599.00",https://encrypted-tbn3.gstatic.com/shopping?q=tbn:ANd9GcQJKos_yHPidpPBTxIfSWf0sSsQngAEZ1iGcliaXF3Xcn8cxt02N1Enc-murbPy_D6sJTb6z6NPBmLDxjuL4bwqwc8PClIVn8msQDxU3QgP,4.8,900.0,16200241916956888638,27,smart_tvs
تلفزيون سمارت بدون اطار دانسات، 55 بوصة، 4K UHD، شاشة ، نظام جوجل، ريسيفر داخلي، DTQ55U60HZ- اسود,Al Saif Gallery,"https://www.google.com/search?ibp=oshop&q=Smart+TV&prds=localAnnotatedOfferId:1,productid:17301079503290523012,pvo:2,pvt:hg,rds:PC_6027158597472037202%7CPROD_PC_6027158597472037202&gl=sa&udm=28&pvorigin=2","SAR 1,379.00",https://encrypted-tbn2.gstatic.com/shopping?q=tbn:ANd9GcQawG8yJTwANOAYUubmigI3-k5amq7xbd7ddHjsLBS8-VvC0CmDhYoNHrJU1fhEWG-pAxVUbK8cFKgO6aSuy-MIAg44VSsaIs412Ij_tNMU,,,17301079503290523012,28,smart_tvs
Nikai Q Series 58-inch 4K UHD Smart LED TV 60QTZN4KSLED (Black),HNAK.com,"https://www.google.com/search?ibp=oshop&q=Smart+TV&prds=localAnnotatedOfferId:1,productid:12936479078483526934,pvo:2,pvt:hg,rds:PC_6027158597472037202%7CPROD_PC_6027158597472037202&gl=sa&udm=28&pvorigin=2","SAR 1,299.00",https://encrypted-tbn0.gstatic.com/shopping?q=tbn:ANd9GcT3PEu9LOdclw1McOqe1BCEGwopIOOU-xs8yJMWJLSqRyeiDLbb1aWHeIL3O_Ky3nVrkXNrSZoxk5Zty3OcTcf4nLcekvSBV1JgPlHHR1fIfkYZdECs1fnS,,,12936479078483526934,29,smart_tvs
تلفزيون ذكي أندرويد 55 بوصة Ultra HD 4K مع حامل حائط أسود,noon.com,"https://www.google.com/search?ibp=oshop&q=Smart+TV&prds=localAnnotatedOfferId:1,productid:12752991845255828589,pvo:2,pvt:hg,rds:PC_6027158597472037202%7CPROD_PC_6027158597472037202&gl=sa&udm=28&pvorigin=2","SAR 1,299.00",https://encrypted-tbn1.gstatic.com/shopping?q=tbn:ANd9GcS8Gvn5sUPDWqwXlMOMi0W1wX1TlYK4z7v2RDDmKUxSWVFZX4RhKoaBVHSBoAYv1oGLpnwVibSo6OZK0mjlvQixpJqclAtUbEnywpE2b-JE80rhT7xX4LUz3w,4.0,91.0,12752991845255828589,30,smart_tvs
Samsung OLED S90F 4K Vision AI Smart TV,swsg.co,"https://www.google.com/search?ibp=oshop&q=Smart+TV&prds=localAnnotatedOfferId:1,catalogid:5875724585635699700,pvo:2,pvt:hg,rds:PC_6027158597472037202%7CPROD_PC_6027158597472037202&gl=sa&udm=28&pvorigin=2","SAR 7,649.00",https://encrypted-tbn2.gstatic.com/shopping?q=tbn:ANd9GcSHPw52oQqmDGb2kBN88cN_KOjW36tz3OIcOvlo1CGRGXfHgJCzT0syojKHvuO-lmp3p3lV1gwJladWJns6D5PDR_qQnaCIyXDYYo3PnLw,4.8,2600.0,5875724585635699700,31,smart_tvs
Samsung 43-Inch Smart FHD TV ua43f6000fuxsa,Redsea.com,"https://www.google.com/search?ibp=oshop&q=Smart+TV&prds=localAnnotatedOfferId:1,catalogid:7851350855471582472,pvo:2,pvt:hg,rds:PC_6027158597472037202%7CPROD_PC_6027158597472037202&gl=sa&udm=28&pvorigin=2","SAR 1,099.00",https://encrypted-tbn2.gstatic.com/shopping?q=tbn:ANd9GcSypeS9LpRf9Q-Mq7BKu_Mxxr5bgAbsZlyR6ULstlYXR1hEyzIqvyZlig1hFKr72DSM83f0bz2aFzB5592Yd3ZdmeREQPKd79yGixBaB-WP6W6Qv4bNvUqL,4.8,29.0,7851350855471582472,32,smart_tvs
Samsung Crystal UHD DU7000 4K Tizen OS Smart TV,Menakart,"https://www.google.com/search?ibp=oshop&q=Smart+TV&prds=localAnnotatedOfferId:1,catalogid:5374125687572089492,pvo:2,pvt:hg,rds:PC_6027158597472037202%7CPROD_PC_6027158597472037202&gl=sa&udm=28&pvorigin=2","SAR 1,115.67",https://encrypted-tbn1.gstatic.com/shopping?q=tbn:ANd9GcSczNMV_Dg3bYtNbONc74J1q3cOXqB-72O2XYez9VbRJRJSIBUz0tzw5sa3cza-T-iJgSp1DG9AY-pPNI_HaiiXVBBtcG8dJPI72CYMveKhqYwwYUzPOqd1,4.7,1800.0,5374125687572089492,33,smart_tvs
LG Smart TV 4K Mini RGB,LG Electronics SArabia EN,"https://www.google.com/search?ibp=oshop&q=Smart+TV&prds=localAnnotatedOfferId:1,catalogid:5395982488274896832,pvo:2,pvt:hg,rds:PC_6027158597472037202%7CPROD_PC_6027158597472037202&gl=sa&udm=28&pvorigin=2","SAR 9,399.00",https://encrypted-tbn1.gstatic.com/shopping?q=tbn:ANd9GcTkQm1Qy7MktOXyzDQTGYcp1Lm4-qOkl3s8mQ2ikbo2mwAbWB353SCeQmSJSjNKpe8Nt_287XUYIhYmQ627AtMJ6bjO9iOdeSBfAdBw4XmpECd16MFUvyciVQ,4.9,150.0,5395982488274896832,34,smart_tvs
Dansat 75-Inch Ultra HD 4K Smart Android Television with Wall mount DTD75BU Black,noon.com,"https://www.google.com/search?ibp=oshop&q=Smart+TV&prds=localAnnotatedOfferId:1,productid:7090038441476415141,pvo:2,pvt:hg,rds:PC_6027158597472037202%7CPROD_PC_6027158597472037202&gl=sa&udm=28&pvorigin=2","SAR 3,689.00",https://encrypted-tbn3.gstatic.com/shopping?q=tbn:ANd9GcQW2D59qtSCPHNCLmeGQ-BOhN8G-FopgtxfgrofZuoaWlmH1TLsed-utL_crjQ-oCV6bn5YMjt_hSCrKc9gwHFvCgtShhfrSQcRG0aLFwVQ-koPS1Z7gUCM5A,4.0,91.0,7090038441476415141,35,smart_tvs
شاشة تلفزيون سمارت سيرين Sreen 32 Smart – ذكية 32 بوصة,مرسال للإتصالات والاجهزه الإلكترونية,"https://www.google.com/search?ibp=oshop&q=Smart+TV&prds=localAnnotatedOfferId:1,productid:11826606568086133516,pvo:2,pvt:hg,rds:PC_6027158597472037202%7CPROD_PC_6027158597472037202&gl=sa&udm=28&pvorigin=2",SAR 555.00,https://encrypted-tbn1.gstatic.com/shopping?q=tbn:ANd9GcQ364ewl0kNo_uvTKPN-dhUF6O1TTx-iaosibYdNfRdsDqildYiXWbLRuCicQEWdx49ZpQzN836WlmbbfnpesdqjxlyTwQxmif2-6lMlzpoDoSYFtypYljF,,,11826606568086133516,36,smart_tvs
تلفزيون سمارت بدون اطار جي في سي برو، 50 بوصة، شاشة QLED، 4K UHD، نظام ويب او اس، ريموت ماجيك، 50GWQ6101 - اسود,Al Saif Gallery,"https://www.google.com/search?ibp=oshop&q=Smart+TV&prds=localAnnotatedOfferId:1,productid:7327461262692072897,pvo:2,pvt:hg,rds:PC_6027158597472037202%7CPROD_PC_6027158597472037202&gl=sa&udm=28&pvorigin=2","SAR 1,199.00",https://encrypted-tbn0.gstatic.com/shopping?q=tbn:ANd9GcTm2KO8Ds4XZ-g1ABCzdS8fZN17XGQKs61bzQ_BOT9LjuA6RGkJ2izrxbo7CjMmh_DpZCAeLOLPFLEvr-EV2oh9Z5Uy3x4Yr2vC8mRhq1mZ,,,7327461262692072897,37,smart_tvs
Impex Fiesta 55-inch Smart TV,HNAK.com,"https://www.google.com/search?ibp=oshop&q=Smart+TV&prds=localAnnotatedOfferId:1,catalogid:15279016506277672645,pvo:2,pvt:hg,rds:PC_6027158597472037202%7CPROD_PC_6027158597472037202&gl=sa&udm=28&pvorigin=2","SAR 1,299.00",https://encrypted-tbn0.gstatic.com/shopping?q=tbn:ANd9GcRU932jgnQ2Xkia83PZgY-YjQUQHB9WvmFCuCAUff0Yb_Mb_Qkn8bfSgL6bTj3bPFPvO_p4bGhzNhVROK3ZxipeHv5uSMwW10x48rBlZQG6m2Ekcr_oOb6u,,,15279016506277672645,38,smart_tvs
Dansat 50-inch Android 15 Smart 4K TV - 106996,شركة عالم الأجهزة التجارية,"https://www.google.com/search?ibp=oshop&q=Smart+TV&prds=localAnnotatedOfferId:1,productid:10782975740344281103,pvo:2,pvt:hg,rds:PC_6027158597472037202%7CPROD_PC_6027158597472037202&gl=sa&udm=28&pvorigin=2",SAR 916.00,https://encrypted-tbn0.gstatic.com/shopping?q=tbn:ANd9GcRpFX5tll4DL43atUqdAt_4Y4xe28iez5KQpuT4_CYri8i_qRnNCh6Di5yQUtXCAds0R5_12oSWGqWPS85IwNtBJbe4cEpWzWDRjfDJDGkbg2tlHDGgBl6yqQ,4.0,91.0,10782975740344281103,39,smart_tvs
Skyworth 65inch Q6820H QLED+ 4K Google Television 65q6820h,LuLu Hypermarket,"https://www.google.com/search?ibp=oshop&q=Smart+TV&prds=localAnnotatedOfferId:1,catalogid:3511828854919004071,pvo:2,pvt:hg,rds:PC_6027158597472037202%7CPROD_PC_6027158597472037202&gl=sa&udm=28&pvorigin=2","SAR 1,999.00",https://encrypted-tbn2.gstatic.com/shopping?q=tbn:ANd9GcR5TvPKqUJ6wQC1wIcvkNXgeRgRSAAL3Pbm7Hz5iY0_NakOeKHLcZTM6zAAKDU4o8FbdMp8NJ0Jgdsfk1tPqYV-HxvIIyhuCCqo1Gx_Wcvg6w60HFihBbio3w,5.0,2.0,3511828854919004071,40,smart_tvs
LG 85NU850B6LA 85 inch 4K UHD LED α7 AI Processor 4K Gen9 4K Super Upscaling HDR10 / HLG Game Dashboard AI Sound Pro (Virtual 9.1.2 Up-mix) AI Magic,Amazon.sa,"https://www.google.com/search?ibp=oshop&q=Smart+TV&prds=localAnnotatedOfferId:1,catalogid:14270298696639026366,pvo:2,pvt:hg,rds:PC_6027158597472037202%7CPROD_PC_6027158597472037202&gl=sa&udm=28&pvorigin=2","SAR 3,683.57",https://encrypted-tbn3.gstatic.com/shopping?q=tbn:ANd9GcQYX417sVLfaQr5bBhNbeAiWicN12c53OW3kcskKzCk8lxGgG_Dn1MizkN5jsjOr3b3YGFGoLMUSG72zWeb3BOZiq0L-PlM9E4dmei8aQVSpDciz9rycd9hvw,,,14270298696639026366,1,smart_tvs
Mini LED M1EH 4K Samsung Vision AI Smart TV,Sharaf DG Saudi Arabia,"https://www.google.com/search?ibp=oshop&q=Smart+TV&prds=localAnnotatedOfferId:1,catalogid:10649539593555030224,pvo:2,pvt:hg,rds:PC_6027158597472037202%7CPROD_PC_6027158597472037202&gl=sa&udm=28&pvorigin=2","SAR 2,999.00",https://encrypted-tbn0.gstatic.com/shopping?q=tbn:ANd9GcTPUlmbf9sC9VSapORVufGbHRny8kU-LQLMJxrvGcE3KSPbaffrQpBYRQqIK9h2RKLPmvTyc1NuW_IVYmCT8mEcYUg4RpG4uA,4.6,2100.0,10649539593555030224,2,smart_tvs
شاشة جي في سي 43 بوصة سمارت اندرويد جوجل TV,est-alsubaie.com,"https://www.google.com/search?ibp=oshop&q=Smart+TV&prds=localAnnotatedOfferId:1,productid:5649707888875676790,pvo:2,pvt:hg,rds:PC_6027158597472037202%7CPROD_PC_6027158597472037202&gl=sa&udm=28&pvorigin=2",SAR 999.00,https://encrypted-tbn1.gstatic.com/shopping?q=tbn:ANd9GcSfE8DJtAU5tmGpLJn6cKokJAYskOFxYUPeYkc6g-of7QznjF010kibRS7akxsTZIcLJUyyIHVcnGlZmmuTHz5p5TISzJY3,,,5649707888875676790,3,smart_tvs
"TCL 55"" Smart TV",Alesayi Electronics,"https://www.google.com/search?ibp=oshop&q=Smart+TV&prds=localAnnotatedOfferId:1,catalogid:3941335300495966893,pvo:2,pvt:hg,rds:PC_6027158597472037202%7CPROD_PC_6027158597472037202&gl=sa&udm=28&pvorigin=2","SAR 1,849.00",https://encrypted-tbn2.gstatic.com/shopping?q=tbn:ANd9GcSag30k13wfC-dp-95mqNbtNCjZCuAHby-dADrCDfl4ZV44hhAqB_JDke0NTjRc5uiiMvtK8Nkajk6trj146jELbjgYTG1-ovSBpTcaNiC0ckerNlMR-j_h_Q,5.0,1.0,3941335300495966893,4,smart_tvs
Samsung QLED Smart TV 4K,Jarir Bookstore,"https://www.google.com/search?ibp=oshop&q=Smart+TV&prds=localAnnotatedOfferId:1,catalogid:13271681799788074724,pvo:2,pvt:hg,rds:PC_6027158597472037202%7CPROD_PC_6027158597472037202&gl=sa&udm=28&pvorigin=2","SAR 5,999.00",https://encrypted-tbn3.gstatic.com/shopping?q=tbn:ANd9GcSsxBJMEmxBAf-PQ8AxbbyFc7J6xQBIYyGFL1cSlSWa2A1XRPInZjvm9mLyURRVjgdAeGgj66AowTvmpmCkrWJGnWjRxszrs1HNtefPEMk,3.0,2.0,13271681799788074724,5,smart_tvs
MTC Smart TV 4K UHD,مؤسسة النشمي محمد بن علي العمري,"https://www.google.com/search?ibp=oshop&q=Smart+TV&prds=localAnnotatedOfferId:1,catalogid:3270983397968725963,pvo:2,pvt:hg,rds:PC_6027158597472037202%7CPROD_PC_6027158597472037202&gl=sa&udm=28&pvorigin=2","SAR 2,920.00",https://encrypted-tbn2.gstatic.com/shopping?q=tbn:ANd9GcTM1t1ST11nT6-MdZ0spNc9TMLItIPoe2_8WRnWKkIkwS3DHoFYyDSRpgh6n2emL3vgmME5Vb79GHE60I-CaOSXsmvOZTIvscFgXGXMHl-ZP8W_EkBLp-Ti,,,3270983397968725963,6,smart_tvs
"GSG85Cجنرال سوبريم شاشة 85 بوصه، فائقة الدقة (4K-UHD)، سمارت جوجل تي في، 60 هرتزGSG85C General Supreme 85 inch, Ultra HD (4K-UHD), Smart Google TV, 60",shamilstore.com,"https://www.google.com/search?ibp=oshop&q=Smart+TV&prds=localAnnotatedOfferId:1,productid:13185525203685645585,pvo:2,pvt:hg,rds:PC_6027158597472037202%7CPROD_PC_6027158597472037202&gl=sa&udm=28&pvorigin=2","SAR 4,299.00",https://encrypted-tbn1.gstatic.com/shopping?q=tbn:ANd9GcTimOG-UYxDED9Be9BRyaU9g-Tm39x8melWE37h1hmw5GGbRIIC5D89S4ljaoCeyWW-GagUkr-RF16GZxEeiCHuUAv_KqEFo3xPmvi4AkLbb8GoKViViQagjA,,,13185525203685645585,7,smart_tvs
Hisense TV Mini LED Smart 144 Hz Ultra HD,Alkhunaizan Co.,"https://www.google.com/search?ibp=oshop&q=Smart+TV&prds=localAnnotatedOfferId:1,catalogid:892769096805491793,pvo:2,pvt:hg,rds:PC_6027158597472037202%7CPROD_PC_6027158597472037202&gl=sa&udm=28&pvorigin=2","SAR 3,999.00",https://encrypted-tbn1.gstatic.com/shopping?q=tbn:ANd9GcRY5NQRjHM-hytKXKDQ-gM8VLg9T9rFMMaYZlB8yqk_U-P2xSf9IcG15WEc3Xyw8B8SMvvKCKLGRHGeZqxuBsyBJCdRaqA_t_LlLn6ODox8FrD9QeZ4rM-f,4.8,1700.0,892769096805491793,8,smart_tvs
Impex Fiesta 55-inch Smart TV,HNAK.com,"https://www.google.com/search?ibp=oshop&q=Smart+TV&prds=localAnnotatedOfferId:1,catalogid:15279016506277672645,pvo:2,pvt:hg,rds:PC_6027158597472037202%7CPROD_PC_6027158597472037202&gl=sa&udm=28&pvorigin=2","SAR 1,299.00",https://encrypted-tbn0.gstatic.com/shopping?q=tbn:ANd9GcRU932jgnQ2Xkia83PZgY-YjQUQHB9WvmFCuCAUff0Yb_Mb_Qkn8bfSgL6bTj3bPFPvO_p4bGhzNhVROK3ZxipeHv5uSMwW10x48rBlZQG6m2Ekcr_oOb6u,,,15279016506277672645,9,smart_tvs
تلفزيون سامسونج، 75 بوصة، نيو كيوليد، سمارت 4كي بتقنية سامسونج فيجن للذكاء الاصطناعي، 144 هرتز - QA75QN70FAUXSA,Black Box,"https://www.google.com/search?ibp=oshop&q=Smart+TV&prds=localAnnotatedOfferId:1,productid:11725632080388228528,pvo:2,pvt:hg,rds:PC_6027158597472037202%7CPROD_PC_6027158597472037202&gl=sa&udm=28&pvorigin=2","SAR 3,499.00",https://encrypted-tbn1.gstatic.com/shopping?q=tbn:ANd9GcThfTQOisLDgH0HeaBQEZ3B9pD_JlUsM3RnzTk5o2FNkItsWW3PA3mcDcOfaKFDvHaUe6xIO7qqTiFPuLkLHZfvlyQFUaLOxTQE576x6SBTNoP3gVjkPr28OA,,,11725632080388228528,10,smart_tvs
Frame Pro LS03HW 4K Samsung Vision AI Smart TV,Samsung KSA,"https://www.google.com/search?ibp=oshop&q=Smart+TV&prds=localAnnotatedOfferId:1,catalogid:296351999067710540,pvo:2,pvt:hg,rds:PC_6027158597472037202%7CPROD_PC_6027158597472037202&gl=sa&udm=28&pvorigin=2","SAR 7,699.00",https://encrypted-tbn3.gstatic.com/shopping?q=tbn:ANd9GcQgTQ4DKFRoA4JDFZ8PTDbbnr0ZJVEiCCZCKxK0xAt2UUdk4hgQAm787vXDLqMRRcvI9YxZd-JIDn6of_0BRH2AP_O7tDt-0djvAOZB5dTVU1odxBiQARqO,4.6,22000.0,296351999067710540,11,smart_tvs
Skyworth 65inch X6600H 4K QD Mini LED Google Television 65x6600h,Sharaf DG Saudi Arabia,"https://www.google.com/search?ibp=oshop&q=Smart+TV&prds=localAnnotatedOfferId:1,catalogid:14955092111836405512,pvo:2,pvt:hg,rds:PC_6027158597472037202%7CPROD_PC_6027158597472037202&gl=sa&udm=28&pvorigin=2","SAR 2,399.00",https://encrypted-tbn2.gstatic.com/shopping?q=tbn:ANd9GcRe-1nsXKZyeUMIvf3LWBPEa01eakBm_VjO5hCZRNUJXSGiuLW4nwy85cZnzubm2GzpI9nekx9lR-hPNFfqcEFnQNvOF6Ud,,,14955092111836405512,12,smart_tvs
شاشة جنرال كلاس 100 بوصة كيوليد ويبوس نظام ال جي 120 هيرتز QL-10024,الصفوة بلس للاجهزة الكهربائية,"https://www.google.com/search?ibp=oshop&q=Smart+TV&prds=localAnnotatedOfferId:1,productid:11853214145977122529,pvo:2,pvt:hg,rds:PC_6027158597472037202%7CPROD_PC_6027158597472037202&gl=sa&udm=28&pvorigin=2","SAR 6,199.00",https://encrypted-tbn2.gstatic.com/shopping?q=tbn:ANd9GcSw83HC7hGSNiPaLvlqzQ4gFfrrxR5f4KueWf9lVANpyusp0fwgZysHCuMI5zyGKEsxvE96QichmeesDZL28R90JlzcJTICYVCKtpMgH7ykwfvl__1uxCsw,,,11853214145977122529,13,smart_tvs
"Geepas 32"" LED TV Slim LED TV with Remote Control",Jomla.ae,"https://www.google.com/search?ibp=oshop&q=Smart+TV&prds=localAnnotatedOfferId:1,catalogid:12767145938304307975,pvo:2,pvt:hg,rds:PC_6027158597472037202%7CPROD_PC_6027158597472037202&gl=sa&udm=28&pvorigin=2",SAR 393.00,https://encrypted-tbn2.gstatic.com/shopping?q=tbn:ANd9GcQptu08da6eDxhdb4SdFzxAG55WcM8wWImlHER0Cp_FrQefEcpNIyG2PGD3ltz8krsGUKWGoMjm3oF2pmLcfDJ_prHzLob3k0AuM129V4TPBSn8a4a2TWohNA,,,12767145938304307975,14,smart_tvs
"Samsung 85"" Smart TV ua85u8000huxsa",Alkhunaizan Co.,"https://www.google.com/search?ibp=oshop&q=Smart+TV&prds=localAnnotatedOfferId:1,catalogid:15597000808271650398,pvo:2,pvt:hg,rds:PC_6027158597472037202%7CPROD_PC_6027158597472037202&gl=sa&udm=28&pvorigin=2","SAR 4,499.00",https://encrypted-tbn1.gstatic.com/shopping?q=tbn:ANd9GcQzK8cQIDDewEpehX3sMesoAk_PfWj86j5Ffponz-6vWJNA_B6cxCpE6uvE14Z8SNqfSjoT3rQug0GSr2EpwsTMmPUw6B2Oel0QMG62aqewFO4qDQ4EvmyW,,,15597000808271650398,15,smart_tvs
شاشة جيباس 90بوصةً كيوليد 144هرتز تدعم الألعاب,almadarsa.com,"https://www.google.com/search?ibp=oshop&q=Smart+TV&prds=localAnnotatedOfferId:1,productid:16058915251523444477,pvo:2,pvt:hg,rds:PC_6027158597472037202%7CPROD_PC_6027158597472037202&gl=sa&udm=28&pvorigin=2","SAR 4,249.00",https://encrypted-tbn2.gstatic.com/shopping?q=tbn:ANd9GcSyH6GPe_JBmJZ0AIouLfNo_RNgLhwGtkiXJKXD4ikheMsZInBvda7ozharvU_rtXTLMnl2MHbXH1pS1IgWShhOsTKMSH30aZ4xXF3PWW_qS4SdBt0QnZTz2g,,,16058915251523444477,16,smart_tvs
LG QNED evo AI QNED91 MiniLED 4K 144Hz VRR Smart TV AI Magic remote webOS25 2025,Black Box,"https://www.google.com/search?ibp=oshop&q=Smart+TV&prds=localAnnotatedOfferId:1,catalogid:14809901478456291569,pvo:2,pvt:hg,rds:PC_6027158597472037202%7CPROD_PC_6027158597472037202&gl=sa&udm=28&pvorigin=2","SAR 4,699.00",https://encrypted-tbn2.gstatic.com/shopping?q=tbn:ANd9GcTdjW4oHJMWFMQMSS_tgJF60lfU_7nIceTXRT47FPFvJpZ3iSEeTecd61GKyYYsqzHYEizwLstBFtK3MIvnr-rOsmFyshL8CPtrlBH0qRg9dEdB3O3E-M7j,4.3,3.0,14809901478456291569,17,smart_tvs
شاشة جى فى سى 40 سمارت 40TUS5200,asas al majd,"https://www.google.com/search?ibp=oshop&q=Smart+TV&prds=localAnnotatedOfferId:1,productid:2723540968766092996,pvo:2,pvt:hg,rds:PC_6027158597472037202%7CPROD_PC_6027158597472037202&gl=sa&udm=28&pvorigin=2",SAR 765.00,https://encrypted-tbn3.gstatic.com/shopping?q=tbn:ANd9GcTjyPgkRHE64_una_3-Qip6Irieo0Fcs8c7cSyRcw9iJNqjzQjSIf6YglTl3hVp1rLxcTJOf0Jywbuq4HioWvzLRO2P9rhYqEXjx2vQsXdnw3KmSZMAA-ME7w,,,2723540968766092996,18,smart_tvs
تلفاز ذكي Mini LED بحجم 75 بوصة وبدقة 4K HDR10+,noon.com,"https://www.google.com/search?ibp=oshop&q=Smart+TV&prds=localAnnotatedOfferId:1,productid:16783251112349572322,pvo:2,pvt:hg,rds:PC_6027158597472037202%7CPROD_PC_6027158597472037202&gl=sa&udm=28&pvorigin=2","SAR 3,499.00",https://encrypted-tbn2.gstatic.com/shopping?q=tbn:ANd9GcRc4tp0k_dRRbd8q8jWTsEfYaSxZJ7AMh3jcs_u7e31yih1OKUR8iZ0rRcxo970Ws8NFcZwgJ2q5S4iov_BWzNMhoUQxgMqD3_wykMCS_mqUKVkj5GIDlodUA,4.7,25.0,16783251112349572322,19,smart_tvs
Tcl Tv,Jomla.ae,"https://www.google.com/search?ibp=oshop&q=Smart+TV&prds=localAnnotatedOfferId:1,catalogid:13565606608730203554,pvo:2,pvt:hg,rds:PC_6027158597472037202%7CPROD_PC_6027158597472037202&gl=sa&udm=28&pvorigin=2","SAR 1,352.00",https://encrypted-tbn2.gstatic.com/shopping?q=tbn:ANd9GcQsugRueeA5HlHkvzj7Le4KII07owX2jFT3ahfVLRgVLKr6b7H13YFx4L7cU4RhIQdRWmmSJikdQwlY1QxNsUwYZ5F_6llGKeT-BzO01S3YeptBaMyXquCAkA,4.7,275.0,13565606608730203554,20,smart_tvs
"Impex 100 inches Smart QLED TV, EVOQ100Q",LuLu Hypermarket,"https://www.google.com/search?ibp=oshop&q=Smart+TV&prds=localAnnotatedOfferId:1,productid:16448672632289288964,pvo:2,pvt:hg,rds:PC_6027158597472037202%7CPROD_PC_6027158597472037202&gl=sa&udm=28&pvorigin=2","SAR 5,999.00",https://encrypted-tbn0.gstatic.com/shopping?q=tbn:ANd9GcT5VdVsCCC9OGHRczRtO12yJ18Ps0ZmIQj--tttJtvg-Akb5sHzL9XS6YBDSGph5U88n5LDcGrHvDPHEr9f8xB2KjaOTQzCRchQmh9_Fb0_K0C7Z2dgt87U,,,16448672632289288964,21,smart_tvs
TCL QLED 4K Google TV Dolby Atmos,Alkhunaizan Co.,"https://www.google.com/search?ibp=oshop&q=Smart+TV&prds=localAnnotatedOfferId:1,catalogid:14895831053942364258,pvo:2,pvt:hg,rds:PC_6027158597472037202%7CPROD_PC_6027158597472037202&gl=sa&udm=28&pvorigin=2","SAR 4,199.00",https://encrypted-tbn0.gstatic.com/shopping?q=tbn:ANd9GcTDPrCK_4sLaQO5TUWpeDBkXEqj-WeH-bZfBFnteceH6LK9tNh0bvg3H3kJ3c2_MD6sqImTzB5MutX1wUuLFfvLoML1ZVAaPFZqZpesvOCAoyBU0UBjEgxI,,,14895831053942364258,22,smart_tvs
Nikai 50 Inch TV Smart 4K Ultra HD LED,Menakart,"https://www.google.com/search?ibp=oshop&q=Smart+TV&prds=localAnnotatedOfferId:1,catalogid:6582109286407580173,pvo:2,pvt:hg,rds:PC_6027158597472037202%7CPROD_PC_6027158597472037202&gl=sa&udm=28&pvorigin=2",SAR 966.37,https://encrypted-tbn2.gstatic.com/shopping?q=tbn:ANd9GcS7eBdterVd1taooB36m9nsj2EvOGqvptA6DmrhYchme2xJAvIljJQ094xe-KPJcVlIEVAiiS3roHOMdhLPYgKvJ-k4OpFMgL7kKeaMpPMLYifuhL0kUahRQQ,,,6582109286407580173,23,smart_tvs
LG TV OLED-4K Smart evo C5 AI,McGrocer,"https://www.google.com/search?ibp=oshop&q=Smart+TV&prds=localAnnotatedOfferId:1,catalogid:12886347372955250847,pvo:2,pvt:hg,rds:PC_6027158597472037202%7CPROD_PC_6027158597472037202&gl=sa&udm=28&pvorigin=2","SAR 8,769.69",https://encrypted-tbn2.gstatic.com/shopping?q=tbn:ANd9GcSx17QZogiLRbUGZHQ2z-BOW-msCho0apI2wUkP2Xru1rY19zRBI90jrLj0JRaXDHWHuIpF-5wELrmWvMIrxUynT1dDzhiA62Es4oepcRVn_zY-oUglvMkKW_k,4.8,19000.0,12886347372955250847,24,smart_tvs
Videocon 40 Inch Smart TV Full HD Android 11 Google Play Netflix YouTube,Microless.com,"https://www.google.com/search?ibp=oshop&q=Smart+TV&prds=localAnnotatedOfferId:1,catalogid:11198363848681053225,pvo:2,pvt:hg,rds:PC_6027158597472037202%7CPROD_PC_6027158597472037202&gl=sa&udm=28&pvorigin=2",SAR 543.66,https://encrypted-tbn3.gstatic.com/shopping?q=tbn:ANd9GcROiGmxrHnLPaKXBFZ5h0sHcrcySkg_gYQayWHD-M0eqfrQBS4eH_sP0pxhIp6YNOKvUB72aBAvgoOVizmPigEjsO0gSC2za7_mmcn3GCk,3.8,37.0,11198363848681053225,25,smart_tvs
Samsung UHD led TV,الصفوة بلس للاجهزة الكهربائية,"https://www.google.com/search?ibp=oshop&q=Smart+TV&prds=localAnnotatedOfferId:1,catalogid:3187010844571581273,pvo:2,pvt:hg,rds:PC_6027158597472037202%7CPROD_PC_6027158597472037202&gl=sa&udm=28&pvorigin=2","SAR 1,699.00",https://encrypted-tbn1.gstatic.com/shopping?q=tbn:ANd9GcTIGEaYG8owKUbTv3N-go9wdtPxP1xq23Ry1kKcsnVOgtj5yaSPjcpuLV_3VxA5-V6bSS6mI8GPOA-4wXpLrFRcJSFuB6kfBkKQUoZnuF7ofO_kqWvzfMJMqA,4.3,536.0,3187010844571581273,26,smart_tvs
شاشة دانسات 85 بوصة Google TV,danco co,"https://www.google.com/search?ibp=oshop&q=Smart+TV&prds=localAnnotatedOfferId:1,productid:888473534782692456,pvo:2,pvt:hg,rds:PC_6027158597472037202%7CPROD_PC_6027158597472037202&gl=sa&udm=28&pvorigin=2","SAR 3,292.00",https://encrypted-tbn1.gstatic.com/shopping?q=tbn:ANd9GcSruaSiyoNjz73HyvlSP4aGaWJEsGUETBL6xZSawCFy6cXTVL2cxn7UGU6Um9Pzy54Igmn__W0mmS3bRjgwEhRwt57rsHOCATLTnMXLHjgDxodwCLLr4F_-jg,,,888473534782692456,27,smart_tvs
MTC Smart TV 4K UHD DLED Google TV,Al Saif Gallery,"https://www.google.com/search?ibp=oshop&q=Smart+TV&prds=localAnnotatedOfferId:1,catalogid:10335121718229753136,pvo:2,pvt:hg,rds:PC_6027158597472037202%7CPROD_PC_6027158597472037202&gl=sa&udm=28&pvorigin=2","SAR 1,999.00",https://encrypted-tbn3.gstatic.com/shopping?q=tbn:ANd9GcTWNJOLF_nqo3o7BmFCoTXm3aA6lOpxqjUgsjyglSxg73jcID8PpZcGw27S3MK-WynRUINuEERq8fYepSW3G5nB2tOfAiSHHjwTaEhN4Tw,,,10335121718229753136,28,smart_tvs
Neo QLED QN90F 4K Samsung Vision AI Smart TV,Jomla.ae,"https://www.google.com/search?ibp=oshop&q=Smart+TV&prds=localAnnotatedOfferId:1,catalogid:4973741701321921198,pvo:2,pvt:hg,rds:PC_6027158597472037202%7CPROD_PC_6027158597472037202&gl=sa&udm=28&pvorigin=2","SAR 7,036.00",https://encrypted-tbn2.gstatic.com/shopping?q=tbn:ANd9GcTOjF69qJS002wbQR4Bx5YZK11dBh5DZynrg2rYR5KD_yXdhQvlQKCtQcu9n8YdimpAarIugOHUI6ojQ0UW-nzjAZd8FcMGUEfjBvbpE9dK8hdY9ggtAXu9,4.7,4000.0,4973741701321921198,29,smart_tvs
"TCL TV QLED 98 Inch Smart 60 Hz Game Master 3.0, Dolby Atmos HDR 10 Google TV System",Alkhunaizan Co.,"https://www.google.com/search?ibp=oshop&q=Smart+TV&prds=localAnnotatedOfferId:1,productid:1570107678932854518,pvo:2,pvt:hg,rds:PC_6027158597472037202%7CPROD_PC_6027158597472037202&gl=sa&udm=28&pvorigin=2","SAR 9,999.00",https://encrypted-tbn1.gstatic.com/shopping?q=tbn:ANd9GcTc0PlOoS-2lGg7kFB6FR26P4bB781bmJg41V2TE8eojsW-Cd62sHf1w6YCKDjwK19rCHq8Nfyf6uU_b6etH1r07fTHwBiEAqB7SirTkaxLcfDZe09h3nV5,4.8,365.0,1570107678932854518,30,smart_tvs
Toshiba Smart 4K UHD HDR QLED Freely TV,McGrocer,"https://www.google.com/search?ibp=oshop&q=Smart+TV&prds=localAnnotatedOfferId:1,catalogid:14242017739401073465,pvo:2,pvt:hg,rds:PC_6027158597472037202%7CPROD_PC_6027158597472037202&gl=sa&udm=28&pvorigin=2","SAR 1,987.09",https://encrypted-tbn0.gstatic.com/shopping?q=tbn:ANd9GcTjp7VoNOInVBbcf8MS5Jtpz2apSAsIEme-_IvdRcIsOhbLNSDltVVW4WFFkd4qJjDxgKL_qBvW3PhQ6oobB5hrR8O1D5WhRalTX3pVeeY,4.4,432.0,14242017739401073465,31,smart_tvs
Samsung Crystal UHD 4K Smart TV,220-Electronics.com,"https://www.google.com/search?ibp=oshop&q=Smart+TV&prds=localAnnotatedOfferId:1,catalogid:12133095181238485237,pvo:2,pvt:hg,rds:PC_6027158597472037202%7CPROD_PC_6027158597472037202&gl=sa&udm=28&pvorigin=2","SAR 2,136.91",https://encrypted-tbn0.gstatic.com/shopping?q=tbn:ANd9GcSj3PAlVDa9PTCY7TmiHJJbTnzcMwfbxKTNLG4mIrG81V8-wFIRMnQsnQmEXsNhigCiGhqfiZycekMqhd4jAwY0P7_9KZY8dcmdv7xZHnTRDB8XMg9w3jWe,4.3,20000.0,12133095181238485237,32,smart_tvs
LG Smart TV 4K QNED Mini LED,Saeel,"https://www.google.com/search?ibp=oshop&q=Smart+TV&prds=localAnnotatedOfferId:1,catalogid:1352916453529679058,pvo:2,pvt:hg,rds:PC_6027158597472037202%7CPROD_PC_6027158597472037202&gl=sa&udm=28&pvorigin=2","SAR 8,529.00",https://encrypted-tbn2.gstatic.com/shopping?q=tbn:ANd9GcQH0uEQ6roRdgNuN5YopGapPXkfAKbjTHEqFLr1Ij9ezlYCQbubpIwXlJ2Ad4gMh3x_-rOuLQpiilybHYXQtEyHEAuyK3brJHCh77R1Z51EHIVKoxB6sHB9,4.4,31.0,1352916453529679058,33,smart_tvs
تلفزيون LG QNED AI QNED70 Mini LED 4K Smart TV 2026 الذكي مقاس بوصة,Cairo Sales Stores,"https://www.google.com/search?ibp=oshop&q=Smart+TV&prds=localAnnotatedOfferId:1,catalogid:16683785800148542402,pvo:2,pvt:hg,rds:PC_6027158597472037202%7CPROD_PC_6027158597472037202&gl=sa&udm=28&pvorigin=2","SAR 3,349.10",https://encrypted-tbn2.gstatic.com/shopping?q=tbn:ANd9GcSH7uh4Mo9bitvgtEykxmUq5MelEJFE3VSH7-z6GRBzfy0BEznvHixKXXGT8YO0WOt2fwMZyoQUaLWWOuyiA7qdRB4Vr2pAvNOM_NnIWFGWnVYoHvAiaWCf,4.6,282.0,16683785800148542402,34,smart_tvs
تلفزيون صغير ريترو - تلفزيون بيت دمى صغير بشاشة 720P وسعة تخزين 8GB وتشغيل فيديو USB ومقبس سماعة راس - تلفزيون مزيف مصغر قابل لاعادة الشحن لهواة الجمع,Amazon.sa - Seller,"https://www.google.com/search?ibp=oshop&q=Smart+TV&prds=localAnnotatedOfferId:1,productid:647435258934345300,pvo:2,pvt:hg,rds:PC_6027158597472037202%7CPROD_PC_6027158597472037202&gl=sa&udm=28&pvorigin=2",SAR 224.95,https://encrypted-tbn3.gstatic.com/shopping?q=tbn:ANd9GcTMk9jlp3F0luAb-UreWrWceva44wDlBjJhFkRAR4MBF38-e8CPwuFmmeKPMJtti9h_wCVAerQIoNRH3OVUNbO-sBKG681eC-N7YAGxiqUk_efPT16Sf2I1vQ,,,647435258934345300,35,smart_tvs
TCL 55 Inch QLED 4K UHD Google TV Game Master 3.0 – 55p7k,Alkhunaizan Co.,"https://www.google.com/search?ibp=oshop&q=Smart+TV&prds=localAnnotatedOfferId:1,catalogid:9616009686111637232,pvo:2,pvt:hg,rds:PC_6027158597472037202%7CPROD_PC_6027158597472037202&gl=sa&udm=28&pvorigin=2","SAR 1,799.00",https://encrypted-tbn3.gstatic.com/shopping?q=tbn:ANd9GcRsyRK9mgwB7AodtE8S_PxGQxR0M60eI1j3LoS3fDiXPdEHS5eJ8lT4faq15vWkN_audKcqQ1CDxeLC1-oHcyHrlPJlsvGXhtugRC8cGjkoEZ0XhGbnBfksVw,4.8,85.0,9616009686111637232,36,smart_tvs
TIT 4K UHD Smart QLED TV,The First Platform,"https://www.google.com/search?ibp=oshop&q=Smart+TV&prds=localAnnotatedOfferId:1,catalogid:6007980585792214827,pvo:2,pvt:hg,rds:PC_6027158597472037202%7CPROD_PC_6027158597472037202&gl=sa&udm=28&pvorigin=2","SAR 1,409.00",https://encrypted-tbn0.gstatic.com/shopping?q=tbn:ANd9GcQWfe8OAkAkwySB6nJ-GTslWLwuLfj3XgRkbRJKzpmMAx80R0bJ1RBjQF3PobUIdOqggEwf6S3cQtdb52Kl2bQe94N_F7EvWR4OvgNmdNH9stpVxuFvgZIK,,,6007980585792214827,37,smart_tvs
LG QNED evo AI QNED86 Smart TV AI Magic remote,Jomla.sa,"https://www.google.com/search?ibp=oshop&q=Smart+TV&prds=localAnnotatedOfferId:1,catalogid:2278185516646245462,pvo:2,pvt:hg,rds:PC_6027158597472037202%7CPROD_PC_6027158597472037202&gl=sa&udm=28&pvorigin=2","SAR 9,995.00",https://encrypted-tbn1.gstatic.com/shopping?q=tbn:ANd9GcRbhUSu0Y0AiOCJZXluJrSUv0W1XQuOgWQxbZp5hKNH-RzaTKX9RqBgtQW-aD5Q-Jf0uhW1eAYrO3CocW6ZrXmAitMVRmSdd2Hpvos01Qg-CAJmFUg-JfLW,4.7,2100.0,2278185516646245462,38,smart_tvs
"Samsung The Frame qe32ls03cbuxxu 32"" Smart Full HD QLED TV",McGrocer,"https://www.google.com/search?ibp=oshop&q=Smart+TV&prds=localAnnotatedOfferId:1,catalogid:12235953165354017295,pvo:2,pvt:hg,rds:PC_6027158597472037202%7CPROD_PC_6027158597472037202&gl=sa&udm=28&pvorigin=2","SAR 2,396.87",https://encrypted-tbn2.gstatic.com/shopping?q=tbn:ANd9GcR7Z_j9xtStyCd30SQ2ZL0seJcSFtfmXYJ29NWTrUnqFs3BgllWzcqw-b9Odeqe4txLDjoBrJLHKZMg9ppEu2GJJQQK2Jfvc1M9KK3pGEUoYDxNeXJlpQyR,4.2,448.0,12235953165354017295,39,smart_tvs
Sony KDL-32W674 SMART LED Multisystem Full HD TV 110 220 240 volts pal ntsc,220-Electronics.com,"https://www.google.com/search?ibp=oshop&q=Smart+TV&prds=localAnnotatedOfferId:1,productid:2393706880795718447,pvo:2,pvt:hg,rds:PC_6027158597472037202%7CPROD_PC_6027158597472037202&gl=sa&udm=28&pvorigin=2","SAR 1,783.89",https://encrypted-tbn1.gstatic.com/shopping?q=tbn:ANd9GcRnzGacJIqgGm8GO3YDWOk_9_Ezu_wMt0ZaQ2DZ1o97qV20aWVu0I49R4wcRCyTZ0xHhPg6Ujc_qu8b4x9k5zJpzsr3ceM-a2LdMU_HCvy4lI3Eyr1IOxtw7w,,,2393706880795718447,40,smart_tvs
C idea CM813 Pro Android Smart Tablet With 8 Inch 6GB RAM 256GB 5G Bluetooth Wifi Zoom Supported With Protective Case Cover Pink,noon.com,"https://www.google.com/search?ibp=oshop&q=Android+Tablet&prds=localAnnotatedOfferId:1,productid:14863969595504347929,pvo:2,pvt:hg,rds:PC_6027158597472037202%7CPROD_PC_6027158597472037202&gl=sa&udm=28&pvorigin=2",SAR 199.00,https://encrypted-tbn0.gstatic.com/shopping?q=tbn:ANd9GcQFbM8viX8hDqZnTF_0QlmsFse4zyMEe_3Y5sDM5guNb8tdgfryuHZKn057MMlPcOv8ZEXLe3pBHQDOqMrzctUK6ZMKMpEzwlQC0Rg312QNN6Tb2_8PVYNq,3.0,4.0,14863969595504347929,1,android_tablets
Samsung Galaxy Tab A11+,Amazon.sa - Seller,"https://www.google.com/search?ibp=oshop&q=Android+Tablet&prds=localAnnotatedOfferId:1,catalogid:5350093660072412128,pvo:2,pvt:hg,rds:PC_6027158597472037202%7CPROD_PC_6027158597472037202&gl=sa&udm=28&pvorigin=2",SAR 949.00,https://encrypted-tbn1.gstatic.com/shopping?q=tbn:ANd9GcRrq-PqJGzNDD231-7WhOaZXzzmW3DFdP4ZShOr6Z_yj-3Rw98-8X2C6ZJGogo9JSpwA1SfFL4FMzhPrG8TwY7ofdDVcQJnt_G6tuzsyqdFST21Va5Sc796Eg,4.6,13000.0,5350093660072412128,2,android_tablets
C idea CM8900 Plus 10-Inch Incell Smart Tablet PC with Keyboard Built-in Touchpad 8GB RAM 1TB ROM Dual Camera Single SIM 5G LTE Wi-Fi GPS Android 15..,noon.com,"https://www.google.com/search?ibp=oshop&q=Android+Tablet&prds=localAnnotatedOfferId:1,productid:1043247817236154060,pvo:2,pvt:hg,rds:PC_6027158597472037202%7CPROD_PC_6027158597472037202&gl=sa&udm=28&pvorigin=2",SAR 399.00,https://encrypted-tbn3.gstatic.com/shopping?q=tbn:ANd9GcSUC8Gs_xmuDJFanIXNI4Dafx6EbcM2mPK_VMLYdmtTLWFbQJwkxo7-aLB4K5kHo7p9_9Q-OASnoHa8uOGfgeEbz1Qlc_IMRpRLO65iujn_dhKNdwK4EpCK4Q,,,1043247817236154060,3,android_tablets
"TABWEE T90 Android 16 Tablet with Keyboard and Pen, 24GB +128GB (2TB TF) | Tablet 11 inch, Eye Care Display, Widevine L1, Octa-core, Gemini AI, 13MP +",Amazon.sa - Seller,"https://www.google.com/search?ibp=oshop&q=Android+Tablet&prds=localAnnotatedOfferId:1,catalogid:10457749164126647864,pvo:2,pvt:hg,rds:PC_6027158597472037202%7CPROD_PC_6027158597472037202&gl=sa&udm=28&pvorigin=2",SAR 599.99,https://encrypted-tbn1.gstatic.com/shopping?q=tbn:ANd9GcRP1zyIVN8rIDg5qV_3Vx5mmScBXYuysRhhdUStC-mr86sKA1rY-zR4wL5e92dPHpb8DReuVhCkN9wPWVz6vTkLCRHaXB4qgDBodw3xwOsGhURJ3mVx7_fo,,,10457749164126647864,4,android_tablets
Honor Pad X7 WiFi Tablet Gray,noon.com,"https://www.google.com/search?ibp=oshop&q=Android+Tablet&prds=localAnnotatedOfferId:1,catalogid:16337637977107503361,pvo:2,pvt:hg,rds:PC_6027158597472037202%7CPROD_PC_6027158597472037202&gl=sa&udm=28&pvorigin=2",SAR 452.00,https://encrypted-tbn1.gstatic.com/shopping?q=tbn:ANd9GcQrydGC2LNV-Zj2GNwccGZX72pZRZ6IrthIN9_KzR0gMnRsV4oAHi2fgCDoCvetT-fc8IWOAKLlLZVMj159Qyr7rXXq7d_NWBSfseeL5pG-ityLRaVjf9nyqw,4.2,139.0,16337637977107503361,5,android_tablets
"Lenovo Used Tab One, Luna Grey Tablet MediaTek zaf0x501au",eXtra Stores,"https://www.google.com/search?ibp=oshop&q=Android+Tablet&prds=localAnnotatedOfferId:1,catalogid:12113782576232797497,pvo:2,pvt:hg,rds:PC_6027158597472037202%7CPROD_PC_6027158597472037202&gl=sa&udm=28&pvorigin=2",SAR 599.00,https://encrypted-tbn3.gstatic.com/shopping?q=tbn:ANd9GcS9qogbjOSDfRsf2xLowADUjninV8FdqX2PmuCRT7-6hWEsVGzThjcBbejmDptgiFZSkvZP8OlbY3VPPqBOcUE_vPVQxSoPNCUeBVh77GmgzgZXkD5Gmf6m,4.6,187.0,12113782576232797497,6,android_tablets
"Tablet 10 inch Android 15 Tablet with Keyboard Stylus 8GB RAM 2 in 1 Tablets Includes Mouse & Protective Case, 6000mAh Long Battery Life 5G WiFi-6",Amazon.sa - Seller,"https://www.google.com/search?ibp=oshop&q=Android+Tablet&prds=localAnnotatedOfferId:1,productid:5542844000445594588,pvo:2,pvt:hg,rds:PC_6027158597472037202%7CPROD_PC_6027158597472037202&gl=sa&udm=28&pvorigin=2",SAR 323.20,https://encrypted-tbn3.gstatic.com/shopping?q=tbn:ANd9GcScmGZ739vKpb3WHznbW_XHr9xmvOGvsvUvEqLwFrnuwlnt0B1WE8KOiTG8at1yu3dMPZ34g0ktac2hR-NIYD_tfHkVUiV6WfZvKv7E2FZ9xmXGN5NXPI7C5w,,,5542844000445594588,7,android_tablets
MODIO M36 5G Android Tablet – 10.1 Inch HD D,noon.com,"https://www.google.com/search?ibp=oshop&q=Android+Tablet&prds=localAnnotatedOfferId:1,catalogid:11888372526845023571,pvo:2,pvt:hg,rds:PC_6027158597472037202%7CPROD_PC_6027158597472037202&gl=sa&udm=28&pvorigin=2",SAR 349.75,https://encrypted-tbn3.gstatic.com/shopping?q=tbn:ANd9GcStzqWZgPRtZLcJ8se5KyOPVKr2Rl-xDulls1WigRz2fJCvoWeBpgkdsCUH2-7d1VO1FLRCRNWNGTk8wUKR8O_ok8z9LHInnzRVB0-cHg_kTeStN2_8K5TL,3.3,119.0,11888372526845023571,8,android_tablets
Samsung Galaxy Tab A11,Kanaa,"https://www.google.com/search?ibp=oshop&q=Android+Tablet&prds=localAnnotatedOfferId:1,catalogid:3417788141855338419,pvo:2,pvt:hg,rds:PC_6027158597472037202%7CPROD_PC_6027158597472037202&gl=sa&udm=28&pvorigin=2",SAR 649.00,https://encrypted-tbn0.gstatic.com/shopping?q=tbn:ANd9GcT6E0Xhry4bHL5awS1lhASL7IfgE2BMu_EmaC2ecvg08AC5CDpqC6KLLVzylZBLTgH4kqY4XO7SggsfpS2cGkTEVo66f-aIuaHNw3_AydkFVK9qMuZW0sF8,4.5,4600.0,3417788141855338419,9,android_tablets
C idea 7 Inch Smart Tablet CM513 Pro Android Tab With 256GB Rom 6GB Ram Quad Core Wifi 5G LTE Kids,noon.com,"https://www.google.com/search?ibp=oshop&q=Android+Tablet&prds=localAnnotatedOfferId:1,productid:10428313348951505198,pvo:2,pvt:hg,rds:PC_6027158597472037202%7CPROD_PC_6027158597472037202&gl=sa&udm=28&pvorigin=2",SAR 179.00,https://encrypted-tbn0.gstatic.com/shopping?q=tbn:ANd9GcSpCx13edQzJiXndjj4EB62encZHRdDXluAQNkKLr4fIyH6AvRHmYhO6TrNGxKu12NRLatEldxqxl4i83hPXo58yuyjwjiClvjwPXWTmbfHFQU3Z0NZBaVYCw,3.0,10.0,10428313348951505198,10,android_tablets
"HOTTABLET 10"" Android 15 Tablet 12 GB RAM+64GB ROM",Amazon.sa - Seller,"https://www.google.com/search?ibp=oshop&q=Android+Tablet&prds=localAnnotatedOfferId:1,catalogid:7041396407793283069,pvo:2,pvt:hg,rds:PC_6027158597472037202%7CPROD_PC_6027158597472037202&gl=sa&udm=28&pvorigin=2",SAR 290.49,https://encrypted-tbn1.gstatic.com/shopping?q=tbn:ANd9GcSFTVYhm6RxNvXhJZP2bBegTbrFwPACqjLYozkfyATX6EtQnUSAEIRC4X18y-wlRwIlpxDmXSYsS0vQP5RD2GyFfCZSItI-EHjlryM5xhqilwl4h6oBKh1B,,,7041396407793283069,11,android_tablets
Oukitel OT11 Smart Tablet 11-inch 2K,noon.com,"https://www.google.com/search?ibp=oshop&q=Android+Tablet&prds=localAnnotatedOfferId:1,catalogid:5658966332815928301,pvo:2,pvt:hg,rds:PC_6027158597472037202%7CPROD_PC_6027158597472037202&gl=sa&udm=28&pvorigin=2",SAR 489.00,https://encrypted-tbn1.gstatic.com/shopping?q=tbn:ANd9GcTO-4NiM9py2PH2NreU7OPjR__B61HlaBDpusnZ07AWXldx2t3lh-V_x6bo3mhiafhP4fhIhO1AS-F5N4ge2XjsTb1vcxQaZ4VAauIN8_gi5wqsggwTgmL89Q,4.0,4.0,5658966332815928301,12,android_tablets
"TABWEE 10 Inch Tablet Android 16 with Gemini AI 4.0, 128GB ROM(2TB TF) | 5G WiFi, 6000mAh Gaming Tablet, Dual Camera, 1080P HD, Typ-C, GPS, BT5.0,",Amazon.sa - Seller,"https://www.google.com/search?ibp=oshop&q=Android+Tablet&prds=localAnnotatedOfferId:1,productid:9796394889662959840,pvo:2,pvt:hg,rds:PC_6027158597472037202%7CPROD_PC_6027158597472037202&gl=sa&udm=28&pvorigin=2",SAR 799.99,https://encrypted-tbn0.gstatic.com/shopping?q=tbn:ANd9GcRIaYQTQoIShkc41otinC5hpf_kHP2YM_QvOR4DT_IQONorGYmA7CMBvLLVscO3ojqq3B0kaI55Xo6mCT--GxE-oLZ-8nGEYJwKELoU0aKISgNLYyMbPCaN,4.5,11.0,9796394889662959840,13,android_tablets
Xiaomi Redmi Pad 2 Global Model 4GB+128GB,eXtra Stores,"https://www.google.com/search?ibp=oshop&q=Android+Tablet&prds=localAnnotatedOfferId:1,catalogid:16690396096794958388,pvo:2,pvt:hg,rds:PC_6027158597472037202%7CPROD_PC_6027158597472037202&gl=sa&udm=28&pvorigin=2",SAR 649.00,https://encrypted-tbn2.gstatic.com/shopping?q=tbn:ANd9GcTH32vjO1QNXMRkLIa3gWitmha7YA-vQpSUK6ZRMsZ7OHbRmWaUGfY2ZVfi6f2EOI2vLKosjF25dRZFOtLahxrsMK8tVqEbbDs_TjM-laFo-cJwi8WMZ331Ww,5.0,9.0,16690396096794958388,14,android_tablets
Honor Pad X9a Tablet,noon.com,"https://www.google.com/search?ibp=oshop&q=Android+Tablet&prds=localAnnotatedOfferId:1,catalogid:16508311397312586325,pvo:2,pvt:hg,rds:PC_6027158597472037202%7CPROD_PC_6027158597472037202&gl=sa&udm=28&pvorigin=2",SAR 929.00,https://encrypted-tbn2.gstatic.com/shopping?q=tbn:ANd9GcRqk4ASpSF_4eN7yVtPUNpaB55aMmJl2VqhqHhtNkdwkurGBAxLnq1V6UxEAASV4ciTWLS1PQQ5UfOtzI6jh-ESpMYq8h2-aInSr4zyv32A7hGrBlxQ5-7Xhg,4.9,483.0,16508311397312586325,15,android_tablets
"Oteeto Tab 20 10.1 Inch 4G Calling Tablet, 8GB RAM, 512GB ROM, Octa-Core Processor, 8000mAh Battery, 13MP Rear Camera, 8MP Front Camera, Dual Speakers",Amazon.sa - Seller,"https://www.google.com/search?ibp=oshop&q=Android+Tablet&prds=localAnnotatedOfferId:1,catalogid:13413513560246760250,pvo:2,pvt:hg,rds:PC_6027158597472037202%7CPROD_PC_6027158597472037202&gl=sa&udm=28&pvorigin=2",SAR 310.00,https://encrypted-tbn2.gstatic.com/shopping?q=tbn:ANd9GcQjX4FMhrcGP4T4whqwsHCJWFBtRqVjke2Com3Bn6Mx4vt7chM0uSxlaYhzAYoppZJ3YDTUCT4SvO6WoJnGEatkD9ZzE_hXfAWErR_t0jXOLLeIhsETWDb_,4.0,3.0,13413513560246760250,16,android_tablets
"Oteeto Tab 4 Kids Tablet with 7-inch IPS Screen, 4GB RAM, 128GB ROM",noon.com,"https://www.google.com/search?ibp=oshop&q=Android+Tablet&prds=localAnnotatedOfferId:1,catalogid:8330036756240326383,pvo:2,pvt:hg,rds:PC_6027158597472037202%7CPROD_PC_6027158597472037202&gl=sa&udm=28&pvorigin=2",SAR 179.00,https://encrypted-tbn2.gstatic.com/shopping?q=tbn:ANd9GcQRw4BBiwulZkz74oIrUuy3uw1vP0zzv99xAwmydSkYltfChtdAe4vNW3NtL4BivlAUpVvRe3yHt6Cuy2Zl03x42kVV54JwxGPHPbEH9zNk3UPYce5zJU5Gvw,4.0,1.0,8330036756240326383,17,android_tablets
G-Tab G-Tab Pad10 Pro Tablet Memory,LuLu Hypermarket,"https://www.google.com/search?ibp=oshop&q=Android+Tablet&prds=localAnnotatedOfferId:1,catalogid:17845494224947349959,pvo:2,pvt:hg,rds:PC_6027158597472037202%7CPROD_PC_6027158597472037202&gl=sa&udm=28&pvorigin=2",SAR 559.00,https://encrypted-tbn0.gstatic.com/shopping?q=tbn:ANd9GcT76aAv0p3dL9_o3jTy2cx2mRVN1kETUgxnWt9SnyfHsPGPu-fLtAdhg5Y2ier18EI9zT4hv0rRsLK5G6i9Oa64WpG9XeR5kmksPTmUsodFyLlXkD7-FHm-rQ,,,17845494224947349959,18,android_tablets
CUPEISI YQ10S MAX Android 13 10 Inch Tablet 12GB RAM + 128GB ROM / 1TB Expandable,Amazon.sa - Seller,"https://www.google.com/search?ibp=oshop&q=Android+Tablet&prds=localAnnotatedOfferId:1,catalogid:313340758904369772,pvo:2,pvt:hg,rds:PC_6027158597472037202%7CPROD_PC_6027158597472037202&gl=sa&udm=28&pvorigin=2",SAR 401.26,https://encrypted-tbn2.gstatic.com/shopping?q=tbn:ANd9GcQJjCxfLtc2T62al-L_yU0spkScXdTNmmSZjndM7xO1bSU8_DuFn2BMWDN4iPdqKc8kjoFTgfS7SZV3JMDUO6z29e_Vu9aU6943yKixOE6Vnr3eE4rbBY9O,,,313340758904369772,19,android_tablets
C idea Smart Tablet CM513 Pro Android Tab With 7-Inch Display Black 8GB RAM 512GB Wi-Fi 5G LTE - International Version,noon.com,"https://www.google.com/search?ibp=oshop&q=Android+Tablet&prds=localAnnotatedOfferId:1,productid:16729553976001561966,pvo:2,pvt:hg,rds:PC_6027158597472037202%7CPROD_PC_6027158597472037202&gl=sa&udm=28&pvorigin=2",SAR 198.00,https://encrypted-tbn0.gstatic.com/shopping?q=tbn:ANd9GcRhHIRheOVBDW16mM2-JYSgXpv-3FLGROOmVKvUq3uEH5h5GdpRBbCfalze704MV8bsjI9AEfAq6RDEpJDQ6EC0Gmg4JUblzySRc2nZZOaw1SXl_-Xp0-_0JQ,3.0,9.0,16729553976001561966,20,android_tablets
سامسونج تابلت جالاكسي تاب A11 بلس 128 جيجابايت 6 جيجابايت رام 5G فضي 11 بوصة SM-X236BZSAMEA,SACO,"https://www.google.com/search?ibp=oshop&q=Android+Tablet&prds=localAnnotatedOfferId:1,productid:2660118014336041882,pvo:2,pvt:hg,rds:PC_6027158597472037202%7CPROD_PC_6027158597472037202&gl=sa&udm=28&pvorigin=2",SAR 996.00,https://encrypted-tbn1.gstatic.com/shopping?q=tbn:ANd9GcS68EnVES2mAUiBL3ayHrIVGmP1vTinNTRgEllXwYBStvvos1q16o_tN2Fc7ZaRVz-UutynjZv_lXiXLZkEAdD7aJJrUGaOOMsaasU0DdqklBPU_2WTadf_kA,4.8,177.0,2660118014336041882,21,android_tablets
"HOTTABLET Tablet 10-inch Android 15, RAM 12GB(4+8Expand) +ROM 64GB, 2+8MP Dual Camera, 6000mAh Battery (Tablet+case+Stylus)(Blue)",Amazon.sa - Seller,"https://www.google.com/search?ibp=oshop&q=Android+Tablet&prds=localAnnotatedOfferId:1,catalogid:11377093368890491105,pvo:2,pvt:hg,rds:PC_6027158597472037202%7CPROD_PC_6027158597472037202&gl=sa&udm=28&pvorigin=2",SAR 301.58,https://encrypted-tbn1.gstatic.com/shopping?q=tbn:ANd9GcQEXblAomCaZgG73eJsAv0h-xYVYTQfKZDxWuIVDvmW2iDm51w7-u0Mt6pOhIs0F2p0sTenY1IBO_xJOiN9T7Lw1oeYXOH1DMTLPZPQJq9CNQYWBZnvyprc,,,11377093368890491105,22,android_tablets
"KATWIK K18 PRO MAX 10.1"" Kids Smart PC Tablet – 16GB RAM, 1TB ROM, Dual SIM 5G & WiFi, Android Tablet (Purple/Black)",noon.com,"https://www.google.com/search?ibp=oshop&q=Android+Tablet&prds=localAnnotatedOfferId:1,productid:5849000970694518113,pvo:2,pvt:hg,rds:PC_6027158597472037202%7CPROD_PC_6027158597472037202&gl=sa&udm=28&pvorigin=2",SAR 690.00,https://encrypted-tbn0.gstatic.com/shopping?q=tbn:ANd9GcT5PIBYmSnit4wGUM6VmFB9MAfiPNjr36eKDb4e08RAEgSfiWRlFrsz3H7bkoh9d5f8YuRuXEPe-sSVswWw8X0G0Bu67RpWYtMr0_Oyg5-IlbSaTUq6GIxz,,,5849000970694518113,23,android_tablets
"PEICHENG Tablet with Keyboard and Case, Android 13.0 10.4 Inch, 16GB RAM+128GB ROM, 2000 * 1200 2K FHD Display, Powerful 2.0Ghz CPU, 2.4G and 5G and",Amazon.sa - Seller,"https://www.google.com/search?ibp=oshop&q=Android+Tablet&prds=localAnnotatedOfferId:1,productid:9287676025158649549,pvo:2,pvt:hg,rds:PC_6027158597472037202%7CPROD_PC_6027158597472037202&gl=sa&udm=28&pvorigin=2",SAR 338.99,https://encrypted-tbn2.gstatic.com/shopping?q=tbn:ANd9GcRLzl1aazAqY1GF6OJ8-OJAjw8fIn9mkrPo320ukGhBF5YPVm-ld8JCXWkqnFxfa5PARnJAv_xF1xR_lz8eNvSEc1dI1s4ArhtrhgftGrATyf4Sd9o_9jOGxw,,,9287676025158649549,24,android_tablets
C idea CM517 Smart Tablet PC with Stylus 7-Inch IPS Touch Screen 8GB RAM 256GB ROM Android Wi-Fi GPS Bluetooth Dual Camera Single SIM 5G LTE Kids,noon.com,"https://www.google.com/search?ibp=oshop&q=Android+Tablet&prds=localAnnotatedOfferId:1,productid:7412496267656825717,pvo:2,pvt:hg,rds:PC_6027158597472037202%7CPROD_PC_6027158597472037202&gl=sa&udm=28&pvorigin=2",SAR 219.00,https://encrypted-tbn0.gstatic.com/shopping?q=tbn:ANd9GcQbetdNVjgoBaap5a3FZGzWe0dr6CN5b26_yuyI9qRCC1EWiCicB8nBYInVEXrtI6rlEGR7JMlSnHpspEXGV-my6urQmnM6_v4gOHZUAK7sdI_JQFakijBmlQ,,,7412496267656825717,25,android_tablets
Apple 11-inch iPad A16 Chip,Apple Education Store,"https://www.google.com/search?ibp=oshop&q=Android+Tablet&prds=localAnnotatedOfferId:1,catalogid:7169126436759755753,pvo:2,pvt:hg,rds:PC_6027158597472037202%7CPROD_PC_6027158597472037202&gl=sa&udm=28&pvorigin=2","SAR 2,099.00",https://encrypted-tbn1.gstatic.com/shopping?q=tbn:ANd9GcQ9cY4PnYyuqhjDlvC4nTnEcGCl7uRXs0AgJ67jrMZJwCc42lHdl3-bm5Z-537rhmGGITOz5IejwCzsft4YqGCL-9PUvjRHkrz8TPG1tHc94-Y4A4ZhgCf9,4.8,68000.0,7169126436759755753,26,android_tablets
Tablet Android 14 CUPEISI 7 inch Tablet with Case 8GB RAM+32GB ROM/ 1TB Expandable Tableta,Amazon.sa - Seller,"https://www.google.com/search?ibp=oshop&q=Android+Tablet&prds=localAnnotatedOfferId:1,catalogid:3656395281533921585,pvo:2,pvt:hg,rds:PC_6027158597472037202%7CPROD_PC_6027158597472037202&gl=sa&udm=28&pvorigin=2",SAR 209.45,https://encrypted-tbn0.gstatic.com/shopping?q=tbn:ANd9GcRJbSMtiCGWuP7CpbTow_8ot_btW1NhFC8VSMgA4aEWjqORpet2aWOm08pWxsdA2yXiowaP23q2n7e7R3OZA8TQtlTRYU-bQ4RdD95DPLpbsWgPw63vwg_KrQ,,,3656395281533921585,27,android_tablets
"ATMPC 7-inch kids tablet, Android 14 OS, (2GB+2GB expandable) memory, total 4GB, 16GB storage, IPS HD screen, dual cameras, comes with silicone...",noon.com,"https://www.google.com/search?ibp=oshop&q=Android+Tablet&prds=localAnnotatedOfferId:1,productid:18061545232855636468,pvo:2,pvt:hg,rds:PC_6027158597472037202%7CPROD_PC_6027158597472037202&gl=sa&udm=28&pvorigin=2",SAR 199.00,https://encrypted-tbn0.gstatic.com/shopping?q=tbn:ANd9GcTDKK6SudIH99wJf-XJyR_USV5uqeHWaW3ds2LZOXMH2ub-FC-3YDVSxPmGAP1gB7y5U3kGUszXYYdryriNnc32jKNUCoOiNME2CK_0Okfw9Jl_yk4LlGaWzP4,,,18061545232855636468,28,android_tablets
سامسونج جالاكسي تاب A11+ جهاز لوحي أندرويد (ذاكرة رام 6 جيجابايت + سعة تخزين 128 جيجابايت)، نسخة السعودية - رمادي,Kanaa,"https://www.google.com/search?ibp=oshop&q=Android+Tablet&prds=localAnnotatedOfferId:1,productid:4875201059162018024,pvo:2,pvt:hg,rds:PC_6027158597472037202%7CPROD_PC_6027158597472037202&gl=sa&udm=28&pvorigin=2",SAR 840.00,https://encrypted-tbn0.gstatic.com/shopping?q=tbn:ANd9GcQ9VSi_OR1RxNra6NRof3Vs0C-4dF4whF7N2phKCKmXbTdz9u1NecYD8MlFj3AMD3jaxKIAB7_rK13nbIUDLfeVs68BunccpJ3YFa5UK6kfgk4XeSssGZos,,,4875201059162018024,29,android_tablets
تابلت اندرويد 10 انش مع حافظة، ذاكرة RAM 6GB + روم 64GB، تابلت قابل للتوسيع 1TB، معالج رباعي النواة 1.8Ghz، شاشة لمس 1280×800 IPS، كاميرا 8MP، بطارية,Amazon.sa - Seller,"https://www.google.com/search?ibp=oshop&q=Android+Tablet&prds=localAnnotatedOfferId:1,productid:13522649420969708220,pvo:2,pvt:hg,rds:PC_6027158597472037202%7CPROD_PC_6027158597472037202&gl=sa&udm=28&pvorigin=2",SAR 279.57,https://encrypted-tbn0.gstatic.com/shopping?q=tbn:ANd9GcSHLJHGm74LCAu4mYBhOfzIKCco3pRNPsldNQhMqqVXL3WmQeaByPJtPLYZZLDN25scBmwZmnBtXvICAlYBxPzDkrvJ8MgekIcmaF6Nxnc,,,13522649420969708220,30,android_tablets
Honor Pad X8b WiFi Space Grey 4GB RAM 128GB WiFi With Flip Cover - Middle East Version,noon.com,"https://www.google.com/search?ibp=oshop&q=Android+Tablet&prds=localAnnotatedOfferId:1,productid:5543312196006960776,pvo:2,pvt:hg,rds:PC_6027158597472037202%7CPROD_PC_6027158597472037202&gl=sa&udm=28&pvorigin=2",SAR 682.20,https://encrypted-tbn1.gstatic.com/shopping?q=tbn:ANd9GcSLw744dv1wqFKrtRS3cNhrQRQ1wrp8Iw4JfnamgPnlnJxEowQHsYWxdXw22UBVD0LQycCa95OLdqJU2GSMk8mtOe9ns_mg5wq7dZRWjQHRIDvG9JlvLkZt,4.9,22.0,5543312196006960776,31,android_tablets
"SYCGYQ Android Tablet, 10.1 inch Phone Call Tablets PC with Dual Sim Card,6GB RAM 128GB ROM Storage,1280x800 IPS HD Touchscreen,4000mAh Battery,",Amazon.sa - Seller,"https://www.google.com/search?ibp=oshop&q=Android+Tablet&prds=localAnnotatedOfferId:1,productid:11272665036265377836,pvo:2,pvt:hg,rds:PC_6027158597472037202%7CPROD_PC_6027158597472037202&gl=sa&udm=28&pvorigin=2",SAR 398.88,https://encrypted-tbn3.gstatic.com/shopping?q=tbn:ANd9GcRcqhkSrurcIAB1eq0ANrCdjX1SigK9vEZxkTWCxRFvaQ3IDM3JtV2YxRqw4lBOOWNaWgTZegI-Ytq7Nlc8v50SG5zt4nbN2PcJBiSNDT8hYXciNLWS_ZPNXA,,,11272665036265377836,32,android_tablets
Lenovo Tab One Tablet,Jarir Bookstore,"https://www.google.com/search?ibp=oshop&q=Android+Tablet&prds=localAnnotatedOfferId:1,catalogid:11577654403559614280,pvo:2,pvt:hg,rds:PC_6027158597472037202%7CPROD_PC_6027158597472037202&gl=sa&udm=28&pvorigin=2",SAR 599.00,https://encrypted-tbn3.gstatic.com/shopping?q=tbn:ANd9GcRxBOxnb9LSIGuVmfVKUuIaF1jl9lZuKA_p1rRjb2djOnC8zP1k7y15SrnfS63LV7H-pcxoGKLWZfHsiS-WzXpjqnI2dg0xbSZwe-xglL0n,5.0,5.0,11577654403559614280,33,android_tablets
TCL NXTPAPER 14 Mediatek 256 GB 36.2 cm 8 GB Wi-Fi 5 Android 14 Grey,eXtra Stores,"https://www.google.com/search?ibp=oshop&q=Android+Tablet&prds=localAnnotatedOfferId:1,catalogid:193500970137481054,pvo:2,pvt:hg,rds:PC_6027158597472037202%7CPROD_PC_6027158597472037202&gl=sa&udm=28&pvorigin=2","SAR 2,499.00",https://encrypted-tbn1.gstatic.com/shopping?q=tbn:ANd9GcTiK64KsfIZeHoJ1XHhoq-l2wY9g7Ck8YsNJLgEx5MmUuu7oZMdzClw5w5SaVNTcVAg9Tkq5v0irJVIubzOAdXEHb91UoqZJP57FM669LMK2AUZs4puekMw,4.8,332.0,193500970137481054,34,android_tablets
تابلت اندرويد 15، رام 18 جيجا+ذاكرة 128 جيجا/قابل للتوسيع 2 تيرا، معالج رباعي النواة 2 جيجاهرتز، شاشة اتش دي 10 بوصة 1280×800، واي فاي 2.4/5 جيجاهرتز،,Amazon.sa - Seller,"https://www.google.com/search?ibp=oshop&q=Android+Tablet&prds=localAnnotatedOfferId:1,productid:4917238419392205136,pvo:2,pvt:hg,rds:PC_6027158597472037202%7CPROD_PC_6027158597472037202&gl=sa&udm=28&pvorigin=2",SAR 352.84,https://encrypted-tbn1.gstatic.com/shopping?q=tbn:ANd9GcT3JN8w7RIXc62jgtveMrzXWw0Me2s8Pw5Iu3jyaWVi-U6wPt47e2UYlNo17VjRfqHC7h9KudK9P8KKKBHS4ZuFC4t8JbSzOcLuk8npGnCviJHPyUltkbHJAA,,,4917238419392205136,35,android_tablets
New Tablet 10.1 inch Android 12 | Wi-Fi + 5G | Backlight | 2.50-2.99 GHz | 10.1 in | 256 GB | USB-C,eBay - sz-keman,"https://www.google.com/search?ibp=oshop&q=Android+Tablet&prds=localAnnotatedOfferId:1,productid:3531517730489670483,pvo:2,pvt:hg,rds:PC_6027158597472037202%7CPROD_PC_6027158597472037202&gl=sa&udm=28&pvorigin=2",SAR 313.21,https://encrypted-tbn0.gstatic.com/shopping?q=tbn:ANd9GcSeF5-DlQBzL7g_dmF4pipPT3dkPFrE2OSns24BCjjYj6SzwGK_mlHqhwUqU6yWU-tljLc9OrMSZBvqLYtfL_R8dtHJ9pJ8qUYrG6qv_Yr9XhkR-XZIilgftA,,,3531517730489670483,36,android_tablets
"Lucky Tab 5 Travel Mate 7-Inch Kids Tablet with IPS HD LED Display, 5G WiFi, 4GB RAM, 128GB ROM, 3000mAh Battery | Child-Friendly Android Tablet for..",noon.com,"https://www.google.com/search?ibp=oshop&q=Android+Tablet&prds=localAnnotatedOfferId:1,productid:4490159041213363834,pvo:2,pvt:hg,rds:PC_6027158597472037202%7CPROD_PC_6027158597472037202&gl=sa&udm=28&pvorigin=2",SAR 347.00,https://encrypted-tbn3.gstatic.com/shopping?q=tbn:ANd9GcSZf96OJll5Evw1wHQI5k5QlGHkZQ3pqhL-K6BIkzyIM_6v7lsPiTd5nkKkHCk0EKbmoAoLDjDuDDroeHSukR8iBZjNMh0mCgq88z7hdQmHqVCnv02LxQ76,,,4490159041213363834,37,android_tablets
"PEICHENG Android 12 Tablet 7 - 4GB RAM 32GB ROM, Quad-Core 1.5GHz Processor, Dual Camera, 1024 x 600 IPS Display Screen, 512GB Expandable with Case,",Amazon.sa - Seller,"https://www.google.com/search?ibp=oshop&q=Android+Tablet&prds=localAnnotatedOfferId:1,catalogid:2106591448279436102,pvo:2,pvt:hg,rds:PC_6027158597472037202%7CPROD_PC_6027158597472037202&gl=sa&udm=28&pvorigin=2",SAR 242.21,https://encrypted-tbn2.gstatic.com/shopping?q=tbn:ANd9GcQlP1ZRNnxaBaOFIJnvW7kpHHNsPQnZEurk1FlZTpQpD7lNo20rWsXkNLxAH3aRg3lusAQGj8ii5qHunFSYRMWHp1s0z1LH7NrEP31JctrYfip_lZn5I5dTVA,,,2106591448279436102,38,android_tablets
Samsung Galaxy Tab A11+ Tablet,Menakart,"https://www.google.com/search?ibp=oshop&q=Android+Tablet&prds=localAnnotatedOfferId:1,catalogid:726430619183149675,pvo:2,pvt:hg,rds:PC_6027158597472037202%7CPROD_PC_6027158597472037202&gl=sa&udm=28&pvorigin=2",SAR 751.62,https://encrypted-tbn3.gstatic.com/shopping?q=tbn:ANd9GcQwPQ9oLe25hz89avrDEYV-OC2QU69_WEao2b85L549MCTSMuZG-0vIf19YtYcQpTTNR-6w2yP_wFfzI2RlbpXSFqVmv6oRQFhDJ20UwUNRMgrid53y_wQqEg,4.5,19.0,726430619183149675,39,android_tablets
HONOR Pad 10 12.1in 256GB Wi-Fi Tablet with Keyboard,eXtra Stores,"https://www.google.com/search?ibp=oshop&q=Android+Tablet&prds=localAnnotatedOfferId:1,catalogid:6085070126412891681,pvo:2,pvt:hg,rds:PC_6027158597472037202%7CPROD_PC_6027158597472037202&gl=sa&udm=28&pvorigin=2","SAR 1,449.00",https://encrypted-tbn3.gstatic.com/shopping?q=tbn:ANd9GcScNgZ7Z1pv2TvpKMc1NcUZlHSycl8_F0fRefaqcjrTyeaBgViD6u-ODNCie4oZMNaie_KXDQwJBdofkWFY7GrN-YseaSCoSJsuh_8mVFfVdtz8zUiE8KsU,4.3,117.0,6085070126412891681,40,android_tablets
Apple iPad 13-inch Air Wi-Fi,شركة الشبكة الجديدة,"https://www.google.com/search?ibp=oshop&q=iPad&prds=localAnnotatedOfferId:1,catalogid:9505289262764565238,pvo:2,pvt:hg,rds:PC_6027158597472037202%7CPROD_PC_6027158597472037202&gl=sa&udm=28&pvorigin=2","SAR 2,499.00",https://encrypted-tbn0.gstatic.com/shopping?q=tbn:ANd9GcT_e_6eNgShYqRtVlOQ08i_xHQ7ut3xyBJJyWpp86FO8MdVPfz5zgt0qgT53m4TGm47jxkGdvnzbl7OIiqHdBc0JEqkDXCNRvm3TZpruSq4EniH5CTV8QBSJw,4.7,1700.0,9505289262764565238,1,ipads
Apple 13-inch iPad Air Wi‐Fi + Cellular 1TB,Apple Education Store,"https://www.google.com/search?ibp=oshop&q=iPad&prds=localAnnotatedOfferId:1,catalogid:147872870391962902,pvo:2,pvt:hg,rds:PC_6027158597472037202%7CPROD_PC_6027158597472037202&gl=sa&udm=28&pvorigin=2","SAR 7,899.00",https://encrypted-tbn3.gstatic.com/shopping?q=tbn:ANd9GcSPIc66oXJ03hGod4umvbS2m5fTQqQs6l7YYwRnVaX2gnDm3YmNxl0qb5mYjypbOvHuYJzBtoEvrvfWdjBqp1j8uNmq9ni6-GV7BX7es11G13rXzJEMG0T4_w,4.3,1600.0,147872870391962902,2,ipads
Apple iPad Air M4 11 inch,Amazon.sa,"https://www.google.com/search?ibp=oshop&q=iPad&prds=localAnnotatedOfferId:1,catalogid:17949996917136070439,pvo:2,pvt:hg,rds:PC_6027158597472037202%7CPROD_PC_6027158597472037202&gl=sa&udm=28&pvorigin=2","SAR 3,079.00",https://encrypted-tbn2.gstatic.com/shopping?q=tbn:ANd9GcRHXF5AhxbGm4DMxaWUSRW4CppeCf3cesI2ztm-NQekB54EX7XGKVbPXbUBMUY7ayKCNSK8j0rRrNceGrmlLsMpF7bVWDIOFMi3LCjaKQWKmy5dp_FAEyEAnFM,4.8,2300.0,17949996917136070439,3,ipads
Apple iPad Wi-Fi 512GB,Apple Education Store,"https://www.google.com/search?ibp=oshop&q=iPad&prds=localAnnotatedOfferId:1,catalogid:4427764768081331793,pvo:2,pvt:hg,rds:PC_6027158597472037202%7CPROD_PC_6027158597472037202&gl=sa&udm=28&pvorigin=2","SAR 3,449.00",https://encrypted-tbn1.gstatic.com/shopping?q=tbn:ANd9GcQ9cY4PnYyuqhjDlvC4nTnEcGCl7uRXs0AgJ67jrMZJwCc42lHdl3-bm5Z-537rhmGGITOz5IejwCzsft4YqGCL-9PUvjRHkrz8TPG1tHc94-Y4A4ZhgCf9,,,4427764768081331793,4,ipads
Apple 11-inch iPad Air Wi-Fi,Jomla.ae,"https://www.google.com/search?ibp=oshop&q=iPad&prds=localAnnotatedOfferId:1,catalogid:6304492194067029822,pvo:2,pvt:hg,rds:PC_6027158597472037202%7CPROD_PC_6027158597472037202&gl=sa&udm=28&pvorigin=2","SAR 2,530.00",https://encrypted-tbn0.gstatic.com/shopping?q=tbn:ANd9GcSi7urNFm1UanFSSyVtrc1DclSFFlUZnGhDgZZIM4MtVZEX_Gj6-p__8h2FrpMrgIHpF0EPbdsW-ND_AJ5RmqxBiGHz6naqLbsRcuJFn96N,4.8,4300.0,6304492194067029822,5,ipads
Apple 11-inch iPad Pro Wi‐Fi 2TB with nano-texture glass,Jarir Bookstore,"https://www.google.com/search?ibp=oshop&q=iPad&prds=localAnnotatedOfferId:1,catalogid:10095683743977621470,pvo:2,pvt:hg,rds:PC_6027158597472037202%7CPROD_PC_6027158597472037202&gl=sa&udm=28&pvorigin=2","SAR 10,999.00",https://encrypted-tbn0.gstatic.com/shopping?q=tbn:ANd9GcQG7O9D4UAl9udV5-07tKt7jr29rQTFV9-BSf2yxt3bbVx6t7Iu1hSlQwEf0j2RGtOcOhqNchmk1Mo4zpQ_fZrVHaZ_yYykBkcVsP0hoJI,4.8,72.0,10095683743977621470,6,ipads
آيباد الجيل السادس رصاصي / 32 GB,Revibe KSA,"https://www.google.com/search?ibp=oshop&q=iPad&prds=localAnnotatedOfferId:1,productid:10925688846116362730,pvo:2,pvt:hg,rds:PC_6027158597472037202%7CPROD_PC_6027158597472037202&gl=sa&udm=28&pvorigin=2",SAR 789.00,https://encrypted-tbn0.gstatic.com/shopping?q=tbn:ANd9GcTejx_0JADThHwQdKhugeoya_rkJlP4ntlZjswXmBnjwq8Z_4MNZTbiLK7DUhQX9squ0oQxHc8VC8FPCO5D0yiyy3xkcf-zC9O25CYNLs__cVtB_zOje1XS,4.2,132.0,10925688846116362730,7,ipads
Apple iPad mini Wi‐Fi,Amazon.sa,"https://www.google.com/search?ibp=oshop&q=iPad&prds=localAnnotatedOfferId:1,catalogid:126886709284335619,pvo:2,pvt:hg,rds:PC_6027158597472037202%7CPROD_PC_6027158597472037202&gl=sa&udm=28&pvorigin=2","SAR 2,799.00",https://encrypted-tbn2.gstatic.com/shopping?q=tbn:ANd9GcRcAgpRGN6WRAli96NRiYjQatAJB-vTPyiT_FZTll_OTKAwSNSjYS7jp1xmVyJZ84_v4AbQuMI0hfqX1i0F96vl4J6QRCAQ5cbz6R1lxCi4uv7n3puBHDEB,4.7,7400.0,126886709284335619,8,ipads
Apple 11-inch iPad A16 Chip,noon.com - Noon Minutes,"https://www.google.com/search?ibp=oshop&q=iPad&prds=localAnnotatedOfferId:1,catalogid:3953375268186513026,pvo:2,pvt:hg,rds:PC_6027158597472037202%7CPROD_PC_6027158597472037202&gl=sa&udm=28&pvorigin=2","SAR 1,889.00",https://encrypted-tbn2.gstatic.com/shopping?q=tbn:ANd9GcQ3wd6MwnIsZVV8zNB3-AwYN-52rjm1148VBc964RD0-HOaABg47EOif2-iUgvM2gEym_HvRMsRNhshwwjuplZ_bjtZVIw1PQ6oXm9CWJ1Pnt8wDo5oCt2qNQ,4.8,68000.0,3953375268186513026,9,ipads
Apple iPad A 16 2025,لؤي للإتصالات,"https://www.google.com/search?ibp=oshop&q=iPad&prds=localAnnotatedOfferId:1,productid:9304895451650858793,pvo:2,pvt:hg,rds:PC_6027158597472037202%7CPROD_PC_6027158597472037202&gl=sa&udm=28&pvorigin=2","SAR 2,173.04",https://encrypted-tbn3.gstatic.com/shopping?q=tbn:ANd9GcTjEs4cbQQjr-5QW6G_qQSAdktuN-bn-1d-97iq2kEfKaf6pDdGWAn7vnhdHn_MaTk58VH_SagIjU6eb-oWyY8eCVbL0cQuNESNp9zGW5O2,,,9304895451650858793,10,ipads
Apple 11-inch iPad Pro Wi‐Fi + Cellular standard glass,Apple Education Store,"https://www.google.com/search?ibp=oshop&q=iPad&prds=localAnnotatedOfferId:1,catalogid:10562432097287318624,pvo:2,pvt:hg,rds:PC_6027158597472037202%7CPROD_PC_6027158597472037202&gl=sa&udm=28&pvorigin=2","SAR 9,199.00",https://encrypted-tbn0.gstatic.com/shopping?q=tbn:ANd9GcR7Zc8-Qul5-aVNtxVyoAS54O71olGqVuWFFuydVKp9AEz-NUAa6rclcBfa0Bm8iiycrAbYMRawd7HZIf69XEzP6ZgFwUUEr_vyKwUzMjk,4.8,1000.0,10562432097287318624,11,ipads
Apple iPad Wifi 11 MD4,Saeel,"https://www.google.com/search?ibp=oshop&q=iPad&prds=localAnnotatedOfferId:1,catalogid:1438544159103465937,pvo:2,pvt:hg,rds:PC_6027158597472037202%7CPROD_PC_6027158597472037202&gl=sa&udm=28&pvorigin=2","SAR 2,300.00",https://encrypted-tbn1.gstatic.com/shopping?q=tbn:ANd9GcSY6xwaAPGgWnPpl-gjmpTTYUMOBUWcqoqP5_5CJ2ZbKvTrYxh_pSBTIt-D8zoNckBEeqw7H8_dQcEuzCixOd0DAeIWncO3yQIqsvSLwbl3y_VFmEFkE_6Y,4.8,1500.0,1438544159103465937,12,ipads
آيباد برو - 2024 (الجيل السابع) مقاس 13 بوصة، سعة 512 جيجابايت، شبكة الجيل الخامس، لون أسود فلكي مع زجاج قياسي - إصدار الشرق الأوسط,noon.com,"https://www.google.com/search?ibp=oshop&q=iPad&prds=localAnnotatedOfferId:1,productid:11215796772602585454,pvo:2,pvt:hg,rds:PC_6027158597472037202%7CPROD_PC_6027158597472037202&gl=sa&udm=28&pvorigin=2","SAR 6,599.00",https://encrypted-tbn1.gstatic.com/shopping?q=tbn:ANd9GcRo9CwQm3YKjJhuq31aBAHNG2CWvkypyb7JldgyWe3YE4gijDKJiYvdda6ZelfMR98d2upTDtr4Vta8Xmqfl1fYUYZoO9VdO5fePtAwUy2EgHHicAPeevti,4.6,1600.0,11215796772602585454,13,ipads
Apple 13-inch iPad Pro Wi‐Fi standard glass,Apple,"https://www.google.com/search?ibp=oshop&q=iPad&prds=localAnnotatedOfferId:1,catalogid:8891450966282401808,pvo:2,pvt:hg,rds:PC_6027158597472037202%7CPROD_PC_6027158597472037202&gl=sa&udm=28&pvorigin=2","SAR 12,399.00",https://encrypted-tbn0.gstatic.com/shopping?q=tbn:ANd9GcSDhWvqeYMiLKobG6T53IzW1Z_Sw9sz_pIy5dWd27UK3tYtUIxs7e_bHQrCo7zhs3ozUwNBochcD9fhJqqgIp6y6jY_48bO8IwIt11At9NjPDOW980U5ZEE,4.6,1600.0,8891450966282401808,14,ipads
Apple iPad 11th Gen 128Gb 11-Inch Wifi - Pink | Astore Electronics Online,Astore Kuwait,"https://www.google.com/search?ibp=oshop&q=iPad&prds=localAnnotatedOfferId:1,productid:14036521293308935807,pvo:2,pvt:hg,rds:PC_6027158597472037202%7CPROD_PC_6027158597472037202&gl=sa&udm=28&pvorigin=2","SAR 1,999.70",https://encrypted-tbn1.gstatic.com/shopping?q=tbn:ANd9GcSb7Ts6deXWhOXGc-sjvVCunRiZUFMalyn6ri6JYiuK9jn62Uj2K2RuZ1sVI-6XbSyEM6x1WjPH7rssYc2wVPoQl2rUUGjnDCR3GfaLurAa,4.8,68000.0,14036521293308935807,15,ipads
"Apple Ipad Air 11 2026 5g 11""liquid 12mp 128 256 512 1tb M4 7606mah By",eBay - bq_shop06,"https://www.google.com/search?ibp=oshop&q=iPad&prds=localAnnotatedOfferId:1,productid:4824822388472567007,pvo:2,pvt:hg,rds:PC_6027158597472037202%7CPROD_PC_6027158597472037202&gl=sa&udm=28&pvorigin=2","SAR 6,384.36",https://encrypted-tbn3.gstatic.com/shopping?q=tbn:ANd9GcTy9UU5WqrXh6R0AbpwCZ8E_NFEFcRvV1j8U1XuimxYjWkwKhBbux4kUikRuSba6lhpnzf8FlCYo_CaiyDsBzsXgy2M5xmzYYn6l45ZKZlROvcagb7XKJiOi_vR,,,4824822388472567007,16,ipads
آبل - جهاز لوحي آيباد اير 13 بوصة اللون البنفسجي,نجمة التقنية,"https://www.google.com/search?ibp=oshop&q=iPad&prds=localAnnotatedOfferId:1,productid:8165474477186126073,pvo:2,pvt:hg,rds:PC_6027158597472037202%7CPROD_PC_6027158597472037202&gl=sa&udm=28&pvorigin=2","SAR 3,349.00",https://encrypted-tbn1.gstatic.com/shopping?q=tbn:ANd9GcQZjJZ4qj5aMCKiWiszhzNxR5alBQ2o9kEOJjqBI33LLGvKzHXk4qaMgpGO18B8pKLDfDmMP54UZNjPthmvkire6bNtnnGS6unsDO4BpNycz7HHey0-55LN6g,4.3,1600.0,8165474477186126073,17,ipads
Apple 10.9-inch iPad Air,Techno Tribe,"https://www.google.com/search?ibp=oshop&q=iPad&prds=localAnnotatedOfferId:1,catalogid:15715734323492077556,pvo:2,pvt:hg,rds:PC_6027158597472037202%7CPROD_PC_6027158597472037202&gl=sa&udm=28&pvorigin=2","SAR 2,555.51",https://encrypted-tbn0.gstatic.com/shopping?q=tbn:ANd9GcR-KOWABvBuipOTuZPzdrQ7cz2S0Svd51dBqvbOyK-fcYGv78RI7BNPWT6Tn98maSQ8QssxGRVWQRp1l1yUdnDGN3eJjcX0XYgd2hvb-ZYVBtoj4HSJAVAx,4.7,5600.0,15715734323492077556,18,ipads
ابل - ايباد A16 الجيل الحادي العاشر 11 بوصة، بسعة 128 جيجا، واي فاي، متعدد الاوان - ضمان حاسبات العرب,ahmedsyani.sa,"https://www.google.com/search?ibp=oshop&q=iPad&prds=localAnnotatedOfferId:1,productid:1412531541095503526,pvo:2,pvt:hg,rds:PC_6027158597472037202%7CPROD_PC_6027158597472037202&gl=sa&udm=28&pvorigin=2","SAR 1,849.01",https://encrypted-tbn0.gstatic.com/shopping?q=tbn:ANd9GcRBRwl8Hy42yLb74_zKy4SY5UAAKGh9IzLf69DKqPyq8H5UyZB3LVMTPQeqwngwBRgz0U7xRvfsWDVFc1EH9EggO9glBHv2tppEKBm8o1dd7FU5-3MYtqH6,4.8,68000.0,1412531541095503526,19,ipads
Apple iPad 9.7 Inch Wi-Fi,eBay,"https://www.google.com/search?ibp=oshop&q=iPad&prds=localAnnotatedOfferId:1,catalogid:7748355125679170014,pvo:2,pvt:hg,rds:PC_6027158597472037202%7CPROD_PC_6027158597472037202&gl=sa&udm=28&pvorigin=2","SAR 3,605.25",https://encrypted-tbn2.gstatic.com/shopping?q=tbn:ANd9GcRQ_J5N2HDXHIBt48dp6AMZStlTLbf9cRvg9u8650Lozcx4R1P9awa4BjS2LmhLGkN44QexWGEDT4Fk6Bw1D4ovqfxnO9olTxvc55tnSZhujq7Y1CTiFrsY,4.5,11000.0,7748355125679170014,20,ipads
Apple iPad Pro Wi-Fi,Microless.com,"https://www.google.com/search?ibp=oshop&q=iPad&prds=localAnnotatedOfferId:1,catalogid:4331338049093306337,pvo:2,pvt:hg,rds:PC_6027158597472037202%7CPROD_PC_6027158597472037202&gl=sa&udm=28&pvorigin=2","SAR 5,675.73",https://encrypted-tbn3.gstatic.com/shopping?q=tbn:ANd9GcSDwFrl5VbVRNtsO-C6N6LIkOey65RNIafQP4j6cYwZsopNP4j_0sJ7IYZPnH0G8BrQe4htbZsWZgh57XulQjQCIkEMpuzNwMX4YhgDUx7K,4.6,2500.0,4331338049093306337,21,ipads
Apple iPad Air 11 بوصة (2024) الجيل السادس - متوفر في الإمارات العربية المتحدة | Techbros أرجواني / 128 جيجا بايت / Wi-Fi + Cellular,Techbros,"https://www.google.com/search?ibp=oshop&q=iPad&prds=localAnnotatedOfferId:1,productid:6531002581988067972,pvo:2,pvt:hg,rds:PC_6027158597472037202%7CPROD_PC_6027158597472037202&gl=sa&udm=28&pvorigin=2","SAR 3,138.40",https://encrypted-tbn0.gstatic.com/shopping?q=tbn:ANd9GcT932YGZ22odnZ5cKNd6SdFpkFpZ_pHyAHd4LO84zMaj3J8FH_7utR-fNkDkXTeMZIqwV0q-DsvBE70MClXCu2cihIKBfLvqdeRcNUUtuc0faZ8wu5Ox-TO,4.8,2300.0,6531002581988067972,22,ipads
iPad mini,Munabh,"https://www.google.com/search?ibp=oshop&q=iPad&prds=localAnnotatedOfferId:1,productid:16004982423002988007,pvo:2,pvt:hg,rds:PC_6027158597472037202%7CPROD_PC_6027158597472037202&gl=sa&udm=28&pvorigin=2","SAR 2,799.00",https://encrypted-tbn1.gstatic.com/shopping?q=tbn:ANd9GcQNYcguA9DFPO__IzCWUQK2YWftMa2vAu_DM7ERRHDodX-WqvvVPfsxrqoRUHy_h-rQwM6DZs2va3LZhBkX6gi2uoXeY6CfpkNWY_v0Z5rzILeRckQh_TxvTVPj,,,16004982423002988007,23,ipads
Apple iPad Air Tablet,eBay - eshilacoota,"https://www.google.com/search?ibp=oshop&q=iPad&prds=localAnnotatedOfferId:1,catalogid:14763450727695138020,pvo:2,pvt:hg,rds:PC_6027158597472037202%7CPROD_PC_6027158597472037202&gl=sa&udm=28&pvorigin=2","SAR 3,000.27",https://encrypted-tbn1.gstatic.com/shopping?q=tbn:ANd9GcRzZ7Ai2MiKWUYD4gOHrznQltkUDl0zRQLzMck4SOBh5BlCkP9xMiz0mGiYr9OULlWN-_w3J8kxKSb4taSx52lAW0tnnSzE8oLRd72fiRwQYbdLwlfVmdYbYg,4.6,5600.0,14763450727695138020,24,ipads
"Huawei MatePad SE 11 4GB+128GB Kid Tablet, M-Pen lite, FullView Display,Large Capacity Battery,Kids Corner, 1-Year Amazon Exclusive Huawei Care+",Amazon.sa,"https://www.google.com/search?ibp=oshop&q=iPad&prds=localAnnotatedOfferId:1,catalogid:2908741649781423728,pvo:2,pvt:hg,rds:PC_6027158597472037202%7CPROD_PC_6027158597472037202&gl=sa&udm=28&pvorigin=2","SAR 1,049.55",https://encrypted-tbn2.gstatic.com/shopping?q=tbn:ANd9GcTRAtI9bZdNiHpymZO9RjtCtTF01pk51Kwr9p4-OR8QrFf3VPzqnV3Dly0Cm-Yd4KW8iTv74BT4jRlcKS-hAB8FeR4Fzl6xDy8zpHT2iW_dj0W2KVmtXwaj,,,2908741649781423728,25,ipads
Apple iPad mini Wi-Fi,Samma3a.com,"https://www.google.com/search?ibp=oshop&q=iPad&prds=localAnnotatedOfferId:1,catalogid:15231908767392796045,pvo:2,pvt:hg,rds:PC_6027158597472037202%7CPROD_PC_6027158597472037202&gl=sa&udm=28&pvorigin=2","SAR 2,431.77",https://encrypted-tbn1.gstatic.com/shopping?q=tbn:ANd9GcRtoCHRioLHYX1ZvA5q5ACfjQrvPkCN2zWDqM0rWLpmNFfHFO4tqqIa3Qr7m4s6MHVgEAxSb7a_TjbYqB99FajyVquvonT4cyg6HA21DZuEZ9-jLdXCB6MHBw,4.7,3700.0,15231908767392796045,26,ipads
Apple iPad mini 3 64GB Wi-Fi 7.9 inch,eBay,"https://www.google.com/search?ibp=oshop&q=iPad&prds=localAnnotatedOfferId:1,catalogid:4094810871367291081,pvo:2,pvt:hg,rds:PC_6027158597472037202%7CPROD_PC_6027158597472037202&gl=sa&udm=28&pvorigin=2","SAR 2,737.38",https://encrypted-tbn2.gstatic.com/shopping?q=tbn:ANd9GcQbmemO9bICSAv5Yr6TXT4MMA9hpjAJuWx-7Df0jPchBnxyyOHAyZ_E-gJHd104U8JuCcjxmVD5BqwYv0OHvQr8U-Nbm4HomPDTrJvHQqmD7vLen-wuQ9AS,5.0,3.0,4094810871367291081,27,ipads
أبل آيباد مقاس 11 بوصة A16، اتصال Wi-Fi، سعة 128 جيجابايت,قرم للاتصالات,"https://www.google.com/search?ibp=oshop&q=iPad&prds=localAnnotatedOfferId:1,productid:3150729862384464543,pvo:2,pvt:hg,rds:PC_6027158597472037202%7CPROD_PC_6027158597472037202&gl=sa&udm=28&pvorigin=2","SAR 1,900.00",https://encrypted-tbn1.gstatic.com/shopping?q=tbn:ANd9GcTS7NUGXV0Wv4Ce_01tZty3ihr5BRSFBqTxl5v5cumpreV7m51FbyDbACgPOR3J04JJfuL-TfZro58ifFWH2v4-VtgyXH6cB8nHBJIVPPCJ,,,3150729862384464543,28,ipads
iPad Pro 13ʺ Shift Magnetic Case,ESR,"https://www.google.com/search?ibp=oshop&q=iPad&prds=localAnnotatedOfferId:1,catalogid:6995127260223147909,pvo:2,pvt:hg,rds:PC_6027158597472037202%7CPROD_PC_6027158597472037202&gl=sa&udm=28&pvorigin=2",SAR 232.81,https://encrypted-tbn2.gstatic.com/shopping?q=tbn:ANd9GcQBhS5wPgr_Sryo5JlYV9Nb8DFJg4wJhu2Qv4iEAnHCVaT30xkpWo1ZjzKIqioTGGpN__BgjUrNuypetVRqQiVVl7USQi9lrFW27mrU__2MJZW_clmXNQgZ8g,5.0,7.0,6995127260223147909,29,ipads
apple iPad pro 9.7 wifi,eBay - eshilacoota,"https://www.google.com/search?ibp=oshop&q=iPad&prds=localAnnotatedOfferId:1,catalogid:16381264105711477194,pvo:2,pvt:hg,rds:PC_6027158597472037202%7CPROD_PC_6027158597472037202&gl=sa&udm=28&pvorigin=2","SAR 3,905.69",https://encrypted-tbn2.gstatic.com/shopping?q=tbn:ANd9GcTLmRDG0GZFiGiLN52rZAdd9FH_7swJLVqYExBuhX02T0edFQhQs_Bt-VSPhoqmH3hhbnethBI8r81DUYlB_UMH2oO8jGvQGQJ6kDbmTFAe,4.7,3800.0,16381264105711477194,30,ipads
"HONOR Pad 10 WiFi Tablet 12.1 Inch 120Hz 2.5K HONOR Eye Comfort Display 256 GB/8 GB RAM 10100 mAh Tablet, 4nm Snapdragon 7 Gen 3 with 6 Speakers, AI",Amazon.sa - Seller,"https://www.google.com/search?ibp=oshop&q=iPad&prds=localAnnotatedOfferId:1,catalogid:6838119726584948264,pvo:2,pvt:hg,rds:PC_6027158597472037202%7CPROD_PC_6027158597472037202&gl=sa&udm=28&pvorigin=2","SAR 1,199.00",https://encrypted-tbn0.gstatic.com/shopping?q=tbn:ANd9GcQYFxeyq37XzErK5PFDZmjbmO8IgtRmTKzRcc-V8VejzVBcRDYtVKWWsWlqP1S-wrgJ5GZZRx6GvWzJVPgWpG3nMzPLsLR7vjqssaaWf5w,,,6838119726584948264,31,ipads
iPad Air (5th Generation) Wi-Fi - Blue | 64 GB,Fishisfast,"https://www.google.com/search?ibp=oshop&q=iPad&prds=localAnnotatedOfferId:1,productid:452891597640392767,pvo:2,pvt:hg,rds:PC_6027158597472037202%7CPROD_PC_6027158597472037202&gl=sa&udm=28&pvorigin=2","SAR 1,013.96",https://encrypted-tbn1.gstatic.com/shopping?q=tbn:ANd9GcTDu2BE9SUvr4LgVvOTWNVCZ8Ua-knKx1nTFMAqupfCXkOv-11DVb8DcA5Vbo4F09HQFDBKBSJ_ienaTL7FW7NDHgwQkDV9yP8V1Xgv60U7mE1jH6j6eC1m3w,,,452891597640392767,32,ipads
"Apple Ipad 4th Generation With Retina Display 16gb, Wi-fi + 4g",eBay - eshilacoota,"https://www.google.com/search?ibp=oshop&q=iPad&prds=localAnnotatedOfferId:1,productid:9908229421249410367,pvo:2,pvt:hg,rds:PC_6027158597472037202%7CPROD_PC_6027158597472037202&gl=sa&udm=28&pvorigin=2","SAR 5,633.28",https://encrypted-tbn3.gstatic.com/shopping?q=tbn:ANd9GcQ-SJ9h897SnDHpoCVIefaX8VVWM4fprqVE2ZqLp4RTQXb-Nn2mqgbLX1qXAdToLA41wdgEmx0o3qz0ZLyqmOJwZ7CAYmv_P3uu-wIdoNNsp-OxDQmSNqgQ,4.1,47.0,9908229421249410367,33,ipads
XtremeSkins iPad 11-inch Skins and Wraps,XtremeSkins,"https://www.google.com/search?ibp=oshop&q=iPad&prds=localAnnotatedOfferId:1,catalogid:6722330588367313171,pvo:2,pvt:hg,rds:PC_6027158597472037202%7CPROD_PC_6027158597472037202&gl=sa&udm=28&pvorigin=2",SAR 71.00,https://encrypted-tbn0.gstatic.com/shopping?q=tbn:ANd9GcSxW9-GLoaGFkm9dYA9LgLa5NCmegwIc5iDJbx68MONPj6GtLX2LIVG3FSywq46ToUMUEFDJdTMUTYAvMvq6YDga3zfl78YjAy5AvvQ_wxM6ZzutNBshP__TA,,,6722330588367313171,34,ipads
"Apple Ipad 5th Generation 128gb, Wi-fi + Cellular (unclocked),9.7inch",eBay - eshilacoota,"https://www.google.com/search?ibp=oshop&q=iPad&prds=localAnnotatedOfferId:1,productid:8545237788000840723,pvo:2,pvt:hg,rds:PC_6027158597472037202%7CPROD_PC_6027158597472037202&gl=sa&udm=28&pvorigin=2","SAR 3,605.25",https://encrypted-tbn0.gstatic.com/shopping?q=tbn:ANd9GcR0oojEQ5v2MiklSUUCX9cGjKpV5dZp66pFJOwOSr93zpuajlBSzkDwOdgFIR6HCpkPrJY3kL3cDXhx4WuUWPZMbS-D-I4YLa0rc88bnh5ezQ7ozFUTclYIJA,3.2,143.0,8545237788000840723,35,ipads
CM824 ألترا - جهاز لوحي أندرويد 14 بوصة مع 8 جيجابايت RAM و512 جيجابايت تخزين شريحة واحدة شبكة 5G واي فاي كاميرا مزدوجة لوحة مفاتيح وقلم - مثالي للعمل,noon.com,"https://www.google.com/search?ibp=oshop&q=iPad&prds=localAnnotatedOfferId:1,productid:7454519574802124951,pvo:2,pvt:hg,rds:PC_6027158597472037202%7CPROD_PC_6027158597472037202&gl=sa&udm=28&pvorigin=2",SAR 199.00,https://encrypted-tbn0.gstatic.com/shopping?q=tbn:ANd9GcRVJmA3aRk1PPJbPiMZZ1FUxE8GtFWxdC_hr07PaVB6zbqz4MdiLSb1HoIlWvsvqogM2Ch7umiBtxlGuAoLGrn2xfugQLQICBT_69RVq2DFRr6XN8UpyGdW,3.0,51.0,7454519574802124951,36,ipads
"EAMPANG Case with Keyboard Mouse for iPad 9th 8th 7th Generation 10.2 inch,7 Rainbow Backlit Detachable Keypad Rotatable Magnetic Cover with Pencil",Amazon.sa - Seller,"https://www.google.com/search?ibp=oshop&q=iPad&prds=localAnnotatedOfferId:1,productid:5718378091219123367,pvo:2,pvt:hg,rds:PC_6027158597472037202%7CPROD_PC_6027158597472037202&gl=sa&udm=28&pvorigin=2",SAR 219.00,https://encrypted-tbn1.gstatic.com/shopping?q=tbn:ANd9GcSHTryh1INg1eOLuhipQsxPJIZD4Rbi6ZeCco3pBSDlW2hzSu6WPa3LqAG9HceYW9QNV5l6k2nXs6WZWYYEu-2NohiuR0458HlAod77l1fGNmRo5cTp-1j1xA,,,5718378091219123367,37,ipads
Apple iPad Mini 3,eBay - pcmonde,"https://www.google.com/search?ibp=oshop&q=iPad&prds=localAnnotatedOfferId:1,catalogid:16798972652589013854,pvo:2,pvt:hg,rds:PC_6027158597472037202%7CPROD_PC_6027158597472037202&gl=sa&udm=28&pvorigin=2","SAR 2,628.85",https://encrypted-tbn3.gstatic.com/shopping?q=tbn:ANd9GcT6wi-Dpc9MmSHCt2CFSSsXvwhlxKmNC_yrdFL3JwbR4N_Dzua95wYYIL89nKkeKlloIr1ed44uSuz8uR7QQO_m_aBWRVq9WgPd8WpDN_TMFdhZfKB2F58_,4.7,2200.0,16798972652589013854,38,ipads
ESR Magnetic iPad Air/Pro case Detachable shell case Air 13 at Zode,ESR,"https://www.google.com/search?ibp=oshop&q=iPad&prds=localAnnotatedOfferId:1,catalogid:13432744455719677572,pvo:2,pvt:hg,rds:PC_6027158597472037202%7CPROD_PC_6027158597472037202&gl=sa&udm=28&pvorigin=2",SAR 142.67,https://encrypted-tbn3.gstatic.com/shopping?q=tbn:ANd9GcQXDWaXJJyLUEpOiKDhIs_1quOGReLe_OfKYesBB4I9wtHOdrQcN8WADwfpt2wH99bNSatTWNinVsd5ZOP0iqTZRZh06JN0kZJ_tthz3BDFQ-bJpZyyyXNlqw,4.9,25.0,13432744455719677572,39,ipads
Folio 3 for iPad Pro & iPad Air & iPad mini,ipitaka.com,"https://www.google.com/search?ibp=oshop&q=iPad&prds=localAnnotatedOfferId:1,catalogid:11999277963943320189,pvo:2,pvt:hg,rds:PC_6027158597472037202%7CPROD_PC_6027158597472037202&gl=sa&udm=28&pvorigin=2",SAR 187.74,https://encrypted-tbn0.gstatic.com/shopping?q=tbn:ANd9GcTHCZ-ml-VPG5YFdGs1yYIUD3JR1oPAIXxdRbAMFdQgd0O2daeiE7ISN8mRpDkK20Gj62BGGLm91nWdXoYi7C5tQW2MVu0Kn3DAdMIEp9Z-KQT93tKB4WKlrg,5.0,2.0,11999277963943320189,40,ipads
"ProCase iPad Air 11"" M4/M3/M2 / 10.9"" 5th/4th Gen Smart Folio Case",Amazon.sa - Seller,"https://www.google.com/search?ibp=oshop&q=iPad&prds=localAnnotatedOfferId:1,catalogid:14064730882436770486,pvo:2,pvt:hg,rds:PC_6027158597472037202%7CPROD_PC_6027158597472037202&gl=sa&udm=28&pvorigin=2",SAR 49.99,https://encrypted-tbn2.gstatic.com/shopping?q=tbn:ANd9GcR327rDXQcg8LZO0NwS8og8WT0VfLdH8xfh6RkOGNhrLqmdE9g6xHcpSj4yI09oAyn9BcUGrHPf7ZrIJWzaHBdAdnND75OtMXnRDJU14ynAmBfMNOLMt36N,,,14064730882436770486,1,ipads
ESR Magnetic iPad Air/Pro case Detachable shell case Air 13 at Zode,ESR,"https://www.google.com/search?ibp=oshop&q=iPad&prds=localAnnotatedOfferId:1,catalogid:13432744455719677572,pvo:2,pvt:hg,rds:PC_6027158597472037202%7CPROD_PC_6027158597472037202&gl=sa&udm=28&pvorigin=2",SAR 142.67,https://encrypted-tbn3.gstatic.com/shopping?q=tbn:ANd9GcQXDWaXJJyLUEpOiKDhIs_1quOGReLe_OfKYesBB4I9wtHOdrQcN8WADwfpt2wH99bNSatTWNinVsd5ZOP0iqTZRZh06JN0kZJ_tthz3BDFQ-bJpZyyyXNlqw,4.9,25.0,13432744455719677572,2,ipads
Apple Ipod Touch 32gb Player One MVH,eBay - cshine80,"https://www.google.com/search?ibp=oshop&q=iPad&prds=localAnnotatedOfferId:1,catalogid:6516701644341613756,pvo:2,pvt:hg,rds:PC_6027158597472037202%7CPROD_PC_6027158597472037202&gl=sa&udm=28&pvorigin=2",SAR 510.30,https://encrypted-tbn1.gstatic.com/shopping?q=tbn:ANd9GcQZRpES0hP3-yv4tzaLlCJFS7_COJ5RBfjmSBFdC_77E7zmGvgs8OWegiljLDw9CR7pz0BIUPNJyY3ak-Os0Ac0XGeU4b5PWnO3eW1F2PtagdTgW61C3F7g,4.5,899.0,6516701644341613756,3,ipads
Apple Magic Keyboard for iPad Air 13-inch,Aleph ألف,"https://www.google.com/search?ibp=oshop&q=iPad&prds=localAnnotatedOfferId:1,catalogid:1731220277943392151,pvo:2,pvt:hg,rds:PC_6027158597472037202%7CPROD_PC_6027158597472037202&gl=sa&udm=28&pvorigin=2","SAR 1,359.00",https://encrypted-tbn2.gstatic.com/shopping?q=tbn:ANd9GcSgScGlkVhNYT2X9cKGAm1Ziuih1oYf-rpCt1pmKsr833Gim7rtyBYO67d4RQVUZlnJ_R8CXR64JpIra6iBc_ttAorrW9QYkHXrpmppnBsmJCDQta-Yq1IZww,,,1731220277943392151,4,ipads
"CM824 Ultra - 8"" Android 14 Tablet with 8GB RAM 512GB Storage Single SIM 5G Network WiFi Dual Camera Keyboard & Stylus - Ideal for Work & Learning...",noon.com,"https://www.google.com/search?ibp=oshop&q=iPad&prds=localAnnotatedOfferId:1,productid:735933067486060369,pvo:2,pvt:hg,rds:PC_6027158597472037202%7CPROD_PC_6027158597472037202&gl=sa&udm=28&pvorigin=2",SAR 198.00,https://encrypted-tbn1.gstatic.com/shopping?q=tbn:ANd9GcRxleyQM_7_6wNxn80EVm1D1izzoVJAm01oB8ZPqyIri2PYCGkNDeR4JjxnPZQFczAG96oTyVevVQkN3--qgDSBmwkhwWdSFGx_JRoNB-Bmrg8tnlieDqN5GQ,3.0,63.0,735933067486060369,5,ipads
Flexbook 360° Rotating Keyboard Case for iPad,Typecase,"https://www.google.com/search?ibp=oshop&q=iPad&prds=localAnnotatedOfferId:1,catalogid:12607697860389938106,pvo:2,pvt:hg,rds:PC_6027158597472037202%7CPROD_PC_6027158597472037202&gl=sa&udm=28&pvorigin=2",SAR 248.00,https://encrypted-tbn3.gstatic.com/shopping?q=tbn:ANd9GcQ8y7Hflf_IbWVZZFkfrj-NVV5qGubrihU6I9ZThExmGWPW_RaucZWoFOeiLal1YDLEpah12qNqwzWHyFzZ108KlfrTwY0UoOFKwM9VkBD6E15rU4TxIVGGYQ,4.0,7.0,12607697860389938106,6,ipads
UNIQFIND Terrazzo iPad Skin + Case,Uniqfind,"https://www.google.com/search?ibp=oshop&q=iPad&prds=localAnnotatedOfferId:1,catalogid:10479372508010121478,pvo:2,pvt:hg,rds:PC_6027158597472037202%7CPROD_PC_6027158597472037202&gl=sa&udm=28&pvorigin=2",SAR 168.96,https://encrypted-tbn0.gstatic.com/shopping?q=tbn:ANd9GcReJA6B35ZVQlHyloP8z3dGABCV_CvcniPOnFF7TA_u3tcTc5irY2popSmABcGfvy4UdnFMrXGSy1EZuJfUXVDCxN7EmlhBjUkhwIge3GEGg4hbIqBfBU5I,4.8,4.0,10479372508010121478,7,ipads
iPad Pro 11” Rebound Magnetic Keyboard Case 360,ESR,"https://www.google.com/search?ibp=oshop&q=iPad&prds=localAnnotatedOfferId:1,catalogid:18111397616675727732,pvo:2,pvt:hg,rds:PC_6027158597472037202%7CPROD_PC_6027158597472037202&gl=sa&udm=28&pvorigin=2",SAR 525.74,https://encrypted-tbn2.gstatic.com/shopping?q=tbn:ANd9GcRfYw9d5tR6stoRuR7UBcjngWSktuahLgKWDU7DpTkPQoG75OA-orIB74_ro0R3l6hOKf6PmiTFi5bhST3jFqoWmu37eRF7HEKmNXHEtrRnmhi2nojwEc2jcA,4.3,31.0,18111397616675727732,8,ipads
Apple iPad 2021 10.2-inch Wi-Fi,Technoor.me,"https://www.google.com/search?ibp=oshop&q=iPad&prds=localAnnotatedOfferId:1,catalogid:8723525257347363173,pvo:2,pvt:hg,rds:PC_6027158597472037202%7CPROD_PC_6027158597472037202&gl=sa&udm=28&pvorigin=2","SAR 1,993.07",https://encrypted-tbn2.gstatic.com/shopping?q=tbn:ANd9GcQUrf5P1CAul6kG8APiRE6idfXxYXOp6yZ6Tmutej2Ql_SzQiFHTb58TQahkbaHWo5dYz-v7e7LLs0JC_ajPFZBfvHJsaMRKSBdU_3d_DgDaEWx-7ewil1D,4.6,16000.0,8723525257347363173,9,ipads
Smart Cover for iPad Air,usd.lucrin.ae,"https://www.google.com/search?ibp=oshop&q=iPad&prds=localAnnotatedOfferId:1,catalogid:6238324738274562468,pvo:2,pvt:hg,rds:PC_6027158597472037202%7CPROD_PC_6027158597472037202&gl=sa&udm=28&pvorigin=2","SAR 1,415.65",https://encrypted-tbn0.gstatic.com/shopping?q=tbn:ANd9GcRc-v-R7PxxkBMElrlwe2wolnfYEmq5CsDE0IcbEnYFboZYnw3_V7Gz9Cethuqs0rBa-rRfby-3b7EDAa3mBpox-8qYwf9w0lY01KRKTOUGp0hJA5UKxdErZA,,,6238324738274562468,10,ipads
"Arabic Keyboard with Case for iPad 7th/8th/9th Generation 10.2 inch, Air 3rd Gen, Pro 10.5 inch, Detachable and Rechargeable, with Pencil Holder,",Amazon.sa - Seller,"https://www.google.com/search?ibp=oshop&q=iPad&prds=localAnnotatedOfferId:1,productid:5280446513880775606,pvo:2,pvt:hg,rds:PC_6027158597472037202%7CPROD_PC_6027158597472037202&gl=sa&udm=28&pvorigin=2",SAR 109.99,https://encrypted-tbn3.gstatic.com/shopping?q=tbn:ANd9GcSiX-5Nj0f6W0mXciKIxk8u-au48zdAHZ7GEPwVJdTdeO83PWb3kIQbmsQI2h-pNNgbZRwAcPZYgRmjjWi9qqVCuIiBYBx93ETZbj5z1lIacJDmnDaigxry,,,5280446513880775606,11,ipads
C idea CM517 Smart Tablet PC with Stylus 7-Inch IPS Touch Screen 8GB RAM 256GB ROM Android Wi-Fi GPS Bluetooth Dual Camera Single SIM 5G LTE Kids,noon.com,"https://www.google.com/search?ibp=oshop&q=iPad&prds=localAnnotatedOfferId:1,productid:7412496267656825717,pvo:2,pvt:hg,rds:PC_6027158597472037202%7CPROD_PC_6027158597472037202&gl=sa&udm=28&pvorigin=2",SAR 219.00,https://encrypted-tbn0.gstatic.com/shopping?q=tbn:ANd9GcQbetdNVjgoBaap5a3FZGzWe0dr6CN5b26_yuyI9qRCC1EWiCicB8nBYInVEXrtI6rlEGR7JMlSnHpspEXGV-my6urQmnM6_v4gOHZUAK7sdI_JQFakijBmlQ,,,7412496267656825717,12,ipads
ipad109air4b EU Product-iPad Air 10.9 Display Complete – B,eBay,"https://www.google.com/search?ibp=oshop&q=iPad&prds=localAnnotatedOfferId:1,catalogid:14796902074875789763,pvo:2,pvt:hg,rds:PC_6027158597472037202%7CPROD_PC_6027158597472037202&gl=sa&udm=28&pvorigin=2",SAR 561.68,https://encrypted-tbn2.gstatic.com/shopping?q=tbn:ANd9GcQ5PC0KegMMNOPz7Ha44uZAk_b2DMXONlYU2W2xeFhf9txxnUmLMvZBlUSRZhMXFAXsKoM5kmZM7NugPvXCuMb3ipCPeqPdAmcUXmDU8Rc5UFBzuJ3bpDvePw,4.0,10.0,14796902074875789763,13,ipads
"iPad 11"" 2025 Flex-Tastaturhülle Schutzbundle",ESR,"https://www.google.com/search?ibp=oshop&q=iPad&prds=localAnnotatedOfferId:1,catalogid:4162834132334876471,pvo:2,pvt:hg,rds:PC_6027158597472037202%7CPROD_PC_6027158597472037202&gl=sa&udm=28&pvorigin=2",SAR 311.67,https://encrypted-tbn0.gstatic.com/shopping?q=tbn:ANd9GcT4JE9bIzesGziGADT-_I6FMJwISDP6Zh2G0ZOVFRWEc_BPKYeAixPmrj35eFEYP226MexEbCLlfKs9pS2vRedgjdxf2RWNaJsSTL9ps4A9T_Y6hY4KhKBS,,,4162834132334876471,14,ipads
iPad Air Wi-Fi + Cellular 256GB - Purple (5th generation),Aleph ألف,"https://www.google.com/search?ibp=oshop&q=iPad&prds=localAnnotatedOfferId:1,productid:540409950812235039,pvo:2,pvt:hg,rds:PC_6027158597472037202%7CPROD_PC_6027158597472037202&gl=sa&udm=28&pvorigin=2","SAR 2,459.00",https://encrypted-tbn2.gstatic.com/shopping?q=tbn:ANd9GcQdbAQNfp6Yf-vDp32_TW1Y6lL1s_HeSttm_-DT7zUsh9JAWmgZCXAh7io5vVkQZ2PEUTUhBhhDIUuiDgwts4vK0eBh51GyjPDo8SAqj-AkDVYjIwxYjl3J2Q,4.7,5600.0,540409950812235039,15,ipads
iPad Keyboard Case 10.9 & 11 Inch | Magnetic,Midi,"https://www.google.com/search?ibp=oshop&q=iPad&prds=localAnnotatedOfferId:1,productid:18372382601548368608,pvo:2,pvt:hg,rds:PC_6027158597472037202%7CPROD_PC_6027158597472037202&gl=sa&udm=28&pvorigin=2",SAR 135.00,https://encrypted-tbn3.gstatic.com/shopping?q=tbn:ANd9GcTXv_CsDMT1wrhoT4Y2vGcLbWvClcckj6OxxdXGNOkabBBGQfIcprhwonRK-XpS62PhMcjxMRiwiu4TB1ZPCvNKUvUPYa2x5_y8_KNbWBfyaCthwN2n5YLq,,,18372382601548368608,16,ipads
Apple MacBook M5 Pro 18 core CPU/20 core GPU,Almanea SA,"https://www.google.com/search?ibp=oshop&q=iPad&prds=localAnnotatedOfferId:1,catalogid:18431045553323794280,pvo:2,pvt:hg,rds:PC_6027158597472037202%7CPROD_PC_6027158597472037202&gl=sa&udm=28&pvorigin=2","SAR 13,199.00",https://encrypted-tbn2.gstatic.com/shopping?q=tbn:ANd9GcRKYE-WMC2aVJ2RTQTN3iGswnRk6ltgVhROtOR9P6qVcZlBOudEULsC1uYIH-DFRSwVamNqbdouXMQqgtn-q2eJDbFb5R6YKJXZylnT_yU23XNR6caka8ZX,5.0,1.0,18431045553323794280,17,ipads
Piel Frama iPad Air 2019 iPad 10.2 2019 Cinema Leather Case,PielFrama.us,"https://www.google.com/search?ibp=oshop&q=iPad&prds=localAnnotatedOfferId:1,catalogid:629670087592498468,pvo:2,pvt:hg,rds:PC_6027158597472037202%7CPROD_PC_6027158597472037202&gl=sa&udm=28&pvorigin=2",SAR 713.55,https://encrypted-tbn0.gstatic.com/shopping?q=tbn:ANd9GcQt0wzIqBHTeboR6yArCaxiJJBvyU8-vKe6Gu34Oo5pFby2OHaUblyKIwy2fTf05pG61WqvvbjnV2IpjT6mG8on26Ed11TmjpOMIC0VMiOE2YkVV_lHm-KV,,,629670087592498468,18,ipads
"ProCase for iPad A16 11th Gen 11"" 2025/10th Gen 10.9"" Case, Navy Hybrid Cover with Soft TPU Back and Pencil Holder, Touch ID and Auto Wake/Sleep",Amazon.sa - Seller,"https://www.google.com/search?ibp=oshop&q=iPad&prds=localAnnotatedOfferId:1,catalogid:8246981126186836439,pvo:2,pvt:hg,rds:PC_6027158597472037202%7CPROD_PC_6027158597472037202&gl=sa&udm=28&pvorigin=2",SAR 47.99,https://encrypted-tbn3.gstatic.com/shopping?q=tbn:ANd9GcSBVIlg0lvRcte8mqP2PWKr-1l2lvkVPl4h9UJWSeJVUTUIA-zEqb0Lw8GZCjLH2-uEB1bu2T540u1N8AtTdJrBG5HDHhNdtz37DCd8j3YgtIVWnNmYBrX-rg,,,8246981126186836439,19,ipads
"iPad Air 11"" Flex Keyboard Case",ESR,"https://www.google.com/search?ibp=oshop&q=iPad&prds=localAnnotatedOfferId:1,catalogid:3649759520317170607,pvo:2,pvt:hg,rds:PC_6027158597472037202%7CPROD_PC_6027158597472037202&gl=sa&udm=28&pvorigin=2",SAR 244.07,https://encrypted-tbn2.gstatic.com/shopping?q=tbn:ANd9GcT0QP-7kY0IQvtFjAzZqpzdrM6tdGkmWUPl815wZ_PWo7cHrjh5VQ8REQQHVFpNCXmWahC6Nd1ukBgGiD8Yrt2ejNJQKpEyZF09WtUZMObbUBro1HN-TO0yDQ,4.6,32.0,3649759520317170607,20,ipads
iPad Smart Cover / Keyboard Panels (wood),Toast,"https://www.google.com/search?ibp=oshop&q=iPad&prds=localAnnotatedOfferId:1,productid:426385300104932689,pvo:2,pvt:hg,rds:PC_6027158597472037202%7CPROD_PC_6027158597472037202&gl=sa&udm=28&pvorigin=2",SAR 90.13,https://encrypted-tbn3.gstatic.com/shopping?q=tbn:ANd9GcTFuk7Vxh34WBz9YzVwXwYpzUAAdz4PMDlaljrFoZxdPcBBODuxHk6k7Af0Sbbeg6T5NXgBeqarUQoIVgz_8EwPOgA9Ev9yYy9xVVIqHM0MAhXd1UkrlaMC,,,426385300104932689,21,ipads
Armov iPad Case iPad Air 3,New Martina,"https://www.google.com/search?ibp=oshop&q=iPad&prds=localAnnotatedOfferId:1,catalogid:4084865368130113745,pvo:2,pvt:hg,rds:PC_6027158597472037202%7CPROD_PC_6027158597472037202&gl=sa&udm=28&pvorigin=2",SAR 110.00,https://encrypted-tbn0.gstatic.com/shopping?q=tbn:ANd9GcSbuQVFD61w2WeFkbRnW5oWC9_Ho7uQvDs9sHwsHccNfUjNuoPB-cm86y3cVQ9mliQDaNGkJW--_t_2SIKAtsRjfaq51Zj6fWl8r7o-Y6YfeJiedGaR9DDO9w,,,4084865368130113745,22,ipads
AI Humor iPad Air (Gen 4/5),Case X,"https://www.google.com/search?ibp=oshop&q=iPad&prds=localAnnotatedOfferId:1,catalogid:9566863100784891992,pvo:2,pvt:hg,rds:PC_6027158597472037202%7CPROD_PC_6027158597472037202&gl=sa&udm=28&pvorigin=2",SAR 93.89,https://encrypted-tbn1.gstatic.com/shopping?q=tbn:ANd9GcTHiaxJ8WRCrReEbbCF0ooPF3Pm0bKVXOLYatMfFyzRz6scbfht6eIIUGS8SR-eljapWYjCFwlujY1anA-hJ5KvglFfpFClwsTlx7vrJoc40reZsNibs0w4,,,9566863100784891992,23,ipads
Think Pink iPad Air 10.9 Case,BURGA,"https://www.google.com/search?ibp=oshop&q=iPad&prds=localAnnotatedOfferId:1,catalogid:3697064736788862651,pvo:2,pvt:hg,rds:PC_6027158597472037202%7CPROD_PC_6027158597472037202&gl=sa&udm=28&pvorigin=2",SAR 262.70,https://encrypted-tbn0.gstatic.com/shopping?q=tbn:ANd9GcRDRuB32Dv4uTd1W8w6gJ275D_Gb3dUode_a_N22oxcsLlTEELj2a1nHXWh2V7eM01jGMLaR4tEiPOiTINTmhfqBeNd6XUfz8t5TMdWwBXf-zDXXDsqzQBMOQ,,,3697064736788862651,24,ipads
"iPad Mini 7.9"" Vertical with Strap iPad Air/Pro Sleeve",Mission Leather Co,"https://www.google.com/search?ibp=oshop&q=iPad&prds=localAnnotatedOfferId:1,catalogid:10341143338411804626,pvo:2,pvt:hg,rds:PC_6027158597472037202%7CPROD_PC_6027158597472037202&gl=sa&udm=28&pvorigin=2",SAR 385.00,https://encrypted-tbn1.gstatic.com/shopping?q=tbn:ANd9GcTm-i2lkX8NaXFN_ZPfLWb0RilxZ3QxuQsPBHGZUs0z_lgb31lGE5RaiFpp7vhnACqAF6Ip6aBZWCLUt4OYCTxYTzNcn8dViRT4XpAz_3Bm7Ru1qeLxBRBLwA,4.4,22.0,10341143338411804626,25,ipads
iPad Pro 11ʺ Rebound Hybrid Case 360,ESR,"https://www.google.com/search?ibp=oshop&q=iPad&prds=localAnnotatedOfferId:1,catalogid:11244591323878043193,pvo:2,pvt:hg,rds:PC_6027158597472037202%7CPROD_PC_6027158597472037202&gl=sa&udm=28&pvorigin=2",SAR 199.01,https://encrypted-tbn1.gstatic.com/shopping?q=tbn:ANd9GcRPsebbloypCIS-gBgCwI1kveEmVliPfgGPA3FWXLzmLrzoFNDYs3m5aGjfxnrHwXRaLUPTZPby55aXIEbyTZN8IDHY39spmHztCXF47oH0Wkv18DS7pzWr3g,5.0,1.0,11244591323878043193,26,ipads
Vivaldo iPad Case Faux Leather,Vivaldo Europe S.L.,"https://www.google.com/search?ibp=oshop&q=iPad&prds=localAnnotatedOfferId:1,catalogid:6527744801407555097,pvo:2,pvt:hg,rds:PC_6027158597472037202%7CPROD_PC_6027158597472037202&gl=sa&udm=28&pvorigin=2",SAR 66.00,https://encrypted-tbn0.gstatic.com/shopping?q=tbn:ANd9GcT74WbTBfITAVvUiMIN4kbSdFlTbPRCpM1Nz9hfJ9BHxFlbFiiYMoI1_pFZC9Vbe3yowYvWxn1lfkdbSylSMROjGpGSkTo18pS_BsQr_IAhVFrs56g6-e9w,,,6527744801407555097,27,ipads
UNIQFIND Oak Camo iPad Skin + Case,Uniqfind,"https://www.google.com/search?ibp=oshop&q=iPad&prds=localAnnotatedOfferId:1,catalogid:16284157048489237687,pvo:2,pvt:hg,rds:PC_6027158597472037202%7CPROD_PC_6027158597472037202&gl=sa&udm=28&pvorigin=2",SAR 168.96,https://encrypted-tbn1.gstatic.com/shopping?q=tbn:ANd9GcRtenBVw_D8uQXkjvtxHsoN6eYSu4p7n9NrCol6NDSPk02-FDn3h7DzSWfVVOXIwt0bAcG09jRfVfdrZ3NucCY66KhJKQ24PdI5uTw8CwLVLWrSuU2JqfQb,,,16284157048489237687,28,ipads
iPad Air iPad Case Ultimate Gray,rhinoshield.io,"https://www.google.com/search?ibp=oshop&q=iPad&prds=localAnnotatedOfferId:1,catalogid:11910431047586578178,pvo:2,pvt:hg,rds:PC_6027158597472037202%7CPROD_PC_6027158597472037202&gl=sa&udm=28&pvorigin=2",SAR 281.63,https://encrypted-tbn1.gstatic.com/shopping?q=tbn:ANd9GcThtd4fNFV98mVl2kbXAPnvgvRcFhqhH8NDzrJFJS_BO7r1qZHs1jk-OS9J_hTTfX8SD8-SV1lU5tJVLZsaBK4m1qcOREWpgkPyvwNn1xljF8MEqgtZ0dU2,,,11910431047586578178,29,ipads
Celestial Frost iPad Air 13 Case,caseteroid.com,"https://www.google.com/search?ibp=oshop&q=iPad&prds=localAnnotatedOfferId:1,catalogid:11759490419868874007,pvo:2,pvt:hg,rds:PC_6027158597472037202%7CPROD_PC_6027158597472037202&gl=sa&udm=28&pvorigin=2",SAR 225.15,https://encrypted-tbn0.gstatic.com/shopping?q=tbn:ANd9GcRmZKg_ywB8BuJGshTFdpEVD-uhvZlhOXeRBuBib-cEUx7ZvK5t4vWJYBCYWBg6sCA9cdOYazWelrazciLrYFR7VBWvEIhQCatzhOwczd5DoGlKT4Cni-HDbA,,,11759490419868874007,30,ipads
iPad selfie pod photobooth High quality guest experience,CC5 Visuals,"https://www.google.com/search?ibp=oshop&q=iPad&prds=localAnnotatedOfferId:1,catalogid:9572096082239555127,pvo:2,pvt:hg,rds:PC_6027158597472037202%7CPROD_PC_6027158597472037202&gl=sa&udm=28&pvorigin=2",SAR 928.00,https://encrypted-tbn0.gstatic.com/shopping?q=tbn:ANd9GcS00mmcdOou-9sOQANZrAc06F3giRltlXKR32CpZgfBaoykXaYYzbQ3jUiDdi9SbGWUEaskrImHAMbgu9fhX7m4p7DBSs68vcNd5J7kA11MnxxbbXtNQNr0,,,9572096082239555127,31,ipads
"iPad Air 11"" 2026 Bundle Shift Magnetic Case & Armorite Paper-Feel Protection",ESR,"https://www.google.com/search?ibp=oshop&q=iPad&prds=localAnnotatedOfferId:1,catalogid:7733432377400909217,pvo:2,pvt:hg,rds:PC_6027158597472037202%7CPROD_PC_6027158597472037202&gl=sa&udm=28&pvorigin=2",SAR 247.83,https://encrypted-tbn2.gstatic.com/shopping?q=tbn:ANd9GcTp_0tXmZ9RHhAtGUzeZBXXTgq9o7igZ8IeJhaMHVBdGugibpjC0a9_TEp4Ce2YMui627v29Az9Ok3Dj3H5XtGoWeedXOehKBGSDkhb0-GheTA4uBlC_ImC,,,7733432377400909217,32,ipads
i-Blason iPad 9.7 inch Cosmo Case-Marble Green,eBay - clayco168,"https://www.google.com/search?ibp=oshop&q=iPad&prds=localAnnotatedOfferId:1,catalogid:5954324955129446968,pvo:2,pvt:hg,rds:PC_6027158597472037202%7CPROD_PC_6027158597472037202&gl=sa&udm=28&pvorigin=2",SAR 114.06,https://encrypted-tbn0.gstatic.com/shopping?q=tbn:ANd9GcTlW0bN_Dyw7Bvr9V-rdeNyywWdf70AxJfg42jSvdSkc9d0lAkt83LsQF1sfE5DjuDy8hrvvCH382KlfYGQU-QITsiaZE1f0hAHzkzkDqBA560eCbQLV9P4fA,,,5954324955129446968,33,ipads
"Sleeve Case for iPad Pro 11"" M5",usd.lucrin.ae,"https://www.google.com/search?ibp=oshop&q=iPad&prds=localAnnotatedOfferId:1,catalogid:4819651428867105417,pvo:2,pvt:hg,rds:PC_6027158597472037202%7CPROD_PC_6027158597472037202&gl=sa&udm=28&pvorigin=2","SAR 1,179.05",https://encrypted-tbn1.gstatic.com/shopping?q=tbn:ANd9GcRaj9uzG0WP9QFc0BpSj1omkc3_JPRrNwatQeR5f91GxsucDKm9fb20IiSMws_Ft66RrlOF5DEhvCFjsbJzfZ0fZAOtpfhguN5xzDzveD_swEy3K5NSH8uMhg,,,4819651428867105417,34,ipads
ايباد برو M4 مقاس 13 إنش 2024,Wafi World Store,"https://www.google.com/search?ibp=oshop&q=iPad&prds=localAnnotatedOfferId:1,productid:15646088824484267421,pvo:2,pvt:hg,rds:PC_6027158597472037202%7CPROD_PC_6027158597472037202&gl=sa&udm=28&pvorigin=2","SAR 7,500.00",https://encrypted-tbn1.gstatic.com/shopping?q=tbn:ANd9GcTtAOEXfzWJDhC4GS47Z_Nch8oJFS3K5oKY-UIKasW4FJKCYdF0EQ3GzIs9smlLabfIdmGdz6jdcmlt1tmkqsK5m1Y8Q8VYVRkxXYBTOp1IaH89wZHl2mGq8w,,,15646088824484267421,35,ipads
UNIQFIND Wood iPad Skin + Case,Uniqfind,"https://www.google.com/search?ibp=oshop&q=iPad&prds=localAnnotatedOfferId:1,catalogid:8408752695796372125,pvo:2,pvt:hg,rds:PC_6027158597472037202%7CPROD_PC_6027158597472037202&gl=sa&udm=28&pvorigin=2",SAR 168.96,https://encrypted-tbn3.gstatic.com/shopping?q=tbn:ANd9GcS6obJRmIfbheWhZKjJrJCXC07b0vKSTaKIAXKTrdyu60iWeIa8s6yvkLCzDwXZ35LKJx45CFpDc3E-7xGc5TYN_CeoxikAY4OEdJLZE0oRcRAW4djwA5IKfg,,,8408752695796372125,36,ipads
iPad Pro 11′′ 2024 Bundle Shift Tastaturhülle & Armorite Displayschutz,ESR,"https://www.google.com/search?ibp=oshop&q=iPad&prds=localAnnotatedOfferId:1,catalogid:14625128856326363127,pvo:2,pvt:hg,rds:PC_6027158597472037202%7CPROD_PC_6027158597472037202&gl=sa&udm=28&pvorigin=2",SAR 413.07,https://encrypted-tbn3.gstatic.com/shopping?q=tbn:ANd9GcTw0eDUVERVLMa7jNgwCuOPnxOc9wCfHXQE9YCBnaNNWbi1FRb7iFkzHZaJDBoLWxgQEVVHqf4aOSZWVJdnz7-g3sRi0AvK9cd0FfoOZTdvMkLf1C-9ZnZK,,,14625128856326363127,37,ipads
Logitech Combo Touch iPad Air 11 Inch (M2/M3) Keyboard Case,McGrocer,"https://www.google.com/search?ibp=oshop&q=iPad&prds=localAnnotatedOfferId:1,productid:14345053929121947848,pvo:2,pvt:hg,rds:PC_6027158597472037202%7CPROD_PC_6027158597472037202&gl=sa&udm=28&pvorigin=2","SAR 1,475.26",https://encrypted-tbn1.gstatic.com/shopping?q=tbn:ANd9GcR_cfNQScdrTAUbM7yGvfEtMAyVjJNt8fo9qikLjY4sV9pIuU66KNjGB2G0-Prn7EpVtylD3hQllR7zz6Qk0C8k1URu8s9dnznlrQX32daZ3C4qZLI9oP8d,,,14345053929121947848,38,ipads
قلم ايباد يدعم راحة اليد موج ماكس,متجر شحنة مدينتي,"https://www.google.com/search?ibp=oshop&q=iPad&prds=localAnnotatedOfferId:1,catalogid:12302775160845712436,pvo:2,pvt:hg,rds:PC_6027158597472037202%7CPROD_PC_6027158597472037202&gl=sa&udm=28&pvorigin=2",SAR 139.00,https://encrypted-tbn3.gstatic.com/shopping?q=tbn:ANd9GcSXBvFlfLGXCCBLLozNy3-VCn2nbneJ9baTJDsvh6zV5wG-fN6cDdwYTpenLoP6COWKi9NyNSByPy1KnzqoWG8sXjEJQ2fTzSmcH3e-iWSNZq_ljDJjju02,,,12302775160845712436,39,ipads
Refurbished iPad Pro 12.9 5th Generation Screen Assembly,eBay,"https://www.google.com/search?ibp=oshop&q=iPad&prds=localAnnotatedOfferId:1,catalogid:5457497966811896824,pvo:2,pvt:hg,rds:PC_6027158597472037202%7CPROD_PC_6027158597472037202&gl=sa&udm=28&pvorigin=2",SAR 872.38,https://encrypted-tbn0.gstatic.com/shopping?q=tbn:ANd9GcR1FeazVz38PYN4W194U3huCOOpvBK96aaiaQBdb6ke5XuwbSVVqpEh7ZHRCuH3FL-ST9llgNXtWDFoqwdToAXXfzfmk7mSw8UafJIR8l9QR94tbdbTUYk6Mg,,,5457497966811896824,40,ipads
"iOsuite Curved Glass Smart Watch, 36MM, Silver Metal Strap",eXtra Stores,"https://www.google.com/search?ibp=oshop&q=Smartwatch&prds=localAnnotatedOfferId:1,productid:3212492019340984798,pvo:2,pvt:hg,rds:PC_6027158597472037202%7CPROD_PC_6027158597472037202&gl=sa&udm=28&pvorigin=2",SAR 299.00,https://encrypted-tbn1.gstatic.com/shopping?q=tbn:ANd9GcRbsftcUzwpAlnEm78ihtYBazXaGN2mkZoCAjXIHw65xOKF_9QJHeWfi9d6t6X_PlIWMtWvXqBp3auZbce9fORT6J5W66Xv4hickdXGM9u-_t_IcmxPwPdm,4.0,1.0,3212492019340984798,1,smartwatches
"Oraimo Muse Smart Watch 1.32"" AMOLED",KSA CentrepointStores English,"https://www.google.com/search?ibp=oshop&q=Smartwatch&prds=localAnnotatedOfferId:1,catalogid:2603330128620845419,pvo:2,pvt:hg,rds:PC_6027158597472037202%7CPROD_PC_6027158597472037202&gl=sa&udm=28&pvorigin=2",SAR 159.00,https://encrypted-tbn2.gstatic.com/shopping?q=tbn:ANd9GcRDN4Ntx0JPClgZEBABol-Npa22Bv2QKcu2B4sDoA_CPtFIfXIHnJ5VxrqIw-KS9gd3SB8KVF26aOKO0_fP3vlRAA-LeoVdG0FQYMfA6-Zc_H6Z2D_Cqr4uug,,,2603330128620845419,2,smartwatches
Smart Watch for iOS and Android Phones Watches for Men Women IP68 Waterproof Smartwatch Fitness Tracker Watch,Amazon.sa - Seller,"https://www.google.com/search?ibp=oshop&q=Smartwatch&prds=localAnnotatedOfferId:1,catalogid:17388106453354467098,pvo:2,pvt:hg,rds:PC_6027158597472037202%7CPROD_PC_6027158597472037202&gl=sa&udm=28&pvorigin=2",SAR 151.87,https://encrypted-tbn0.gstatic.com/shopping?q=tbn:ANd9GcQEuZdGnSY1JAy7uveahv7LB9wI9jJyJ3pRlZJLuLpW4Zv1kQNJwcey3rJAlECZv3BLDCoxJEFtxeCSWqKzVNleNVyP1XoIDLyocKFTzfY,,,17388106453354467098,3,smartwatches
"Smart Watch for Men Women (Answer/Make Call), 2024 HD 1.91""Smartwatch Fitness Activity Tracker, 110+ Sports IP68 Waterproof, Heart Rate/Sleep Monitor/",Amazon.sa - Seller,"https://www.google.com/search?ibp=oshop&q=Smartwatch&prds=localAnnotatedOfferId:1,productid:18339256439871092722,pvo:2,pvt:hg,rds:PC_6027158597472037202%7CPROD_PC_6027158597472037202&gl=sa&udm=28&pvorigin=2",SAR 100.00,https://encrypted-tbn1.gstatic.com/shopping?q=tbn:ANd9GcRqm4V2K0aD4Mz8xXRigzZfuFynaZRuBPNUK3_fVDBWe0ARvww_yIepL4TEKsu3tAAB_JoUscqN9VqyV3wHXN3yvBw1VyC2bQUZlYg5wYfKBW4kPEntrSiHbg,,,18339256439871092722,4,smartwatches
Samsung Galaxy Fit3,Jarir Bookstore,"https://www.google.com/search?ibp=oshop&q=Smartwatch&prds=localAnnotatedOfferId:1,catalogid:3536937500479397516,pvo:2,pvt:hg,rds:PC_6027158597472037202%7CPROD_PC_6027158597472037202&gl=sa&udm=28&pvorigin=2",SAR 149.00,https://encrypted-tbn1.gstatic.com/shopping?q=tbn:ANd9GcS9GdoEZvZ03Q2XveZcuq-cwC5qEH5R043hwZyzhgXBe-QLLXivx4mDUN8DMJM1k_Gv8utAxjNKYWhVayEab3hr7uQRJmZhaQsjAWS9Lgbb,4.4,3200.0,3536937500479397516,5,smartwatches
Huawei Watch GT Runner 2 Smartwatch,Jarir Bookstore,"https://www.google.com/search?ibp=oshop&q=Smartwatch&prds=localAnnotatedOfferId:1,catalogid:3162851345183884083,pvo:2,pvt:hg,rds:PC_6027158597472037202%7CPROD_PC_6027158597472037202&gl=sa&udm=28&pvorigin=2",SAR 999.00,https://encrypted-tbn0.gstatic.com/shopping?q=tbn:ANd9GcSAJOAbNF4DaotuUfggMTsP7VngOIvSOgD5v7sT7SX_5MkJxbZuiaZnCpdbeyn41-9udWQZwkNCPU6KxIQ7oig2D7KFWypOBpg7SQQesSdy,4.8,336.0,3162851345183884083,6,smartwatches
"Kieslect Smart Watch Black 2.1"" AMOLED HD GPS Bluetooth Call & Text",Amazon.sa - Seller,"https://www.google.com/search?ibp=oshop&q=Smartwatch&prds=localAnnotatedOfferId:1,catalogid:10133336451546811548,pvo:2,pvt:hg,rds:PC_6027158597472037202%7CPROD_PC_6027158597472037202&gl=sa&udm=28&pvorigin=2",SAR 199.00,https://encrypted-tbn1.gstatic.com/shopping?q=tbn:ANd9GcSWiseQw0hBQgRuVcw8SxRNzaHdw8Q8z7oGhwryxvzYadlVzsG8rO8FESyL_6yeSlw1JWhFUK_e-AI_sy0GDIrl4Nky2DZSn4j8cMT1jIm369pNyH_ZK6tm,,,10133336451546811548,7,smartwatches
Nothing CMF Watch Pro 2 Smartwatch,noon.com,"https://www.google.com/search?ibp=oshop&q=Smartwatch&prds=localAnnotatedOfferId:1,catalogid:13497744602207743029,pvo:2,pvt:hg,rds:PC_6027158597472037202%7CPROD_PC_6027158597472037202&gl=sa&udm=28&pvorigin=2",SAR 219.00,https://encrypted-tbn0.gstatic.com/shopping?q=tbn:ANd9GcSWtDnlJBC69Y4Gkx2psN7J2Yb5Dz6bcT3hwoNsrfqIljElVtbDzj5a3pEaaJzGIY21tLD0xeDUBgMGtqBFKLeDEHVt36-6P0YKUCJNPzl6MF6cWsgArIs1ArA,4.6,1700.0,13497744602207743029,8,smartwatches
Apple Watch Ultra 3 GPS + Cellular 49mm Titanium Case Loop,noon.com,"https://www.google.com/search?ibp=oshop&q=Smartwatch&prds=localAnnotatedOfferId:1,catalogid:14682866112882491554,pvo:2,pvt:hg,rds:PC_6027158597472037202%7CPROD_PC_6027158597472037202&gl=sa&udm=28&pvorigin=2","SAR 2,999.00",https://encrypted-tbn1.gstatic.com/shopping?q=tbn:ANd9GcTgsdKbAXwGpZWSQfYjL2fSOfDuXsfvc1B8BTEvAwzr0WovU63V5G3xY4HMyi5nypwSKS6w3r2C3tvmslXxXGwHs0X5W9swhu5gKtCQGWrl24b42fksQHwo,4.7,4100.0,14682866112882491554,9,smartwatches
Xiaomi Watch S4,Nahdi Online,"https://www.google.com/search?ibp=oshop&q=Smartwatch&prds=localAnnotatedOfferId:1,catalogid:9962003779310389554,pvo:2,pvt:hg,rds:PC_6027158597472037202%7CPROD_PC_6027158597472037202&gl=sa&udm=28&pvorigin=2",SAR 519.00,https://encrypted-tbn2.gstatic.com/shopping?q=tbn:ANd9GcTkmcVLwMnhJsMRdo3ghDIQ-IuUnOhOai73Dsj4yxiinbtn-X8eDdXMFFhypUj_ayApS3Rw0vFKT_D8EO_bD3n157X50fWhWqNuZXxv-XwJf5W48rAxHxw2,4.6,1200.0,9962003779310389554,10,smartwatches
Garmin Vivoactive 6 Smartwatch,Nahdi Online,"https://www.google.com/search?ibp=oshop&q=Smartwatch&prds=localAnnotatedOfferId:1,catalogid:860377455694156972,pvo:2,pvt:hg,rds:PC_6027158597472037202%7CPROD_PC_6027158597472037202&gl=sa&udm=28&pvorigin=2","SAR 1,519.15",https://encrypted-tbn1.gstatic.com/shopping?q=tbn:ANd9GcS00ZejpvTiKCrMYHPeoOjz01H0y6iNGlbDPQF5JJpIi_vy2FiPv79xszb4C89mTjmC3mxDGi7J923YQ9VKLt9rR13CwbyAfLW8FGatGmq7YZuYrXoTZ9MAKg,4.6,2400.0,860377455694156972,11,smartwatches
Kospet Tank S2 Smartwatch,Almanea SA,"https://www.google.com/search?ibp=oshop&q=Smartwatch&prds=localAnnotatedOfferId:1,catalogid:16048286367059888108,pvo:2,pvt:hg,rds:PC_6027158597472037202%7CPROD_PC_6027158597472037202&gl=sa&udm=28&pvorigin=2",SAR 299.00,https://encrypted-tbn3.gstatic.com/shopping?q=tbn:ANd9GcR_ZELy2gzNHfcSGy8wvGLOuRUWoeb4FMf2IIxeyrulYJHqGZAPan3tWxlbFhesF1welfGT2sFrmdCK0wvVfDvUhXA6EtPBd_f849vE1Jdot0zsXjPlUhMiNw,4.9,157.0,16048286367059888108,12,smartwatches
Xiaomi Redmi Watch 5,Amazon.sa - Seller,"https://www.google.com/search?ibp=oshop&q=Smartwatch&prds=localAnnotatedOfferId:1,catalogid:1072221907141688218,pvo:2,pvt:hg,rds:PC_6027158597472037202%7CPROD_PC_6027158597472037202&gl=sa&udm=28&pvorigin=2",SAR 299.00,https://encrypted-tbn0.gstatic.com/shopping?q=tbn:ANd9GcQhMvx8JWe0LPFZVeGtZUWqJBTlmod8g-2pnWDyEpGNF0RX-4dUi5s6BR43qHta9WugUAwri_NF8yUAveOUBy2iwP3xLd-hqcMQRJTKmyoZ_d55pRYzYGI_mQ,4.8,1800.0,1072221907141688218,13,smartwatches
"Smart Watch 1.8"" HD Full Touch Screen - BT Call & Voice Control Fitness Tracker with 100 Sports Modes, IP68 Waterproof, 24/7 Health Monitoring for...",noon.com,"https://www.google.com/search?ibp=oshop&q=Smartwatch&prds=localAnnotatedOfferId:1,productid:9061612000047410857,pvo:2,pvt:hg,rds:PC_6027158597472037202%7CPROD_PC_6027158597472037202&gl=sa&udm=28&pvorigin=2",SAR 138.00,https://encrypted-tbn3.gstatic.com/shopping?q=tbn:ANd9GcRzP_XBAldCcYxhFoSSuZmW2w-gFSO7zTMZy6z5gA_fTqYNcYC_bCtqCSqJy7nXscu65oMksRWH_Uy64T6TI20JMxWVmB0SZ48eNNzwPJ0Y8j1AO9nMNSUg,,,9061612000047410857,14,smartwatches
Galaxy Fit 3 Silver,stc,"https://www.google.com/search?ibp=oshop&q=Smartwatch&prds=localAnnotatedOfferId:1,productid:5321729101551256562,pvo:2,pvt:hg,rds:PC_6027158597472037202%7CPROD_PC_6027158597472037202&gl=sa&udm=28&pvorigin=2",SAR 149.01,https://encrypted-tbn2.gstatic.com/shopping?q=tbn:ANd9GcQIRV2QTGBVJn31cm9tery-LTXf2BVBrqJV20JOTic1TW3R89mkBd4W_ZsWdOnE5WM4kCiG1V-wb3GGj2a4zk5ua58VFXxhkVRI2ALW_UQKq2lMHAhgkII-sA,4.7,22000.0,5321729101551256562,15,smartwatches
Apple Watch Series 10 GPS 42mm Aluminium Case Sport Band,eXtra Stores,"https://www.google.com/search?ibp=oshop&q=Smartwatch&prds=localAnnotatedOfferId:1,catalogid:2185570202075997998,pvo:2,pvt:hg,rds:PC_6027158597472037202%7CPROD_PC_6027158597472037202&gl=sa&udm=28&pvorigin=2","SAR 2,249.00",https://encrypted-tbn1.gstatic.com/shopping?q=tbn:ANd9GcSpEb7sXjI1LqrIe0OlFhh_jnvLkx8Jptwd-UCdwVysJ3XO1u3xsiYn4i3vwZmUfW3jrFJuHFgTCuqnkSeBfudpOv8k6QmMhlTAxz6IAgzLaVP6TE6aXfo4,4.6,10000.0,2185570202075997998,16,smartwatches
"Parsonver Smart Watch for Men Women(Answer/Make Calls), HD Screen Fitness Tracker IP68 Waterproof 100+ Sport Modes, Step Counter for Walking,",Amazon.sa - Seller,"https://www.google.com/search?ibp=oshop&q=Smartwatch&prds=localAnnotatedOfferId:1,productid:10145226958628319875,pvo:2,pvt:hg,rds:PC_6027158597472037202%7CPROD_PC_6027158597472037202&gl=sa&udm=28&pvorigin=2",SAR 152.99,https://encrypted-tbn2.gstatic.com/shopping?q=tbn:ANd9GcSfYlAwtFcTLuhqBkuFgJN37SXpfo5JC3OyENbrvllKuiXYDXXyVCDfZsbgUwFYg7KjyGCXXQDaI1k0xdIsC07zBzPixyfnE5D7rX-d1Swr,,,10145226958628319875,17,smartwatches
"Xiaomi Smart Band 10 - Mystic Rose, Pink",KSA CentrepointStores English,"https://www.google.com/search?ibp=oshop&q=Smartwatch&prds=localAnnotatedOfferId:1,productid:14304732191188239519,pvo:2,pvt:hg,rds:PC_6027158597472037202%7CPROD_PC_6027158597472037202&gl=sa&udm=28&pvorigin=2",SAR 179.00,https://encrypted-tbn1.gstatic.com/shopping?q=tbn:ANd9GcTDXAVWTs6HamFiVCZuERWSrhrLOk9tvQ7ze3LY3B6ge_IF0SSDvnbGLbQtyY6fvkvbgrXXIxomsEmxB_byIu_j6NOCWwOlnGR_Jjn1Fi18FbmDZtRJ5XrBow0,,,14304732191188239519,18,smartwatches
HUAWEI Watch GT 5 Vili-B19F 46mm Black,noon.com,"https://www.google.com/search?ibp=oshop&q=Smartwatch&prds=localAnnotatedOfferId:1,catalogid:5442885534130675030,pvo:2,pvt:hg,rds:PC_6027158597472037202%7CPROD_PC_6027158597472037202&gl=sa&udm=28&pvorigin=2","SAR 1,117.00",https://encrypted-tbn1.gstatic.com/shopping?q=tbn:ANd9GcRdZrpyOA6mMk3LwdwfnA0pNvjpFcHrEgljWqm3ir-FwJdIJfjggKeEpPk6HtRx-I0NhecIKzm5fI1P5vFIxwTFrmmo9bmrYKvCFizUjYrvrOQtLIj2N8pbzYE,4.7,824.0,5442885534130675030,19,smartwatches
Amazfit Active Smartwatch,Trendyol,"https://www.google.com/search?ibp=oshop&q=Smartwatch&prds=localAnnotatedOfferId:1,catalogid:16352269114475068686,pvo:2,pvt:hg,rds:PC_6027158597472037202%7CPROD_PC_6027158597472037202&gl=sa&udm=28&pvorigin=2",SAR 299.00,https://encrypted-tbn0.gstatic.com/shopping?q=tbn:ANd9GcSe2LBvMEjVZLuAaAKQDSBd9Xt0sCxS3TAIZc8BXU-gbTd-yc-AXHUgarO5l6VfBdYFTBHMHO2-09jTt0Xe9QX379by-XmiZzH4Eya9WWufDAfwWnXQX6qmTi0,4.8,24.0,16352269114475068686,20,smartwatches
Cardoo X Apex Smart Watch for Unisex 2.01 Inch cglwxa04s,Amazon.sa - Seller,"https://www.google.com/search?ibp=oshop&q=Smartwatch&prds=localAnnotatedOfferId:1,catalogid:10152118719121652071,pvo:2,pvt:hg,rds:PC_6027158597472037202%7CPROD_PC_6027158597472037202&gl=sa&udm=28&pvorigin=2",SAR 299.00,https://encrypted-tbn2.gstatic.com/shopping?q=tbn:ANd9GcSofqNa1ZV8BZnWA1rKaRRVdGT6i1K_ntlt2FeL8E8jqNDmEmK9_Om4nsRUKcpg1uhFtTZEgJ41Z9m6MVQiKBPxFetmTThPgJFbs2ZymoQv4TeJLMd5uDeB,,,10152118719121652071,21,smartwatches
ابل واتش الاصدار 11 46 ساعة ذكية,Jarir Bookstore,"https://www.google.com/search?ibp=oshop&q=Smartwatch&prds=localAnnotatedOfferId:1,productid:5673808005955729031,pvo:2,pvt:hg,rds:PC_6027158597472037202%7CPROD_PC_6027158597472037202&gl=sa&udm=28&pvorigin=2","SAR 1,929.00",https://encrypted-tbn2.gstatic.com/shopping?q=tbn:ANd9GcSpgkSXolyxXqZnYLlXRPD8G3Di7y-Hn1Mz46OIwus68wgCdwYbxE5b8CwBR1xHR4h2b-jA_XiBQhPW5Hh22bkLjrDS4y18KhbhSZ7H91Ly,4.8,13000.0,5673808005955729031,22,smartwatches
Samsung Galaxy Watch8,Samsung KSA,"https://www.google.com/search?ibp=oshop&q=Smartwatch&prds=localAnnotatedOfferId:1,catalogid:10635116469520331441,pvo:2,pvt:hg,rds:PC_6027158597472037202%7CPROD_PC_6027158597472037202&gl=sa&udm=28&pvorigin=2","SAR 1,299.00",https://encrypted-tbn1.gstatic.com/shopping?q=tbn:ANd9GcQijUGdoAVbGWCtipEVb5lN2wwfi4iAS2n9XflYlCLxXAafuseyRP-JXLM2QgtFrV0MZ3YNSZ7iCTUEpeZ-mzydfjIjwMv6TixTy1NDKCW_CGcRUl8SjEUgnoI,4.5,65000.0,10635116469520331441,23,smartwatches
"iOsuite Elegant Smart Watch, 30MM, Gold Case with Gold Silver Metal Strap",eXtra Stores,"https://www.google.com/search?ibp=oshop&q=Smartwatch&prds=localAnnotatedOfferId:1,productid:12700471861142938663,pvo:2,pvt:hg,rds:PC_6027158597472037202%7CPROD_PC_6027158597472037202&gl=sa&udm=28&pvorigin=2",SAR 359.00,https://encrypted-tbn2.gstatic.com/shopping?q=tbn:ANd9GcScC6PnLF_Lh2B97OUw6LAc_NvHY60wIjuOvvsqQlRBxS8mqsbrfanwecp6qmZ9HmzxLR23Sl9E-5BmwjNKd5viQlv8jzpCKdbOV5aVULAyvP1R0pMDZSfrjA,,,12700471861142938663,24,smartwatches
"RollsTimi 1.43"" Smart Watches for Men Women Multi Sport Modes Fitness Watch with Blood Oxygen Sleep Heart Rate Monitor, IP68 Waterproof Smartwatch,",noon.com,"https://www.google.com/search?ibp=oshop&q=Smartwatch&prds=localAnnotatedOfferId:1,productid:18085263335825180252,pvo:2,pvt:hg,rds:PC_6027158597472037202%7CPROD_PC_6027158597472037202&gl=sa&udm=28&pvorigin=2",SAR 158.85,https://encrypted-tbn2.gstatic.com/shopping?q=tbn:ANd9GcQp4cN0k_xyqfzl1bam446cncF4tmfzqp_EjwTTSnttFwbHc2UlgoNDbL6bkwzCwouxnFeURSE4Ty-fs9y2hwnPfwFBcvezIdCas4O_r9oW6Pc9eT1z_jYW,,,18085263335825180252,25,smartwatches
Samsung Galaxy Watch8 Classic,Amazon.sa - Seller,"https://www.google.com/search?ibp=oshop&q=Smartwatch&prds=localAnnotatedOfferId:1,catalogid:18097757085350322073,pvo:2,pvt:hg,rds:PC_6027158597472037202%7CPROD_PC_6027158597472037202&gl=sa&udm=28&pvorigin=2",SAR 895.00,https://encrypted-tbn3.gstatic.com/shopping?q=tbn:ANd9GcRrxwREUHuTDzUbuBkSJaB1wWCkEj-AgfHVmcFiQuwYL3iCU4-atVCSTbWmLvj4NOTqk9mMILnJBjW0aM3lyLhwGt6i93Zy9NhCI1pGm0pkpib0nRIf7eqfMDfT,4.1,25.0,18097757085350322073,26,smartwatches
Xiaomi Redmi Watch 5 Active Smartwatch,Bikeinn.com,"https://www.google.com/search?ibp=oshop&q=Smartwatch&prds=localAnnotatedOfferId:1,catalogid:17331421492733664676,pvo:2,pvt:hg,rds:PC_6027158597472037202%7CPROD_PC_6027158597472037202&gl=sa&udm=28&pvorigin=2",SAR 154.99,https://encrypted-tbn2.gstatic.com/shopping?q=tbn:ANd9GcTa9Uk0KDhHtF82aO-_96nBUH611R2JZSf0o0o2DajQjlrqKHpt3d9aqMJEFsKzC59tzbjy_FB0aUHfjeRHg952mGEd62M4iO4_EABHiOfiO4nAxpbZfP5i,4.8,12000.0,17331421492733664676,27,smartwatches
Apple Watch SE Edition 44mm GPS - Gold,salla.sa,"https://www.google.com/search?ibp=oshop&q=Smartwatch&prds=localAnnotatedOfferId:1,productid:17038094997230892673,pvo:2,pvt:hg,rds:PC_6027158597472037202%7CPROD_PC_6027158597472037202&gl=sa&udm=28&pvorigin=2",SAR 119.99,https://encrypted-tbn2.gstatic.com/shopping?q=tbn:ANd9GcQYUKbs3Wrjgo4koXqW2GNob9ygUnqI2xCHawTRNwMWLKDkfLgl0VXdFYYO2EMHKYwC7PHqR6WdwyUnxic1HUHYg7B05CAKjY8GXiulz_KhHLnLBAOrM9w_gA,,,17038094997230892673,28,smartwatches
HUAWEI WATCH FIT 4 Smartwatch Ultra Slim iOS & Android Gray Up to 10 Days Battery Life,Amazon.sa - Seller,"https://www.google.com/search?ibp=oshop&q=Smartwatch&prds=localAnnotatedOfferId:1,catalogid:1724512906346932541,pvo:2,pvt:hg,rds:PC_6027158597472037202%7CPROD_PC_6027158597472037202&gl=sa&udm=28&pvorigin=2",SAR 485.67,https://encrypted-tbn1.gstatic.com/shopping?q=tbn:ANd9GcT9yQ_74QRBKW344b3XL450X4dTstQQ7Hhjq7MPrgil5LgO7BM0mjVCdnrl6RDtzr5fQ8qXZoRYxcbU-odiiDe9wFVvMO3UB9mn432Zd0Y-,,,1724512906346932541,29,smartwatches
VWAR S9 ULTRA 4G Android Smart Watch AMOLED Screen Retractable camera 4G+64G/ 2G RAM 32G ROM,vwar,"https://www.google.com/search?ibp=oshop&q=Smartwatch&prds=localAnnotatedOfferId:1,catalogid:5291050560588548320,pvo:2,pvt:hg,rds:PC_6027158597472037202%7CPROD_PC_6027158597472037202&gl=sa&udm=28&pvorigin=2",SAR 375.52,https://encrypted-tbn2.gstatic.com/shopping?q=tbn:ANd9GcTXVc5PUZAR0RJktzzNhx6MMM7iJkTMoEndWLl2prfSkA31YxPK-gh0-4PU1zb8UbFwCfS5sXvv0cAtWtHDx4S3mLMfawcEJ4j4NFz3Gls0VVYxhFcCxhO_HQ,3.4,101.0,5291050560588548320,30,smartwatches
Huawei Watch Fit 5 Pro,eXtra Stores,"https://www.google.com/search?ibp=oshop&q=Smartwatch&prds=localAnnotatedOfferId:1,catalogid:549399082974949029,pvo:2,pvt:hg,rds:PC_6027158597472037202%7CPROD_PC_6027158597472037202&gl=sa&udm=28&pvorigin=2",SAR 949.00,https://encrypted-tbn1.gstatic.com/shopping?q=tbn:ANd9GcQa4VnGGdHOFSDHYFsGeFRcb_4ykWxvG8SAOBRrDyPI2XIqb-pu7gXOV-5AqVAWht_HCQifS1xIawchw2MTUa2ltWEFagA0z04aK7dBPLPXA2rxezsUJ8CyAA,4.8,747.0,549399082974949029,31,smartwatches
Honor Choice InFoWear Watch 2i,Microless.com,"https://www.google.com/search?ibp=oshop&q=Smartwatch&prds=localAnnotatedOfferId:1,catalogid:18205777031021237938,pvo:2,pvt:hg,rds:PC_6027158597472037202%7CPROD_PC_6027158597472037202&gl=sa&udm=28&pvorigin=2",SAR 130.81,https://encrypted-tbn3.gstatic.com/shopping?q=tbn:ANd9GcRhu-0gagrFkADUCOmdGjjF2M1lRtHFdNo_4-RoPepyFsMuB5HUM5ofTgCJty4QNoyhD5JUzKXEkEyMZ3L33JIx7OIat3_WIXrRzLX0YIrq,4.7,985.0,18205777031021237938,32,smartwatches
Noise Halo Smartwatch,Amazon.sa - Seller,"https://www.google.com/search?ibp=oshop&q=Smartwatch&prds=localAnnotatedOfferId:1,catalogid:1658421940686487252,pvo:2,pvt:hg,rds:PC_6027158597472037202%7CPROD_PC_6027158597472037202&gl=sa&udm=28&pvorigin=2",SAR 248.00,https://encrypted-tbn1.gstatic.com/shopping?q=tbn:ANd9GcRwZqq9iQ8MZaVO_gnHIRRhuodYi_X8yL734AbXteF85Z6QYuZ3JU63bNPGFNuMPQ0QbLKBpns9htp0JlPyhMdPF-mfvYfhnPhidtsEHw7H3B8g6KodGV_w,4.9,195.0,1658421940686487252,33,smartwatches
"Extraordinary Master Smart Watch, capable of answering and making phone calls, sports watch.",noon.com,"https://www.google.com/search?ibp=oshop&q=Smartwatch&prds=localAnnotatedOfferId:1,productid:12807236403195812606,pvo:2,pvt:hg,rds:PC_6027158597472037202%7CPROD_PC_6027158597472037202&gl=sa&udm=28&pvorigin=2",SAR 214.20,https://encrypted-tbn1.gstatic.com/shopping?q=tbn:ANd9GcQs0TYsHo8_VRRXSfQfTknGrjJMHVrps9CPjH85Xu1GjIPn_mwJrKRzczKUQzOXvzF13rNq_2PalsFUKjtsqzm7y90k-pVYZvORiLcIZyY7KZZOigAwYoUK,,,12807236403195812606,34,smartwatches
ابل واتش الترا 3 ساعة ذكية,Jarir Bookstore,"https://www.google.com/search?ibp=oshop&q=Smartwatch&prds=localAnnotatedOfferId:1,productid:16404423002394535680,pvo:2,pvt:hg,rds:PC_6027158597472037202%7CPROD_PC_6027158597472037202&gl=sa&udm=28&pvorigin=2","SAR 3,599.00",https://encrypted-tbn3.gstatic.com/shopping?q=tbn:ANd9GcQZLyunR-HPY_zhAalQRZ6V_lYenqIhLqVYyNhxNr19G9B1Rq8Esbu8t9C3W5CR9mZRSEbWK01Jsg6Y6Sv6jz2ZRmrlr35RSoFiPfr-BIw,4.7,4100.0,16404423002394535680,35,smartwatches
"Xcell G7 Talk Professional Smart Watch 1.96"" HD Screen",Jomla.ae,"https://www.google.com/search?ibp=oshop&q=Smartwatch&prds=localAnnotatedOfferId:1,catalogid:8408978227018468883,pvo:2,pvt:hg,rds:PC_6027158597472037202%7CPROD_PC_6027158597472037202&gl=sa&udm=28&pvorigin=2",SAR 64.00,https://encrypted-tbn2.gstatic.com/shopping?q=tbn:ANd9GcQIXiicDdyD3PkSJyeHVOuWgHs355HkrHUQNaus_ZmnCVyCMp7XCRL5pLJ_jDDFT65nHovWuzxcAHlToDODN03DSlT_a9k2KdgiThsLapE,,,8408978227018468883,36,smartwatches
Xiaomi Watch S5 Smartwatch 46 mm bhr08i,Amazon.sa,"https://www.google.com/search?ibp=oshop&q=Smartwatch&prds=localAnnotatedOfferId:1,catalogid:12473481823836429770,pvo:2,pvt:hg,rds:PC_6027158597472037202%7CPROD_PC_6027158597472037202&gl=sa&udm=28&pvorigin=2",SAR 679.00,https://encrypted-tbn2.gstatic.com/shopping?q=tbn:ANd9GcQAlluGqWTPbXbCrW2mxTgxZCdUstmwc5ZYBgNfBsfGfk7lhUlZv2L-1Q6yZ7y4Vg7PsobWr7e6w0I-p2jPti1gQn9Zr9jV4x2iyhKdmy4CkNTkDLfDZ1c98g,4.8,539.0,12473481823836429770,37,smartwatches
Garmin Fenix 8 Amoled Smartwatch,احتياجات اللياقة,"https://www.google.com/search?ibp=oshop&q=Smartwatch&prds=localAnnotatedOfferId:1,catalogid:16146966667204694556,pvo:2,pvt:hg,rds:PC_6027158597472037202%7CPROD_PC_6027158597472037202&gl=sa&udm=28&pvorigin=2","SAR 5,047.00",https://encrypted-tbn1.gstatic.com/shopping?q=tbn:ANd9GcSedQ9OF-vBsjWbfka0l_J6KltZfT8e7JFMAv4MLYDoSCLNxerJ_RLVCEUhripylXvXErfud4OuiY21k7ZuXrF691uLeCz-xRwGhbl-_j0e6zuKGtwFLif0nw,4.7,4800.0,16146966667204694556,38,smartwatches
Samsung Galaxy Watch9,LuLu Hypermarket,"https://www.google.com/search?ibp=oshop&q=Smartwatch&prds=localAnnotatedOfferId:1,catalogid:6315354088339334779,pvo:2,pvt:hg,rds:PC_6027158597472037202%7CPROD_PC_6027158597472037202&gl=sa&udm=28&pvorigin=2","SAR 1,599.00",https://encrypted-tbn2.gstatic.com/shopping?q=tbn:ANd9GcSb4UfN0yXCPTzMRd4p1SggaT7_Kw2eByYCISOWKGUe90M0nJRIY_A-3XzrGbi7oAG4IbXtPyzkHQMDYeI5u5YSGtJwhC3bTWzutL18D2GuCFMNPLfL-ul57E0,4.9,8100.0,6315354088339334779,39,smartwatches
"ArmFit dome Smartwatch 1.43"" AMOLED IPS Display 100+ Workout Modes",Microless.com,"https://www.google.com/search?ibp=oshop&q=Smartwatch&prds=localAnnotatedOfferId:1,catalogid:4972721605222869380,pvo:2,pvt:hg,rds:PC_6027158597472037202%7CPROD_PC_6027158597472037202&gl=sa&udm=28&pvorigin=2",SAR 159.42,https://encrypted-tbn3.gstatic.com/shopping?q=tbn:ANd9GcSHHCjmEh-YMSqC9_fO4rdfJ1mBlVuiDJDPkuD6WlKVrTcdYBmIUgMT6o46v4KOpoJnkUQHHkcDqAgKMkkqrU-z23LNEFCroeSMPE4Jsv8t,,,4972721605222869380,40,smartwatches
"Extraordinary Master Smart Watch, capable of answering and making phone calls, sports watch.",noon.com,"https://www.google.com/search?ibp=oshop&q=Smartwatch&prds=localAnnotatedOfferId:1,productid:12807236403195812606,pvo:2,pvt:hg,rds:PC_6027158597472037202%7CPROD_PC_6027158597472037202&gl=sa&udm=28&pvorigin=2",SAR 214.20,https://encrypted-tbn1.gstatic.com/shopping?q=tbn:ANd9GcQs0TYsHo8_VRRXSfQfTknGrjJMHVrps9CPjH85Xu1GjIPn_mwJrKRzczKUQzOXvzF13rNq_2PalsFUKjtsqzm7y90k-pVYZvORiLcIZyY7KZZOigAwYoUK,,,12807236403195812606,1,smartwatches
Amazfit Active 2r Nfc Hyrox smartwatch w2433eu1n,Amazon.sa - Seller,"https://www.google.com/search?ibp=oshop&q=Smartwatch&prds=localAnnotatedOfferId:1,catalogid:17369991120640337263,pvo:2,pvt:hg,rds:PC_6027158597472037202%7CPROD_PC_6027158597472037202&gl=sa&udm=28&pvorigin=2",SAR 685.56,https://encrypted-tbn1.gstatic.com/shopping?q=tbn:ANd9GcQdbiV48tjBAP9cPImU0vngVSFm2cqezagrjbNWyGjojafrOS9Ivy0iCylUMPyzHHTkOHAtsEbX0XG3sAOdTi2ClOV4rn7j_f0sMocogDHIWk_b_PfvlXRy,4.8,301.0,17369991120640337263,2,smartwatches
Kieslect AI Smartwatch Elite2,Kieslect,"https://www.google.com/search?ibp=oshop&q=Smartwatch&prds=localAnnotatedOfferId:1,catalogid:6040634839949778838,pvo:2,pvt:hg,rds:PC_6027158597472037202%7CPROD_PC_6027158597472037202&gl=sa&udm=28&pvorigin=2",SAR 648.00,https://encrypted-tbn3.gstatic.com/shopping?q=tbn:ANd9GcRprE9FUQz4hL83f6n5vqunpLuoW6k46D7T8bygZ5CeEVHorchZqnw63UAGNW3NlnbIvIArz-vhd601TxZpqbOX4ozflxwCl4Z8S7s9aYsQK1rGLdwwUBCBBEc,4.7,118.0,6040634839949778838,3,smartwatches
"ArmFit dome Smartwatch 1.43"" AMOLED IPS Display 100+ Workout Modes",Microless.com,"https://www.google.com/search?ibp=oshop&q=Smartwatch&prds=localAnnotatedOfferId:1,catalogid:4972721605222869380,pvo:2,pvt:hg,rds:PC_6027158597472037202%7CPROD_PC_6027158597472037202&gl=sa&udm=28&pvorigin=2",SAR 159.42,https://encrypted-tbn3.gstatic.com/shopping?q=tbn:ANd9GcSHHCjmEh-YMSqC9_fO4rdfJ1mBlVuiDJDPkuD6WlKVrTcdYBmIUgMT6o46v4KOpoJnkUQHHkcDqAgKMkkqrU-z23LNEFCroeSMPE4Jsv8t,,,4972721605222869380,4,smartwatches
Garmin Fenix 8 Amoled Smartwatch,احتياجات اللياقة,"https://www.google.com/search?ibp=oshop&q=Smartwatch&prds=localAnnotatedOfferId:1,catalogid:16146966667204694556,pvo:2,pvt:hg,rds:PC_6027158597472037202%7CPROD_PC_6027158597472037202&gl=sa&udm=28&pvorigin=2","SAR 5,047.00",https://encrypted-tbn1.gstatic.com/shopping?q=tbn:ANd9GcSedQ9OF-vBsjWbfka0l_J6KltZfT8e7JFMAv4MLYDoSCLNxerJ_RLVCEUhripylXvXErfud4OuiY21k7ZuXrF691uLeCz-xRwGhbl-_j0e6zuKGtwFLif0nw,4.7,4800.0,16146966667204694556,5,smartwatches
Amazfit Bip Max Carbon Gray,Amazon.sa,"https://www.google.com/search?ibp=oshop&q=Smartwatch&prds=localAnnotatedOfferId:1,catalogid:17845610836640620171,pvo:2,pvt:hg,rds:PC_6027158597472037202%7CPROD_PC_6027158597472037202&gl=sa&udm=28&pvorigin=2",SAR 379.00,https://encrypted-tbn1.gstatic.com/shopping?q=tbn:ANd9GcRaw04t1Iuu9qo6ExJeTBOFJEdfKotGim_YQIoAsXh517h7btck_9Q4nw4nk4Yn6D6dZvH0KERI1PTElhK9s6mUUs1CbZ9OsSFO62NAfMqE,,,17845610836640620171,6,smartwatches
"RollsTimi Men's 1.52-Inch Smart Bluetooth Watch, Full-Screen Touch, Smartwatch , Sleep Monitoring, Multiple Sports Modes, RT-i129",noon.com,"https://www.google.com/search?ibp=oshop&q=Smartwatch&prds=localAnnotatedOfferId:1,productid:17771346603443871001,pvo:2,pvt:hg,rds:PC_6027158597472037202%7CPROD_PC_6027158597472037202&gl=sa&udm=28&pvorigin=2",SAR 147.35,https://encrypted-tbn2.gstatic.com/shopping?q=tbn:ANd9GcThE2V6h1uUp4W_FhK6I5VG6tTDIXtU3EUC9k9LlTy-8fKW5yEmjDSj66XqI1Tg7o5WJiKV7txinaujRhg_rtZgV1RkDMYhJcYWPXFfoXMqXtbF5canQ7d9Gg,,,17771346603443871001,7,smartwatches
Apple Watch SE 3 GPS Aluminum Case with Sport Band,Jomla.ae,"https://www.google.com/search?ibp=oshop&q=Smartwatch&prds=localAnnotatedOfferId:1,catalogid:16275666196746813733,pvo:2,pvt:hg,rds:PC_6027158597472037202%7CPROD_PC_6027158597472037202&gl=sa&udm=28&pvorigin=2","SAR 1,061.00",https://encrypted-tbn3.gstatic.com/shopping?q=tbn:ANd9GcSMsZo3v_hLzRQtxDTEwWnfoSk0nuiQyyom99g7F2H5cyYkdLOjhtK7aKAPZYFW8wWKC8FAy2vauWrrFS0y56_X5954vZ6echQY6k_LA7yH,4.8,4600.0,16275666196746813733,8,smartwatches
X7 2 in 1 Smart Watch With Earbuds Smartwatch TWS Bluetooth Earphone Heart Rate Blood Pressure Monitor Sport Watch Fitness Watch,eBay - bigfashionshop,"https://www.google.com/search?ibp=oshop&q=Smartwatch&prds=localAnnotatedOfferId:1,catalogid:1848763513752880956,pvo:2,pvt:hg,rds:PC_6027158597472037202%7CPROD_PC_6027158597472037202&gl=sa&udm=28&pvorigin=2",SAR 201.18,https://encrypted-tbn3.gstatic.com/shopping?q=tbn:ANd9GcT1zoCN4u6r-H0Wv4UAfrW0eHdSJDcEZbVgmHYAuwGU2ldzQsBgPzx7-bXdAJexJXS4ryK5EbgAJZWbGaC3PICVBS6N6VNXOudE5A0rV8eg02GMu1i3Mcbc,5.0,4.0,1848763513752880956,9,smartwatches
Galaxy Watch 8 Silver,stc,"https://www.google.com/search?ibp=oshop&q=Smartwatch&prds=localAnnotatedOfferId:1,productid:5909465355897216415,pvo:2,pvt:hg,rds:PC_6027158597472037202%7CPROD_PC_6027158597472037202&gl=sa&udm=28&pvorigin=2","SAR 1,199.00",https://encrypted-tbn1.gstatic.com/shopping?q=tbn:ANd9GcTTajjlJr97Dv4e_wL2csaRBycsx2wEo40WZ6KvbWCma3T8M6m51qbVu9pcKCvjNlfoD5sZOQdkCXvJ-KqMnN5RPVFDtN2nKHya5UgM-Mx0P91ykMpX63iUHw,4.5,65000.0,5909465355897216415,10,smartwatches
ساعة جالكسي ووتش 5 الذكية من سامسونج، بخاصية تتبع الحالة الصحية واللياقة البدنية، مزودة ببطارية طويلة الأمد، وبلوتوث، مقاس 40 ملم، لون ذهبي بينك,Amazon.sa - Seller,"https://www.google.com/search?ibp=oshop&q=Smartwatch&prds=localAnnotatedOfferId:1,productid:5137765839933078787,pvo:2,pvt:hg,rds:PC_6027158597472037202%7CPROD_PC_6027158597472037202&gl=sa&udm=28&pvorigin=2",SAR 468.00,https://encrypted-tbn1.gstatic.com/shopping?q=tbn:ANd9GcQZiIoU3FJjBxsnFArEP5NuSlJD1hKVD-kYtwNX50Z9U7Mu0dymea-IdDMbPxaVmc6QXHU-NPbdKwkffOxkKYbihEbRpE2YBaLw17pk5658LVLAjjZe0Ogkhyo,4.3,7000.0,5137765839933078787,11,smartwatches
"Hie-Q HQ Ultra SIM Smartwatch with Bluetooth Call, GPS, Heart Rate, Blood Oxygen, IP68 Waterproof, 2.45-inch HD Touch Screen, and 3 Straps",noon.com,"https://www.google.com/search?ibp=oshop&q=Smartwatch&prds=localAnnotatedOfferId:1,productid:3952926632947811813,pvo:2,pvt:hg,rds:PC_6027158597472037202%7CPROD_PC_6027158597472037202&gl=sa&udm=28&pvorigin=2",SAR 130.00,https://encrypted-tbn3.gstatic.com/shopping?q=tbn:ANd9GcQpZ5-CZBLNnnRP9X0NEL5rCg4Jgm3ZO0tG0nOeqyl-NhDAvyndzxOod999o5wdHdukG9yDYsFn1QktOWbYb2tJZpqRHAB_ntixWz4ZgRo,,,3952926632947811813,12,smartwatches
Amazfit 3S سمارت واتش شاشة 196 بوصة اموليد اسود,متجر فورسيل,"https://www.google.com/search?ibp=oshop&q=Smartwatch&prds=localAnnotatedOfferId:1,catalogid:7214048550021231848,pvo:2,pvt:hg,rds:PC_6027158597472037202%7CPROD_PC_6027158597472037202&gl=sa&udm=28&pvorigin=2",SAR 199.00,https://encrypted-tbn3.gstatic.com/shopping?q=tbn:ANd9GcQf47hktlBwEOaxCYUnsEU27UWuXZagwhZw7Gc0urfMEI8sLQtJnZs29U0ONzcfSGQUTQ9W4YFSF3sGJU07XuYmjI84biyLywUBweBUMw83bVVWT7LB5HuGIQ,4.2,50.0,7214048550021231848,13,smartwatches
TAG Heuer CONNECTED Calibre E5,TAG Heuer,"https://www.google.com/search?ibp=oshop&q=Smartwatch&prds=localAnnotatedOfferId:1,catalogid:5133879551826775871,pvo:2,pvt:hg,rds:PC_6027158597472037202%7CPROD_PC_6027158597472037202&gl=sa&udm=28&pvorigin=2","SAR 6,963.31",https://encrypted-tbn1.gstatic.com/shopping?q=tbn:ANd9GcSX_ETXAXyQHAR6_mJHoXm_FBSlD9TuGK06M-LqV6Lz3s1QkVj6meOYDNNow-fhxsUBweyYkbL6DcngYLszXXHyf7xQg63C8e82YjN6OttjOsAcxsq8g9684AI,3.3,3.0,5133879551826775871,14,smartwatches
Samsung Galaxy Watch Ultra2,الحازمي للاتصالات,"https://www.google.com/search?ibp=oshop&q=Smartwatch&prds=localAnnotatedOfferId:1,catalogid:7703633447122382576,pvo:2,pvt:hg,rds:PC_6027158597472037202%7CPROD_PC_6027158597472037202&gl=sa&udm=28&pvorigin=2","SAR 2,448.99",https://encrypted-tbn2.gstatic.com/shopping?q=tbn:ANd9GcTzsJ35tlDIULwCKVx0v8I_7Okwn0pgA4-mBeRoQa3YR8SztqEVoODgIgIUX5DDd7r1JZK27cV_aJ6YxUk-ZBOpESv4Q_1x1-BJ_jU_mD60WN8aa556zuiS,4.9,7300.0,7703633447122382576,15,smartwatches
Fastrack Ryz Women 1.72 Super Ultra VU Display Smartwatch,woweye,"https://www.google.com/search?ibp=oshop&q=Smartwatch&prds=localAnnotatedOfferId:1,catalogid:12702897252508937667,pvo:2,pvt:hg,rds:PC_6027158597472037202%7CPROD_PC_6027158597472037202&gl=sa&udm=28&pvorigin=2",SAR 138.39,https://encrypted-tbn3.gstatic.com/shopping?q=tbn:ANd9GcQAWCP9Gju0lWio9V-bSh9ylSE7ugvYbCqftTqVuF_uFva20jIosRla4Ed3jxmcJHKR76bQ2Rn7gHy4z61I9dl7METr0nWHQazNTwF-lZvtPA9IviC64DlP,5.0,6.0,12702897252508937667,16,smartwatches
"PEJE Smart Watch, 1.52"" Smartwatch for Men Women (Answer/Make Call), IP68 Waterproof Fitness Tracker, 123+ Sport Modes, Heart Rate, Sleep Monitor,...",noon.com,"https://www.google.com/search?ibp=oshop&q=Smartwatch&prds=localAnnotatedOfferId:1,productid:6245030901500109240,pvo:2,pvt:hg,rds:PC_6027158597472037202%7CPROD_PC_6027158597472037202&gl=sa&udm=28&pvorigin=2",SAR 490.00,https://encrypted-tbn3.gstatic.com/shopping?q=tbn:ANd9GcRZJmMxP_mkREq24cSRaPA3D0tCiu5AbK4xqRFMbOwLvyzlj1jOFMV6OHkem2oCpEnNWeMzcWP_EW6po41W18Gt1x1lqpa0t0p-y_WIkqgiDLAI-2VfHfJi,,,6245030901500109240,17,smartwatches
"Nothing CMF by Nothing Watch Pro 2 Smartwatch 1.32"" AMOLED Aluminum Gray",Jomla.ae,"https://www.google.com/search?ibp=oshop&q=Smartwatch&prds=localAnnotatedOfferId:1,productid:15798093268995083599,pvo:2,pvt:hg,rds:PC_6027158597472037202%7CPROD_PC_6027158597472037202&gl=sa&udm=28&pvorigin=2",SAR 237.00,https://encrypted-tbn3.gstatic.com/shopping?q=tbn:ANd9GcSzvG8-U92rKRfUl1PxhxkjV5AnmLmMYwARYH0hQBaQZgQecxRWYtD1ff_C4_GNSx6Bzp_PV7oehHvEYREsM8KI_PaYAVK6Wwx9CQB5gsY,4.6,1700.0,15798093268995083599,18,smartwatches
2 In 1 Smart Watch With Earbuds Bluetooth Call Music Waterproof Sport,eBay - popshop2020,"https://www.google.com/search?ibp=oshop&q=Smartwatch&prds=localAnnotatedOfferId:1,productid:1504442550190348048,pvo:2,pvt:hg,rds:PC_6027158597472037202%7CPROD_PC_6027158597472037202&gl=sa&udm=28&pvorigin=2",SAR 289.44,https://encrypted-tbn2.gstatic.com/shopping?q=tbn:ANd9GcTRc-NG-dam-7Y2do0u7BcC84T_uj6N5uJqEPFHj8mNOobjmfwfEiGU7syTlfiAryWTbRR177Ri-nCeXRBCsh7ewWqcNh03qx5I5In_TVMVyC7WwlZFzkW2Kg,,,1504442550190348048,19,smartwatches
Amazfit Balance 2 Hyrox Smartwatch,Amazon.sa - Seller,"https://www.google.com/search?ibp=oshop&q=Smartwatch&prds=localAnnotatedOfferId:1,catalogid:15463375761574684790,pvo:2,pvt:hg,rds:PC_6027158597472037202%7CPROD_PC_6027158597472037202&gl=sa&udm=28&pvorigin=2","SAR 1,214.88",https://encrypted-tbn3.gstatic.com/shopping?q=tbn:ANd9GcQ5LgK-Bhd63O6W5CdSwTBzv_TbfXbOIrhYEpdFurGplunzRO5J2_4FAkbDSfs4eWaauXxloBnLLzCluJf7Q6rpcweRxl3TMxR-QQYsj9kZj9E3gpugSuDb,4.8,975.0,15463375761574684790,20,smartwatches
Oraimo Watch Nova 2 Smartwatch Black,Sharaf DG Saudi Arabia,"https://www.google.com/search?ibp=oshop&q=Smartwatch&prds=localAnnotatedOfferId:1,catalogid:17851193387846498430,pvo:2,pvt:hg,rds:PC_6027158597472037202%7CPROD_PC_6027158597472037202&gl=sa&udm=28&pvorigin=2",SAR 189.00,https://encrypted-tbn0.gstatic.com/shopping?q=tbn:ANd9GcSP5PruTBSixCkYLpP5msgDXX9W1kPleSyD4k9ouo3g07XV9Cqanq7chf25M8Rx8ZX4pnkj0W1XorPjlLIbLYELp6y_Lx2BHg,,,17851193387846498430,21,smartwatches
"QS08PRO Smart Watch 1.83"" HR/SpO2 Monitor",noon.com,"https://www.google.com/search?ibp=oshop&q=Smartwatch&prds=localAnnotatedOfferId:1,catalogid:14767385388590045940,pvo:2,pvt:hg,rds:PC_6027158597472037202%7CPROD_PC_6027158597472037202&gl=sa&udm=28&pvorigin=2",SAR 118.00,https://encrypted-tbn0.gstatic.com/shopping?q=tbn:ANd9GcQZZQeX0nOrKNXqyFLZgSAKz1vjmzmigXfayMVOIMI1-8IkzuH0VBN449aZl0fC9YneZjALlKqWXBpcvngNo0Gtf_W_uaXy7_DwfKreRSDpWSf9ggqm7xBpaw,5.0,3.0,14767385388590045940,22,smartwatches
Levore Smart Watch Ultra Pro 2.04 inch,ركن الشريف,"https://www.google.com/search?ibp=oshop&q=Smartwatch&prds=localAnnotatedOfferId:1,catalogid:2883986302375925332,pvo:2,pvt:hg,rds:PC_6027158597472037202%7CPROD_PC_6027158597472037202&gl=sa&udm=28&pvorigin=2",SAR 129.00,https://encrypted-tbn0.gstatic.com/shopping?q=tbn:ANd9GcRmdNNRzmU0jjPLJJ5ol35Lc5vdRp3OpIQhNBJ6VUcEz4f14I3M-xeGb-xSt-8TGn01IuYQdOAwIFlJOCHY8rBoOyOpWaP7d3D6jND8bSdCzI2bWtGewjc35A,,,2883986302375925332,23,smartwatches
Samsung ساعة جالاكسي ووتش 8 كلاسيك 46 ملم باللون الأبيض - One size,Trendyol,"https://www.google.com/search?ibp=oshop&q=Smartwatch&prds=localAnnotatedOfferId:1,productid:11417383837887362068,pvo:2,pvt:hg,rds:PC_6027158597472037202%7CPROD_PC_6027158597472037202&gl=sa&udm=28&pvorigin=2","SAR 1,262.55",https://encrypted-tbn1.gstatic.com/shopping?q=tbn:ANd9GcQJNfb5vfMKG_nBVR1dhQzqLLm9rGpFIXClebeBjyP8VzP33uSr3fZLv8K5m-SaYL7P6oxRUpF9Tz2EZaZbX-JQedDOcmcrxXzabKasSqrVbYuR0t9Kx0ksI68,4.6,8400.0,11417383837887362068,24,smartwatches
Hifuture Mix2 Smartwatch,Alebdaa,"https://www.google.com/search?ibp=oshop&q=Smartwatch&prds=localAnnotatedOfferId:1,catalogid:5454927394924544901,pvo:2,pvt:hg,rds:PC_6027158597472037202%7CPROD_PC_6027158597472037202&gl=sa&udm=28&pvorigin=2",SAR 363.03,https://encrypted-tbn2.gstatic.com/shopping?q=tbn:ANd9GcRlTrn0JiGzgwhLrIah6TKBSf6AZ-HLiuc8MWDYYfDFS4lE-nvxLMtfUYhZivj8QMdai2Sv3FMSGgSInt8dWtbLS21Nx0UdZvJth_kI1IWzcn5w1a4JlXxtKgM,4.5,84.0,5454927394924544901,25,smartwatches
Apple Watch Ultra 3 GPS + Cellular 49mm Titanium Case,noon.com,"https://www.google.com/search?ibp=oshop&q=Smartwatch&prds=localAnnotatedOfferId:1,catalogid:7731261637159039357,pvo:2,pvt:hg,rds:PC_6027158597472037202%7CPROD_PC_6027158597472037202&gl=sa&udm=28&pvorigin=2","SAR 2,999.00",https://encrypted-tbn1.gstatic.com/shopping?q=tbn:ANd9GcTgsdKbAXwGpZWSQfYjL2fSOfDuXsfvc1B8BTEvAwzr0WovU63V5G3xY4HMyi5nypwSKS6w3r2C3tvmslXxXGwHs0X5W9swhu5gKtCQGWrl24b42fksQHwo,4.7,4100.0,7731261637159039357,26,smartwatches
Google Pixel Watch 3 Smart Watch,eBay - kickmobiles-ltd,"https://www.google.com/search?ibp=oshop&q=Smartwatch&prds=localAnnotatedOfferId:1,catalogid:1503902415752673713,pvo:2,pvt:hg,rds:PC_6027158597472037202%7CPROD_PC_6027158597472037202&gl=sa&udm=28&pvorigin=2","SAR 3,038.24",https://encrypted-tbn1.gstatic.com/shopping?q=tbn:ANd9GcQ9TFu9F6f5KyPeAgkuQz9JWwQjIR0Dluox3hz4Kd_PHaVR671FE_nvTKkezvXOk6BwfV2aoCOJG1INi_kU0MRHC3-mmk22Xu7IWp3ClkF_,4.4,889.0,1503902415752673713,27,smartwatches
Garmin Fenix 7X Sapphire Solar,Atomic Defense,"https://www.google.com/search?ibp=oshop&q=Smartwatch&prds=localAnnotatedOfferId:1,catalogid:9088970067631732580,pvo:2,pvt:hg,rds:PC_6027158597472037202%7CPROD_PC_6027158597472037202&gl=sa&udm=28&pvorigin=2","SAR 3,430.00",https://encrypted-tbn0.gstatic.com/shopping?q=tbn:ANd9GcRLO1-bKMcz3TQY2xlwEsxPyG5H29n-RjzbZiWw9kGIe29991TSjwPXI8Qajn1wyb6haai1E1MwQhb8IbIK07Z5av80uicP1Xqqp4Auf0o5,4.8,3500.0,9088970067631732580,28,smartwatches
VWAR Tank X2 Pro Smart Watch – GPS Offline Maps/Music AMOLED Display 5ATM Waterproof,vwar,"https://www.google.com/search?ibp=oshop&q=Smartwatch&prds=localAnnotatedOfferId:1,catalogid:11383237671904207601,pvo:2,pvt:hg,rds:PC_6027158597472037202%7CPROD_PC_6027158597472037202&gl=sa&udm=28&pvorigin=2",SAR 285.38,https://encrypted-tbn0.gstatic.com/shopping?q=tbn:ANd9GcSV8AVS2fjN46q1TDCGpfCNbv-VVTMYS0Bmxh1g5tiTmANKhlEEfXDGis_SStLU4xKJkl8igs3KXk6TQPOqWeMKd9uHkDTHyGXCjmAlqEPzJpNjNCyt2WfGlw,,,11383237671904207601,29,smartwatches
Samsung Galaxy Watch6 Classic,LetsTango.com,"https://www.google.com/search?ibp=oshop&q=Smartwatch&prds=localAnnotatedOfferId:1,catalogid:6091759936939667120,pvo:2,pvt:hg,rds:PC_6027158597472037202%7CPROD_PC_6027158597472037202&gl=sa&udm=28&pvorigin=2",SAR 612.55,https://encrypted-tbn2.gstatic.com/shopping?q=tbn:ANd9GcQVYScHGxo3AFAP_ILKXNmP8c7lMD9mdDBL_SLoieQwiOdtakYciTNI5tmUvvv1EIY-P7ch7g4ZyiZA-Rxf-zuAwhqNgCu0G7E3ulGfMWttMKHHlyPL2IcS2FQ,4.5,8500.0,6091759936939667120,30,smartwatches
Titan Traveller AMOLED BT Calling Smartwatch 90166AP01,woweye,"https://www.google.com/search?ibp=oshop&q=Smartwatch&prds=localAnnotatedOfferId:1,productid:6342907715333129338,pvo:2,pvt:hg,rds:PC_6027158597472037202%7CPROD_PC_6027158597472037202&gl=sa&udm=28&pvorigin=2",SAR 751.27,https://encrypted-tbn0.gstatic.com/shopping?q=tbn:ANd9GcRDuGpfFsm9CmMPQlL7wzns4BdKCyZ0aVrvU75mmt8jfA-lBlZMzeRz8qtHpsZsreyXxyG1KBWF2Bm42ps2nNkQSPeFFMXQRLbTPVWTpZhgSQ6bSbuN_glH7Q,3.7,61.0,6342907715333129338,31,smartwatches
ساعة جي تي 2 - الإصدار الكلاسيكي بني,noon.com,"https://www.google.com/search?ibp=oshop&q=Smartwatch&prds=localAnnotatedOfferId:1,productid:12605869628960387265,pvo:2,pvt:hg,rds:PC_6027158597472037202%7CPROD_PC_6027158597472037202&gl=sa&udm=28&pvorigin=2",SAR 615.00,https://encrypted-tbn2.gstatic.com/shopping?q=tbn:ANd9GcRP2ZI5SIvCofgbvsSlqCJTWvKmPRirlfuh3f9oUAoc8br_tOof5P1IzaWwTSeWTyyAAslTi1M86htZiKyKegHN9tF1Rnky3LppDttIr7OsxcLh8jUZnwo9Xg,4.6,765.0,12605869628960387265,32,smartwatches
Xiaomi Redmi Watch 6 Smartwatch,eBay - taoc-shop,"https://www.google.com/search?ibp=oshop&q=Smartwatch&prds=localAnnotatedOfferId:1,catalogid:12162766599502342827,pvo:2,pvt:hg,rds:PC_6027158597472037202%7CPROD_PC_6027158597472037202&gl=sa&udm=28&pvorigin=2",SAR 617.15,https://encrypted-tbn3.gstatic.com/shopping?q=tbn:ANd9GcTjectdI7o39wAUpS_EUhSgquon2ZCCQH6V_e3ZKToU1y3RqzuvB12mYpXPgPGq5qu8e2tnylDCz67uZDFv4ZeoSdFK1f2P2OsvcZ55mBbnl6bd9RKuGcUsNQ,4.9,3700.0,12162766599502342827,33,smartwatches
Forerunner 55,Sharaf DG Saudi Arabia,"https://www.google.com/search?ibp=oshop&q=Smartwatch&prds=localAnnotatedOfferId:1,catalogid:17826121087928984204,pvo:2,pvt:hg,rds:PC_6027158597472037202%7CPROD_PC_6027158597472037202&gl=sa&udm=28&pvorigin=2",SAR 939.00,https://encrypted-tbn0.gstatic.com/shopping?q=tbn:ANd9GcT5HyjtXU3nUQDQW4ZQKJfHQLyQ8DBh5tZ6L3uBudRcwBf5KVEYm7pMO7ah-FbT82i-JnSS9yJw-mFGPVYFBBGgAzqUt6pp,,,17826121087928984204,34,smartwatches
Sekonda Flex Plus Smart Watch,McGrocer,"https://www.google.com/search?ibp=oshop&q=Smartwatch&prds=localAnnotatedOfferId:1,catalogid:8245224031350668658,pvo:2,pvt:hg,rds:PC_6027158597472037202%7CPROD_PC_6027158597472037202&gl=sa&udm=28&pvorigin=2",SAR 634.89,https://encrypted-tbn2.gstatic.com/shopping?q=tbn:ANd9GcTHXB3qjfbkrix8jf0dhCSGRG3C-7wAzdn1iekQ0cnWhHBDhetAL_Hwa8j3TxmP20qR-Fa9D8JN86P0qgr4uVbfZN9gDqYWWnH-coMq__KzS-RcGQe-7xAs,4.3,37.0,8245224031350668658,35,smartwatches
ساعة ذكية ليفوري الترا برو 2.04 انش LWS223PRO - ذهبي,2pwr.com,"https://www.google.com/search?ibp=oshop&q=Smartwatch&prds=localAnnotatedOfferId:1,productid:11046414966611969122,pvo:2,pvt:hg,rds:PC_6027158597472037202%7CPROD_PC_6027158597472037202&gl=sa&udm=28&pvorigin=2",SAR 104.31,https://encrypted-tbn3.gstatic.com/shopping?q=tbn:ANd9GcQdErAB0Bp-OvkggY-E9qANQzhyulaT3yA-6tie3a_Bukvlecezxzb59AzHisWcAA0-wvVAquzy0hRme25adXnrtpXAVnkRZmavZrTaIqYlnubxt8Q7Zphx4P4s,,,11046414966611969122,36,smartwatches
FTW Fossil Ladies Accomplice Smartwatch,eBay - a.e_watches_l.l.c,"https://www.google.com/search?ibp=oshop&q=Smartwatch&prds=localAnnotatedOfferId:1,catalogid:9574020499301991622,pvo:2,pvt:hg,rds:PC_6027158597472037202%7CPROD_PC_6027158597472037202&gl=sa&udm=28&pvorigin=2",SAR 150.18,https://encrypted-tbn2.gstatic.com/shopping?q=tbn:ANd9GcTXA-6SGWp2NsO1ZzaO_8c2TqQBZ3kaB3t-CcugD-aANiw5jCgqO0Y1Csl2KUnY27VG_9309ha0oHmBiewguAFhiGWKCFHFhXQbnXot3DOa-bZYE3OeFHVW,4.1,67.0,9574020499301991622,37,smartwatches
ساعة جالاكسي ألترا 47 مم (نسخة الإمارات/مخزون TRA) ساعة ذكية، LTE، مراقبة الصحة، متتبع اللياقة البدنية,noon.com,"https://www.google.com/search?ibp=oshop&q=Smartwatch&prds=localAnnotatedOfferId:1,productid:7502486815797043065,pvo:2,pvt:hg,rds:PC_6027158597472037202%7CPROD_PC_6027158597472037202&gl=sa&udm=28&pvorigin=2","SAR 1,399.00",https://encrypted-tbn2.gstatic.com/shopping?q=tbn:ANd9GcTcSfhFEx5jrcAmjJI8eja1T0NiWUzZvYOMpFhYRujWg-hJKl1qGR8DGkx8l83zqC2jZTKwjrsen7ELKW1iLsV4XB1YcZtxxrtD_iMA-l6PLdR1bis_erUV,4.6,13000.0,7502486815797043065,38,smartwatches
OLEVS Smartwatch ET480 AMOLED ECG Health Watch Heart Rate Blood Pressure IP68 Android iOS 36–40mm - Brown Leather Strap,Olevsstore.com,"https://www.google.com/search?ibp=oshop&q=Smartwatch&prds=localAnnotatedOfferId:1,productid:517689494957934031,pvo:2,pvt:hg,rds:PC_6027158597472037202%7CPROD_PC_6027158597472037202&gl=sa&udm=28&pvorigin=2",SAR 259.13,https://encrypted-tbn2.gstatic.com/shopping?q=tbn:ANd9GcSsZdlhq3wDb7hS6FTUNO1dLGAAM_Lmtrp4MPpl6elat0ENDKzIfIbdGSXWt6YpfP5DEf2RGUy2ajS_P1g9cOuRq2G9hOgLOEnrqOozftZxOAUMCX98Mv8T,,,517689494957934031,39,smartwatches
Apple Watch Series 11 GPS 46mm,wowffer.com,"https://www.google.com/search?ibp=oshop&q=Smartwatch&prds=localAnnotatedOfferId:1,catalogid:9883412067040197188,pvo:2,pvt:hg,rds:PC_6027158597472037202%7CPROD_PC_6027158597472037202&gl=sa&udm=28&pvorigin=2","SAR 1,859.00",https://encrypted-tbn0.gstatic.com/shopping?q=tbn:ANd9GcT-laZZyBYZ3XK2cY_p4oQWBZ9JnKGso8QjCjw9m7QFZcs569oT0FujfZeGHfUFbv1nj-u8VTu2BTZpzRU0nv7vwlIcEKlOCkOHRwEw9LzGRSXTFO4xdAXh7g,4.8,13000.0,9883412067040197188,40,smartwatches
OMEN 31.5 inch UHD 144Hz Smart Gaming Monitor,HP Store,"https://www.google.com/search?ibp=oshop&q=Gaming+Monitor&prds=localAnnotatedOfferId:1,catalogid:7812876245730969464,pvo:2,pvt:hg,rds:PC_6027158597472037202%7CPROD_PC_6027158597472037202&gl=sa&udm=28&pvorigin=2","SAR 2,399.00",https://encrypted-tbn0.gstatic.com/shopping?q=tbn:ANd9GcSeB2dtlB8xnLhJ6dgbnjzoVz36qAozqu2QvR9Xg6nHGUrJavWARvK4LOcX90WOljPRMFu0IPsfDB0D6-qLT4_KAOewAV8P8LB-vZjTcopQ8Zm5EVWaaJmQ,4.4,68.0,7812876245730969464,1,monitors
"Lenovo Legion R34w-30 34"" Curved Gaming Monitor UWQHD 3440x1440",Jarir Bookstore,"https://www.google.com/search?ibp=oshop&q=Gaming+Monitor&prds=localAnnotatedOfferId:1,catalogid:9125632745719253296,pvo:2,pvt:hg,rds:PC_6027158597472037202%7CPROD_PC_6027158597472037202&gl=sa&udm=28&pvorigin=2","SAR 1,199.00",https://encrypted-tbn2.gstatic.com/shopping?q=tbn:ANd9GcQxb0gDBHzMvlY8_y7JCex7miawRr_wmDsi3jO2syn4aBisoxo_q2lvxJDF18XCn7BXyb1uc7WOMZQkp0FcnMsPYkU_Q4VRT4R1zmf3eythPsO9NUs9dPAH,,,9125632745719253296,2,monitors
"Samsung Odyssey G8 27"" 4K 240Hz Gaming Monitor",Amazon.sa,"https://www.google.com/search?ibp=oshop&q=Gaming+Monitor&prds=localAnnotatedOfferId:1,catalogid:13174789396582679389,pvo:2,pvt:hg,rds:PC_6027158597472037202%7CPROD_PC_6027158597472037202&gl=sa&udm=28&pvorigin=2","SAR 3,299.00",https://encrypted-tbn1.gstatic.com/shopping?q=tbn:ANd9GcTabN16newk_TXl7UXqn5GDRqw0P4_NKD_3_bSCX02bljvl4zW8gn47K0faxTWOWR5p79FMeodJT9Y-f5EBd4wNI2pcy-TjsS4VOHWFtibXkn9utYD1_YEJaQ,3.8,10.0,13174789396582679389,3,monitors
LG IPS FHD Gaming Monitor 200Hz,Almanea SA,"https://www.google.com/search?ibp=oshop&q=Gaming+Monitor&prds=localAnnotatedOfferId:1,catalogid:6480252440558769673,pvo:2,pvt:hg,rds:PC_6027158597472037202%7CPROD_PC_6027158597472037202&gl=sa&udm=28&pvorigin=2",SAR 749.00,https://encrypted-tbn1.gstatic.com/shopping?q=tbn:ANd9GcQDKSzHHg6eZOO8aAeTISj62gylxQFEmALXDZVfKd4E71eFZNvWlXN3CAKcfZ3UArJk36QP376k4QcO07yRd5Vq410X1klzFShEFy7Rwh3OATEYuEHvkRjk,4.7,70.0,6480252440558769673,4,monitors
Gigabyte gs27fc2 eu 27 Fhd Va Led 180hz Gaming Monitor,Golden Technology,"https://www.google.com/search?ibp=oshop&q=Gaming+Monitor&prds=localAnnotatedOfferId:1,catalogid:3002440634661007693,pvo:2,pvt:hg,rds:PC_6027158597472037202%7CPROD_PC_6027158597472037202&gl=sa&udm=28&pvorigin=2",SAR 549.00,https://encrypted-tbn2.gstatic.com/shopping?q=tbn:ANd9GcSUIJUTqI6aM_JiN0fuSIqGth09jAmLwOuTL0w64jH_l55DfURfs8radsPgt9WJqIjmT0buOzSJKHqbRAgKBJPptqqxA1Kid2X6gZ6aQPCyvxjI_gb0-8ai-g,4.4,20.0,3002440634661007693,5,monitors
Game On Sport Gameon Mini LED 27” Fast Ips Gaming Monitor – QHD 2K 2560x1440p 180Hz,سيليكون ڤالي,"https://www.google.com/search?ibp=oshop&q=Gaming+Monitor&prds=localAnnotatedOfferId:1,catalogid:10047856786279460908,pvo:2,pvt:hg,rds:PC_6027158597472037202%7CPROD_PC_6027158597472037202&gl=sa&udm=28&pvorigin=2",SAR 979.00,https://encrypted-tbn3.gstatic.com/shopping?q=tbn:ANd9GcTUz0yQeVXDje-DLB3d0ExbU1CAGdZ-nFdnpa7p6bqUu-FV4Wf5IsvFPC5elGOWSMbYTFYyk55ejnOLCwc0KU6-cYhYp5AIF_RSaBDbSMXa,4.0,1.0,10047856786279460908,6,monitors
"FeuVision 27inch Gaming Monitor 144Hz, FHD 1080p Monitor, IPS, Adaptive Sync, 3-Sided Frameless, Ultra Slim, 5ms, VESA Mountable, Eye Care Design,",Amazon.sa - Seller,"https://www.google.com/search?ibp=oshop&q=Gaming+Monitor&prds=localAnnotatedOfferId:1,catalogid:6676385520429921610,pvo:2,pvt:hg,rds:PC_6027158597472037202%7CPROD_PC_6027158597472037202&gl=sa&udm=28&pvorigin=2",SAR 429.00,https://encrypted-tbn0.gstatic.com/shopping?q=tbn:ANd9GcS0CwQIEmw8ATKdmga6TVDYNB7Zh4zn89UubJQOfNVLT8U0rcVTmzE--62x2n7TdNt700I0m3ozB8juS2lAcvH1QQTPzAf3F3hS0QyyelUhqGtXoKyY3BLB-w,,,6676385520429921610,7,monitors
"AOC ag276uzd 27"" Gaming Monitor",Jarir Bookstore,"https://www.google.com/search?ibp=oshop&q=Gaming+Monitor&prds=localAnnotatedOfferId:1,catalogid:4581566764093401821,pvo:2,pvt:hg,rds:PC_6027158597472037202%7CPROD_PC_6027158597472037202&gl=sa&udm=28&pvorigin=2","SAR 3,549.00",https://encrypted-tbn2.gstatic.com/shopping?q=tbn:ANd9GcQR5D65WCJlmt4YRGJvYO4AWZJMs44XBw6gy6QcCna82GUoBtskcPCtERdKkZEe_iO1BoqQL5NfxYUC9vtHbvKrEmLQIdnVCgP1I1EQxo8,4.8,6.0,4581566764093401821,8,monitors
ASUS TUF Gaming Series 5 VG27AQ5A Gaming Monitor – 27-inch,McGrocer,"https://www.google.com/search?ibp=oshop&q=Gaming+Monitor&prds=localAnnotatedOfferId:1,catalogid:16905490771920929402,pvo:2,pvt:hg,rds:PC_6027158597472037202%7CPROD_PC_6027158597472037202&gl=sa&udm=28&pvorigin=2","SAR 1,209.75",https://encrypted-tbn3.gstatic.com/shopping?q=tbn:ANd9GcTCpgz9sMHv6tn4IXr3fzLJOFenyrgPeqZ1BSlDyCH4REK6AmMvMlvRA51mNctSVjxSEPGOULSlIhylmn6MyU1Kgwl6zzYOVerrOc63ajn9LO9BlIVRjSQM,4.8,718.0,16905490771920929402,9,monitors
Msi g321q computer monitor 80 cm 2560 x 1440 pixels wide quad hd,noon.com,"https://www.google.com/search?ibp=oshop&q=Gaming+Monitor&prds=localAnnotatedOfferId:1,catalogid:15499074130589958268,pvo:2,pvt:hg,rds:PC_6027158597472037202%7CPROD_PC_6027158597472037202&gl=sa&udm=28&pvorigin=2","SAR 1,429.00",https://encrypted-tbn1.gstatic.com/shopping?q=tbn:ANd9GcTmL59dYX8Q-K-yITxrhBGxnvIZldOfLESubNNZFAALK-zfvh8VRwBrVGp0s9_rBSZmTUzbQ-1w8Wp8ntFJzRlOksJg3V0Ll1Y0UOWnbH5DqcUGZ5CvPSfSNg,4.8,18.0,15499074130589958268,10,monitors
Viewsonic Vx24g1-HD 24 Full HD Ips Led 180hz Monitor,Amazon.sa,"https://www.google.com/search?ibp=oshop&q=Gaming+Monitor&prds=localAnnotatedOfferId:1,catalogid:7430773403509143886,pvo:2,pvt:hg,rds:PC_6027158597472037202%7CPROD_PC_6027158597472037202&gl=sa&udm=28&pvorigin=2",SAR 466.23,https://encrypted-tbn1.gstatic.com/shopping?q=tbn:ANd9GcQLc-IayfXGS137WNDf7L3Tmre5HcEMd4SjmgGXwwxt-6I6dCKDduY2PxFlywoMFW8a1v8ZO5nSKirfnSgYibJiyFe1XvTcnVTzZ_c75FDzlRVT5_WBnNoeDQ,4.7,3.0,7430773403509143886,11,monitors
"Sades Gaming Monitor Russula SA-CJ01F27B 27′′ FHD IPS,HDMI 2.1 1ms Response time,120Hz Refresh Rate,HDMI 2.1,Display port,Anti glare Panel",مودرن الكترونكس,"https://www.google.com/search?ibp=oshop&q=Gaming+Monitor&prds=localAnnotatedOfferId:1,catalogid:8057471435506866412,pvo:2,pvt:hg,rds:PC_6027158597472037202%7CPROD_PC_6027158597472037202&gl=sa&udm=28&pvorigin=2",SAR 549.00,https://encrypted-tbn2.gstatic.com/shopping?q=tbn:ANd9GcTUKDcxSrppdY83I7zvrg8fHUXxiiSS_NN02xjAJ8iqdHVDxYiB60jlUfe1--QG_jq6QuPv48F9ONIACbjXkygpH6q67XGvPE_GiyBxYtdEUVxXKiMQa2tc,,,8057471435506866412,12,monitors
"LG UltraGear 27"" QHD OLED 480Hz Gaming Monitor 27gx790a",Al Saif Gallery,"https://www.google.com/search?ibp=oshop&q=Gaming+Monitor&prds=localAnnotatedOfferId:1,catalogid:9230822200146194129,pvo:2,pvt:hg,rds:PC_6027158597472037202%7CPROD_PC_6027158597472037202&gl=sa&udm=28&pvorigin=2","SAR 3,699.00",https://encrypted-tbn2.gstatic.com/shopping?q=tbn:ANd9GcROyoJ8we3GKWL099G2zWw31JpZmhyCDEDVTGcnqS-Rwcmnc7c1spEOyf-kI7u-4ZRHr12FfAq3e0_ujaCqSWNqEJKG5rMiaia1tTm5T0oJ,4.6,431.0,9230822200146194129,13,monitors
"BenQ ex271q 27"" Gaming Monitor",Jarir Bookstore,"https://www.google.com/search?ibp=oshop&q=Gaming+Monitor&prds=localAnnotatedOfferId:1,catalogid:3224672223126381109,pvo:2,pvt:hg,rds:PC_6027158597472037202%7CPROD_PC_6027158597472037202&gl=sa&udm=28&pvorigin=2",SAR 699.00,https://encrypted-tbn1.gstatic.com/shopping?q=tbn:ANd9GcQI7f6dWZMdUUvsaXa9n99glwU8pHeyK3MRjt7sxjBLMoKWbHDf96UA_SZkSkheNFEJgTeeE60jVRBE7CkMshBpeYzokVNbErVM5GFa7AqAinaJhchKVtOF,4.8,56.0,3224672223126381109,14,monitors
Xiaomi Mini LED Gaming Monitor G Pro 27i,Sharaf DG Saudi Arabia,"https://www.google.com/search?ibp=oshop&q=Gaming+Monitor&prds=localAnnotatedOfferId:1,catalogid:13032418572007999698,pvo:2,pvt:hg,rds:PC_6027158597472037202%7CPROD_PC_6027158597472037202&gl=sa&udm=28&pvorigin=2","SAR 1,298.99",https://encrypted-tbn1.gstatic.com/shopping?q=tbn:ANd9GcSfJopwhsmRGYslF8Ay0OxSTQO0fY1J7P_G1LJsC20XHIp_2DzzPgc2VnZp__1H0Ge6TeDnvgDeYcyMyymbAZEw_4ucXWsSBg,4.3,207.0,13032418572007999698,15,monitors
"Majesty 25"" Gaming Monitor FHD 1920x1080 | IPS | 210Hz | 0.5ms | HDR | 123% sRGB | G-SYNC & FreeSync | Built-in Speakers | DisplayPort & HDMI | VESA |",Amazon.sa - Seller,"https://www.google.com/search?ibp=oshop&q=Gaming+Monitor&prds=localAnnotatedOfferId:1,productid:10541946963547376409,pvo:2,pvt:hg,rds:PC_6027158597472037202%7CPROD_PC_6027158597472037202&gl=sa&udm=28&pvorigin=2",SAR 419.00,https://encrypted-tbn3.gstatic.com/shopping?q=tbn:ANd9GcQtxE3X29u_J8jEClNtmqQH5x6znAxLLGLKXq5X1_Cil8tFuxXhRqy47ZB1CjXFjUbUb1Jo67q6NKXzXZe8UJ3YpHGSfasODiMtjxtrZvvUMnrHCSdTpWei,,,10541946963547376409,16,monitors
Samsung Odyssey G6 27 inch QHD Curved Smart Gaming Monitor 240Hz,PC Land Store,"https://www.google.com/search?ibp=oshop&q=Gaming+Monitor&prds=localAnnotatedOfferId:1,catalogid:1404028806985868890,pvo:2,pvt:hg,rds:PC_6027158597472037202%7CPROD_PC_6027158597472037202&gl=sa&udm=28&pvorigin=2","SAR 1,449.00",https://encrypted-tbn2.gstatic.com/shopping?q=tbn:ANd9GcSs6k4cXFWBQV_FYQ_UTibCtkgWsxWOe8YLpAsvlH4grDnhSrGVgC5-u6TKoOdjmk-6Wllx4tFeAdlXEj0VAGo2WAlfD8gGSLjzyi9kA2flomGWNOMqkq3Pxg,4.2,64.0,1404028806985868890,17,monitors
"Dahua DHI-LM27-A200YS – 27"" Full HD LED Monitor",Golden Technology,"https://www.google.com/search?ibp=oshop&q=Gaming+Monitor&prds=localAnnotatedOfferId:1,catalogid:6165515193727976025,pvo:2,pvt:hg,rds:PC_6027158597472037202%7CPROD_PC_6027158597472037202&gl=sa&udm=28&pvorigin=2",SAR 299.00,https://encrypted-tbn2.gstatic.com/shopping?q=tbn:ANd9GcSIKZ0x8KES7ziUk2h1HURwwsF1FQ4HWbOFrl6s1zfRB4_PMf3NBIAaiecSX7czvmInAonTej3WCI45kw75d_x6NvsClEnfKzaCAKe5HMmsSGFVYoYIFh39KQ,,,6165515193727976025,18,monitors
"Acer Nitro XV2 27"" Gaming Monitor",Jarir Bookstore,"https://www.google.com/search?ibp=oshop&q=Gaming+Monitor&prds=localAnnotatedOfferId:1,catalogid:14101529455230627350,pvo:2,pvt:hg,rds:PC_6027158597472037202%7CPROD_PC_6027158597472037202&gl=sa&udm=28&pvorigin=2",SAR 999.00,https://encrypted-tbn1.gstatic.com/shopping?q=tbn:ANd9GcSZNpHUbW9eaMMOIgfIxM3H8liQ6Ddw0QQXZ_J24C-82jbTpmJmEdBXiXCbhjVQXzyvgPy6eXVVo6sGAW5Dqf4rJWjcx0A3F8NeXYyrVjSy,,,14101529455230627350,19,monitors
Gawfolk 24 inch Gaming monitor 180Hz FHD(1920x1080P) Curved 3000R Monitors | Computer display screen Fast 1ms(GTG) 99%sRGB FreeSync For eSports gamers,Amazon.sa - Seller,"https://www.google.com/search?ibp=oshop&q=Gaming+Monitor&prds=localAnnotatedOfferId:1,productid:1797210684707494313,pvo:2,pvt:hg,rds:PC_6027158597472037202%7CPROD_PC_6027158597472037202&gl=sa&udm=28&pvorigin=2",SAR 339.98,https://encrypted-tbn1.gstatic.com/shopping?q=tbn:ANd9GcRhuw-HVKFZycRMJr6eSIOLqGXmjbJU91o_n_H9nCjQjSNCQZ1zVNgOQ6mZR5p3Mfhpr8UFyYHyua1YDE2rmk9-DkshdolfMJl-wsjjlSg_OIR4depQ8Cu9uQ,,,1797210684707494313,20,monitors
Z-EDGE 27 inch Full Hd 240Hz 1ms IPS Gaming Monitor,noon.com,"https://www.google.com/search?ibp=oshop&q=Gaming+Monitor&prds=localAnnotatedOfferId:1,catalogid:5768407507685049952,pvo:2,pvt:hg,rds:PC_6027158597472037202%7CPROD_PC_6027158597472037202&gl=sa&udm=28&pvorigin=2","SAR 1,167.22",https://encrypted-tbn1.gstatic.com/shopping?q=tbn:ANd9GcTP3x04JoWuz2v5gwQVIjQ0YVdtMEr7cpNOH2VMR8yFUHXDVxLiK4wBZ3Z0CjAvzuH_eyvlYuaQbqyQbHO2XxhzrJS3pttG0vmMMPdszh62,5.0,451.0,5768407507685049952,21,monitors
"LG UltraGear Dual-Mode Gaming Monitor 32"" 4K UHD OLED Display",قصر الحاسبات,"https://www.google.com/search?ibp=oshop&q=Gaming+Monitor&prds=localAnnotatedOfferId:1,catalogid:16022786202736826206,pvo:2,pvt:hg,rds:PC_6027158597472037202%7CPROD_PC_6027158597472037202&gl=sa&udm=28&pvorigin=2","SAR 5,095.00",https://encrypted-tbn2.gstatic.com/shopping?q=tbn:ANd9GcR5q9OFlsznSo62HTaF_WzDd45JTWEBf-uZuOHPbPaV9-echLzIRI62LRfeHVCnfjEWuM9s1JcIfMPgiDEL7yzYQh7leaMRTKTu9eLN9iEXSZ-ayQfcTXb3,4.2,208.0,16022786202736826206,22,monitors
"HP OMEN 27q G2 27"" Gaming Monitor",eXtra Stores,"https://www.google.com/search?ibp=oshop&q=Gaming+Monitor&prds=localAnnotatedOfferId:1,catalogid:16793339991839007629,pvo:2,pvt:hg,rds:PC_6027158597472037202%7CPROD_PC_6027158597472037202&gl=sa&udm=28&pvorigin=2","SAR 1,299.00",https://encrypted-tbn3.gstatic.com/shopping?q=tbn:ANd9GcTiCLpnqAYyDlwTckmW7ocWevNS_gne8tnBQmtQcIt5qYgfzCIFi1zsE3N5DeRTKcmWYY-DrKzx7sWu6xdBeaNFCgYEWeSUFRj52zGW3NvvC9Z-Aot4P0VSgQ,,,16793339991839007629,23,monitors
ASUS ROG Strix 27 inch XG27ACS-W Fast IPS Flat 180Hz 1ms Gaming Monitor,Amazon.sa - Seller,"https://www.google.com/search?ibp=oshop&q=Gaming+Monitor&prds=localAnnotatedOfferId:1,catalogid:10067114020299062060,pvo:2,pvt:hg,rds:PC_6027158597472037202%7CPROD_PC_6027158597472037202&gl=sa&udm=28&pvorigin=2","SAR 1,159.00",https://encrypted-tbn0.gstatic.com/shopping?q=tbn:ANd9GcQZS4RtWt5sIjnM2bPCJRmyixCQCg4DkGPnkxv_kLnXmuGtITK1mZor4HIkNPJrfiuJgtTfB1rrtBb-eBYfsa2UIWmN0tx6r6Mr4F_I0xfvrJiJSya-eu4VwA,4.8,48.0,10067114020299062060,24,monitors
"Samsung 27"" Odyssey G6 g60f QHD 350Hz Gaming Monitor",Ubuy,"https://www.google.com/search?ibp=oshop&q=Gaming+Monitor&prds=localAnnotatedOfferId:1,catalogid:13531660378390208430,pvo:2,pvt:hg,rds:PC_6027158597472037202%7CPROD_PC_6027158597472037202&gl=sa&udm=28&pvorigin=2","SAR 1,614.89",https://encrypted-tbn2.gstatic.com/shopping?q=tbn:ANd9GcRBA7QAIrQPXXoBCYDzsw_x4i9OmrgmUJ1Is9Gj8t_FoiwvdDu5YBoAiAHz2m8Z59bIVdxBJQWBNpH5y9djNAh7r98nVqLUq-iQhGgVXNU,,,13531660378390208430,25,monitors
"MSI G274F 27"" Gaming Monitor",Jarir Bookstore,"https://www.google.com/search?ibp=oshop&q=Gaming+Monitor&prds=localAnnotatedOfferId:1,catalogid:9743534145565827971,pvo:2,pvt:hg,rds:PC_6027158597472037202%7CPROD_PC_6027158597472037202&gl=sa&udm=28&pvorigin=2",SAR 699.00,https://encrypted-tbn0.gstatic.com/shopping?q=tbn:ANd9GcTDkniWaWG4A7Tch7PdrHfptnTwkatK-0daWsE_rIyb1FUn8GoH2jhMUO0xJkLVLyeH2_tdfUFy9ZsVr8N3oyKMyqbxXygJavMwlCQZkYnG,4.7,130.0,9743534145565827971,26,monitors
"Epicarma 27-Inch Fhd Ips Gaming Monitor With 200Hz Refresh Rate, 1 Ms Response Time - Black",Jomla.ae,"https://www.google.com/search?ibp=oshop&q=Gaming+Monitor&prds=localAnnotatedOfferId:1,catalogid:4338865764310765305,pvo:2,pvt:hg,rds:PC_6027158597472037202%7CPROD_PC_6027158597472037202&gl=sa&udm=28&pvorigin=2",SAR 525.00,https://encrypted-tbn2.gstatic.com/shopping?q=tbn:ANd9GcSD_aTtXxPLusjTCnRbw1cPYXE9iOi2hMO8R603dFm3SJogs6_Nbnlvx3ZiqJBZkAa6qSTFf9yjcopK1VWCmCfIUVmifvDVwvaZkLXc-LKSPuhqkb8NI2a6,,,4338865764310765305,27,monitors
"FeuVision 22inch Computer Monitor, FHD 1080p, 144Hz PC Monitor, 1ms Response Time, 3-Sided Frameless, Ultra Slim, VESA Mountable, Anti-Blue Light",Amazon.sa - Seller,"https://www.google.com/search?ibp=oshop&q=Gaming+Monitor&prds=localAnnotatedOfferId:1,catalogid:5995666738936359752,pvo:2,pvt:hg,rds:PC_6027158597472037202%7CPROD_PC_6027158597472037202&gl=sa&udm=28&pvorigin=2",SAR 309.00,https://encrypted-tbn1.gstatic.com/shopping?q=tbn:ANd9GcSLrHsMXWYsOpDajBaFAWIvoYTm9p06ShOde8ccWLkFhW6JVIJUI5QZyptyDeGnKcga046GcFwGs7ql4cuFgh2jUA0p-5ZinrOmj7Ob1ifZ7E5R79aR65lf,,,5995666738936359752,28,monitors
TCL 32” G64 Series QHD HDR QD-Mini LED Gaming Monitor Halo Control System,Alesayi Electronics,"https://www.google.com/search?ibp=oshop&q=Gaming+Monitor&prds=localAnnotatedOfferId:1,catalogid:2800004202141285256,pvo:2,pvt:hg,rds:PC_6027158597472037202%7CPROD_PC_6027158597472037202&gl=sa&udm=28&pvorigin=2","SAR 1,699.00",https://encrypted-tbn0.gstatic.com/shopping?q=tbn:ANd9GcQJ02fRtVihk-fa3n496bmZ1ofWmxAdNMy177JpoyY27yNH7c7ltTnlpEksx_pBWscxJHuS9MMFSGeVBlsJvDArOcgmb4_RMRjoaAe9zDQP8O021yi36s0_,,,2800004202141285256,29,monitors
"Datazone 27"" inch, FHD (1920x1080) 165HZ, IPS Gaming Monitor, 1ms GTG Response Time, Console Compatible (PS5-XBOX) With Built-in Speakers Black",noon.com,"https://www.google.com/search?ibp=oshop&q=Gaming+Monitor&prds=localAnnotatedOfferId:1,productid:7576007368544032436,pvo:2,pvt:hg,rds:PC_6027158597472037202%7CPROD_PC_6027158597472037202&gl=sa&udm=28&pvorigin=2",SAR 599.00,https://encrypted-tbn1.gstatic.com/shopping?q=tbn:ANd9GcT1w7vcm2N16Yn5lMrzOnvj3H77NnOHI3hGeoAp9P4gx4mvlD4iEyosecIOA4FCiw6RyIhhjxJs0b0CUV_vyX00zp4EY_7BQmKCoc1b4UFe4afeLTY2hRrBKg,,,7576007368544032436,30,monitors
"Niko 27NMSX Curved Gaming Monitor, 34-inch, WQHD, 165Hz, USB Type-C Port- Black",Al Saif Gallery,"https://www.google.com/search?ibp=oshop&q=Gaming+Monitor&prds=localAnnotatedOfferId:1,productid:13808371473972793158,pvo:2,pvt:hg,rds:PC_6027158597472037202%7CPROD_PC_6027158597472037202&gl=sa&udm=28&pvorigin=2","SAR 1,099.00",https://encrypted-tbn2.gstatic.com/shopping?q=tbn:ANd9GcSwjkBOfp8TvgBCbyAkjpwTOAd_baUA4Gnc1fSkN5GyD6qa_DfWtLL5WcWsWu_RhKLY7aXc4L3OA8BRT6L5IvbHBvm5JQBW6bhV2XUv2BeEPha5_nZOmrahMg,,,13808371473972793158,31,monitors
Twisted Minds Frost Series 24-inch FHD tma24fhd360ips,Amazon.sa - Seller,"https://www.google.com/search?ibp=oshop&q=Gaming+Monitor&prds=localAnnotatedOfferId:1,catalogid:3036539667055224790,pvo:2,pvt:hg,rds:PC_6027158597472037202%7CPROD_PC_6027158597472037202&gl=sa&udm=28&pvorigin=2",SAR 999.00,https://encrypted-tbn3.gstatic.com/shopping?q=tbn:ANd9GcT4TN5Zc-fmmS8DxaoPuCrVv2r6-fCefO65NDWdI7Kf_Risy2R7GplrAZJ_eqAOdGxjUQjGyRQoeq68T12EznHZzIMeij6tBLxFsmuTHcHd40x7Z8UmhXX3,1.0,1.0,3036539667055224790,32,monitors
LG 27GS95QE-B UltraGear OLED WQHD 240Hz Curved Gaming monitor,SafeBox Company,"https://www.google.com/search?ibp=oshop&q=Gaming+Monitor&prds=localAnnotatedOfferId:1,catalogid:554959293817186020,pvo:2,pvt:hg,rds:PC_6027158597472037202%7CPROD_PC_6027158597472037202&gl=sa&udm=28&pvorigin=2","SAR 4,545.38",https://encrypted-tbn3.gstatic.com/shopping?q=tbn:ANd9GcSH6dPGXskLDXf7Culy73ryxgE_cc1AtLLaXcppF1LUVspZvgF0bF3zu-bRJ8SDHEU0gVFncWQM-dMLmehyTTiQD9ADynCl,4.4,446.0,554959293817186020,33,monitors
"Acer ed343cur v3bmiippx Curved Gaming Monitor 34"" Va Display Uwqhd Resolution",Jarir Bookstore,"https://www.google.com/search?ibp=oshop&q=Gaming+Monitor&prds=localAnnotatedOfferId:1,catalogid:3783358485973563386,pvo:2,pvt:hg,rds:PC_6027158597472037202%7CPROD_PC_6027158597472037202&gl=sa&udm=28&pvorigin=2",SAR 999.00,https://encrypted-tbn3.gstatic.com/shopping?q=tbn:ANd9GcTc4HWFVvnLwjugOc9EiTlMsZu5hpKRYV17NIRKfCpAYuUJtjHUrBGLGXSD6Yg1lTJmOMJZHQbgoxy99jv3wRMh2r1jVbivYZyFAN_U22_o,,,3783358485973563386,34,monitors
"Samsung 27"" Odyssey OLED G5 g50sf QHD 180Hz Gaming Monitor odyssey g5 g50sf",eBay,"https://www.google.com/search?ibp=oshop&q=Gaming+Monitor&prds=localAnnotatedOfferId:1,catalogid:11617437794411863503,pvo:2,pvt:hg,rds:PC_6027158597472037202%7CPROD_PC_6027158597472037202&gl=sa&udm=28&pvorigin=2","SAR 1,874.02",https://encrypted-tbn3.gstatic.com/shopping?q=tbn:ANd9GcTM0NpqKVdN07v-Bdp1kzSs4thN-OitXDby94Y3QyLNeOzI51Wc3X0UU4PB1H73heZXjKhXpQtZJFk8x_wpKFVSsPRvkxdpYRgoCta0EHwx,4.3,13.0,11617437794411863503,35,monitors
ASUS TUF Gaming Gaming Monitor,Ubuy,"https://www.google.com/search?ibp=oshop&q=Gaming+Monitor&prds=localAnnotatedOfferId:1,catalogid:4037470284478040038,pvo:2,pvt:hg,rds:PC_6027158597472037202%7CPROD_PC_6027158597472037202&gl=sa&udm=28&pvorigin=2",SAR 657.22,https://encrypted-tbn3.gstatic.com/shopping?q=tbn:ANd9GcSCxulzw2NSxo1yOE1Zi6_Xr8VD-kxAQbN6GzzWVIcIcBS2znRyf0heC_nZNW9Pcg9ijwH4tap3NGY0HKCNYK4XNpUIn-gFEdemNlEgXTfS,4.7,920.0,4037470284478040038,36,monitors
"FeuVision 24inch Gaming Monitor 144Hz, FHD 1080p Monitor, IPS, Adaptive Sync, 3-Sided Frameless, Ultra Slim, 5ms, VESA Mountable, Anti-Blue Light",Amazon.sa - Seller,"https://www.google.com/search?ibp=oshop&q=Gaming+Monitor&prds=localAnnotatedOfferId:1,catalogid:13117938719888954701,pvo:2,pvt:hg,rds:PC_6027158597472037202%7CPROD_PC_6027158597472037202&gl=sa&udm=28&pvorigin=2",SAR 339.00,https://encrypted-tbn3.gstatic.com/shopping?q=tbn:ANd9GcSQbmd2ueJuPxXyPImErENUuXnTH6LQ3o-fQjExMUVN-1mT55Yw6xkpK5abRDorNUCpj4Rwa3re9wBirGRt2KOtvjPHcQjz0cYSaIJL6NLtjg-f4RiSWgaF,,,13117938719888954701,37,monitors
GAMEON 21.45-Inch FHD Gaming Monitor 100Hz Refresh Rate 5ms OD Response Time VA Panel AMD FreeSync Built-In Speakers Frameless Design HDMI & VGA Full,noon.com,"https://www.google.com/search?ibp=oshop&q=Gaming+Monitor&prds=localAnnotatedOfferId:1,productid:13454516398150622388,pvo:2,pvt:hg,rds:PC_6027158597472037202%7CPROD_PC_6027158597472037202&gl=sa&udm=28&pvorigin=2",SAR 239.00,https://encrypted-tbn3.gstatic.com/shopping?q=tbn:ANd9GcQd9P2X3x2VOs4RvU7MshqbW9a6FtK3hUdZ4reyzrYr4MSM-c3MnAfKnYRw9CPTRFiW2hBwG4jv7eDNmudEZ6prPvxGoQNEJnjwTZ6NUPYQxKvaXM2EsUoO0w,4.0,17.0,13454516398150622388,38,monitors
"MSI g255f Gaming LCD Monitor 25"" Full HD 1ms Response 180Hz IPS Panel",Trendyol,"https://www.google.com/search?ibp=oshop&q=Gaming+Monitor&prds=localAnnotatedOfferId:1,catalogid:4277002813620918021,pvo:2,pvt:hg,rds:PC_6027158597472037202%7CPROD_PC_6027158597472037202&gl=sa&udm=28&pvorigin=2",SAR 559.00,https://encrypted-tbn2.gstatic.com/shopping?q=tbn:ANd9GcS9lWj78hCqeUXOjiMisG8ucrqRa1UrDbIP0o_jryxGHZkuWwZPdnrvKx6Ccv3ajSRF0BHW2hUv7K2__Q13aThHPwLwALe6PAeeEJa8c0Q6XSZgTzBhhrzS,4.5,22.0,4277002813620918021,39,monitors
KOORUI Gaming Monitor 27 inch gn02 FHD VA 1920 x 1080 240hz Refresh Rate 1ms Response Time DCI-P3 90% Color Gamut,Microless.com,"https://www.google.com/search?ibp=oshop&q=Gaming+Monitor&prds=localAnnotatedOfferId:1,catalogid:6801556961479172148,pvo:2,pvt:hg,rds:PC_6027158597472037202%7CPROD_PC_6027158597472037202&gl=sa&udm=28&pvorigin=2",SAR 449.64,https://encrypted-tbn2.gstatic.com/shopping?q=tbn:ANd9GcQ5Dosx6J4RhLm5xzCd8WBvdaUy0pUVxesRk9qZtpFnHsMAuhrgkIDakN14Oq7fImoW1lx1e39egOMswN3lqT7ideRp9mznRgSFFPoCAF09,5.0,1.0,6801556961479172148,40,monitors
